2025-07-25 09:51:46,691 [INFO] Activator:176 - 


2025-07-25 09:51:46,701 [INFO] Activator:177 - !SESSION log4j initialized
2025-07-25 09:51:58,656 [INFO] LogOutputStream:77 - [STDOUT_REDIRECT] 
2025-07-25 09:52:06,938 [INFO] ApplicationProperties:184 - Using Application install path: C:\ST\STM32CubeIDE_1.17.0\STM32CubeIDE\plugins\com.st.stm32cube.common.mx_6.13.0.202411220809
2025-07-25 09:52:06,960 [INFO] DbMcusXml:78 - Set database path to: C:\ST\STM32CubeIDE_1.17.0\STM32CubeIDE\plugins\com.st.stm32cube.common.mx_6.13.0.202411220809\\db\/mcu/
2025-07-25 09:52:06,960 [INFO] ApiDb:274 - Set plugin database path to: C:\ST\STM32CubeIDE_1.17.0\STM32CubeIDE\plugins\com.st.stm32cube.common.mx_6.13.0.202411220809\\db\/plugins/boardmanager/
2025-07-25 09:52:06,961 [WARN] ApiDb:259 - Overriding images path with different value:  => C:\ST\STM32CubeIDE_1.17.0\STM32CubeIDE\plugins\com.st.stm32cube.common.mx_6.13.0.202411220809\\db\/plugins/mcufinder/images/
2025-07-25 09:52:06,971 [INFO] ApiDb:250 - Set database path to: C:\Users\Santiago\.stmcufinder\plugins\mcufinder//mcu/
2025-07-25 09:52:06,973 [INFO] DbMcusAds:125 - Set database path to: C:\Users\Santiago\.stmcufinder\plugins\mcufinder//mcu/
2025-07-25 09:52:06,976 [INFO] CrossReferenceDbSqlite:203 - Set database path to: C:\Users\Santiago\.stmcufinder\plugins\mcufinder//mcu/cs/
2025-07-25 09:52:07,168 [INFO] RulesReader:64 - Compatibility file has been processed (297 Rules)
2025-07-25 09:52:07,315 [INFO] DbMcusXml:78 - Set database path to: C:\ST\STM32CubeIDE_1.17.0\STM32CubeIDE\plugins\com.st.stm32cube.common.mx_6.13.0.202411220809\\db\/mcu/
2025-07-25 09:52:07,315 [INFO] ApiDb:274 - Set plugin database path to: C:\ST\STM32CubeIDE_1.17.0\STM32CubeIDE\plugins\com.st.stm32cube.common.mx_6.13.0.202411220809\\db\/plugins/boardmanager/
2025-07-25 09:52:07,316 [INFO] ApiDb:261 - Set plugin images path to: C:\ST\STM32CubeIDE_1.17.0\STM32CubeIDE\plugins\com.st.stm32cube.common.mx_6.13.0.202411220809\\db\/plugins/mcufinder/images/
2025-07-25 09:52:07,316 [WARN] DbFile:41 - Overriding database path with different value: C:\Users\Santiago\.stmcufinder\plugins\mcufinder/ => C:\Users\Santiago\.stmcufinder\plugins\mcufinder
2025-07-25 09:52:07,317 [INFO] ApiDb:250 - Set database path to: C:\Users\Santiago\.stmcufinder\plugins\mcufinder//mcu/
2025-07-25 09:52:07,317 [WARN] DbFile:41 - Overriding database path with different value: C:\Users\Santiago\.stmcufinder\plugins\mcufinder/ => C:\Users\Santiago\.stmcufinder\plugins\mcufinder
2025-07-25 09:52:07,317 [INFO] DbMcusAds:125 - Set database path to: C:\Users\Santiago\.stmcufinder\plugins\mcufinder//mcu/
2025-07-25 09:52:07,317 [WARN] DbFile:41 - Overriding database path with different value: C:\Users\Santiago\.stmcufinder\plugins\mcufinder/ => C:\Users\Santiago\.stmcufinder\plugins\mcufinder
2025-07-25 09:52:07,318 [WARN] DbFile:41 - Overriding database path with different value: C:\Users\Santiago\.stmcufinder\plugins\mcufinder/ => C:\Users\Santiago\.stmcufinder\plugins\mcufinder
2025-07-25 09:52:07,318 [INFO] CrossReferenceDbSqlite:203 - Set database path to: C:\Users\Santiago\.stmcufinder\plugins\mcufinder//mcu/cs/
2025-07-25 09:52:07,471 [INFO] MainPanel:272 - HeapMemory: 268435456
2025-07-25 09:52:07,628 [INFO] DbMcusXml:78 - Set database path to: C:\ST\STM32CubeIDE_1.17.0\STM32CubeIDE\plugins\com.st.stm32cube.common.mx_6.13.0.202411220809\\db\/mcu/
2025-07-25 09:52:07,628 [INFO] ApiDb:274 - Set plugin database path to: C:\ST\STM32CubeIDE_1.17.0\STM32CubeIDE\plugins\com.st.stm32cube.common.mx_6.13.0.202411220809\\db\/plugins/boardmanager/
2025-07-25 09:52:07,628 [INFO] ApiDb:261 - Set plugin images path to: C:\ST\STM32CubeIDE_1.17.0\STM32CubeIDE\plugins\com.st.stm32cube.common.mx_6.13.0.202411220809\\db\/plugins/mcufinder/images/
2025-07-25 09:52:07,629 [WARN] DbFile:41 - Overriding database path with different value: C:\Users\Santiago\.stmcufinder\plugins\mcufinder/ => C:\Users\Santiago\.stmcufinder\plugins\mcufinder
2025-07-25 09:52:07,629 [INFO] ApiDb:250 - Set database path to: C:\Users\Santiago\.stmcufinder\plugins\mcufinder//mcu/
2025-07-25 09:52:07,629 [WARN] DbFile:41 - Overriding database path with different value: C:\Users\Santiago\.stmcufinder\plugins\mcufinder/ => C:\Users\Santiago\.stmcufinder\plugins\mcufinder
2025-07-25 09:52:07,629 [INFO] DbMcusAds:125 - Set database path to: C:\Users\Santiago\.stmcufinder\plugins\mcufinder//mcu/
2025-07-25 09:52:07,629 [WARN] DbFile:41 - Overriding database path with different value: C:\Users\Santiago\.stmcufinder\plugins\mcufinder/ => C:\Users\Santiago\.stmcufinder\plugins\mcufinder
2025-07-25 09:52:07,629 [WARN] DbFile:41 - Overriding database path with different value: C:\Users\Santiago\.stmcufinder\plugins\mcufinder/ => C:\Users\Santiago\.stmcufinder\plugins\mcufinder
2025-07-25 09:52:07,630 [INFO] CrossReferenceDbSqlite:203 - Set database path to: C:\Users\Santiago\.stmcufinder\plugins\mcufinder//mcu/cs/
2025-07-25 09:52:07,659 [INFO] ApplicationProperties:184 - Using Application install path: C:\ST\STM32CubeIDE_1.17.0\STM32CubeIDE\plugins\com.st.stm32cube.common.mx_6.13.0.202411220809
2025-07-25 09:52:07,661 [INFO] PluginManage:196 - Search for loadable plugins [exclusion list=, ]
2025-07-25 09:52:07,663 [INFO] PluginManage:310 - Check plugin analytics
2025-07-25 09:52:08,058 [INFO] AnalyticsPlugin:253 - Accepted Software Licenses: 
2025-07-25 09:52:08,059 [INFO] AnalyticsPlugin:255 - Accepted CMSIS Pack Licenses: 
2025-07-25 09:52:08,059 [INFO] AnalyticsPlugin:257 - Accepted Firmware Licenses: 
2025-07-25 09:52:08,063 [INFO] PluginManage:359 - Loaded plugin analytics (category:tool,tabindex:-1)
2025-07-25 09:52:08,064 [INFO] PluginManage:310 - Check plugin cadmodel
2025-07-25 09:52:08,111 [INFO] CADModel:105 - Init CAD model plugin
2025-07-25 09:52:08,112 [INFO] PluginManage:359 - Loaded plugin cadmodel (category:power,tabindex:5)
2025-07-25 09:52:08,112 [INFO] PluginManage:310 - Check plugin clock
2025-07-25 09:52:08,159 [INFO] PluginManage:359 - Loaded plugin clock (category:base,tabindex:2)
2025-07-25 09:52:08,159 [INFO] PluginManage:310 - Check plugin ddr
2025-07-25 09:52:08,164 [INFO] PluginManage:359 - Loaded plugin ddr (category:tool,tabindex:6)
2025-07-25 09:52:08,165 [INFO] PluginManage:310 - Check plugin filemanager
2025-07-25 09:52:08,392 [INFO] PluginManage:359 - Loaded plugin filemanager (category:base,tabindex:10)
2025-07-25 09:52:08,392 [INFO] PluginManage:310 - Check plugin ipmanager
2025-07-25 09:52:08,405 [INFO] PluginManage:359 - Loaded plugin ipmanager (category:base,tabindex:5)
2025-07-25 09:52:08,405 [INFO] PluginManage:310 - Check plugin lpbam
2025-07-25 09:52:08,437 [INFO] PluginManage:359 - Loaded plugin lpbam (category:base,tabindex:0)
2025-07-25 09:52:08,437 [INFO] PluginManage:310 - Check plugin memorymap
2025-07-25 09:52:08,479 [INFO] PluginManage:359 - Loaded plugin memorymap (category:base,tabindex:4)
2025-07-25 09:52:08,479 [INFO] PluginManage:310 - Check plugin pinoutandconfiguration
2025-07-25 09:52:08,511 [INFO] PluginManage:359 - Loaded plugin pinoutandconfiguration (category:base,tabindex:1)
2025-07-25 09:52:08,511 [INFO] PluginManage:310 - Check plugin pinoutconfig
2025-07-25 09:52:08,671 [WARN] SupportedApi:132 - Cannot load RTOS API schema: s4s-elt-must-match.1: The content of 'definitions' must match (annotation?, (simpleType | complexType)?, (unique | key | keyref)*)). A problem was found starting at: attribute.
2025-07-25 09:52:08,871 [INFO] PluginManage:359 - Loaded plugin pinoutconfig (category:base,tabindex:0)
2025-07-25 09:52:08,871 [INFO] PluginManage:310 - Check plugin power
2025-07-25 09:52:08,918 [INFO] PluginManage:359 - Loaded plugin power (category:power,tabindex:4)
2025-07-25 09:52:08,918 [INFO] PluginManage:310 - Check plugin projectmanager
2025-07-25 09:52:08,950 [INFO] PluginManage:359 - Loaded plugin projectmanager (category:projectmanager,tabindex:4)
2025-07-25 09:52:08,951 [INFO] PluginManage:310 - Check plugin rif
2025-07-25 09:52:08,990 [INFO] PluginManage:359 - Loaded plugin rif (category:base,tabindex:3)
2025-07-25 09:52:08,991 [INFO] PluginManage:310 - Check plugin thirdparty
2025-07-25 09:52:09,688 [WARN] IntegrityCheckThread:84 - waiting for thirdparty lock release [integrity check]
2025-07-25 09:52:09,689 [INFO] PluginManage:359 - Loaded plugin thirdparty (category:base,tabindex:-1)
2025-07-25 09:52:09,689 [INFO] IntegrityCheckThread:86 - entering critical section [integrity check]
2025-07-25 09:52:09,689 [INFO] PluginManage:310 - Check plugin tools
2025-07-25 09:52:09,689 [INFO] ThirdPartyUpdaterWithRetryManager:70 - Updater plugin not ready yet. [1/15]
2025-07-25 09:52:09,773 [INFO] PluginManage:359 - Loaded plugin tools (category:base,tabindex:7)
2025-07-25 09:52:09,773 [INFO] PluginManage:310 - Check plugin tutovideos
2025-07-25 09:52:10,055 [INFO] PluginManage:359 - Loaded plugin tutovideos (category:base,tabindex:-1)
2025-07-25 09:52:10,056 [INFO] PluginManage:310 - Check plugin updater
2025-07-25 09:52:10,093 [INFO] PluginManage:359 - Loaded plugin updater (category:base,tabindex:12)
2025-07-25 09:52:10,093 [INFO] PluginManage:310 - Check plugin userauth
2025-07-25 09:52:10,101 [INFO] UserAuth:118 - Init User Auth plugin
2025-07-25 09:52:10,103 [INFO] PluginManage:359 - Loaded plugin userauth (category:base,tabindex:14)
2025-07-25 09:52:10,104 [INFO] PluginManage:283 - PluginManage : Loaded plugins [18]
2025-07-25 09:52:10,534 [INFO] PinOutPanel:1589 - setPackage(No Configuration,No Configuration)
2025-07-25 09:52:10,716 [INFO] CADModel:165 - CPN selected for project level
2025-07-25 09:52:10,716 [INFO] CADModel:114 - Register for checkConnection events
2025-07-25 09:52:10,770 [INFO] IPUIPlugin:80 - create IPUIPlugin
2025-07-25 09:52:10,771 [INFO] PluginManager:220 - loadIPPluginJar : add adc
2025-07-25 09:52:10,870 [INFO] IPUIPlugin:80 - create IPUIPlugin
2025-07-25 09:52:10,871 [INFO] PluginManager:220 - loadIPPluginJar : add aes
2025-07-25 09:52:10,967 [INFO] IPUIPlugin:80 - create IPUIPlugin
2025-07-25 09:52:10,967 [INFO] PluginManager:220 - loadIPPluginJar : add can
2025-07-25 09:52:11,024 [INFO] IPUIPlugin:80 - create IPUIPlugin
2025-07-25 09:52:11,025 [INFO] PluginManager:220 - loadIPPluginJar : add comp
2025-07-25 09:52:11,095 [INFO] IPUIPlugin:80 - create IPUIPlugin
2025-07-25 09:52:11,095 [INFO] PluginManager:220 - loadIPPluginJar : add cryp
2025-07-25 09:52:11,116 [INFO] IPUIPlugin:80 - create IPUIPlugin
2025-07-25 09:52:11,116 [INFO] PluginManager:220 - loadIPPluginJar : add ddr_ctrl_phy
2025-07-25 09:52:11,174 [INFO] IPUIPlugin:80 - create IPUIPlugin
2025-07-25 09:52:11,174 [INFO] PluginManager:220 - loadIPPluginJar : add dfsdm
2025-07-25 09:52:11,198 [INFO] IPUIPlugin:80 - create IPUIPlugin
2025-07-25 09:52:11,199 [INFO] PluginManager:220 - loadIPPluginJar : add dma
2025-07-25 09:52:11,273 [INFO] IPUIPlugin:80 - create IPUIPlugin
2025-07-25 09:52:11,273 [INFO] PluginManager:220 - loadIPPluginJar : add dma3
2025-07-25 09:52:11,360 [INFO] IPUIPlugin:80 - create IPUIPlugin
2025-07-25 09:52:11,360 [INFO] PluginManager:220 - loadIPPluginJar : add extmemmanager
2025-07-25 09:52:11,428 [INFO] IPUIPlugin:80 - create IPUIPlugin
2025-07-25 09:52:11,428 [INFO] PluginManager:220 - loadIPPluginJar : add fatfs
2025-07-25 09:52:11,616 [INFO] IPUIPlugin:80 - create IPUIPlugin
2025-07-25 09:52:11,617 [INFO] PluginManager:220 - loadIPPluginJar : add fmc
2025-07-25 09:52:11,654 [INFO] IPUIPlugin:80 - create IPUIPlugin
2025-07-25 09:52:11,654 [INFO] PluginManager:220 - loadIPPluginJar : add freertos
2025-07-25 09:52:11,714 [INFO] IPUIPlugin:80 - create IPUIPlugin
2025-07-25 09:52:11,714 [INFO] PluginManager:220 - loadIPPluginJar : add genericplugin
2025-07-25 09:52:11,983 [INFO] IPUIPlugin:80 - create IPUIPlugin
2025-07-25 09:52:11,983 [INFO] PluginManager:220 - loadIPPluginJar : add gfxmmu
2025-07-25 09:52:12,252 [INFO] IPUIPlugin:80 - create IPUIPlugin
2025-07-25 09:52:12,252 [INFO] PluginManager:220 - loadIPPluginJar : add gic
2025-07-25 09:52:12,276 [INFO] IPUIPlugin:80 - create IPUIPlugin
2025-07-25 09:52:12,277 [INFO] PluginManager:220 - loadIPPluginJar : add gpio
2025-07-25 09:52:12,469 [INFO] IPUIPlugin:80 - create IPUIPlugin
2025-07-25 09:52:12,469 [INFO] PluginManager:220 - loadIPPluginJar : add gtzc
2025-07-25 09:52:12,538 [INFO] IPUIPlugin:80 - create IPUIPlugin
2025-07-25 09:52:12,538 [INFO] PluginManager:220 - loadIPPluginJar : add hash
2025-07-25 09:52:12,650 [INFO] IPUIPlugin:80 - create IPUIPlugin
2025-07-25 09:52:12,650 [INFO] PluginManager:220 - loadIPPluginJar : add i2c
2025-07-25 09:52:12,690 [INFO] ThirdPartyUpdaterWithRetryManager:70 - Updater plugin not ready yet. [2/15]
2025-07-25 09:52:12,732 [INFO] IPUIPlugin:80 - create IPUIPlugin
2025-07-25 09:52:12,732 [INFO] PluginManager:220 - loadIPPluginJar : add i2s
2025-07-25 09:52:12,818 [INFO] IPUIPlugin:80 - create IPUIPlugin
2025-07-25 09:52:12,819 [INFO] PluginManager:220 - loadIPPluginJar : add i3c
2025-07-25 09:52:13,013 [INFO] IPUIPlugin:80 - create IPUIPlugin
2025-07-25 09:52:13,013 [INFO] PluginManager:220 - loadIPPluginJar : add ipddr
2025-07-25 09:52:13,207 [INFO] IPUIPlugin:80 - create IPUIPlugin
2025-07-25 09:52:13,207 [INFO] PluginManager:220 - loadIPPluginJar : add linkedlist
2025-07-25 09:52:13,308 [INFO] IPUIPlugin:80 - create IPUIPlugin
2025-07-25 09:52:13,308 [INFO] PluginManager:220 - loadIPPluginJar : add lorawan
2025-07-25 09:52:13,385 [INFO] IPUIPlugin:80 - create IPUIPlugin
2025-07-25 09:52:13,385 [INFO] PluginManager:220 - loadIPPluginJar : add ltdc
2025-07-25 09:52:13,408 [INFO] IPUIPlugin:80 - create IPUIPlugin
2025-07-25 09:52:13,408 [INFO] PluginManager:220 - loadIPPluginJar : add mdma
2025-07-25 09:52:13,428 [INFO] IPUIPlugin:80 - create IPUIPlugin
2025-07-25 09:52:13,429 [INFO] PluginManager:220 - loadIPPluginJar : add nvic
2025-07-25 09:52:13,505 [INFO] IPUIPlugin:80 - create IPUIPlugin
2025-07-25 09:52:13,505 [INFO] PluginManager:220 - loadIPPluginJar : add opamp
2025-07-25 09:52:13,634 [INFO] IPUIPlugin:80 - create IPUIPlugin
2025-07-25 09:52:13,634 [INFO] PluginManager:220 - loadIPPluginJar : add openamp
2025-07-25 09:52:13,723 [INFO] IPUIPlugin:80 - create IPUIPlugin
2025-07-25 09:52:13,723 [INFO] PluginManager:220 - loadIPPluginJar : add pdm2pcm
2025-07-25 09:52:13,748 [INFO] IPUIPlugin:80 - create IPUIPlugin
2025-07-25 09:52:13,752 [INFO] PluginManager:220 - loadIPPluginJar : add plateformsettings
2025-07-25 09:52:13,799 [INFO] IPUIPlugin:80 - create IPUIPlugin
2025-07-25 09:52:13,799 [INFO] PluginManager:220 - loadIPPluginJar : add quadspi
2025-07-25 09:52:13,850 [INFO] IPUIPlugin:80 - create IPUIPlugin
2025-07-25 09:52:13,851 [INFO] PluginManager:220 - loadIPPluginJar : add radio
2025-07-25 09:52:13,872 [INFO] IPUIPlugin:80 - create IPUIPlugin
2025-07-25 09:52:13,872 [INFO] PluginManager:220 - loadIPPluginJar : add resmgrutility
2025-07-25 09:52:13,964 [INFO] IPUIPlugin:80 - create IPUIPlugin
2025-07-25 09:52:13,965 [INFO] PluginManager:220 - loadIPPluginJar : add sai
2025-07-25 09:52:14,034 [INFO] IPUIPlugin:80 - create IPUIPlugin
2025-07-25 09:52:14,034 [INFO] PluginManager:220 - loadIPPluginJar : add spi
2025-07-25 09:52:14,155 [INFO] IPUIPlugin:80 - create IPUIPlugin
2025-07-25 09:52:14,155 [INFO] PluginManager:220 - loadIPPluginJar : add stm32_wpan
2025-07-25 09:52:14,203 [INFO] IPUIPlugin:80 - create IPUIPlugin
2025-07-25 09:52:14,204 [INFO] PluginManager:220 - loadIPPluginJar : add tim
2025-07-25 09:52:14,342 [INFO] IPUIPlugin:80 - create IPUIPlugin
2025-07-25 09:52:14,343 [INFO] PluginManager:220 - loadIPPluginJar : add touchsensing
2025-07-25 09:52:14,401 [INFO] IPUIPlugin:80 - create IPUIPlugin
2025-07-25 09:52:14,401 [INFO] PluginManager:220 - loadIPPluginJar : add tracer_emb
2025-07-25 09:52:14,457 [INFO] IPUIPlugin:80 - create IPUIPlugin
2025-07-25 09:52:14,458 [INFO] PluginManager:220 - loadIPPluginJar : add ts
2025-07-25 09:52:14,505 [INFO] IPUIPlugin:80 - create IPUIPlugin
2025-07-25 09:52:14,505 [INFO] PluginManager:220 - loadIPPluginJar : add tsc
2025-07-25 09:52:14,553 [INFO] IPUIPlugin:80 - create IPUIPlugin
2025-07-25 09:52:14,553 [INFO] PluginManager:220 - loadIPPluginJar : add ucpd
2025-07-25 09:52:14,639 [INFO] IPUIPlugin:80 - create IPUIPlugin
2025-07-25 09:52:14,639 [INFO] PluginManager:220 - loadIPPluginJar : add usart
2025-07-25 09:52:14,729 [INFO] IPUIPlugin:80 - create IPUIPlugin
2025-07-25 09:52:14,730 [INFO] PluginManager:220 - loadIPPluginJar : add usbx
2025-07-25 09:52:14,935 [FATAL] Updater:351 - Updater called before beeing initialized
2025-07-25 09:52:14,981 [INFO] RulesReader:64 - Compatibility file has been processed (297 Rules)
2025-07-25 09:52:15,000 [INFO] RulesReader:64 - Compatibility file has been processed (297 Rules)
2025-07-25 09:52:15,013 [INFO] CADModel:165 - CPN selected for project level
2025-07-25 09:52:15,013 [INFO] CADModel:114 - Register for checkConnection events
2025-07-25 09:52:15,013 [FATAL] Updater:351 - Updater called before beeing initialized
2025-07-25 09:52:15,013 [ERROR] CADModel:125 - Updater not yet initialized, retry later 
2025-07-25 09:52:15,273 [FATAL] Updater:351 - Updater called before beeing initialized
2025-07-25 09:52:15,277 [INFO] CADModel:165 - CPN selected for project level
2025-07-25 09:52:15,277 [INFO] CADModel:114 - Register for checkConnection events
2025-07-25 09:52:15,277 [FATAL] Updater:351 - Updater called before beeing initialized
2025-07-25 09:52:15,277 [ERROR] CADModel:125 - Updater not yet initialized, retry later 
2025-07-25 09:52:15,281 [FATAL] Updater:351 - Updater called before beeing initialized
2025-07-25 09:52:15,626 [FATAL] Updater:351 - Updater called before beeing initialized
2025-07-25 09:52:15,644 [INFO] DbMcusAds:53 - JSON generation date=Tue Jul 08 05:14:23 ART 2025 (1751962463524)
2025-07-25 09:52:15,644 [FATAL] Updater:351 - Updater called before beeing initialized
2025-07-25 09:52:15,692 [INFO] ThirdPartyUpdaterWithRetryManager:70 - Updater plugin not ready yet. [3/15]
2025-07-25 09:52:15,708 [WARN] DetailPanel:346 - Failed to get advertising image, set to default
2025-07-25 09:52:16,022 [FATAL] Updater:351 - Updater called before beeing initialized
2025-07-25 09:52:16,025 [FATAL] Updater:351 - Updater called before beeing initialized
2025-07-25 09:52:16,025 [FATAL] Updater:351 - Updater called before beeing initialized
2025-07-25 09:52:16,025 [WARN] DetailPanel:346 - Failed to get advertising image, set to default
2025-07-25 09:52:16,026 [FATAL] Updater:351 - Updater called before beeing initialized
2025-07-25 09:52:16,114 [ERROR] Updater:1198 - MainUpdater not yet initialized. External WinMGr cannot be set.
2025-07-25 09:52:16,134 [INFO] Updater:1134 - Updater Version found : 6.13.0
2025-07-25 09:52:16,157 [INFO] ApplicationProperties:184 - Using Application install path: C:\ST\STM32CubeIDE_1.17.0\STM32CubeIDE\plugins\com.st.stm32cube.common.mx_6.13.0.202411220809
2025-07-25 09:52:17,749 [ERROR] LogOutputStream:75 - [STDERR_REDIRECT] Jul 25, 2025 9:52:17 AM java.util.prefs.WindowsPreferences <init>
2025-07-25 09:52:17,751 [ERROR] LogOutputStream:75 - [STDERR_REDIRECT] WARNING: Could not open/create prefs root node Software\JavaSoft\Prefs at root 0xffffffff80000002. Windows RegCreateKeyEx(...) returned error code 5.
2025-07-25 09:52:17,752 [ERROR] LogOutputStream:75 - [STDERR_REDIRECT] 
2025-07-25 09:52:18,316 [INFO] MainUpdater:2872 - connection check result : 10
2025-07-25 09:52:18,318 [INFO] MainUpdater:289 - Updater Check For Update Now.
2025-07-25 09:52:18,319 [INFO] MicroXplorer:498 - Change Database Version : DB.6.0.130
2025-07-25 09:52:18,391 [INFO] McuFinderGlobals:63 - Set McuFinder mode to 2 (CubeIDE integrated)
2025-07-25 09:52:18,430 [INFO] UserAuth:486 - Internet connection configuration mode: 1
2025-07-25 09:52:18,548 [INFO] JxBrowserEngine:152 - Initiate JxBrowser Engine with user profile folder
2025-07-25 09:52:18,694 [WARN] MainUpdater:1193 - Updater busy. Cannot search thirdparties
2025-07-25 09:52:18,695 [INFO] ThirdPartyUpdaterWithRetryManager:96 - Updater plugin is busy. [1/15]
2025-07-25 09:52:18,954 [INFO] CheckServerUpdateThread:120 - End of CheckServer Thread
2025-07-25 09:52:20,952 [INFO] WebApp:168 - Instantiating new browser for Auth
2025-07-25 09:52:22,299 [WARN] PackLoader:240 - Cannot read IP mode file for STMicroelectronics.FP-SNS-MOTENVWB1.1.4.0
2025-07-25 09:52:22,348 [WARN] PackLoader:240 - Cannot read IP mode file for STMicroelectronics.FP-ATR-ASTRA1.2.0.2
2025-07-25 09:52:22,391 [WARN] PackLoader:240 - Cannot read IP mode file for STMicroelectronics.X-CUBE-SMBUS.2.1.0
2025-07-25 09:52:22,430 [WARN] PackLoader:240 - Cannot read IP mode file for STMicroelectronics.X-CUBE-WB05N.1.1.0
2025-07-25 09:52:22,467 [WARN] PackLoader:240 - Cannot read IP mode file for STMicroelectronics.X-CUBE-ST60.1.0.0
2025-07-25 09:52:22,576 [WARN] PackLoader:240 - Cannot read IP mode file for STMicroelectronics.X-CUBE-AZRTOS-F7.1.1.0
2025-07-25 09:52:22,677 [WARN] PackLoader:240 - Cannot read IP mode file for Infineon.AIROC-Wi-Fi-Bluetooth-STM32.1.7.0
2025-07-25 09:52:22,783 [WARN] PackLoader:240 - Cannot read IP mode file for STMicroelectronics.X-CUBE-AZRTOS-H7.3.4.0
2025-07-25 09:52:22,837 [WARN] PackLoader:240 - Cannot read IP mode file for STMicroelectronics.X-CUBE-DISPLAY.3.0.0
2025-07-25 09:52:22,887 [WARN] PackLoader:240 - Cannot read IP mode file for STMicroelectronics.X-CUBE-NFC10.1.0.0
2025-07-25 09:52:22,953 [WARN] PackLoader:240 - Cannot read IP mode file for STMicroelectronics.X-CUBE-BLEMGR.4.0.0
2025-07-25 09:52:23,001 [WARN] PackLoader:240 - Cannot read IP mode file for emotas.I-CUBE-CANOPEN.1.3.0
2025-07-25 09:52:23,040 [WARN] ConditionMgr:438 - getConditionDescription Invalid condition id : Cortex-A Device cause : null
2025-07-25 09:52:23,088 [WARN] ConditionMgr:1044 - genDependencies : Invalid condition id : Cortex-A Device cause : null
2025-07-25 09:52:23,088 [WARN] ConditionMgr:1044 - genDependencies : Invalid condition id : Cortex-A Device cause : null
2025-07-25 09:52:23,088 [WARN] ConditionMgr:1044 - genDependencies : Invalid condition id : Cortex-A Device cause : null
2025-07-25 09:52:23,126 [WARN] PackLoader:240 - Cannot read IP mode file for STMicroelectronics.X-CUBE-AI.10.0.0
2025-07-25 09:52:23,163 [WARN] PackLoader:240 - Cannot read IP mode file for STMicroelectronics.FP-SNS-SMARTAG2.1.2.0
2025-07-25 09:52:23,191 [WARN] PackLoader:240 - Cannot read IP mode file for STMicroelectronics.FP-SNS-FLIGHT1.5.1.0
2025-07-25 09:52:23,333 [WARN] PackLoader:240 - Cannot read IP mode file for STMicroelectronics.X-CUBE-MEMS1.11.1.0
2025-07-25 09:52:23,622 [INFO] LogOutputStream:77 - [STDOUT_REDIRECT] 1 : Invalid condition id : UX_CORESTACK_Condition cause : null
2025-07-25 09:52:23,623 [INFO] LogOutputStream:77 - [STDOUT_REDIRECT] 1 : Invalid condition id : UX_CORESTACK_Condition cause : null
2025-07-25 09:52:23,626 [INFO] LogOutputStream:77 - [STDOUT_REDIRECT] 1 : Invalid condition id : UX_CORESTACK_Condition cause : null
2025-07-25 09:52:23,629 [INFO] LogOutputStream:77 - [STDOUT_REDIRECT] 1 : Invalid condition id : UX_CORESTACK_Condition cause : null
2025-07-25 09:52:23,630 [INFO] LogOutputStream:77 - [STDOUT_REDIRECT] 1 : Invalid condition id : UX_CORESTACK_Condition cause : null
2025-07-25 09:52:23,635 [WARN] PackLoader:240 - Cannot read IP mode file for STMicroelectronics.X-CUBE-AZRTOS-WL.2.0.0
2025-07-25 09:52:23,671 [WARN] PackLoader:240 - Cannot read IP mode file for STMicroelectronics.FP-SNS-MOTENV1.5.0.0
2025-07-25 09:52:23,706 [INFO] WebApp:449 - Apply proxy settings
2025-07-25 09:52:23,706 [INFO] WebApp:534 - Chromium requires no authentication
2025-07-25 09:52:23,709 [WARN] PackLoader:240 - Cannot read IP mode file for WES.I-CUBE-Cesium.1.3.0
2025-07-25 09:52:23,739 [INFO] WebApp:477 - Direct internet connection detected
2025-07-25 09:52:23,745 [WARN] PackLoader:240 - Cannot read IP mode file for STMicroelectronics.X-CUBE-BLE2.3.3.0
2025-07-25 09:52:23,863 [WARN] PackLoader:240 - Cannot read IP mode file for STMicroelectronics.X-CUBE-NFC9.1.0.0
2025-07-25 09:52:23,940 [WARN] PackLoader:240 - Cannot read IP mode file for STMicroelectronics.X-CUBE-BLE1.7.1.0
2025-07-25 09:52:23,968 [WARN] PackLoader:240 - Cannot read IP mode file for wolfSSL.I-CUBE-wolfMQTT.1.19.2
2025-07-25 09:52:23,974 [INFO] WebApp:880 - Register for checkConnection events
2025-07-25 09:52:23,975 [INFO] WebApp:449 - Apply proxy settings
2025-07-25 09:52:23,975 [INFO] WebApp:534 - Chromium requires no authentication
2025-07-25 09:52:23,977 [INFO] WebApp:477 - Direct internet connection detected
2025-07-25 09:52:24,007 [WARN] PackLoader:240 - Cannot read IP mode file for STMicroelectronics.X-CUBE-EEPRMA1.5.2.0
2025-07-25 09:52:24,037 [WARN] PackLoader:240 - Cannot read IP mode file for STMicroelectronics.X-CUBE-AI.10.1.0
2025-07-25 09:52:24,186 [WARN] PackLoader:240 - Cannot read IP mode file for STMicroelectronics.X-CUBE-MEMS1.11.2.0
2025-07-25 09:52:24,458 [WARN] PackLoader:240 - Cannot read IP mode file for STMicroelectronics.X-CUBE-AZRTOS-G0.1.1.0
2025-07-25 09:52:24,492 [WARN] PackLoader:240 - Cannot read IP mode file for STMicroelectronics.X-CUBE-SAFEA1.1.2.2
2025-07-25 09:52:24,524 [WARN] PackLoader:240 - Cannot read IP mode file for STMicroelectronics.X-CUBE-NFC4.3.0.0
2025-07-25 09:52:24,569 [WARN] PackLoader:240 - Cannot read IP mode file for EmbeddedOffice.I-CUBE-FS-RTOS.1.0.1
2025-07-25 09:52:24,607 [WARN] PackLoader:240 - Cannot read IP mode file for STMicroelectronics.X-CUBE-WB05N.2.0.0
2025-07-25 09:52:24,634 [WARN] PackLoader:240 - Cannot read IP mode file for wolfSSL.I-CUBE-wolfTPM.3.8.0
2025-07-25 09:52:24,674 [WARN] PackLoader:240 - Cannot read IP mode file for STMicroelectronics.X-CUBE-TCPP.4.2.0
2025-07-25 09:52:24,705 [WARN] PackLoader:240 - Cannot read IP mode file for RealThread.X-CUBE-RT-Thread_Nano.4.1.1
2025-07-25 09:52:24,732 [WARN] PackLoader:240 - Cannot read IP mode file for STMicroelectronics.FP-ATR-SIGFOX1.3.2.0
2025-07-25 09:52:24,761 [WARN] PackLoader:240 - Cannot read IP mode file for STMicroelectronics.X-CUBE-EEPRMA1.5.1.0
2025-07-25 09:52:24,792 [WARN] PackLoader:240 - Cannot read IP mode file for wolfSSL.I-CUBE-wolfSSL.5.7.6
2025-07-25 09:52:24,829 [WARN] PackLoader:240 - Cannot read IP mode file for ITTIA_DB.I-CUBE-ITTIADB.8.9.0
2025-07-25 09:52:24,848 [INFO] WebApp:221 - Starting web application
2025-07-25 09:52:24,848 [INFO] WebApp:579 - Web application path used C:\ST\STM32CubeIDE_1.17.0\STM32CubeIDE\plugins\com.st.stm32cube.common.mx_6.13.0.202411220809\db\plugins\mcufinder\reactClient1\index.html
2025-07-25 09:52:24,869 [WARN] PackLoader:240 - Cannot read IP mode file for STMicroelectronics.X-CUBE-ST67W61.1.0.0
2025-07-25 09:52:24,976 [WARN] PackLoader:240 - Cannot read IP mode file for SEGGER.I-CUBE-embOS.1.3.1
2025-07-25 09:52:25,060 [WARN] PackLoader:240 - Cannot read IP mode file for STMicroelectronics.X-CUBE-ALGOBUILD.1.4.0
2025-07-25 09:52:25,205 [WARN] PackLoader:240 - Cannot read IP mode file for STMicroelectronics.X-CUBE-MEMS1.11.3.0
2025-07-25 09:52:25,801 [WARN] PackLoader:240 - Cannot read IP mode file for STMicroelectronics.X-CUBE-PM33A1.1.0.0
2025-07-25 09:52:25,873 [WARN] PackLoader:240 - Cannot read IP mode file for STMicroelectronics.X-CUBE-AZRTOS-F4.1.1.0
2025-07-25 09:52:25,937 [WARN] PackLoader:240 - Cannot read IP mode file for Avnet-IotConnect.X-CUBE-IoTC-DA16k-PMOD.1.0.0
2025-07-25 09:52:25,967 [WARN] PackLoader:240 - Cannot read IP mode file for STMicroelectronics.X-CUBE-ISPU.2.1.0
2025-07-25 09:52:25,997 [WARN] PackLoader:240 - Cannot read IP mode file for STMicroelectronics.X-CUBE-NFC12.1.0.0
2025-07-25 09:52:26,048 [WARN] PackLoader:240 - Cannot read IP mode file for STMicroelectronics.X-CUBE-AZRTOS-L5.2.0.0
2025-07-25 09:52:26,088 [WARN] PackLoader:240 - Cannot read IP mode file for STMicroelectronics.X-CUBE-NFC6.3.1.0
2025-07-25 09:52:26,121 [WARN] PackLoader:240 - Cannot read IP mode file for STMicroelectronics.X-CUBE-DPower.1.2.0
2025-07-25 09:52:26,150 [WARN] PackLoader:240 - Cannot read IP mode file for STMicroelectronics.X-CUBE-FREERTOS.1.3.1
2025-07-25 09:52:26,178 [WARN] PackLoader:240 - Cannot read IP mode file for STMicroelectronics.X-CUBE-FREERTOS.1.3.0
2025-07-25 09:52:26,215 [WARN] PackLoader:240 - Cannot read IP mode file for STMicroelectronics.X-CUBE-NFC7.1.0.1
2025-07-25 09:52:26,246 [WARN] PackLoader:240 - Cannot read IP mode file for STMicroelectronics.FP-SNS-STAIOTCFT.1.0.0
2025-07-25 09:52:26,277 [WARN] PackLoader:240 - Cannot read IP mode file for STMicroelectronics.X-CUBE-DPower.1.3.0
2025-07-25 09:52:26,339 [WARN] ConditionMgr:438 - getConditionDescription Invalid condition id : LAN8742 Phy interface Condition cause : null
2025-07-25 09:52:26,341 [WARN] PackLoader:240 - Cannot read IP mode file for STMicroelectronics.X-CUBE-AZRTOS-L4.2.0.0
2025-07-25 09:52:26,343 [WARN] ConditionMgr:1044 - genDependencies : Invalid condition id : LAN8742 Phy interface Condition cause : null
2025-07-25 09:52:26,343 [WARN] ConditionMgr:1044 - genDependencies : Invalid condition id : LAN8742 Phy interface Condition cause : null
2025-07-25 09:52:26,345 [WARN] ConditionMgr:1044 - genDependencies : Invalid condition id : LAN8742 Phy interface Condition cause : null
2025-07-25 09:52:26,391 [WARN] PackLoader:240 - Cannot read IP mode file for STMicroelectronics.X-CUBE-SFXS2LP1.4.0.0
2025-07-25 09:52:26,391 [INFO] UserAuth:486 - Internet connection configuration mode: 1
2025-07-25 09:52:26,464 [WARN] PackLoader:240 - Cannot read IP mode file for STMicroelectronics.X-CUBE-AZRTOS-H7.3.3.0
2025-07-25 09:52:26,511 [WARN] PackLoader:240 - Cannot read IP mode file for STMicroelectronics.X-CUBE-BLEMGR.4.1.0
2025-07-25 09:52:26,575 [WARN] ConditionMgr:438 - getConditionDescription Invalid condition id : UX DEVICE CLASS RTOS Condition cause : null
2025-07-25 09:52:26,575 [WARN] ConditionMgr:438 - getConditionDescription Invalid condition id : UX DEVICE CLASS RTOS Condition cause : null
2025-07-25 09:52:26,580 [WARN] PackLoader:240 - Cannot read IP mode file for STMicroelectronics.X-CUBE-AZRTOS-WB.2.0.0
2025-07-25 09:52:26,581 [WARN] ConditionMgr:1044 - genDependencies : Invalid condition id : UX DEVICE CLASS RTOS Condition cause : null
2025-07-25 09:52:26,581 [WARN] ConditionMgr:1044 - genDependencies : Invalid condition id : UX DEVICE CLASS RTOS Condition cause : null
2025-07-25 09:52:26,583 [WARN] ConditionMgr:1044 - genDependencies : Invalid condition id : UX DEVICE CLASS RTOS Condition cause : null
2025-07-25 09:52:26,584 [WARN] ConditionMgr:1044 - genDependencies : Invalid condition id : UX DEVICE CLASS RTOS Condition cause : null
2025-07-25 09:52:26,585 [WARN] ConditionMgr:1044 - genDependencies : Invalid condition id : UX DEVICE CLASS RTOS Condition cause : null
2025-07-25 09:52:26,620 [WARN] PackLoader:240 - Cannot read IP mode file for STMicroelectronics.X-CUBE-GNSS1.7.0.1
2025-07-25 09:52:26,657 [WARN] PackLoader:240 - Cannot read IP mode file for STMicroelectronics.X-CUBE-TOUCHGFX.4.25.0
2025-07-25 09:52:26,699 [WARN] PackLoader:240 - Cannot read IP mode file for STMicroelectronics.FP-SNS-STBOX1.2.0.0
2025-07-25 09:52:26,749 [WARN] PackLoader:240 - Cannot read IP mode file for STMicroelectronics.X-CUBE-SUBG2.5.0.0
2025-07-25 09:52:26,861 [WARN] PackLoader:240 - Cannot read IP mode file for STMicroelectronics.X-CUBE-AZRTOS-H7RS.1.1.0
2025-07-25 09:52:26,920 [WARN] PackLoader:240 - Cannot read IP mode file for Cesanta.I-CUBE-Mongoose.7.13.0
2025-07-25 09:52:26,971 [INFO] WebApp:187 - Connection restablished
2025-07-25 09:52:26,981 [WARN] PackLoader:240 - Cannot read IP mode file for STMicroelectronics.X-CUBE-AZRTOS-G4.2.0.0
2025-07-25 09:52:27,013 [WARN] PackLoader:240 - Cannot read IP mode file for wolfSSL.I-CUBE-wolfSSH.1.4.20
2025-07-25 09:52:27,046 [WARN] PackLoader:240 - Cannot read IP mode file for STMicroelectronics.X-CUBE-NFC7.2.0.0
2025-07-25 09:52:27,093 [WARN] PackLoader:240 - Cannot read IP mode file for STMicroelectronics.X-CUBE-IPS.3.1.0
2025-07-25 09:52:27,134 [WARN] PackLoader:240 - Cannot read IP mode file for STMicroelectronics.X-CUBE-ALS.1.0.2
2025-07-25 09:52:27,172 [WARN] PackLoader:240 - Cannot read IP mode file for portGmbH.I-Cube-SoM-uGOAL.1.1.0
2025-07-25 09:52:27,211 [WARN] PackLoader:240 - Cannot read IP mode file for STMicroelectronics.X-CUBE-TOF1.3.4.2
2025-07-25 09:52:27,281 [WARN] PackLoader:240 - Cannot read IP mode file for STMicroelectronics.X-CUBE-TOF1.3.4.3
2025-07-25 09:52:27,302 [INFO] ThirdParty:978 - Integrity check success = true
2025-07-25 09:52:27,302 [INFO] IntegrityCheckThread:100 - exiting critical section [integrity check]
2025-07-25 09:52:27,303 [INFO] IntegrityCheckThread:103 - End integrity checks thread
2025-07-25 09:54:04,692 [ERROR] LogOutputStream:75 - [STDERR_REDIRECT] 
2025-07-25 09:54:04,704 [ERROR] LogOutputStream:75 - [STDERR_REDIRECT] 
2025-07-25 09:54:19,639 [INFO] Activator:176 - 


2025-07-25 09:54:19,642 [INFO] Activator:177 - !SESSION log4j initialized
2025-07-25 09:54:28,532 [INFO] LogOutputStream:77 - [STDOUT_REDIRECT] 
2025-07-25 09:54:33,183 [INFO] ApplicationProperties:184 - Using Application install path: C:\ST\STM32CubeIDE_1.17.0\STM32CubeIDE\plugins\com.st.stm32cube.common.mx_6.13.0.202411220809
2025-07-25 09:54:33,212 [INFO] DbMcusXml:78 - Set database path to: C:\ST\STM32CubeIDE_1.17.0\STM32CubeIDE\plugins\com.st.stm32cube.common.mx_6.13.0.202411220809\\db\/mcu/
2025-07-25 09:54:33,212 [INFO] ApiDb:274 - Set plugin database path to: C:\ST\STM32CubeIDE_1.17.0\STM32CubeIDE\plugins\com.st.stm32cube.common.mx_6.13.0.202411220809\\db\/plugins/boardmanager/
2025-07-25 09:54:33,212 [WARN] ApiDb:259 - Overriding images path with different value:  => C:\ST\STM32CubeIDE_1.17.0\STM32CubeIDE\plugins\com.st.stm32cube.common.mx_6.13.0.202411220809\\db\/plugins/mcufinder/images/
2025-07-25 09:54:33,221 [INFO] ApiDb:250 - Set database path to: C:\Users\Santiago\.stmcufinder\plugins\mcufinder//mcu/
2025-07-25 09:54:33,223 [INFO] DbMcusAds:125 - Set database path to: C:\Users\Santiago\.stmcufinder\plugins\mcufinder//mcu/
2025-07-25 09:54:33,228 [INFO] CrossReferenceDbSqlite:203 - Set database path to: C:\Users\Santiago\.stmcufinder\plugins\mcufinder//mcu/cs/
2025-07-25 09:54:33,432 [INFO] RulesReader:64 - Compatibility file has been processed (297 Rules)
2025-07-25 09:54:33,590 [INFO] DbMcusXml:78 - Set database path to: C:\ST\STM32CubeIDE_1.17.0\STM32CubeIDE\plugins\com.st.stm32cube.common.mx_6.13.0.202411220809\\db\/mcu/
2025-07-25 09:54:33,590 [INFO] ApiDb:274 - Set plugin database path to: C:\ST\STM32CubeIDE_1.17.0\STM32CubeIDE\plugins\com.st.stm32cube.common.mx_6.13.0.202411220809\\db\/plugins/boardmanager/
2025-07-25 09:54:33,590 [INFO] ApiDb:261 - Set plugin images path to: C:\ST\STM32CubeIDE_1.17.0\STM32CubeIDE\plugins\com.st.stm32cube.common.mx_6.13.0.202411220809\\db\/plugins/mcufinder/images/
2025-07-25 09:54:33,591 [WARN] DbFile:41 - Overriding database path with different value: C:\Users\Santiago\.stmcufinder\plugins\mcufinder/ => C:\Users\Santiago\.stmcufinder\plugins\mcufinder
2025-07-25 09:54:33,591 [INFO] ApiDb:250 - Set database path to: C:\Users\Santiago\.stmcufinder\plugins\mcufinder//mcu/
2025-07-25 09:54:33,591 [WARN] DbFile:41 - Overriding database path with different value: C:\Users\Santiago\.stmcufinder\plugins\mcufinder/ => C:\Users\Santiago\.stmcufinder\plugins\mcufinder
2025-07-25 09:54:33,591 [INFO] DbMcusAds:125 - Set database path to: C:\Users\Santiago\.stmcufinder\plugins\mcufinder//mcu/
2025-07-25 09:54:33,591 [WARN] DbFile:41 - Overriding database path with different value: C:\Users\Santiago\.stmcufinder\plugins\mcufinder/ => C:\Users\Santiago\.stmcufinder\plugins\mcufinder
2025-07-25 09:54:33,591 [WARN] DbFile:41 - Overriding database path with different value: C:\Users\Santiago\.stmcufinder\plugins\mcufinder/ => C:\Users\Santiago\.stmcufinder\plugins\mcufinder
2025-07-25 09:54:33,592 [INFO] CrossReferenceDbSqlite:203 - Set database path to: C:\Users\Santiago\.stmcufinder\plugins\mcufinder//mcu/cs/
2025-07-25 09:54:33,728 [INFO] MainPanel:272 - HeapMemory: 268435456
2025-07-25 09:54:33,878 [INFO] DbMcusXml:78 - Set database path to: C:\ST\STM32CubeIDE_1.17.0\STM32CubeIDE\plugins\com.st.stm32cube.common.mx_6.13.0.202411220809\\db\/mcu/
2025-07-25 09:54:33,879 [INFO] ApiDb:274 - Set plugin database path to: C:\ST\STM32CubeIDE_1.17.0\STM32CubeIDE\plugins\com.st.stm32cube.common.mx_6.13.0.202411220809\\db\/plugins/boardmanager/
2025-07-25 09:54:33,879 [INFO] ApiDb:261 - Set plugin images path to: C:\ST\STM32CubeIDE_1.17.0\STM32CubeIDE\plugins\com.st.stm32cube.common.mx_6.13.0.202411220809\\db\/plugins/mcufinder/images/
2025-07-25 09:54:33,880 [WARN] DbFile:41 - Overriding database path with different value: C:\Users\Santiago\.stmcufinder\plugins\mcufinder/ => C:\Users\Santiago\.stmcufinder\plugins\mcufinder
2025-07-25 09:54:33,880 [INFO] ApiDb:250 - Set database path to: C:\Users\Santiago\.stmcufinder\plugins\mcufinder//mcu/
2025-07-25 09:54:33,880 [WARN] DbFile:41 - Overriding database path with different value: C:\Users\Santiago\.stmcufinder\plugins\mcufinder/ => C:\Users\Santiago\.stmcufinder\plugins\mcufinder
2025-07-25 09:54:33,880 [INFO] DbMcusAds:125 - Set database path to: C:\Users\Santiago\.stmcufinder\plugins\mcufinder//mcu/
2025-07-25 09:54:33,880 [WARN] DbFile:41 - Overriding database path with different value: C:\Users\Santiago\.stmcufinder\plugins\mcufinder/ => C:\Users\Santiago\.stmcufinder\plugins\mcufinder
2025-07-25 09:54:33,880 [WARN] DbFile:41 - Overriding database path with different value: C:\Users\Santiago\.stmcufinder\plugins\mcufinder/ => C:\Users\Santiago\.stmcufinder\plugins\mcufinder
2025-07-25 09:54:33,880 [INFO] CrossReferenceDbSqlite:203 - Set database path to: C:\Users\Santiago\.stmcufinder\plugins\mcufinder//mcu/cs/
2025-07-25 09:54:33,909 [INFO] ApplicationProperties:184 - Using Application install path: C:\ST\STM32CubeIDE_1.17.0\STM32CubeIDE\plugins\com.st.stm32cube.common.mx_6.13.0.202411220809
2025-07-25 09:54:33,911 [INFO] PluginManage:196 - Search for loadable plugins [exclusion list=, ]
2025-07-25 09:54:33,913 [INFO] PluginManage:310 - Check plugin analytics
2025-07-25 09:54:34,249 [INFO] AnalyticsPlugin:253 - Accepted Software Licenses: 
2025-07-25 09:54:34,249 [INFO] AnalyticsPlugin:255 - Accepted CMSIS Pack Licenses: 
2025-07-25 09:54:34,250 [INFO] AnalyticsPlugin:257 - Accepted Firmware Licenses: 
2025-07-25 09:54:34,255 [INFO] PluginManage:359 - Loaded plugin analytics (category:tool,tabindex:-1)
2025-07-25 09:54:34,256 [INFO] PluginManage:310 - Check plugin cadmodel
2025-07-25 09:54:34,265 [INFO] CADModel:105 - Init CAD model plugin
2025-07-25 09:54:34,265 [INFO] PluginManage:359 - Loaded plugin cadmodel (category:power,tabindex:5)
2025-07-25 09:54:34,266 [INFO] PluginManage:310 - Check plugin clock
2025-07-25 09:54:34,282 [INFO] PluginManage:359 - Loaded plugin clock (category:base,tabindex:2)
2025-07-25 09:54:34,282 [INFO] PluginManage:310 - Check plugin ddr
2025-07-25 09:54:34,286 [INFO] PluginManage:359 - Loaded plugin ddr (category:tool,tabindex:6)
2025-07-25 09:54:34,287 [INFO] PluginManage:310 - Check plugin filemanager
2025-07-25 09:54:34,530 [INFO] PluginManage:359 - Loaded plugin filemanager (category:base,tabindex:10)
2025-07-25 09:54:34,530 [INFO] PluginManage:310 - Check plugin ipmanager
2025-07-25 09:54:34,544 [INFO] PluginManage:359 - Loaded plugin ipmanager (category:base,tabindex:5)
2025-07-25 09:54:34,544 [INFO] PluginManage:310 - Check plugin lpbam
2025-07-25 09:54:34,557 [INFO] PluginManage:359 - Loaded plugin lpbam (category:base,tabindex:0)
2025-07-25 09:54:34,558 [INFO] PluginManage:310 - Check plugin memorymap
2025-07-25 09:54:34,576 [INFO] PluginManage:359 - Loaded plugin memorymap (category:base,tabindex:4)
2025-07-25 09:54:34,576 [INFO] PluginManage:310 - Check plugin pinoutandconfiguration
2025-07-25 09:54:34,586 [INFO] PluginManage:359 - Loaded plugin pinoutandconfiguration (category:base,tabindex:1)
2025-07-25 09:54:34,586 [INFO] PluginManage:310 - Check plugin pinoutconfig
2025-07-25 09:54:34,721 [WARN] SupportedApi:132 - Cannot load RTOS API schema: s4s-elt-must-match.1: The content of 'definitions' must match (annotation?, (simpleType | complexType)?, (unique | key | keyref)*)). A problem was found starting at: attribute.
2025-07-25 09:54:34,923 [INFO] PluginManage:359 - Loaded plugin pinoutconfig (category:base,tabindex:0)
2025-07-25 09:54:34,924 [INFO] PluginManage:310 - Check plugin power
2025-07-25 09:54:34,939 [INFO] PluginManage:359 - Loaded plugin power (category:power,tabindex:4)
2025-07-25 09:54:34,940 [INFO] PluginManage:310 - Check plugin projectmanager
2025-07-25 09:54:34,972 [INFO] PluginManage:359 - Loaded plugin projectmanager (category:projectmanager,tabindex:4)
2025-07-25 09:54:34,973 [INFO] PluginManage:310 - Check plugin rif
2025-07-25 09:54:34,985 [INFO] PluginManage:359 - Loaded plugin rif (category:base,tabindex:3)
2025-07-25 09:54:34,985 [INFO] PluginManage:310 - Check plugin thirdparty
2025-07-25 09:54:35,235 [WARN] IntegrityCheckThread:84 - waiting for thirdparty lock release [integrity check]
2025-07-25 09:54:35,235 [INFO] PluginManage:359 - Loaded plugin thirdparty (category:base,tabindex:-1)
2025-07-25 09:54:35,235 [INFO] IntegrityCheckThread:86 - entering critical section [integrity check]
2025-07-25 09:54:35,236 [INFO] PluginManage:310 - Check plugin tools
2025-07-25 09:54:35,237 [INFO] ThirdPartyUpdaterWithRetryManager:70 - Updater plugin not ready yet. [1/15]
2025-07-25 09:54:35,239 [INFO] PluginManage:359 - Loaded plugin tools (category:base,tabindex:7)
2025-07-25 09:54:35,239 [INFO] PluginManage:310 - Check plugin tutovideos
2025-07-25 09:54:35,482 [INFO] PluginManage:359 - Loaded plugin tutovideos (category:base,tabindex:-1)
2025-07-25 09:54:35,483 [INFO] PluginManage:310 - Check plugin updater
2025-07-25 09:54:35,517 [INFO] PluginManage:359 - Loaded plugin updater (category:base,tabindex:12)
2025-07-25 09:54:35,518 [INFO] PluginManage:310 - Check plugin userauth
2025-07-25 09:54:35,524 [INFO] UserAuth:118 - Init User Auth plugin
2025-07-25 09:54:35,525 [INFO] PluginManage:359 - Loaded plugin userauth (category:base,tabindex:14)
2025-07-25 09:54:35,526 [INFO] PluginManage:283 - PluginManage : Loaded plugins [18]
2025-07-25 09:54:35,860 [INFO] PinOutPanel:1589 - setPackage(No Configuration,No Configuration)
2025-07-25 09:54:36,013 [INFO] CADModel:165 - CPN selected for project level
2025-07-25 09:54:36,013 [INFO] CADModel:114 - Register for checkConnection events
2025-07-25 09:54:36,041 [INFO] IPUIPlugin:80 - create IPUIPlugin
2025-07-25 09:54:36,041 [INFO] PluginManager:220 - loadIPPluginJar : add adc
2025-07-25 09:54:36,046 [INFO] IPUIPlugin:80 - create IPUIPlugin
2025-07-25 09:54:36,046 [INFO] PluginManager:220 - loadIPPluginJar : add aes
2025-07-25 09:54:36,051 [INFO] IPUIPlugin:80 - create IPUIPlugin
2025-07-25 09:54:36,051 [INFO] PluginManager:220 - loadIPPluginJar : add can
2025-07-25 09:54:36,054 [INFO] IPUIPlugin:80 - create IPUIPlugin
2025-07-25 09:54:36,054 [INFO] PluginManager:220 - loadIPPluginJar : add comp
2025-07-25 09:54:36,058 [INFO] IPUIPlugin:80 - create IPUIPlugin
2025-07-25 09:54:36,059 [INFO] PluginManager:220 - loadIPPluginJar : add cryp
2025-07-25 09:54:36,065 [INFO] IPUIPlugin:80 - create IPUIPlugin
2025-07-25 09:54:36,065 [INFO] PluginManager:220 - loadIPPluginJar : add ddr_ctrl_phy
2025-07-25 09:54:36,070 [INFO] IPUIPlugin:80 - create IPUIPlugin
2025-07-25 09:54:36,070 [INFO] PluginManager:220 - loadIPPluginJar : add dfsdm
2025-07-25 09:54:36,079 [INFO] IPUIPlugin:80 - create IPUIPlugin
2025-07-25 09:54:36,080 [INFO] PluginManager:220 - loadIPPluginJar : add dma
2025-07-25 09:54:36,084 [INFO] IPUIPlugin:80 - create IPUIPlugin
2025-07-25 09:54:36,084 [INFO] PluginManager:220 - loadIPPluginJar : add dma3
2025-07-25 09:54:36,089 [INFO] IPUIPlugin:80 - create IPUIPlugin
2025-07-25 09:54:36,089 [INFO] PluginManager:220 - loadIPPluginJar : add extmemmanager
2025-07-25 09:54:36,092 [INFO] IPUIPlugin:80 - create IPUIPlugin
2025-07-25 09:54:36,093 [INFO] PluginManager:220 - loadIPPluginJar : add fatfs
2025-07-25 09:54:36,101 [INFO] IPUIPlugin:80 - create IPUIPlugin
2025-07-25 09:54:36,101 [INFO] PluginManager:220 - loadIPPluginJar : add fmc
2025-07-25 09:54:36,110 [INFO] IPUIPlugin:80 - create IPUIPlugin
2025-07-25 09:54:36,111 [INFO] PluginManager:220 - loadIPPluginJar : add freertos
2025-07-25 09:54:36,114 [INFO] IPUIPlugin:80 - create IPUIPlugin
2025-07-25 09:54:36,114 [INFO] PluginManager:220 - loadIPPluginJar : add genericplugin
2025-07-25 09:54:36,119 [INFO] IPUIPlugin:80 - create IPUIPlugin
2025-07-25 09:54:36,119 [INFO] PluginManager:220 - loadIPPluginJar : add gfxmmu
2025-07-25 09:54:36,130 [INFO] IPUIPlugin:80 - create IPUIPlugin
2025-07-25 09:54:36,130 [INFO] PluginManager:220 - loadIPPluginJar : add gic
2025-07-25 09:54:36,140 [INFO] IPUIPlugin:80 - create IPUIPlugin
2025-07-25 09:54:36,140 [INFO] PluginManager:220 - loadIPPluginJar : add gpio
2025-07-25 09:54:36,145 [INFO] IPUIPlugin:80 - create IPUIPlugin
2025-07-25 09:54:36,145 [INFO] PluginManager:220 - loadIPPluginJar : add gtzc
2025-07-25 09:54:36,151 [INFO] IPUIPlugin:80 - create IPUIPlugin
2025-07-25 09:54:36,152 [INFO] PluginManager:220 - loadIPPluginJar : add hash
2025-07-25 09:54:36,158 [INFO] IPUIPlugin:80 - create IPUIPlugin
2025-07-25 09:54:36,159 [INFO] PluginManager:220 - loadIPPluginJar : add i2c
2025-07-25 09:54:36,163 [INFO] IPUIPlugin:80 - create IPUIPlugin
2025-07-25 09:54:36,164 [INFO] PluginManager:220 - loadIPPluginJar : add i2s
2025-07-25 09:54:36,168 [INFO] IPUIPlugin:80 - create IPUIPlugin
2025-07-25 09:54:36,169 [INFO] PluginManager:220 - loadIPPluginJar : add i3c
2025-07-25 09:54:36,175 [INFO] IPUIPlugin:80 - create IPUIPlugin
2025-07-25 09:54:36,175 [INFO] PluginManager:220 - loadIPPluginJar : add ipddr
2025-07-25 09:54:36,185 [INFO] IPUIPlugin:80 - create IPUIPlugin
2025-07-25 09:54:36,186 [INFO] PluginManager:220 - loadIPPluginJar : add linkedlist
2025-07-25 09:54:36,239 [INFO] IPUIPlugin:80 - create IPUIPlugin
2025-07-25 09:54:36,239 [INFO] PluginManager:220 - loadIPPluginJar : add lorawan
2025-07-25 09:54:36,242 [INFO] IPUIPlugin:80 - create IPUIPlugin
2025-07-25 09:54:36,242 [INFO] PluginManager:220 - loadIPPluginJar : add ltdc
2025-07-25 09:54:36,254 [INFO] IPUIPlugin:80 - create IPUIPlugin
2025-07-25 09:54:36,254 [INFO] PluginManager:220 - loadIPPluginJar : add mdma
2025-07-25 09:54:36,261 [INFO] IPUIPlugin:80 - create IPUIPlugin
2025-07-25 09:54:36,261 [INFO] PluginManager:220 - loadIPPluginJar : add nvic
2025-07-25 09:54:36,266 [INFO] IPUIPlugin:80 - create IPUIPlugin
2025-07-25 09:54:36,266 [INFO] PluginManager:220 - loadIPPluginJar : add opamp
2025-07-25 09:54:36,272 [INFO] IPUIPlugin:80 - create IPUIPlugin
2025-07-25 09:54:36,272 [INFO] PluginManager:220 - loadIPPluginJar : add openamp
2025-07-25 09:54:36,277 [INFO] IPUIPlugin:80 - create IPUIPlugin
2025-07-25 09:54:36,277 [INFO] PluginManager:220 - loadIPPluginJar : add pdm2pcm
2025-07-25 09:54:36,287 [INFO] IPUIPlugin:80 - create IPUIPlugin
2025-07-25 09:54:36,291 [INFO] PluginManager:220 - loadIPPluginJar : add plateformsettings
2025-07-25 09:54:36,295 [INFO] IPUIPlugin:80 - create IPUIPlugin
2025-07-25 09:54:36,295 [INFO] PluginManager:220 - loadIPPluginJar : add quadspi
2025-07-25 09:54:36,298 [INFO] IPUIPlugin:80 - create IPUIPlugin
2025-07-25 09:54:36,299 [INFO] PluginManager:220 - loadIPPluginJar : add radio
2025-07-25 09:54:36,305 [INFO] IPUIPlugin:80 - create IPUIPlugin
2025-07-25 09:54:36,305 [INFO] PluginManager:220 - loadIPPluginJar : add resmgrutility
2025-07-25 09:54:36,310 [INFO] IPUIPlugin:80 - create IPUIPlugin
2025-07-25 09:54:36,311 [INFO] PluginManager:220 - loadIPPluginJar : add sai
2025-07-25 09:54:36,316 [INFO] IPUIPlugin:80 - create IPUIPlugin
2025-07-25 09:54:36,316 [INFO] PluginManager:220 - loadIPPluginJar : add spi
2025-07-25 09:54:36,324 [INFO] IPUIPlugin:80 - create IPUIPlugin
2025-07-25 09:54:36,325 [INFO] PluginManager:220 - loadIPPluginJar : add stm32_wpan
2025-07-25 09:54:36,329 [INFO] IPUIPlugin:80 - create IPUIPlugin
2025-07-25 09:54:36,329 [INFO] PluginManager:220 - loadIPPluginJar : add tim
2025-07-25 09:54:36,334 [INFO] IPUIPlugin:80 - create IPUIPlugin
2025-07-25 09:54:36,334 [INFO] PluginManager:220 - loadIPPluginJar : add touchsensing
2025-07-25 09:54:36,337 [INFO] IPUIPlugin:80 - create IPUIPlugin
2025-07-25 09:54:36,337 [INFO] PluginManager:220 - loadIPPluginJar : add tracer_emb
2025-07-25 09:54:36,340 [INFO] IPUIPlugin:80 - create IPUIPlugin
2025-07-25 09:54:36,340 [INFO] PluginManager:220 - loadIPPluginJar : add ts
2025-07-25 09:54:36,342 [INFO] IPUIPlugin:80 - create IPUIPlugin
2025-07-25 09:54:36,343 [INFO] PluginManager:220 - loadIPPluginJar : add tsc
2025-07-25 09:54:36,346 [INFO] IPUIPlugin:80 - create IPUIPlugin
2025-07-25 09:54:36,346 [INFO] PluginManager:220 - loadIPPluginJar : add ucpd
2025-07-25 09:54:36,350 [INFO] IPUIPlugin:80 - create IPUIPlugin
2025-07-25 09:54:36,350 [INFO] PluginManager:220 - loadIPPluginJar : add usart
2025-07-25 09:54:36,356 [INFO] IPUIPlugin:80 - create IPUIPlugin
2025-07-25 09:54:36,356 [INFO] PluginManager:220 - loadIPPluginJar : add usbx
2025-07-25 09:54:36,540 [FATAL] Updater:351 - Updater called before beeing initialized
2025-07-25 09:54:36,591 [INFO] RulesReader:64 - Compatibility file has been processed (297 Rules)
2025-07-25 09:54:36,610 [INFO] RulesReader:64 - Compatibility file has been processed (297 Rules)
2025-07-25 09:54:36,623 [INFO] CADModel:165 - CPN selected for project level
2025-07-25 09:54:36,624 [INFO] CADModel:114 - Register for checkConnection events
2025-07-25 09:54:36,624 [FATAL] Updater:351 - Updater called before beeing initialized
2025-07-25 09:54:36,624 [ERROR] CADModel:125 - Updater not yet initialized, retry later 
2025-07-25 09:54:36,874 [FATAL] Updater:351 - Updater called before beeing initialized
2025-07-25 09:54:36,878 [INFO] CADModel:165 - CPN selected for project level
2025-07-25 09:54:36,879 [INFO] CADModel:114 - Register for checkConnection events
2025-07-25 09:54:36,879 [FATAL] Updater:351 - Updater called before beeing initialized
2025-07-25 09:54:36,879 [ERROR] CADModel:125 - Updater not yet initialized, retry later 
2025-07-25 09:54:36,886 [FATAL] Updater:351 - Updater called before beeing initialized
2025-07-25 09:54:37,262 [FATAL] Updater:351 - Updater called before beeing initialized
2025-07-25 09:54:37,269 [INFO] DbMcusAds:53 - JSON generation date=Tue Jul 08 05:14:23 ART 2025 (1751962463524)
2025-07-25 09:54:37,270 [FATAL] Updater:351 - Updater called before beeing initialized
2025-07-25 09:54:37,328 [WARN] DetailPanel:346 - Failed to get advertising image, set to default
2025-07-25 09:54:37,683 [FATAL] Updater:351 - Updater called before beeing initialized
2025-07-25 09:54:37,686 [FATAL] Updater:351 - Updater called before beeing initialized
2025-07-25 09:54:37,686 [FATAL] Updater:351 - Updater called before beeing initialized
2025-07-25 09:54:37,687 [WARN] DetailPanel:346 - Failed to get advertising image, set to default
2025-07-25 09:54:37,688 [FATAL] Updater:351 - Updater called before beeing initialized
2025-07-25 09:54:37,751 [ERROR] Updater:1198 - MainUpdater not yet initialized. External WinMGr cannot be set.
2025-07-25 09:54:37,754 [INFO] Updater:1134 - Updater Version found : 6.13.0
2025-07-25 09:54:37,770 [INFO] ApplicationProperties:184 - Using Application install path: C:\ST\STM32CubeIDE_1.17.0\STM32CubeIDE\plugins\com.st.stm32cube.common.mx_6.13.0.202411220809
2025-07-25 09:54:38,238 [INFO] ThirdPartyUpdaterWithRetryManager:70 - Updater plugin not ready yet. [2/15]
2025-07-25 09:54:39,357 [ERROR] LogOutputStream:75 - [STDERR_REDIRECT] Jul 25, 2025 9:54:39 AM java.util.prefs.WindowsPreferences <init>
2025-07-25 09:54:39,359 [ERROR] LogOutputStream:75 - [STDERR_REDIRECT] WARNING: Could not open/create prefs root node Software\JavaSoft\Prefs at root 0xffffffff80000002. Windows RegCreateKeyEx(...) returned error code 5.
2025-07-25 09:54:39,360 [ERROR] LogOutputStream:75 - [STDERR_REDIRECT] 
2025-07-25 09:54:40,005 [INFO] MainUpdater:2872 - connection check result : 10
2025-07-25 09:54:40,007 [INFO] MainUpdater:289 - Updater Check For Update Now.
2025-07-25 09:54:40,009 [INFO] MicroXplorer:498 - Change Database Version : DB.6.0.130
2025-07-25 09:54:40,043 [INFO] McuFinderGlobals:63 - Set McuFinder mode to 2 (CubeIDE integrated)
2025-07-25 09:54:40,047 [INFO] UserAuth:486 - Internet connection configuration mode: 1
2025-07-25 09:54:40,191 [INFO] JxBrowserEngine:152 - Initiate JxBrowser Engine with user profile folder
2025-07-25 09:54:40,567 [INFO] CheckServerUpdateThread:120 - End of CheckServer Thread
2025-07-25 09:54:41,575 [INFO] WebApp:168 - Instantiating new browser for Auth
2025-07-25 09:54:41,951 [WARN] PackLoader:240 - Cannot read IP mode file for STMicroelectronics.FP-SNS-MOTENVWB1.1.4.0
2025-07-25 09:54:41,967 [WARN] PackLoader:240 - Cannot read IP mode file for STMicroelectronics.FP-ATR-ASTRA1.2.0.2
2025-07-25 09:54:41,982 [WARN] PackLoader:240 - Cannot read IP mode file for STMicroelectronics.X-CUBE-SMBUS.2.1.0
2025-07-25 09:54:42,006 [WARN] PackLoader:240 - Cannot read IP mode file for STMicroelectronics.X-CUBE-WB05N.1.1.0
2025-07-25 09:54:42,042 [WARN] PackLoader:240 - Cannot read IP mode file for STMicroelectronics.X-CUBE-ST60.1.0.0
2025-07-25 09:54:42,116 [WARN] PackLoader:240 - Cannot read IP mode file for STMicroelectronics.X-CUBE-AZRTOS-F7.1.1.0
2025-07-25 09:54:42,189 [WARN] PackLoader:240 - Cannot read IP mode file for Infineon.AIROC-Wi-Fi-Bluetooth-STM32.1.7.0
2025-07-25 09:54:42,282 [WARN] PackLoader:240 - Cannot read IP mode file for STMicroelectronics.X-CUBE-AZRTOS-H7.3.4.0
2025-07-25 09:54:42,303 [WARN] PackLoader:240 - Cannot read IP mode file for STMicroelectronics.X-CUBE-DISPLAY.3.0.0
2025-07-25 09:54:42,325 [WARN] PackLoader:240 - Cannot read IP mode file for STMicroelectronics.X-CUBE-NFC10.1.0.0
2025-07-25 09:54:42,359 [WARN] PackLoader:240 - Cannot read IP mode file for STMicroelectronics.X-CUBE-BLEMGR.4.0.0
2025-07-25 09:54:42,379 [WARN] PackLoader:240 - Cannot read IP mode file for emotas.I-CUBE-CANOPEN.1.3.0
2025-07-25 09:54:42,391 [WARN] ConditionMgr:438 - getConditionDescription Invalid condition id : Cortex-A Device cause : null
2025-07-25 09:54:42,421 [WARN] ConditionMgr:1044 - genDependencies : Invalid condition id : Cortex-A Device cause : null
2025-07-25 09:54:42,424 [WARN] ConditionMgr:1044 - genDependencies : Invalid condition id : Cortex-A Device cause : null
2025-07-25 09:54:42,424 [WARN] ConditionMgr:1044 - genDependencies : Invalid condition id : Cortex-A Device cause : null
2025-07-25 09:54:42,434 [WARN] PackLoader:240 - Cannot read IP mode file for STMicroelectronics.X-CUBE-AI.10.0.0
2025-07-25 09:54:42,446 [WARN] PackLoader:240 - Cannot read IP mode file for STMicroelectronics.FP-SNS-SMARTAG2.1.2.0
2025-07-25 09:54:42,455 [WARN] PackLoader:240 - Cannot read IP mode file for STMicroelectronics.FP-SNS-FLIGHT1.5.1.0
2025-07-25 09:54:42,572 [WARN] PackLoader:240 - Cannot read IP mode file for STMicroelectronics.X-CUBE-MEMS1.11.1.0
2025-07-25 09:54:42,852 [INFO] LogOutputStream:77 - [STDOUT_REDIRECT] 1 : Invalid condition id : UX_CORESTACK_Condition cause : null
2025-07-25 09:54:42,853 [INFO] LogOutputStream:77 - [STDOUT_REDIRECT] 1 : Invalid condition id : UX_CORESTACK_Condition cause : null
2025-07-25 09:54:42,855 [INFO] LogOutputStream:77 - [STDOUT_REDIRECT] 1 : Invalid condition id : UX_CORESTACK_Condition cause : null
2025-07-25 09:54:42,857 [INFO] LogOutputStream:77 - [STDOUT_REDIRECT] 1 : Invalid condition id : UX_CORESTACK_Condition cause : null
2025-07-25 09:54:42,859 [INFO] LogOutputStream:77 - [STDOUT_REDIRECT] 1 : Invalid condition id : UX_CORESTACK_Condition cause : null
2025-07-25 09:54:42,863 [WARN] PackLoader:240 - Cannot read IP mode file for STMicroelectronics.X-CUBE-AZRTOS-WL.2.0.0
2025-07-25 09:54:42,873 [WARN] PackLoader:240 - Cannot read IP mode file for STMicroelectronics.FP-SNS-MOTENV1.5.0.0
2025-07-25 09:54:42,897 [WARN] PackLoader:240 - Cannot read IP mode file for WES.I-CUBE-Cesium.1.3.0
2025-07-25 09:54:42,907 [WARN] PackLoader:240 - Cannot read IP mode file for STMicroelectronics.X-CUBE-BLE2.3.3.0
2025-07-25 09:54:42,919 [WARN] PackLoader:240 - Cannot read IP mode file for STMicroelectronics.X-CUBE-NFC9.1.0.0
2025-07-25 09:54:42,932 [WARN] PackLoader:240 - Cannot read IP mode file for STMicroelectronics.X-CUBE-BLE1.7.1.0
2025-07-25 09:54:42,946 [WARN] PackLoader:240 - Cannot read IP mode file for wolfSSL.I-CUBE-wolfMQTT.1.19.2
2025-07-25 09:54:42,961 [WARN] PackLoader:240 - Cannot read IP mode file for STMicroelectronics.X-CUBE-EEPRMA1.5.2.0
2025-07-25 09:54:42,971 [WARN] PackLoader:240 - Cannot read IP mode file for STMicroelectronics.X-CUBE-AI.10.1.0
2025-07-25 09:54:43,238 [WARN] PackLoader:240 - Cannot read IP mode file for STMicroelectronics.X-CUBE-MEMS1.11.2.0
2025-07-25 09:54:43,605 [WARN] PackLoader:240 - Cannot read IP mode file for STMicroelectronics.X-CUBE-AZRTOS-G0.1.1.0
2025-07-25 09:54:43,632 [WARN] PackLoader:240 - Cannot read IP mode file for STMicroelectronics.X-CUBE-SAFEA1.1.2.2
2025-07-25 09:54:43,642 [WARN] PackLoader:240 - Cannot read IP mode file for STMicroelectronics.X-CUBE-NFC4.3.0.0
2025-07-25 09:54:43,668 [WARN] PackLoader:240 - Cannot read IP mode file for EmbeddedOffice.I-CUBE-FS-RTOS.1.0.1
2025-07-25 09:54:43,686 [WARN] PackLoader:240 - Cannot read IP mode file for STMicroelectronics.X-CUBE-WB05N.2.0.0
2025-07-25 09:54:43,697 [WARN] PackLoader:240 - Cannot read IP mode file for wolfSSL.I-CUBE-wolfTPM.3.8.0
2025-07-25 09:54:43,707 [WARN] PackLoader:240 - Cannot read IP mode file for STMicroelectronics.X-CUBE-TCPP.4.2.0
2025-07-25 09:54:43,719 [WARN] PackLoader:240 - Cannot read IP mode file for RealThread.X-CUBE-RT-Thread_Nano.4.1.1
2025-07-25 09:54:43,731 [WARN] PackLoader:240 - Cannot read IP mode file for STMicroelectronics.FP-ATR-SIGFOX1.3.2.0
2025-07-25 09:54:43,746 [WARN] PackLoader:240 - Cannot read IP mode file for STMicroelectronics.X-CUBE-EEPRMA1.5.1.0
2025-07-25 09:54:43,758 [WARN] PackLoader:240 - Cannot read IP mode file for wolfSSL.I-CUBE-wolfSSL.5.7.6
2025-07-25 09:54:43,777 [WARN] PackLoader:240 - Cannot read IP mode file for ITTIA_DB.I-CUBE-ITTIADB.8.9.0
2025-07-25 09:54:43,791 [WARN] PackLoader:240 - Cannot read IP mode file for STMicroelectronics.X-CUBE-ST67W61.1.0.0
2025-07-25 09:54:43,840 [WARN] PackLoader:240 - Cannot read IP mode file for SEGGER.I-CUBE-embOS.1.3.1
2025-07-25 09:54:43,906 [WARN] PackLoader:240 - Cannot read IP mode file for STMicroelectronics.X-CUBE-ALGOBUILD.1.4.0
2025-07-25 09:54:44,019 [WARN] PackLoader:240 - Cannot read IP mode file for STMicroelectronics.X-CUBE-MEMS1.11.3.0
2025-07-25 09:54:44,365 [WARN] PackLoader:240 - Cannot read IP mode file for STMicroelectronics.X-CUBE-PM33A1.1.0.0
2025-07-25 09:54:44,419 [WARN] PackLoader:240 - Cannot read IP mode file for STMicroelectronics.X-CUBE-AZRTOS-F4.1.1.0
2025-07-25 09:54:44,456 [WARN] PackLoader:240 - Cannot read IP mode file for Avnet-IotConnect.X-CUBE-IoTC-DA16k-PMOD.1.0.0
2025-07-25 09:54:44,472 [WARN] PackLoader:240 - Cannot read IP mode file for STMicroelectronics.X-CUBE-ISPU.2.1.0
2025-07-25 09:54:44,489 [WARN] PackLoader:240 - Cannot read IP mode file for STMicroelectronics.X-CUBE-NFC12.1.0.0
2025-07-25 09:54:44,548 [WARN] PackLoader:240 - Cannot read IP mode file for STMicroelectronics.X-CUBE-AZRTOS-L5.2.0.0
2025-07-25 09:54:44,568 [WARN] PackLoader:240 - Cannot read IP mode file for STMicroelectronics.X-CUBE-NFC6.3.1.0
2025-07-25 09:54:44,589 [WARN] PackLoader:240 - Cannot read IP mode file for STMicroelectronics.X-CUBE-DPower.1.2.0
2025-07-25 09:54:44,605 [WARN] PackLoader:240 - Cannot read IP mode file for STMicroelectronics.X-CUBE-FREERTOS.1.3.1
2025-07-25 09:54:44,613 [WARN] PackLoader:240 - Cannot read IP mode file for STMicroelectronics.X-CUBE-FREERTOS.1.3.0
2025-07-25 09:54:44,622 [WARN] PackLoader:240 - Cannot read IP mode file for STMicroelectronics.X-CUBE-NFC7.1.0.1
2025-07-25 09:54:44,638 [WARN] PackLoader:240 - Cannot read IP mode file for STMicroelectronics.FP-SNS-STAIOTCFT.1.0.0
2025-07-25 09:54:44,654 [WARN] PackLoader:240 - Cannot read IP mode file for STMicroelectronics.X-CUBE-DPower.1.3.0
2025-07-25 09:54:44,682 [WARN] ConditionMgr:438 - getConditionDescription Invalid condition id : LAN8742 Phy interface Condition cause : null
2025-07-25 09:54:44,683 [WARN] PackLoader:240 - Cannot read IP mode file for STMicroelectronics.X-CUBE-AZRTOS-L4.2.0.0
2025-07-25 09:54:44,687 [WARN] ConditionMgr:1044 - genDependencies : Invalid condition id : LAN8742 Phy interface Condition cause : null
2025-07-25 09:54:44,688 [WARN] ConditionMgr:1044 - genDependencies : Invalid condition id : LAN8742 Phy interface Condition cause : null
2025-07-25 09:54:44,689 [WARN] ConditionMgr:1044 - genDependencies : Invalid condition id : LAN8742 Phy interface Condition cause : null
2025-07-25 09:54:44,703 [WARN] PackLoader:240 - Cannot read IP mode file for STMicroelectronics.X-CUBE-SFXS2LP1.4.0.0
2025-07-25 09:54:44,736 [WARN] PackLoader:240 - Cannot read IP mode file for STMicroelectronics.X-CUBE-AZRTOS-H7.3.3.0
2025-07-25 09:54:44,757 [WARN] PackLoader:240 - Cannot read IP mode file for STMicroelectronics.X-CUBE-BLEMGR.4.1.0
2025-07-25 09:54:44,784 [WARN] ConditionMgr:438 - getConditionDescription Invalid condition id : UX DEVICE CLASS RTOS Condition cause : null
2025-07-25 09:54:44,785 [WARN] ConditionMgr:438 - getConditionDescription Invalid condition id : UX DEVICE CLASS RTOS Condition cause : null
2025-07-25 09:54:44,787 [WARN] PackLoader:240 - Cannot read IP mode file for STMicroelectronics.X-CUBE-AZRTOS-WB.2.0.0
2025-07-25 09:54:44,788 [WARN] ConditionMgr:1044 - genDependencies : Invalid condition id : UX DEVICE CLASS RTOS Condition cause : null
2025-07-25 09:54:44,788 [WARN] ConditionMgr:1044 - genDependencies : Invalid condition id : UX DEVICE CLASS RTOS Condition cause : null
2025-07-25 09:54:44,789 [WARN] ConditionMgr:1044 - genDependencies : Invalid condition id : UX DEVICE CLASS RTOS Condition cause : null
2025-07-25 09:54:44,789 [WARN] ConditionMgr:1044 - genDependencies : Invalid condition id : UX DEVICE CLASS RTOS Condition cause : null
2025-07-25 09:54:44,790 [WARN] ConditionMgr:1044 - genDependencies : Invalid condition id : UX DEVICE CLASS RTOS Condition cause : null
2025-07-25 09:54:44,801 [WARN] PackLoader:240 - Cannot read IP mode file for STMicroelectronics.X-CUBE-GNSS1.7.0.1
2025-07-25 09:54:44,810 [WARN] PackLoader:240 - Cannot read IP mode file for STMicroelectronics.X-CUBE-TOUCHGFX.4.25.0
2025-07-25 09:54:44,821 [WARN] PackLoader:240 - Cannot read IP mode file for STMicroelectronics.FP-SNS-STBOX1.2.0.0
2025-07-25 09:54:44,841 [WARN] PackLoader:240 - Cannot read IP mode file for STMicroelectronics.X-CUBE-SUBG2.5.0.0
2025-07-25 09:54:44,884 [WARN] PackLoader:240 - Cannot read IP mode file for STMicroelectronics.X-CUBE-AZRTOS-H7RS.1.1.0
2025-07-25 09:54:44,902 [WARN] PackLoader:240 - Cannot read IP mode file for Cesanta.I-CUBE-Mongoose.7.13.0
2025-07-25 09:54:44,924 [WARN] PackLoader:240 - Cannot read IP mode file for STMicroelectronics.X-CUBE-AZRTOS-G4.2.0.0
2025-07-25 09:54:44,936 [WARN] PackLoader:240 - Cannot read IP mode file for wolfSSL.I-CUBE-wolfSSH.1.4.20
2025-07-25 09:54:44,942 [WARN] PackLoader:240 - Cannot read IP mode file for STMicroelectronics.X-CUBE-NFC7.2.0.0
2025-07-25 09:54:45,301 [WARN] PackLoader:240 - Cannot read IP mode file for STMicroelectronics.X-CUBE-IPS.3.1.0
2025-07-25 09:54:45,366 [WARN] PackLoader:240 - Cannot read IP mode file for STMicroelectronics.X-CUBE-ALS.1.0.2
2025-07-25 09:54:45,389 [WARN] PackLoader:240 - Cannot read IP mode file for portGmbH.I-Cube-SoM-uGOAL.1.1.0
2025-07-25 09:54:45,422 [WARN] PackLoader:240 - Cannot read IP mode file for STMicroelectronics.X-CUBE-TOF1.3.4.2
2025-07-25 09:54:45,460 [WARN] PackLoader:240 - Cannot read IP mode file for STMicroelectronics.X-CUBE-TOF1.3.4.3
2025-07-25 09:54:45,478 [INFO] ThirdParty:978 - Integrity check success = true
2025-07-25 09:54:45,479 [INFO] IntegrityCheckThread:100 - exiting critical section [integrity check]
2025-07-25 09:54:45,479 [INFO] IntegrityCheckThread:103 - End integrity checks thread
2025-07-25 09:54:46,071 [INFO] WebApp:449 - Apply proxy settings
2025-07-25 09:54:46,072 [INFO] WebApp:534 - Chromium requires no authentication
2025-07-25 09:54:46,088 [INFO] WebApp:477 - Direct internet connection detected
2025-07-25 09:54:46,136 [INFO] WebApp:880 - Register for checkConnection events
2025-07-25 09:54:46,136 [INFO] WebApp:449 - Apply proxy settings
2025-07-25 09:54:46,136 [INFO] WebApp:534 - Chromium requires no authentication
2025-07-25 09:54:46,137 [INFO] WebApp:477 - Direct internet connection detected
2025-07-25 09:54:46,406 [INFO] WebApp:187 - Connection restablished
2025-07-25 09:54:46,484 [INFO] WebApp:221 - Starting web application
2025-07-25 09:54:46,484 [INFO] WebApp:579 - Web application path used C:\ST\STM32CubeIDE_1.17.0\STM32CubeIDE\plugins\com.st.stm32cube.common.mx_6.13.0.202411220809\db\plugins\mcufinder\reactClient1\index.html
2025-07-25 09:54:46,671 [INFO] UserAuth:486 - Internet connection configuration mode: 1
2025-07-25 09:59:28,794 [INFO] McuFinderGlobals:63 - Set McuFinder mode to 2 (CubeIDE integrated)
2025-07-25 09:59:28,852 [INFO] MainUpdater:2872 - connection check result : 10
2025-07-25 09:59:28,863 [INFO] MainUpdater:2872 - connection check result : 10
2025-07-25 09:59:29,178 [INFO] MicroXplorer:468 - Change Database Path : 
2025-07-25 09:59:29,178 [INFO] MicroXplorer:498 - Change Database Version : DB.6.0.130
2025-07-25 09:59:29,192 [WARN] ThirdParty:871 - waiting for thirdparty lock release [close project]
2025-07-25 09:59:29,192 [INFO] ThirdParty:873 - entering critical section [close project]
2025-07-25 09:59:29,197 [INFO] ThirdParty:883 - exiting critical section [close project]
2025-07-25 09:59:29,208 [INFO] PinOutPanel:1589 - setPackage(No Configuration,No Configuration)
2025-07-25 09:59:29,219 [INFO] UtilMem:75 - Begin LoadConfig() Used Memory: 889976288 Bytes (1073741824)
2025-07-25 09:59:29,223 [INFO] MicroXplorer:468 - Change Database Path : 
2025-07-25 09:59:29,223 [INFO] MicroXplorer:498 - Change Database Version : DB.6.0.130
2025-07-25 09:59:29,223 [INFO] OpenFileManager:332 - Change cursor
2025-07-25 09:59:29,311 [INFO] Mcu:2035 - Initializing MCU STM32F103R(8-B)Tx STM32F103RBTx STM32F103RBT6
2025-07-25 09:59:32,209 [INFO] Context:748 - Trying to add GPIOservice into a context  which must be forbidden
2025-07-25 09:59:33,579 [INFO] RtosManager:555 - Registered RTOS mode: class=CMSIS, group=RTOS, mode=CMSIS_V1, owner=FREERTOS
2025-07-25 09:59:33,580 [INFO] RtosManager:555 - Registered RTOS mode: class=CMSIS, group=RTOS2, mode=CMSIS_V2, owner=FREERTOS
2025-07-25 09:59:33,580 [INFO] RtosManager:555 - Registered RTOS mode: class=RTOS, group=Core, mode=CMSIS_V1, owner=FREERTOS
2025-07-25 09:59:33,580 [INFO] RtosManager:555 - Registered RTOS mode: class=RTOS, group=Core, mode=CMSIS_V2, owner=FREERTOS
2025-07-25 09:59:33,584 [WARN] ModelIntegratedComponent:184 - Missing modes for component STMicroelectronics:FreeRTOS:0.0.1:STMicroelectronics:RTOS:FreeRTOS:Core:::10.2.0:
2025-07-25 09:59:33,650 [WARN] ModelIntegratedComponent:63 - No mode defined for component null
2025-07-25 09:59:33,650 [WARN] ModelIntegratedComponent:63 - No mode defined for component null
2025-07-25 09:59:33,650 [WARN] ModelIntegratedComponent:63 - No mode defined for component null
2025-07-25 09:59:33,650 [WARN] ModelIntegratedComponent:63 - No mode defined for component null
2025-07-25 09:59:33,651 [WARN] ModelIntegratedComponent:63 - No mode defined for component null
2025-07-25 09:59:33,651 [WARN] ModelIntegratedComponent:63 - No mode defined for component null
2025-07-25 09:59:33,651 [WARN] ModelIntegratedComponent:63 - No mode defined for component null
2025-07-25 09:59:33,651 [WARN] ModelIntegratedComponent:63 - No mode defined for component null
2025-07-25 09:59:33,651 [WARN] ModelIntegratedComponent:63 - No mode defined for component null
2025-07-25 09:59:33,651 [WARN] ModelIntegratedComponent:63 - No mode defined for component null
2025-07-25 09:59:33,651 [WARN] ModelIntegratedComponent:63 - No mode defined for component null
2025-07-25 09:59:33,651 [WARN] ModelIntegratedComponent:63 - No mode defined for component null
2025-07-25 09:59:33,651 [WARN] ModelIntegratedComponent:63 - No mode defined for component null
2025-07-25 09:59:33,651 [WARN] ModelIntegratedComponent:63 - No mode defined for component null
2025-07-25 09:59:33,651 [WARN] ModelIntegratedComponent:63 - No mode defined for component null
2025-07-25 09:59:33,651 [WARN] ModelIntegratedComponent:63 - No mode defined for component null
2025-07-25 09:59:33,651 [WARN] ModelIntegratedComponent:63 - No mode defined for component null
2025-07-25 09:59:33,651 [WARN] ModelIntegratedComponent:63 - No mode defined for component null
2025-07-25 09:59:33,651 [WARN] ModelIntegratedComponent:63 - No mode defined for component null
2025-07-25 09:59:33,653 [WARN] ModelIntegratedComponent:63 - No mode defined for component null
2025-07-25 09:59:33,653 [WARN] ModelIntegratedComponent:63 - No mode defined for component null
2025-07-25 09:59:33,653 [WARN] ModelIntegratedComponent:63 - No mode defined for component null
2025-07-25 09:59:33,653 [WARN] ModelIntegratedComponent:63 - No mode defined for component null
2025-07-25 09:59:33,653 [WARN] ModelIntegratedComponent:63 - No mode defined for component null
2025-07-25 09:59:33,654 [WARN] ModelIntegratedComponent:63 - No mode defined for component null
2025-07-25 09:59:33,654 [WARN] ModelIntegratedComponent:63 - No mode defined for component null
2025-07-25 09:59:33,654 [WARN] ModelIntegratedComponent:63 - No mode defined for component null
2025-07-25 09:59:33,654 [WARN] ModelIntegratedComponent:63 - No mode defined for component null
2025-07-25 09:59:33,654 [WARN] ModelIntegratedComponent:63 - No mode defined for component null
2025-07-25 09:59:33,654 [WARN] ModelIntegratedComponent:63 - No mode defined for component null
2025-07-25 09:59:33,654 [WARN] ModelIntegratedComponent:63 - No mode defined for component null
2025-07-25 09:59:33,654 [WARN] ModelIntegratedComponent:63 - No mode defined for component null
2025-07-25 09:59:33,654 [WARN] ModelIntegratedComponent:63 - No mode defined for component null
2025-07-25 09:59:33,655 [WARN] ModelIntegratedComponent:63 - No mode defined for component null
2025-07-25 09:59:33,655 [WARN] ModelIntegratedComponent:63 - No mode defined for component null
2025-07-25 09:59:33,655 [WARN] ModelPack:524 - Component already loaded: STMicroelectronics:HAL Drivers:0.0.0:STMicroelectronics:Device:STMicro_Driver:XSPI:HAL::0.0.1:HAL_XSPI
2025-07-25 09:59:33,921 [INFO] ThirdPartyModel:298 - Start build external matchings
2025-07-25 09:59:35,371 [INFO] ThirdPartyModel:316 - End build external matchings
2025-07-25 09:59:35,429 [INFO] ImportTextPane:218 - (OptionalMessage_ERROR) IP (RCC) : Parameter (ADCFreqValue) has invalid value (32000000)
2025-07-25 09:59:35,430 [INFO] ImportTextPane:218 - (OptionalMessage_ERROR) IP (RCC) : Invalid parameter (FamilyName)
2025-07-25 09:59:35,430 [INFO] ImportTextPane:218 - (OptionalMessage_ERROR) IP (RCC) : Parameter (MCOFreq_Value) has invalid value (64000000)
2025-07-25 09:59:35,434 [INFO] ImportTextPane:218 - (OptionalMessage_ERROR) IP (RCC) : Parameter (USBFreq_Value) has invalid value (64000000)
2025-07-25 09:59:35,984 [INFO] ApiDb:581 - Connected to CubeFinder SQLite database (C:\Users\Santiago\.stmcufinder\plugins\mcufinder\mcu\cube-finder-db.db)
2025-07-25 09:59:36,114 [INFO] ApiDb:668 - CubeFinder database Data Model version=2.1
2025-07-25 09:59:36,115 [INFO] ApiDb:669 - CubeFinder database Configuration version=3.0.39
2025-07-25 09:59:36,116 [INFO] ApiDb:670 - CubeFinder database generation date=2025-06-24 (1750757100)
2025-07-25 09:59:36,117 [INFO] ApiDb:671 - CubeFinder database FW Pack versions=[FP-ATR-ASTRA1_V2.0.0, FP-SNS-FLIGHT1_V5.1.0, FP-SNS-MOTENV1_V5.0.0, FP-SNS-MOTENVWB1_V1.4.0, FP-SNS-SMARTAG2_V1.2.0, FP-SNS-STBOX1_V2.0.0, STM32Cube_FW_C0_V1.4.0, STM32Cube_FW_F4_V1.28.2, STM32Cube_FW_F7_V1.17.3, STM32Cube_FW_G0_V1.6.2, STM32Cube_FW_G4_V1.6.1, STM32Cube_FW_H5_V1.5.0, STM32Cube_FW_H7RS_V1.2.0, STM32Cube_FW_H7_V1.12.1, STM32Cube_FW_L0_V1.12.2, STM32Cube_FW_L4_V1.18.1, STM32Cube_FW_L5_V1.5.1, STM32Cube_FW_N6_V1.2.0, STM32Cube_FW_U0_V1.3.0, STM32Cube_FW_U3_V1.2.0, STM32Cube_FW_U5_V1.8.0, STM32Cube_FW_WB0_V1.3.0, STM32Cube_FW_WBA_V1.7.0, STM32Cube_FW_WB_V1.23.0, STM32Cube_FW_WL3_V1.2.0, STM32Cube_FW_WL_V1.3.1, X-CUBE-ALGOBUILD_V1.4.0, X-CUBE-ALS_V1.0.2, X-CUBE-AZRTOS-F4_V1.1.0, X-CUBE-AZRTOS-F7_V1.1.0, X-CUBE-AZRTOS-G0_V1.1.0, X-CUBE-AZRTOS-G4_V2.0.0, X-CUBE-AZRTOS-H7RS_V1.1.0, X-CUBE-AZRTOS-H7_V3.3.0, X-CUBE-AZRTOS-L4_V2.0.0, X-CUBE-AZRTOS-L5_V2.0.0, X-CUBE-AZRTOS-WB_V2.0.0, X-CUBE-AZRTOS-WL_V2.0.0, X-CUBE-BLE1_V7.1.0, X-CUBE-BLE2_V3.3.0, X-CUBE-BLEMGR_V4.0.0, X-CUBE-EEPRMA1_V5.1.0, X-CUBE-FREERTOS_V1.3.1, X-CUBE-GNSS1_V6.0.0, X-CUBE-MEMS1_V11.3.0, X-CUBE-NFC4_V3.0.0, X-CUBE-NFC7_V2.0.0, X-CUBE-SFXS2LP1_V4.0.0, X-CUBE-SUBG2_V5.0.0, X-CUBE-TOF1_V3.4.3]
2025-07-25 09:59:36,275 [INFO] DbBoardsSqlite:226 - include board P-NUCLEO-WB55-NUCLEO as a kit item of type 'Nucleo-64'
2025-07-25 09:59:36,275 [INFO] DbBoardsSqlite:226 - include board P-NUCLEO-WB55-USBDONGLE as a kit item of type 'Nucleo USB Dongle'
2025-07-25 09:59:36,276 [INFO] DbBoardsSqlite:226 - include board STEVAL-IDP005V1 as a kit item of type 'Evaluation Board'
2025-07-25 09:59:36,277 [INFO] DbBoardsSqlite:226 - include board STEVAL-IDP005V2 as a kit item of type 'Evaluation Board'
2025-07-25 09:59:36,772 [INFO] ApiDb:240 - Found 858 in-development CPN: [B-G473E-ZEST1S, B-WB1M-WPAN1, B-WBA5M-WPAN, B-WL5M-SUBG1, NUCLEO-C031C6, NUCLEO-C051C8, NUCLEO-C071RB, NUCLEO-C092RC, NUCLEO-H503RB, NUCLEO-H533RE, NUCLEO-H563ZI, NUCLEO-H7S3L8, NUCLEO-N657X0-Q, NUCLEO-U031R8, NUCLEO-U083RC, NUCLEO-U385RG-Q, NUCLEO-U545RE-Q, NUCLEO-U5A5ZJ-Q, NUCLEO-WB05KZ, NUCLEO-WB07CC, NUCLEO-WB09KE, NUCLEO-WBA52CG, NUCLEO-WBA55CG, NUCLEO-WL33CC1, NUCLEO-WL33CC2, STEVAL-PROTEUS1, STEVAL-SMARTAG2, STEVAL-STWINBX1, STM320518-EVAL, STM32C0116-DK, STM32C011D6Y3TR, STM32C011D6Y6TR, STM32C011F4P3, STM32C011F4P6, STM32C011F4U3, STM32C011F4U6TR, STM32C011F6P3, STM32C011F6P6, STM32C011F6U3, STM32C011F6U6TR, STM32C011J4M3, STM32C011J4M6, STM32C011J6M3, STM32C011J6M6, STM32C0316-DK, STM32C031C4T3, STM32C031C4T6, STM32C031C4U3, STM32C031C4U6, STM32C031C6T3, STM32C031C6T6, STM32C031C6U3, STM32C031C6U6, STM32C031F4P3, STM32C031F4P6, STM32C031F6P3, STM32C031F6P6, STM32C031G4U3, STM32C031G4U6, STM32C031G6U3, STM32C031G6U6, STM32C031K4T3, STM32C031K4T6, STM32C031K4U3, STM32C031K4U6, STM32C031K6T3, STM32C031K6T6, STM32C031K6U3, STM32C031K6U6, STM32C051C6T6, STM32C051C6U6, STM32C051C8T6, STM32C051C8U6, STM32C051D8Y6TR, STM32C051F6P6, STM32C051F8P6, STM32C051G6U6, STM32C051G8U6, STM32C051K6T6, STM32C051K6U6, STM32C051K8T6, STM32C071C8T6, STM32C071C8T6N, STM32C071C8U6, STM32C071C8U6N, STM32C071CBT6, STM32C071CBT6N, STM32C071CBU6, STM32C071CBU6N, STM32C071F8P6, STM32C071F8P6N, STM32C071FBP6, STM32C071FBP6N, STM32C071FBY6TR, STM32C071G8U6, STM32C071G8U6N, STM32C071GBU6, STM32C071GBU6N, STM32C071K8T6, STM32C071K8T6N, STM32C071K8U6, STM32C071K8U6N, STM32C071KBT6, STM32C071KBT6N, STM32C071KBU6, STM32C071KBU6N, STM32C071R8T6, STM32C071R8T6N, STM32C071RBI6N, STM32C071RBT6, STM32C071RBT6N, STM32C091CBT6, STM32C091CBU6, STM32C091CCT6, STM32C091CCU6, STM32C091ECY6TR, STM32C091FBP6, STM32C091FCP6, STM32C091GBU6, STM32C091GCU6, STM32C091KBT6, STM32C091KBU6, STM32C091KCT6, STM32C091KCU6, STM32C091RBT6, STM32C091RCI6, STM32C091RCT6, STM32C092CBT6, STM32C092CBU6, STM32C092CCT6, STM32C092CCU6, STM32C092ECY6TR, STM32C092FBP6, STM32C092FCP6, STM32C092GBU6, STM32C092GCU6, STM32C092KBT6, STM32C092KBU6, STM32C092KCT6, STM32C092KCU6, STM32C092RBT6, STM32C092RCI6, STM32C092RCT6, STM32G071K8TXN, STM32G071K8UXN, STM32G081GBU6N, STM32G081KBT6N, STM32G081KBUXN, STM32G0B1CCT6N, STM32G0B1KCT6, STM32G0B1NEY6TR, STM32G0B1RCT6N, STM32G0C1CCT6, STM32G0C1CCT6N, STM32G0C1CCU6N, STM32G0C1CET6N, STM32G0C1CEU6N, STM32G0C1KCT6, STM32G0C1NEY6TR, STM32G0C1RCI6N, STM32G0C1RCT6N, STM32G0C1REI6N, STM32G0C1RET6N, STM32G0C1VCI6, STM32G0C1VEI6, STM32G411C6T3, STM32G411C6T6, STM32G411C6U3, STM32G411C6U6, STM32G411C8T3, STM32G411C8T6, STM32G411C8U3, STM32G411C8U6, STM32G411CBT3, STM32G411CBT6, STM32G411CBU3, STM32G411CBU6, STM32G411CCT3, STM32G411CCT6, STM32G411CCU3, STM32G411CCU6, STM32G411K6T3, STM32G411K6T6, STM32G411K6U3, STM32G411K6U6, STM32G411K8T3, STM32G411K8T6, STM32G411K8U3, STM32G411K8U6, STM32G411KBT3, STM32G411KBT6, STM32G411KBU3, STM32G411KBU6, STM32G411M6T3, STM32G411M6T6, STM32G411M8T3, STM32G411M8T6, STM32G411MBT3, STM32G411MBT6, STM32G411MCT3, STM32G411MCT6, STM32G411R6T3, STM32G411R6T6, STM32G411R8T3, STM32G411R8T6, STM32G411RBT3, STM32G411RBT6, STM32G411RCT3, STM32G411RCT6, STM32G414CBT3, STM32G414CBT6, STM32G414CBU3, STM32G414CBU6, STM32G414CCT3, STM32G414CCT6, STM32G414CCU3, STM32G414CCU6, STM32G414MBT3, STM32G414MBT6, STM32G414MCT3, STM32G414MCT6, STM32G414RBT3, STM32G414RBT6, STM32G414RCT3, STM32G414RCT6, STM32G414VBT3, STM32G414VBT6, STM32G414VCT3, STM32G414VCT6, STM32G431CBT3Z, STM32G431RBT3Z, STM32G471CCT6, STM32G471CCU6, STM32G471CET3, STM32G471CET6, STM32G471CEU3, STM32G471CEU6, STM32G471MCT6, STM32G471MET3, STM32G471MET6, STM32G471MEY6TR, STM32G471QCT6, STM32G471QET3, STM32G471RCT6, STM32G471RET3, STM32G471RET6, STM32G471VCH6, STM32G471VCI6, STM32G471VCT6, STM32G471VEH3, STM32G471VEH6, STM32G471VEI3, STM32G471VEI6, STM32G471VET3, STM32G471VET6, STM32G473QET3Z, STM32G473RET3Z, STM32G474CCT6, STM32G491RET3Z, STM32H503CBT6, STM32H503CBU6, STM32H503EBY6TR, STM32H503KBU6, STM32H503RBT6, STM32H523CCT6, STM32H523CCU6, STM32H523CET6, STM32H523CEU6, STM32H523HEY6TR, STM32H523RCT6, STM32H523RET6, STM32H523VCI6, STM32H523VCT6, STM32H523VEI6, STM32H523VET6, STM32H523ZCJ6, STM32H523ZCT6, STM32H523ZEJ6, STM32H523ZET6, STM32H533CET6, STM32H533CEU6, STM32H533HEY6TR, STM32H533RET6, STM32H533VEI6, STM32H533VET6, STM32H533ZEJ6, STM32H533ZET6, STM32H562AGI6, STM32H562AII6, STM32H562IGK6, STM32H562IGT6, STM32H562IIK6, STM32H562IIT6, STM32H562RGT6, STM32H562RGV6, STM32H562RIT6, STM32H562RIV6, STM32H562VGT6, STM32H562VIT6, STM32H562ZGT6, STM32H562ZIT6, STM32H563AGI6, STM32H563AII3Q, STM32H563AII6, STM32H563IGK6, STM32H563IGT6, STM32H563IIK3Q, STM32H563IIK6, STM32H563IIT3Q, STM32H563IIT6, STM32H563MIY3QTR, STM32H563RGT6, STM32H563RGV6, STM32H563RIT6, STM32H563RIV6, STM32H563VGT6, STM32H563VIT3Q, STM32H563VIT6, STM32H563ZGT6, STM32H563ZIT3Q, STM32H563ZIT6, STM32H573AII3Q, STM32H573AII6, STM32H573I-DK, STM32H573IIK3Q, STM32H573IIK6, STM32H573IIT3Q, STM32H573IIT6, STM32H573MIY3QTR, STM32H573RIT6, STM32H573RIV6, STM32H573VIT3Q, STM32H573VIT6, STM32H573ZIT3Q, STM32H573ZIT6, STM32H7R3A8I6, STM32H7R3I8K6, STM32H7R3I8T6, STM32H7R3L8H6, STM32H7R3L8H6H, STM32H7R3R8V6, STM32H7R3V8H6, STM32H7R3V8T6, STM32H7R3V8Y6TR, STM32H7R3Z8J6, STM32H7R3Z8T6, STM32H7R7A8I6, STM32H7R7I8K6, STM32H7R7I8T6, STM32H7R7L8H6, STM32H7R7L8H6H, STM32H7R7Z8J6, STM32H7S3A8I6, STM32H7S3I8K6, STM32H7S3I8T6, STM32H7S3L8H6, STM32H7S3L8H6H, STM32H7S3R8V6, STM32H7S3V8H6, STM32H7S3V8T6, STM32H7S3V8Y6TR, STM32H7S3Z8J6, STM32H7S3Z8T6, STM32H7S78-DK, STM32H7S7A8I6, STM32H7S7I8K6, STM32H7S7I8T6, STM32H7S7L8H6, STM32H7S7L8H6H, STM32H7S7Z8J6, STM32L4R5QGI6STR, STM32MP131AAE3, STM32MP131AAF3, STM32MP131AAG3, STM32MP131CAE3, STM32MP131CAF3, STM32MP131CAG3, STM32MP131DAE7, STM32MP131DAF7, STM32MP131DAG7, STM32MP131FAE7, STM32MP131FAF7, STM32MP131FAG7, STM32MP133AAE3, STM32MP133AAF3, STM32MP133AAG3, STM32MP133CAE3, STM32MP133CAF3, STM32MP133CAG3, STM32MP133DAE7, STM32MP133DAF7, STM32MP133DAG7, STM32MP133FAE7, STM32MP133FAF7, STM32MP133FAG7, STM32MP135AAE3, STM32MP135AAF3, STM32MP135AAG3, STM32MP135CAE3, STM32MP135CAF3, STM32MP135CAG3, STM32MP135DAE7, STM32MP135DAF7, STM32MP135DAG7, STM32MP135F-DK, STM32MP135FAE7, STM32MP135FAF7, STM32MP135FAF7T, STM32MP135FAF7U, STM32MP135FAG7, STM32MP231AAJ3, STM32MP231AAK3, STM32MP231AAL3, STM32MP231CAJ3, STM32MP231CAK3, STM32MP231CAL3, STM32MP231DAJ3, STM32MP231DAK3, STM32MP231DAL3, STM32MP231FAJ3, STM32MP231FAK3, STM32MP231FAL3, STM32MP233AAJ3, STM32MP233AAK3, STM32MP233AAL3, STM32MP233CAJ3, STM32MP233CAK3, STM32MP233CAL3, STM32MP233DAJ3, STM32MP233DAK3, STM32MP233DAL3, STM32MP233FAJ3, STM32MP233FAK3, STM32MP233FAL3, STM32MP235AAJ3, STM32MP235AAK3, STM32MP235AAL3, STM32MP235CAJ3, STM32MP235CAK3, STM32MP235CAL3, STM32MP235DAJ3, STM32MP235DAK3, STM32MP235DAL3, STM32MP235FAJ3, STM32MP235FAK3, STM32MP235FAL3, STM32MP251AAI3, STM32MP251AAJ3, STM32MP251AAK3, STM32MP251AAL3, STM32MP251CAI3, STM32MP251CAJ3, STM32MP251CAK3, STM32MP251CAL3, STM32MP251DAI3, STM32MP251DAJ3, STM32MP251DAK3, STM32MP251DAL3, STM32MP251FAI3, STM32MP251FAJ3, STM32MP251FAK3, STM32MP251FAL3, STM32MP253AAI3, STM32MP253AAJ3, STM32MP253AAK3, STM32MP253AAL3, STM32MP253CAI3, STM32MP253CAJ3, STM32MP253CAK3, STM32MP253CAL3, STM32MP253DAI3, STM32MP253DAJ3, STM32MP253DAK3, STM32MP253DAL3, STM32MP253FAI3, STM32MP253FAJ3, STM32MP253FAK3, STM32MP253FAL3, STM32MP255AAI3, STM32MP255AAJ3, STM32MP255AAK3, STM32MP255AAL3, STM32MP255CAI3, STM32MP255CAJ3, STM32MP255CAK3, STM32MP255CAL3, STM32MP255DAI3, STM32MP255DAJ3, STM32MP255DAK3, STM32MP255DAL3, STM32MP255FAI3, STM32MP255FAJ3, STM32MP255FAK3, STM32MP255FAL3, STM32MP257AAI3, STM32MP257AAJ3, STM32MP257AAK3, STM32MP257AAL3, STM32MP257CAI3, STM32MP257CAJ3, STM32MP257CAK3, STM32MP257CAL3, STM32MP257DAI3, STM32MP257DAJ3, STM32MP257DAK3, STM32MP257DAL3, STM32MP257F-DK, STM32MP257F-EV1, STM32MP257FAI3, STM32MP257FAJ3, STM32MP257FAK3, STM32MP257FAL3, STM32N645A0H3Q, STM32N645B0H3Q, STM32N645I0H3Q, STM32N645L0H3Q, STM32N645X0H3Q, STM32N645Z0H3Q, STM32N647A0H3Q, STM32N647B0H3Q, STM32N647I0H3Q, STM32N647L0H3Q, STM32N647X0H3Q, STM32N647Z0H3Q, STM32N655A0H3Q, STM32N655B0H3Q, STM32N655I0H3Q, STM32N655L0H3Q, STM32N655X0H3Q, STM32N655Z0H3Q, STM32N6570-DK, STM32N657A0H3Q, STM32N657B0H3Q, STM32N657I0H3Q, STM32N657L0H3Q, STM32N657X0H3Q, STM32N657Z0H3Q, STM32U031C6T6, STM32U031C6U6, STM32U031C8T6, STM32U031C8U6, STM32U031F4P6, STM32U031F6P6, STM32U031F8P6, STM32U031G6Y6TR, STM32U031G8Y6TR, STM32U031K4U6, STM32U031K6U6, STM32U031K8U6, STM32U031R6I6, STM32U031R6T6, STM32U031R8I6, STM32U031R8T6, STM32U073C8T6, STM32U073C8U6, STM32U073CBT6, STM32U073CBU6, STM32U073CCT6, STM32U073CCU6, STM32U073H8Y6TR, STM32U073HBY6TR, STM32U073HCY6TR, STM32U073K8U6, STM32U073KBU6, STM32U073KCU6, STM32U073M8I6, STM32U073M8T6, STM32U073MBI6, STM32U073MBT6, STM32U073MCI6, STM32U073MCT6, STM32U073R8I6, STM32U073R8T6, STM32U073RBI6, STM32U073RBT6, STM32U073RCI6, STM32U073RCT6, STM32U083C-DK, STM32U083CCT6, STM32U083CCU6, STM32U083HCY6TR, STM32U083KCU6, STM32U083MCI6, STM32U083MCT6, STM32U083RCI6, STM32U083RCT6, STM32U375CET6, STM32U375CET6Q, STM32U375CEU6, STM32U375CEU6Q, STM32U375CEY6QTR, STM32U375CGT6, STM32U375CGT6Q, STM32U375CGU6, STM32U375CGU6Q, STM32U375CGY6QTR, STM32U375KEU6, STM32U375KGU6, STM32U375REI6, STM32U375REI6Q, STM32U375RET6, STM32U375RET6Q, STM32U375REY6GTR, STM32U375REY6QTR, STM32U375RGI6, STM32U375RGI6Q, STM32U375RGT6, STM32U375RGT6Q, STM32U375RGY6GTR, STM32U375RGY6QTR, STM32U375VEI6, STM32U375VEI6Q, STM32U375VET6, STM32U375VET6Q, STM32U375VGI6, STM32U375VGI6Q, STM32U375VGT6, STM32U375VGT6Q, STM32U385CGT6, STM32U385CGT6Q, STM32U385CGU6, STM32U385CGU6Q, STM32U385CGY6QTR, STM32U385KGU6, STM32U385RGI6, STM32U385RGI6Q, STM32U385RGT6, STM32U385RGT6Q, STM32U385RGY6GTR, STM32U385RGY6QTR, STM32U385VGI6, STM32U385VGI6Q, STM32U385VGT6, STM32U385VGT6Q, STM32U535CBT6, STM32U535CBT6Q, STM32U535CBU6, STM32U535CBU6Q, STM32U535CCT6, STM32U535CCT6Q, STM32U535CCU6, STM32U535CCU6Q, STM32U535CET6, STM32U535CET6Q, STM32U535CEU6, STM32U535CEU6Q, STM32U535JEY6QTR, STM32U535NCY6QTR, STM32U535NEY6QTR, STM32U535RBI6, STM32U535RBI6Q, STM32U535RBT6, STM32U535RBT6Q, STM32U535RCI6, STM32U535RCI6Q, STM32U535RCT6, STM32U535RCT6Q, STM32U535REI6, STM32U535REI6Q, STM32U535RET6, STM32U535RET6Q, STM32U535VCI6, STM32U535VCI6Q, STM32U535VCT6, STM32U535VCT6Q, STM32U535VEI6, STM32U535VEI6Q, STM32U535VET6, STM32U535VET6Q, STM32U545CET6, STM32U545CET6Q, STM32U545CEU6, STM32U545CEU6Q, STM32U545JEY6QTR, STM32U545NEY6QTR, STM32U545REI6, STM32U545REI6Q, STM32U545RET6, STM32U545RET6Q, STM32U545VEI6, STM32U545VEI6Q, STM32U545VET6, STM32U545VET6Q, STM32U595AIH6, STM32U595AIH6Q, STM32U595AJH6, STM32U595AJH6Q, STM32U595QII6, STM32U595QII6Q, STM32U595QJI6, STM32U595QJI6Q, STM32U595RIT6, STM32U595RIT6Q, STM32U595RJT6, STM32U595RJT6Q, STM32U595VIT6, STM32U595VIT6Q, STM32U595VJT6, STM32U595VJT6Q, STM32U595ZIT6, STM32U595ZIT6Q, STM32U595ZIY6QTR, STM32U595ZJT6, STM32U595ZJT6Q, STM32U595ZJY6QTR, STM32U599BJY6QTR, STM32U599NIH6Q, STM32U599NJH6Q, STM32U599VIT6Q, STM32U599VJT6, STM32U599VJT6Q, STM32U599ZIT6Q, STM32U599ZIY6QTR, STM32U599ZJT6Q, STM32U599ZJY6QTR, STM32U5A5AJH6, STM32U5A5AJH6Q, STM32U5A5QII3Q , STM32U5A5QJI6, STM32U5A5QJI6Q, STM32U5A5RJT6, STM32U5A5RJT6Q, STM32U5A5VJT6, STM32U5A5VJT6Q, STM32U5A5ZJT6, STM32U5A5ZJT6Q, STM32U5A5ZJY6QTR, STM32U5A9BJY6QTR, STM32U5A9J-DK, STM32U5A9NJH6Q, STM32U5A9VJT6Q, STM32U5A9ZJT6Q, STM32U5A9ZJY6QTR, STM32U5F7VIT6, STM32U5F7VIT6Q, STM32U5F7VJT6, STM32U5F7VJT6Q, STM32U5F9BJY6QTR, STM32U5F9NJH6Q, STM32U5F9VIT6Q, STM32U5F9VJT6Q, STM32U5F9ZIJ6QTR, STM32U5F9ZIT6Q, STM32U5F9ZJJ6QTR, STM32U5F9ZJT6Q, STM32U5G7VJT6, STM32U5G7VJT6Q, STM32U5G9BJY6QTR, STM32U5G9J-DK1, STM32U5G9J-DK2, STM32U5G9NJH6Q, STM32U5G9VJT6Q, STM32U5G9ZJJ6QTR, STM32U5G9ZJT6Q, STM32WB05KZV6TR, STM32WB05KZV7TR, STM32WB05TZF6TR, STM32WB05TZF7TR, STM32WB06CCF6TR, STM32WB06CCF7TR, STM32WB06CCV6TR, STM32WB06CCV7TR, STM32WB06KCV6TR, STM32WB06KCV7TR, STM32WB07CCF6TR, STM32WB07CCF7TR, STM32WB07CCV6TR, STM32WB07CCV7TR, STM32WB07KCV6TR, STM32WB07KCV7TR, STM32WB09KEV6TR, STM32WB09KEV7TR, STM32WB09TEF6TR, STM32WB09TEF7TR, STM32WB1MMCH6, STM32WBA50KGU6, STM32WBA50KGU6TR, STM32WBA52CEU6, STM32WBA52CEU6TR, STM32WBA52CEU7, STM32WBA52CEU7TR, STM32WBA52CGU6, STM32WBA52CGU6TR, STM32WBA52CGU6U, STM32WBA52CGU7, STM32WBA52CGU7TR, STM32WBA52KEU6, STM32WBA52KEU6TR, STM32WBA52KGU6, STM32WBA52KGU6TR, STM32WBA54CEU6, STM32WBA54CEU6TR, STM32WBA54CEU7, STM32WBA54CEU7TR, STM32WBA54CGU6, STM32WBA54CGU6TR, STM32WBA54CGU7, STM32WBA54CGU7TR, STM32WBA54KEU6, STM32WBA54KEU6TR, STM32WBA54KEU7, STM32WBA54KEU7TR, STM32WBA54KGU6, STM32WBA54KGU6TR, STM32WBA54KGU7, STM32WBA54KGU7TR, STM32WBA55CEU6, STM32WBA55CEU6TR, STM32WBA55CEU7, STM32WBA55CEU7TR, STM32WBA55CGU6, STM32WBA55CGU6TR, STM32WBA55CGU6U, STM32WBA55CGU7, STM32WBA55CGU7TR, STM32WBA55G-DK1, STM32WBA55HEF6, STM32WBA55HEF7, STM32WBA55HGF6, STM32WBA55HGF7, STM32WBA55UEI6, STM32WBA55UEI6TR, STM32WBA55UEI7, STM32WBA55UEI7TR, STM32WBA55UGI6, STM32WBA55UGI6TR, STM32WBA55UGI7, STM32WBA55UGI7TR, STM32WBA5MJGH6TR, STM32WBA5MJGH6U, STM32WL33C8V6, STM32WL33C8V6TR, STM32WL33C8V7, STM32WL33C8V7TR, STM32WL33CBV6, STM32WL33CBV6TR, STM32WL33CBV7, STM32WL33CBV7TR, STM32WL33CCV6, STM32WL33CCV6TR, STM32WL33CCV7, STM32WL33CCV7A, STM32WL33CCV7ATR, STM32WL33CCV7TR, STM32WL33K8V6, STM32WL33K8V6TR, STM32WL33K8V7, STM32WL33K8V7TR, STM32WL33KBV6, STM32WL33KBV6TR, STM32WL33KBV7, STM32WL33KBV7TR, STM32WL33KCV6, STM32WL33KCV6TR, STM32WL33KCV7, STM32WL33KCV7TR, STM32WL5MOCH6, STM32WL5MOCH6TR]
2025-07-25 09:59:36,778 [INFO] ApiDb:668 - CubeFinder database Data Model version=2.1
2025-07-25 09:59:36,778 [INFO] ApiDb:669 - CubeFinder database Configuration version=3.0.39
2025-07-25 09:59:36,778 [INFO] ApiDb:670 - CubeFinder database generation date=2025-06-24 (1750757100)
2025-07-25 09:59:36,778 [INFO] ApiDb:671 - CubeFinder database FW Pack versions=[FP-ATR-ASTRA1_V2.0.0, FP-SNS-FLIGHT1_V5.1.0, FP-SNS-MOTENV1_V5.0.0, FP-SNS-MOTENVWB1_V1.4.0, FP-SNS-SMARTAG2_V1.2.0, FP-SNS-STBOX1_V2.0.0, STM32Cube_FW_C0_V1.4.0, STM32Cube_FW_F4_V1.28.2, STM32Cube_FW_F7_V1.17.3, STM32Cube_FW_G0_V1.6.2, STM32Cube_FW_G4_V1.6.1, STM32Cube_FW_H5_V1.5.0, STM32Cube_FW_H7RS_V1.2.0, STM32Cube_FW_H7_V1.12.1, STM32Cube_FW_L0_V1.12.2, STM32Cube_FW_L4_V1.18.1, STM32Cube_FW_L5_V1.5.1, STM32Cube_FW_N6_V1.2.0, STM32Cube_FW_U0_V1.3.0, STM32Cube_FW_U3_V1.2.0, STM32Cube_FW_U5_V1.8.0, STM32Cube_FW_WB0_V1.3.0, STM32Cube_FW_WBA_V1.7.0, STM32Cube_FW_WB_V1.23.0, STM32Cube_FW_WL3_V1.2.0, STM32Cube_FW_WL_V1.3.1, X-CUBE-ALGOBUILD_V1.4.0, X-CUBE-ALS_V1.0.2, X-CUBE-AZRTOS-F4_V1.1.0, X-CUBE-AZRTOS-F7_V1.1.0, X-CUBE-AZRTOS-G0_V1.1.0, X-CUBE-AZRTOS-G4_V2.0.0, X-CUBE-AZRTOS-H7RS_V1.1.0, X-CUBE-AZRTOS-H7_V3.3.0, X-CUBE-AZRTOS-L4_V2.0.0, X-CUBE-AZRTOS-L5_V2.0.0, X-CUBE-AZRTOS-WB_V2.0.0, X-CUBE-AZRTOS-WL_V2.0.0, X-CUBE-BLE1_V7.1.0, X-CUBE-BLE2_V3.3.0, X-CUBE-BLEMGR_V4.0.0, X-CUBE-EEPRMA1_V5.1.0, X-CUBE-FREERTOS_V1.3.1, X-CUBE-GNSS1_V6.0.0, X-CUBE-MEMS1_V11.3.0, X-CUBE-NFC4_V3.0.0, X-CUBE-NFC7_V2.0.0, X-CUBE-SFXS2LP1_V4.0.0, X-CUBE-SUBG2_V5.0.0, X-CUBE-TOF1_V3.4.3]
2025-07-25 09:59:39,987 [INFO] ApiDb:240 - Found 858 in-development CPN: [B-G473E-ZEST1S, B-WB1M-WPAN1, B-WBA5M-WPAN, B-WL5M-SUBG1, NUCLEO-C031C6, NUCLEO-C051C8, NUCLEO-C071RB, NUCLEO-C092RC, NUCLEO-H503RB, NUCLEO-H533RE, NUCLEO-H563ZI, NUCLEO-H7S3L8, NUCLEO-N657X0-Q, NUCLEO-U031R8, NUCLEO-U083RC, NUCLEO-U385RG-Q, NUCLEO-U545RE-Q, NUCLEO-U5A5ZJ-Q, NUCLEO-WB05KZ, NUCLEO-WB07CC, NUCLEO-WB09KE, NUCLEO-WBA52CG, NUCLEO-WBA55CG, NUCLEO-WL33CC1, NUCLEO-WL33CC2, STEVAL-PROTEUS1, STEVAL-SMARTAG2, STEVAL-STWINBX1, STM320518-EVAL, STM32C0116-DK, STM32C011D6Y3TR, STM32C011D6Y6TR, STM32C011F4P3, STM32C011F4P6, STM32C011F4U3, STM32C011F4U6TR, STM32C011F6P3, STM32C011F6P6, STM32C011F6U3, STM32C011F6U6TR, STM32C011J4M3, STM32C011J4M6, STM32C011J6M3, STM32C011J6M6, STM32C0316-DK, STM32C031C4T3, STM32C031C4T6, STM32C031C4U3, STM32C031C4U6, STM32C031C6T3, STM32C031C6T6, STM32C031C6U3, STM32C031C6U6, STM32C031F4P3, STM32C031F4P6, STM32C031F6P3, STM32C031F6P6, STM32C031G4U3, STM32C031G4U6, STM32C031G6U3, STM32C031G6U6, STM32C031K4T3, STM32C031K4T6, STM32C031K4U3, STM32C031K4U6, STM32C031K6T3, STM32C031K6T6, STM32C031K6U3, STM32C031K6U6, STM32C051C6T6, STM32C051C6U6, STM32C051C8T6, STM32C051C8U6, STM32C051D8Y6TR, STM32C051F6P6, STM32C051F8P6, STM32C051G6U6, STM32C051G8U6, STM32C051K6T6, STM32C051K6U6, STM32C051K8T6, STM32C071C8T6, STM32C071C8T6N, STM32C071C8U6, STM32C071C8U6N, STM32C071CBT6, STM32C071CBT6N, STM32C071CBU6, STM32C071CBU6N, STM32C071F8P6, STM32C071F8P6N, STM32C071FBP6, STM32C071FBP6N, STM32C071FBY6TR, STM32C071G8U6, STM32C071G8U6N, STM32C071GBU6, STM32C071GBU6N, STM32C071K8T6, STM32C071K8T6N, STM32C071K8U6, STM32C071K8U6N, STM32C071KBT6, STM32C071KBT6N, STM32C071KBU6, STM32C071KBU6N, STM32C071R8T6, STM32C071R8T6N, STM32C071RBI6N, STM32C071RBT6, STM32C071RBT6N, STM32C091CBT6, STM32C091CBU6, STM32C091CCT6, STM32C091CCU6, STM32C091ECY6TR, STM32C091FBP6, STM32C091FCP6, STM32C091GBU6, STM32C091GCU6, STM32C091KBT6, STM32C091KBU6, STM32C091KCT6, STM32C091KCU6, STM32C091RBT6, STM32C091RCI6, STM32C091RCT6, STM32C092CBT6, STM32C092CBU6, STM32C092CCT6, STM32C092CCU6, STM32C092ECY6TR, STM32C092FBP6, STM32C092FCP6, STM32C092GBU6, STM32C092GCU6, STM32C092KBT6, STM32C092KBU6, STM32C092KCT6, STM32C092KCU6, STM32C092RBT6, STM32C092RCI6, STM32C092RCT6, STM32G071K8TXN, STM32G071K8UXN, STM32G081GBU6N, STM32G081KBT6N, STM32G081KBUXN, STM32G0B1CCT6N, STM32G0B1KCT6, STM32G0B1NEY6TR, STM32G0B1RCT6N, STM32G0C1CCT6, STM32G0C1CCT6N, STM32G0C1CCU6N, STM32G0C1CET6N, STM32G0C1CEU6N, STM32G0C1KCT6, STM32G0C1NEY6TR, STM32G0C1RCI6N, STM32G0C1RCT6N, STM32G0C1REI6N, STM32G0C1RET6N, STM32G0C1VCI6, STM32G0C1VEI6, STM32G411C6T3, STM32G411C6T6, STM32G411C6U3, STM32G411C6U6, STM32G411C8T3, STM32G411C8T6, STM32G411C8U3, STM32G411C8U6, STM32G411CBT3, STM32G411CBT6, STM32G411CBU3, STM32G411CBU6, STM32G411CCT3, STM32G411CCT6, STM32G411CCU3, STM32G411CCU6, STM32G411K6T3, STM32G411K6T6, STM32G411K6U3, STM32G411K6U6, STM32G411K8T3, STM32G411K8T6, STM32G411K8U3, STM32G411K8U6, STM32G411KBT3, STM32G411KBT6, STM32G411KBU3, STM32G411KBU6, STM32G411M6T3, STM32G411M6T6, STM32G411M8T3, STM32G411M8T6, STM32G411MBT3, STM32G411MBT6, STM32G411MCT3, STM32G411MCT6, STM32G411R6T3, STM32G411R6T6, STM32G411R8T3, STM32G411R8T6, STM32G411RBT3, STM32G411RBT6, STM32G411RCT3, STM32G411RCT6, STM32G414CBT3, STM32G414CBT6, STM32G414CBU3, STM32G414CBU6, STM32G414CCT3, STM32G414CCT6, STM32G414CCU3, STM32G414CCU6, STM32G414MBT3, STM32G414MBT6, STM32G414MCT3, STM32G414MCT6, STM32G414RBT3, STM32G414RBT6, STM32G414RCT3, STM32G414RCT6, STM32G414VBT3, STM32G414VBT6, STM32G414VCT3, STM32G414VCT6, STM32G431CBT3Z, STM32G431RBT3Z, STM32G471CCT6, STM32G471CCU6, STM32G471CET3, STM32G471CET6, STM32G471CEU3, STM32G471CEU6, STM32G471MCT6, STM32G471MET3, STM32G471MET6, STM32G471MEY6TR, STM32G471QCT6, STM32G471QET3, STM32G471RCT6, STM32G471RET3, STM32G471RET6, STM32G471VCH6, STM32G471VCI6, STM32G471VCT6, STM32G471VEH3, STM32G471VEH6, STM32G471VEI3, STM32G471VEI6, STM32G471VET3, STM32G471VET6, STM32G473QET3Z, STM32G473RET3Z, STM32G474CCT6, STM32G491RET3Z, STM32H503CBT6, STM32H503CBU6, STM32H503EBY6TR, STM32H503KBU6, STM32H503RBT6, STM32H523CCT6, STM32H523CCU6, STM32H523CET6, STM32H523CEU6, STM32H523HEY6TR, STM32H523RCT6, STM32H523RET6, STM32H523VCI6, STM32H523VCT6, STM32H523VEI6, STM32H523VET6, STM32H523ZCJ6, STM32H523ZCT6, STM32H523ZEJ6, STM32H523ZET6, STM32H533CET6, STM32H533CEU6, STM32H533HEY6TR, STM32H533RET6, STM32H533VEI6, STM32H533VET6, STM32H533ZEJ6, STM32H533ZET6, STM32H562AGI6, STM32H562AII6, STM32H562IGK6, STM32H562IGT6, STM32H562IIK6, STM32H562IIT6, STM32H562RGT6, STM32H562RGV6, STM32H562RIT6, STM32H562RIV6, STM32H562VGT6, STM32H562VIT6, STM32H562ZGT6, STM32H562ZIT6, STM32H563AGI6, STM32H563AII3Q, STM32H563AII6, STM32H563IGK6, STM32H563IGT6, STM32H563IIK3Q, STM32H563IIK6, STM32H563IIT3Q, STM32H563IIT6, STM32H563MIY3QTR, STM32H563RGT6, STM32H563RGV6, STM32H563RIT6, STM32H563RIV6, STM32H563VGT6, STM32H563VIT3Q, STM32H563VIT6, STM32H563ZGT6, STM32H563ZIT3Q, STM32H563ZIT6, STM32H573AII3Q, STM32H573AII6, STM32H573I-DK, STM32H573IIK3Q, STM32H573IIK6, STM32H573IIT3Q, STM32H573IIT6, STM32H573MIY3QTR, STM32H573RIT6, STM32H573RIV6, STM32H573VIT3Q, STM32H573VIT6, STM32H573ZIT3Q, STM32H573ZIT6, STM32H7R3A8I6, STM32H7R3I8K6, STM32H7R3I8T6, STM32H7R3L8H6, STM32H7R3L8H6H, STM32H7R3R8V6, STM32H7R3V8H6, STM32H7R3V8T6, STM32H7R3V8Y6TR, STM32H7R3Z8J6, STM32H7R3Z8T6, STM32H7R7A8I6, STM32H7R7I8K6, STM32H7R7I8T6, STM32H7R7L8H6, STM32H7R7L8H6H, STM32H7R7Z8J6, STM32H7S3A8I6, STM32H7S3I8K6, STM32H7S3I8T6, STM32H7S3L8H6, STM32H7S3L8H6H, STM32H7S3R8V6, STM32H7S3V8H6, STM32H7S3V8T6, STM32H7S3V8Y6TR, STM32H7S3Z8J6, STM32H7S3Z8T6, STM32H7S78-DK, STM32H7S7A8I6, STM32H7S7I8K6, STM32H7S7I8T6, STM32H7S7L8H6, STM32H7S7L8H6H, STM32H7S7Z8J6, STM32L4R5QGI6STR, STM32MP131AAE3, STM32MP131AAF3, STM32MP131AAG3, STM32MP131CAE3, STM32MP131CAF3, STM32MP131CAG3, STM32MP131DAE7, STM32MP131DAF7, STM32MP131DAG7, STM32MP131FAE7, STM32MP131FAF7, STM32MP131FAG7, STM32MP133AAE3, STM32MP133AAF3, STM32MP133AAG3, STM32MP133CAE3, STM32MP133CAF3, STM32MP133CAG3, STM32MP133DAE7, STM32MP133DAF7, STM32MP133DAG7, STM32MP133FAE7, STM32MP133FAF7, STM32MP133FAG7, STM32MP135AAE3, STM32MP135AAF3, STM32MP135AAG3, STM32MP135CAE3, STM32MP135CAF3, STM32MP135CAG3, STM32MP135DAE7, STM32MP135DAF7, STM32MP135DAG7, STM32MP135F-DK, STM32MP135FAE7, STM32MP135FAF7, STM32MP135FAF7T, STM32MP135FAF7U, STM32MP135FAG7, STM32MP231AAJ3, STM32MP231AAK3, STM32MP231AAL3, STM32MP231CAJ3, STM32MP231CAK3, STM32MP231CAL3, STM32MP231DAJ3, STM32MP231DAK3, STM32MP231DAL3, STM32MP231FAJ3, STM32MP231FAK3, STM32MP231FAL3, STM32MP233AAJ3, STM32MP233AAK3, STM32MP233AAL3, STM32MP233CAJ3, STM32MP233CAK3, STM32MP233CAL3, STM32MP233DAJ3, STM32MP233DAK3, STM32MP233DAL3, STM32MP233FAJ3, STM32MP233FAK3, STM32MP233FAL3, STM32MP235AAJ3, STM32MP235AAK3, STM32MP235AAL3, STM32MP235CAJ3, STM32MP235CAK3, STM32MP235CAL3, STM32MP235DAJ3, STM32MP235DAK3, STM32MP235DAL3, STM32MP235FAJ3, STM32MP235FAK3, STM32MP235FAL3, STM32MP251AAI3, STM32MP251AAJ3, STM32MP251AAK3, STM32MP251AAL3, STM32MP251CAI3, STM32MP251CAJ3, STM32MP251CAK3, STM32MP251CAL3, STM32MP251DAI3, STM32MP251DAJ3, STM32MP251DAK3, STM32MP251DAL3, STM32MP251FAI3, STM32MP251FAJ3, STM32MP251FAK3, STM32MP251FAL3, STM32MP253AAI3, STM32MP253AAJ3, STM32MP253AAK3, STM32MP253AAL3, STM32MP253CAI3, STM32MP253CAJ3, STM32MP253CAK3, STM32MP253CAL3, STM32MP253DAI3, STM32MP253DAJ3, STM32MP253DAK3, STM32MP253DAL3, STM32MP253FAI3, STM32MP253FAJ3, STM32MP253FAK3, STM32MP253FAL3, STM32MP255AAI3, STM32MP255AAJ3, STM32MP255AAK3, STM32MP255AAL3, STM32MP255CAI3, STM32MP255CAJ3, STM32MP255CAK3, STM32MP255CAL3, STM32MP255DAI3, STM32MP255DAJ3, STM32MP255DAK3, STM32MP255DAL3, STM32MP255FAI3, STM32MP255FAJ3, STM32MP255FAK3, STM32MP255FAL3, STM32MP257AAI3, STM32MP257AAJ3, STM32MP257AAK3, STM32MP257AAL3, STM32MP257CAI3, STM32MP257CAJ3, STM32MP257CAK3, STM32MP257CAL3, STM32MP257DAI3, STM32MP257DAJ3, STM32MP257DAK3, STM32MP257DAL3, STM32MP257F-DK, STM32MP257F-EV1, STM32MP257FAI3, STM32MP257FAJ3, STM32MP257FAK3, STM32MP257FAL3, STM32N645A0H3Q, STM32N645B0H3Q, STM32N645I0H3Q, STM32N645L0H3Q, STM32N645X0H3Q, STM32N645Z0H3Q, STM32N647A0H3Q, STM32N647B0H3Q, STM32N647I0H3Q, STM32N647L0H3Q, STM32N647X0H3Q, STM32N647Z0H3Q, STM32N655A0H3Q, STM32N655B0H3Q, STM32N655I0H3Q, STM32N655L0H3Q, STM32N655X0H3Q, STM32N655Z0H3Q, STM32N6570-DK, STM32N657A0H3Q, STM32N657B0H3Q, STM32N657I0H3Q, STM32N657L0H3Q, STM32N657X0H3Q, STM32N657Z0H3Q, STM32U031C6T6, STM32U031C6U6, STM32U031C8T6, STM32U031C8U6, STM32U031F4P6, STM32U031F6P6, STM32U031F8P6, STM32U031G6Y6TR, STM32U031G8Y6TR, STM32U031K4U6, STM32U031K6U6, STM32U031K8U6, STM32U031R6I6, STM32U031R6T6, STM32U031R8I6, STM32U031R8T6, STM32U073C8T6, STM32U073C8U6, STM32U073CBT6, STM32U073CBU6, STM32U073CCT6, STM32U073CCU6, STM32U073H8Y6TR, STM32U073HBY6TR, STM32U073HCY6TR, STM32U073K8U6, STM32U073KBU6, STM32U073KCU6, STM32U073M8I6, STM32U073M8T6, STM32U073MBI6, STM32U073MBT6, STM32U073MCI6, STM32U073MCT6, STM32U073R8I6, STM32U073R8T6, STM32U073RBI6, STM32U073RBT6, STM32U073RCI6, STM32U073RCT6, STM32U083C-DK, STM32U083CCT6, STM32U083CCU6, STM32U083HCY6TR, STM32U083KCU6, STM32U083MCI6, STM32U083MCT6, STM32U083RCI6, STM32U083RCT6, STM32U375CET6, STM32U375CET6Q, STM32U375CEU6, STM32U375CEU6Q, STM32U375CEY6QTR, STM32U375CGT6, STM32U375CGT6Q, STM32U375CGU6, STM32U375CGU6Q, STM32U375CGY6QTR, STM32U375KEU6, STM32U375KGU6, STM32U375REI6, STM32U375REI6Q, STM32U375RET6, STM32U375RET6Q, STM32U375REY6GTR, STM32U375REY6QTR, STM32U375RGI6, STM32U375RGI6Q, STM32U375RGT6, STM32U375RGT6Q, STM32U375RGY6GTR, STM32U375RGY6QTR, STM32U375VEI6, STM32U375VEI6Q, STM32U375VET6, STM32U375VET6Q, STM32U375VGI6, STM32U375VGI6Q, STM32U375VGT6, STM32U375VGT6Q, STM32U385CGT6, STM32U385CGT6Q, STM32U385CGU6, STM32U385CGU6Q, STM32U385CGY6QTR, STM32U385KGU6, STM32U385RGI6, STM32U385RGI6Q, STM32U385RGT6, STM32U385RGT6Q, STM32U385RGY6GTR, STM32U385RGY6QTR, STM32U385VGI6, STM32U385VGI6Q, STM32U385VGT6, STM32U385VGT6Q, STM32U535CBT6, STM32U535CBT6Q, STM32U535CBU6, STM32U535CBU6Q, STM32U535CCT6, STM32U535CCT6Q, STM32U535CCU6, STM32U535CCU6Q, STM32U535CET6, STM32U535CET6Q, STM32U535CEU6, STM32U535CEU6Q, STM32U535JEY6QTR, STM32U535NCY6QTR, STM32U535NEY6QTR, STM32U535RBI6, STM32U535RBI6Q, STM32U535RBT6, STM32U535RBT6Q, STM32U535RCI6, STM32U535RCI6Q, STM32U535RCT6, STM32U535RCT6Q, STM32U535REI6, STM32U535REI6Q, STM32U535RET6, STM32U535RET6Q, STM32U535VCI6, STM32U535VCI6Q, STM32U535VCT6, STM32U535VCT6Q, STM32U535VEI6, STM32U535VEI6Q, STM32U535VET6, STM32U535VET6Q, STM32U545CET6, STM32U545CET6Q, STM32U545CEU6, STM32U545CEU6Q, STM32U545JEY6QTR, STM32U545NEY6QTR, STM32U545REI6, STM32U545REI6Q, STM32U545RET6, STM32U545RET6Q, STM32U545VEI6, STM32U545VEI6Q, STM32U545VET6, STM32U545VET6Q, STM32U595AIH6, STM32U595AIH6Q, STM32U595AJH6, STM32U595AJH6Q, STM32U595QII6, STM32U595QII6Q, STM32U595QJI6, STM32U595QJI6Q, STM32U595RIT6, STM32U595RIT6Q, STM32U595RJT6, STM32U595RJT6Q, STM32U595VIT6, STM32U595VIT6Q, STM32U595VJT6, STM32U595VJT6Q, STM32U595ZIT6, STM32U595ZIT6Q, STM32U595ZIY6QTR, STM32U595ZJT6, STM32U595ZJT6Q, STM32U595ZJY6QTR, STM32U599BJY6QTR, STM32U599NIH6Q, STM32U599NJH6Q, STM32U599VIT6Q, STM32U599VJT6, STM32U599VJT6Q, STM32U599ZIT6Q, STM32U599ZIY6QTR, STM32U599ZJT6Q, STM32U599ZJY6QTR, STM32U5A5AJH6, STM32U5A5AJH6Q, STM32U5A5QII3Q , STM32U5A5QJI6, STM32U5A5QJI6Q, STM32U5A5RJT6, STM32U5A5RJT6Q, STM32U5A5VJT6, STM32U5A5VJT6Q, STM32U5A5ZJT6, STM32U5A5ZJT6Q, STM32U5A5ZJY6QTR, STM32U5A9BJY6QTR, STM32U5A9J-DK, STM32U5A9NJH6Q, STM32U5A9VJT6Q, STM32U5A9ZJT6Q, STM32U5A9ZJY6QTR, STM32U5F7VIT6, STM32U5F7VIT6Q, STM32U5F7VJT6, STM32U5F7VJT6Q, STM32U5F9BJY6QTR, STM32U5F9NJH6Q, STM32U5F9VIT6Q, STM32U5F9VJT6Q, STM32U5F9ZIJ6QTR, STM32U5F9ZIT6Q, STM32U5F9ZJJ6QTR, STM32U5F9ZJT6Q, STM32U5G7VJT6, STM32U5G7VJT6Q, STM32U5G9BJY6QTR, STM32U5G9J-DK1, STM32U5G9J-DK2, STM32U5G9NJH6Q, STM32U5G9VJT6Q, STM32U5G9ZJJ6QTR, STM32U5G9ZJT6Q, STM32WB05KZV6TR, STM32WB05KZV7TR, STM32WB05TZF6TR, STM32WB05TZF7TR, STM32WB06CCF6TR, STM32WB06CCF7TR, STM32WB06CCV6TR, STM32WB06CCV7TR, STM32WB06KCV6TR, STM32WB06KCV7TR, STM32WB07CCF6TR, STM32WB07CCF7TR, STM32WB07CCV6TR, STM32WB07CCV7TR, STM32WB07KCV6TR, STM32WB07KCV7TR, STM32WB09KEV6TR, STM32WB09KEV7TR, STM32WB09TEF6TR, STM32WB09TEF7TR, STM32WB1MMCH6, STM32WBA50KGU6, STM32WBA50KGU6TR, STM32WBA52CEU6, STM32WBA52CEU6TR, STM32WBA52CEU7, STM32WBA52CEU7TR, STM32WBA52CGU6, STM32WBA52CGU6TR, STM32WBA52CGU6U, STM32WBA52CGU7, STM32WBA52CGU7TR, STM32WBA52KEU6, STM32WBA52KEU6TR, STM32WBA52KGU6, STM32WBA52KGU6TR, STM32WBA54CEU6, STM32WBA54CEU6TR, STM32WBA54CEU7, STM32WBA54CEU7TR, STM32WBA54CGU6, STM32WBA54CGU6TR, STM32WBA54CGU7, STM32WBA54CGU7TR, STM32WBA54KEU6, STM32WBA54KEU6TR, STM32WBA54KEU7, STM32WBA54KEU7TR, STM32WBA54KGU6, STM32WBA54KGU6TR, STM32WBA54KGU7, STM32WBA54KGU7TR, STM32WBA55CEU6, STM32WBA55CEU6TR, STM32WBA55CEU7, STM32WBA55CEU7TR, STM32WBA55CGU6, STM32WBA55CGU6TR, STM32WBA55CGU6U, STM32WBA55CGU7, STM32WBA55CGU7TR, STM32WBA55G-DK1, STM32WBA55HEF6, STM32WBA55HEF7, STM32WBA55HGF6, STM32WBA55HGF7, STM32WBA55UEI6, STM32WBA55UEI6TR, STM32WBA55UEI7, STM32WBA55UEI7TR, STM32WBA55UGI6, STM32WBA55UGI6TR, STM32WBA55UGI7, STM32WBA55UGI7TR, STM32WBA5MJGH6TR, STM32WBA5MJGH6U, STM32WL33C8V6, STM32WL33C8V6TR, STM32WL33C8V7, STM32WL33C8V7TR, STM32WL33CBV6, STM32WL33CBV6TR, STM32WL33CBV7, STM32WL33CBV7TR, STM32WL33CCV6, STM32WL33CCV6TR, STM32WL33CCV7, STM32WL33CCV7A, STM32WL33CCV7ATR, STM32WL33CCV7TR, STM32WL33K8V6, STM32WL33K8V6TR, STM32WL33K8V7, STM32WL33K8V7TR, STM32WL33KBV6, STM32WL33KBV6TR, STM32WL33KBV7, STM32WL33KBV7TR, STM32WL33KCV6, STM32WL33KCV6TR, STM32WL33KCV7, STM32WL33KCV7TR, STM32WL5MOCH6, STM32WL5MOCH6TR]
2025-07-25 09:59:39,995 [INFO] DbMcus:218 - Found 4736 MCUs, 4736 are supported
2025-07-25 09:59:39,996 [INFO] ApiDb:423 - Load user favorites file C:\Users\Santiago/.stm32cubeide/favorites.mcus.txt: 0 item(s)
2025-07-25 09:59:39,997 [INFO] ApiDb:427 - User favorites MCUs=[]
2025-07-25 09:59:39,997 [INFO] DbMcus:224 - Set 0 / 0 favorites MCUs
2025-07-25 09:59:41,640 [INFO] BoardInfo:889 - No configuration file found for board NUCLEO-WBA65RI
2025-07-25 09:59:41,642 [INFO] DbBoards:161 - Board is not supported: NUCLEO-WBA65RI
2025-07-25 09:59:41,667 [INFO] BoardInfo:889 - No configuration file found for board P-NUCLEO-WB55
2025-07-25 09:59:41,669 [INFO] DbBoards:161 - Kit is not supported: P-NUCLEO-WB55
2025-07-25 09:59:41,680 [INFO] BoardInfo:889 - No configuration file found for board STEVAL-BFA001V1B
2025-07-25 09:59:41,684 [INFO] DbBoards:161 - Kit is not supported: STEVAL-BFA001V1B
2025-07-25 09:59:41,686 [INFO] BoardInfo:889 - No configuration file found for board STEVAL-BFA001V2B
2025-07-25 09:59:41,689 [INFO] DbBoards:161 - Kit is not supported: STEVAL-BFA001V2B
2025-07-25 09:59:42,156 [INFO] BoardInfo:889 - No configuration file found for board STM32WBA65I-DK1
2025-07-25 09:59:42,158 [INFO] DbBoards:161 - Board is not supported: STM32WBA65I-DK1
2025-07-25 09:59:42,159 [INFO] DbBoards:168 - Found 211 boards, 206 are supported
2025-07-25 09:59:42,159 [INFO] DbBoards:169 - Found 211 boards, 42 of them is supported for  Bsp
2025-07-25 09:59:42,163 [INFO] ApiDb:423 - Load user favorites file C:\Users\Santiago/.stm32cubeide/favorites.boards.txt: 0 item(s)
2025-07-25 09:59:42,163 [INFO] ApiDb:427 - User favorites Boards=[]
2025-07-25 09:59:42,164 [INFO] DbBoards:198 - Set 0 / 0 favorites Boards
2025-07-25 09:59:42,242 [INFO] UtilMem:75 - End LoadConfig() Used Memory: 706275656 Bytes (1073741824)
2025-07-25 09:59:42,544 [WARN] ThirdParty:833 - waiting for thirdparty lock release [change project]
2025-07-25 09:59:42,544 [INFO] ThirdParty:835 - entering critical section [change project]
2025-07-25 09:59:42,544 [INFO] ThirdParty:1030 - CMSIS Pack Vendor :STMicroelectronics X-CUBE-PM33A1 1.0.0
2025-07-25 09:59:42,544 [INFO] ThirdParty:1030 - CMSIS Pack Vendor :STMicroelectronics USBPD 4.1
2025-07-25 09:59:42,544 [INFO] ThirdParty:1030 - CMSIS Pack Vendor :STMicroelectronics X-CUBE-AZRTOS-H7 3.3.0
2025-07-25 09:59:42,545 [INFO] ThirdParty:1030 - CMSIS Pack Vendor :STMicroelectronics X-CUBE-NFC9 1.0.0
2025-07-25 09:59:42,545 [INFO] ThirdParty:1030 - CMSIS Pack Vendor :STMicroelectronics USB_HOST 2.0.0
2025-07-25 09:59:42,545 [INFO] ThirdParty:1030 - CMSIS Pack Vendor :STMicroelectronics FP-SNS-MOTENVWB1 1.4.0
2025-07-25 09:59:42,545 [INFO] ThirdParty:1030 - CMSIS Pack Vendor :STMicroelectronics X-CUBE-AZRTOS-F4 1.1.0
2025-07-25 09:59:42,545 [INFO] ThirdParty:1030 - CMSIS Pack Vendor :STMicroelectronics LIBJPEG 8.0.0
2025-07-25 09:59:42,545 [INFO] ThirdParty:1030 - CMSIS Pack Vendor :STMicroelectronics FP-ATR-ASTRA1 2.0.2
2025-07-25 09:59:42,545 [INFO] ThirdParty:1030 - CMSIS Pack Vendor :STMicroelectronics X-CUBE-BLE1 7.1.0
2025-07-25 09:59:42,545 [INFO] ThirdParty:1030 - CMSIS Pack Vendor :Avnet-IotConnect X-CUBE-IoTC-DA16k-PMOD 1.0.0
2025-07-25 09:59:42,545 [INFO] ThirdParty:1030 - CMSIS Pack Vendor :STMicroelectronics X-CUBE-SMBUS 2.1.0
2025-07-25 09:59:42,545 [INFO] ThirdParty:1030 - CMSIS Pack Vendor :STMicroelectronics X-CUBE-WB05N 1.1.0
2025-07-25 09:59:42,545 [INFO] ThirdParty:1030 - CMSIS Pack Vendor :wolfSSL I-CUBE-wolfMQTT 1.19.2
2025-07-25 09:59:42,546 [INFO] ThirdParty:1030 - CMSIS Pack Vendor :STMicroelectronics USB_DEVICE 3.0.0
2025-07-25 09:59:42,546 [INFO] ThirdParty:1030 - CMSIS Pack Vendor :STMicroelectronics X-CUBE-ISPU 2.1.0
2025-07-25 09:59:42,546 [INFO] ThirdParty:1030 - CMSIS Pack Vendor :STMicroelectronics X-CUBE-EEPRMA1 5.2.0
2025-07-25 09:59:42,546 [INFO] ThirdParty:1030 - CMSIS Pack Vendor :STMicroelectronics X-CUBE-BLEMGR 4.1.0
2025-07-25 09:59:42,546 [INFO] ThirdParty:1030 - CMSIS Pack Vendor :STMicroelectronics X-CUBE-AZRTOS-WB 2.0.0
2025-07-25 09:59:42,546 [INFO] ThirdParty:1030 - CMSIS Pack Vendor :STMicroelectronics X-CUBE-ST60 1.0.0
2025-07-25 09:59:42,546 [INFO] ThirdParty:1030 - CMSIS Pack Vendor :STMicroelectronics X-CUBE-GNSS1 7.0.1
2025-07-25 09:59:42,546 [INFO] ThirdParty:1030 - CMSIS Pack Vendor :STMicroelectronics X-CUBE-NFC12 1.0.0
2025-07-25 09:59:42,546 [INFO] ThirdParty:1030 - CMSIS Pack Vendor :STMicroelectronics X-CUBE-AZRTOS-F7 1.1.0
2025-07-25 09:59:42,546 [INFO] ThirdParty:1030 - CMSIS Pack Vendor :STMicroelectronics X-CUBE-AZRTOS-L5 2.0.0
2025-07-25 09:59:42,546 [INFO] ThirdParty:1030 - CMSIS Pack Vendor :STMicroelectronics X-CUBE-TOUCHGFX 4.25.0
2025-07-25 09:59:42,547 [INFO] ThirdParty:1030 - CMSIS Pack Vendor :STMicroelectronics USB_DEVICE 2.0.0
2025-07-25 09:59:42,547 [INFO] ThirdParty:1030 - CMSIS Pack Vendor :STMicroelectronics X-CUBE-NFC6 3.1.0
2025-07-25 09:59:42,547 [INFO] ThirdParty:1030 - CMSIS Pack Vendor :STMicroelectronics X-CUBE-AI 10.1.0
2025-07-25 09:59:42,548 [INFO] ThirdParty:1030 - CMSIS Pack Vendor :STMicroelectronics FP-SNS-STBOX1 2.0.0
2025-07-25 09:59:42,549 [INFO] ThirdParty:1030 - CMSIS Pack Vendor :STMicroelectronics X-CUBE-MEMS1 11.2.0
2025-07-25 09:59:42,549 [INFO] ThirdParty:1030 - CMSIS Pack Vendor :STMicroelectronics FreeRTOS 0.0.1
2025-07-25 09:59:42,549 [INFO] ThirdParty:1030 - CMSIS Pack Vendor :STMicroelectronics X-CUBE-AZRTOS-G0 1.1.0
2025-07-25 09:59:42,549 [INFO] ThirdParty:1030 - CMSIS Pack Vendor :STMicroelectronics X-CUBE-SAFEA1 1.2.2
2025-07-25 09:59:42,550 [INFO] ThirdParty:1030 - CMSIS Pack Vendor :STMicroelectronics X-CUBE-NFC4 3.0.0
2025-07-25 09:59:42,550 [INFO] ThirdParty:1030 - CMSIS Pack Vendor :STMicroelectronics X-CUBE-DPower 1.2.0
2025-07-25 09:59:42,550 [INFO] ThirdParty:1030 - CMSIS Pack Vendor :STMicroelectronics X-CUBE-SUBG2 5.0.0
2025-07-25 09:59:42,550 [INFO] ThirdParty:1030 - CMSIS Pack Vendor :STMicroelectronics X-CUBE-AZRTOS-H7RS 1.1.0
2025-07-25 09:59:42,550 [INFO] ThirdParty:1030 - CMSIS Pack Vendor :STMicroelectronics STM32_WPAN 1.0.0
2025-07-25 09:59:42,550 [INFO] ThirdParty:1030 - CMSIS Pack Vendor :EmbeddedOffice I-CUBE-FS-RTOS 1.0.1
2025-07-25 09:59:42,550 [INFO] ThirdParty:1030 - CMSIS Pack Vendor :STMicroelectronics lwIP 2.0.3
2025-07-25 09:59:42,550 [INFO] ThirdParty:1030 - CMSIS Pack Vendor :Cesanta I-CUBE-Mongoose 7.13.0
2025-07-25 09:59:42,550 [INFO] ThirdParty:1030 - CMSIS Pack Vendor :STMicroelectronics USB_HOST 1.0.0
2025-07-25 09:59:42,550 [INFO] ThirdParty:1030 - CMSIS Pack Vendor :Infineon AIROC-Wi-Fi-Bluetooth-STM32 1.7.0
2025-07-25 09:59:42,551 [INFO] ThirdParty:1030 - CMSIS Pack Vendor :STMicroelectronics X-CUBE-AZRTOS-G4 2.0.0
2025-07-25 09:59:42,551 [INFO] ThirdParty:1030 - CMSIS Pack Vendor :STMicroelectronics X-CUBE-WB05N 2.0.0
2025-07-25 09:59:42,551 [INFO] ThirdParty:1030 - CMSIS Pack Vendor :STMicroelectronics PDM2PCM 3.1.0
2025-07-25 09:59:42,551 [INFO] ThirdParty:1030 - CMSIS Pack Vendor :STMicroelectronics PDM2PCM 3.3.0
2025-07-25 09:59:42,551 [INFO] ThirdParty:1030 - CMSIS Pack Vendor :wolfSSL I-CUBE-wolfTPM 3.8.0
2025-07-25 09:59:42,551 [INFO] ThirdParty:1030 - CMSIS Pack Vendor :STMicroelectronics X-CUBE-AZRTOS-H7 3.4.0
2025-07-25 09:59:42,551 [INFO] ThirdParty:1030 - CMSIS Pack Vendor :STMicroelectronics X-CUBE-DISPLAY 3.0.0
2025-07-25 09:59:42,551 [INFO] ThirdParty:1030 - CMSIS Pack Vendor :wolfSSL I-CUBE-wolfSSH 1.4.20
2025-07-25 09:59:42,551 [INFO] ThirdParty:1030 - CMSIS Pack Vendor :STMicroelectronics X-CUBE-NFC7 2.0.0
2025-07-25 09:59:42,551 [INFO] ThirdParty:1030 - CMSIS Pack Vendor :STMicroelectronics X-CUBE-TCPP 4.2.0
2025-07-25 09:59:42,551 [INFO] ThirdParty:1030 - CMSIS Pack Vendor :RealThread X-CUBE-RT-Thread_Nano 4.1.1
2025-07-25 09:59:42,552 [INFO] ThirdParty:1030 - CMSIS Pack Vendor :STMicroelectronics FP-ATR-SIGFOX1 3.2.0
2025-07-25 09:59:42,552 [INFO] ThirdParty:1030 - CMSIS Pack Vendor :STMicroelectronics X-CUBE-NFC10 1.0.0
2025-07-25 09:59:42,552 [INFO] ThirdParty:1030 - CMSIS Pack Vendor :STMicroelectronics X-CUBE-BLEMGR 4.0.0
2025-07-25 09:59:42,552 [INFO] ThirdParty:1030 - CMSIS Pack Vendor :STMicroelectronics X-CUBE-EEPRMA1 5.1.0
2025-07-25 09:59:42,552 [INFO] ThirdParty:1030 - CMSIS Pack Vendor :STMicroelectronics X-CUBE-FREERTOS 1.3.1
2025-07-25 09:59:42,552 [INFO] ThirdParty:1030 - CMSIS Pack Vendor :STMicroelectronics HAL Drivers 0.0.0
2025-07-25 09:59:42,552 [INFO] ThirdParty:1030 - CMSIS Pack Vendor :STMicroelectronics MBEDTLS 2.16.2
2025-07-25 09:59:42,552 [INFO] ThirdParty:1030 - CMSIS Pack Vendor :STMicroelectronics X-CUBE-IPS 3.1.0
2025-07-25 09:59:42,552 [INFO] ThirdParty:1030 - CMSIS Pack Vendor :STMicroelectronics X-CUBE-ALS 1.0.2
2025-07-25 09:59:42,552 [INFO] ThirdParty:1030 - CMSIS Pack Vendor :emotas I-CUBE-CANOPEN 1.3.0
2025-07-25 09:59:42,552 [INFO] ThirdParty:1030 - CMSIS Pack Vendor :STMicroelectronics X-CUBE-FREERTOS 1.3.0
2025-07-25 09:59:42,552 [INFO] ThirdParty:1030 - CMSIS Pack Vendor :STMicroelectronics X-CUBE-NFC7 1.0.1
2025-07-25 09:59:42,552 [INFO] ThirdParty:1030 - CMSIS Pack Vendor :STMicroelectronics MBEDTLS 2.14.1
2025-07-25 09:59:42,553 [INFO] ThirdParty:1030 - CMSIS Pack Vendor :wolfSSL I-CUBE-wolfSSL 5.7.6
2025-07-25 09:59:42,553 [INFO] ThirdParty:1030 - CMSIS Pack Vendor :ITTIA_DB I-CUBE-ITTIADB 8.9.0
2025-07-25 09:59:42,553 [INFO] ThirdParty:1030 - CMSIS Pack Vendor :portGmbH I-Cube-SoM-uGOAL 1.1.0
2025-07-25 09:59:42,553 [INFO] ThirdParty:1030 - CMSIS Pack Vendor :quantropi X-CUBE-qispace-sdk-base 2.0.0
2025-07-25 09:59:42,553 [INFO] ThirdParty:1030 - CMSIS Pack Vendor :STMicroelectronics X-CUBE-AI 10.0.0
2025-07-25 09:59:42,553 [INFO] ThirdParty:1030 - CMSIS Pack Vendor :STMicroelectronics X-CUBE-ST67W61 1.0.0
2025-07-25 09:59:42,553 [INFO] ThirdParty:1030 - CMSIS Pack Vendor :STMicroelectronics FP-SNS-STAIOTCFT 1.0.0
2025-07-25 09:59:42,553 [INFO] ThirdParty:1030 - CMSIS Pack Vendor :STMicroelectronics ThreadX 1.0.0
2025-07-25 09:59:42,553 [INFO] ThirdParty:1030 - CMSIS Pack Vendor :STMicroelectronics FP-SNS-SMARTAG2 1.2.0
2025-07-25 09:59:42,553 [INFO] ThirdParty:1030 - CMSIS Pack Vendor :STMicroelectronics FP-SNS-FLIGHT1 5.1.0
2025-07-25 09:59:42,553 [INFO] ThirdParty:1030 - CMSIS Pack Vendor :STMicroelectronics X-CUBE-MEMS1 11.1.0
2025-07-25 09:59:42,553 [INFO] ThirdParty:1030 - CMSIS Pack Vendor :STMicroelectronics X-CUBE-AZRTOS-WL 2.0.0
2025-07-25 09:59:42,554 [INFO] ThirdParty:1030 - CMSIS Pack Vendor :SEGGER I-CUBE-embOS 1.3.1
2025-07-25 09:59:42,554 [INFO] ThirdParty:1030 - CMSIS Pack Vendor :STMicroelectronics X-CUBE-ALGOBUILD 1.4.0
2025-07-25 09:59:42,554 [INFO] ThirdParty:1030 - CMSIS Pack Vendor :STMicroelectronics X-CUBE-DPower 1.3.0
2025-07-25 09:59:42,554 [INFO] ThirdParty:1030 - CMSIS Pack Vendor :STMicroelectronics X-CUBE-MEMS1 11.3.0
2025-07-25 09:59:42,554 [INFO] ThirdParty:1030 - CMSIS Pack Vendor :STMicroelectronics FP-SNS-MOTENV1 5.0.0
2025-07-25 09:59:42,554 [INFO] ThirdParty:1030 - CMSIS Pack Vendor :STMicroelectronics USB_DEVICE 1.0.0
2025-07-25 09:59:42,554 [INFO] ThirdParty:1030 - CMSIS Pack Vendor :STMicroelectronics X-CUBE-AZRTOS-L4 2.0.0
2025-07-25 09:59:42,554 [INFO] ThirdParty:1030 - CMSIS Pack Vendor :STMicroelectronics ThreadX 0.0.2
2025-07-25 09:59:42,554 [INFO] ThirdParty:1030 - CMSIS Pack Vendor :WES I-CUBE-Cesium 1.3.0
2025-07-25 09:59:42,554 [INFO] ThirdParty:1030 - CMSIS Pack Vendor :STMicroelectronics lwIP 2.1.2
2025-07-25 09:59:42,554 [INFO] ThirdParty:1030 - CMSIS Pack Vendor :STMicroelectronics X-CUBE-SFXS2LP1 4.0.0
2025-07-25 09:59:42,554 [INFO] ThirdParty:1030 - CMSIS Pack Vendor :STMicroelectronics X-CUBE-BLE2 3.3.0
2025-07-25 09:59:42,555 [INFO] ThirdParty:1030 - CMSIS Pack Vendor :STMicroelectronics X-CUBE-TOF1 3.4.2
2025-07-25 09:59:42,555 [INFO] ThirdParty:1030 - CMSIS Pack Vendor :STMicroelectronics X-CUBE-TOF1 3.4.3
2025-07-25 09:59:42,555 [INFO] ThirdParty:1030 - CMSIS Pack Vendor :STMicroelectronics PDM2PCM 3.2.0
2025-07-25 09:59:42,555 [INFO] ThirdParty:841 - exiting critical section [change project]
2025-07-25 09:59:43,159 [INFO] PinOutPanel:1589 - setPackage(No Configuration,No Configuration)
2025-07-25 09:59:43,165 [INFO] PinOutPanel:1589 - setPackage(STM32F103RBTx,LQFP64)
2025-07-25 09:59:44,202 [INFO] UtilMem:75 - Before build in PCC Used Memory: 678984296 Bytes (1073741824)
2025-07-25 09:59:46,326 [INFO] UtilMem:75 - After build in PCC Used Memory: 738594064 Bytes (1073741824)
2025-07-25 09:59:46,397 [INFO] IPUIPlugin:80 - create IPUIPlugin
2025-07-25 09:59:46,398 [INFO] IPUIPlugin:80 - create IPUIPlugin
2025-07-25 09:59:46,400 [INFO] IPUIPlugin:80 - create IPUIPlugin
2025-07-25 09:59:46,401 [INFO] IPUIPlugin:80 - create IPUIPlugin
2025-07-25 09:59:46,403 [INFO] IPUIPlugin:80 - create IPUIPlugin
2025-07-25 09:59:46,404 [INFO] IPUIPlugin:80 - create IPUIPlugin
2025-07-25 09:59:46,405 [INFO] IPUIPlugin:80 - create IPUIPlugin
2025-07-25 09:59:46,406 [INFO] IPUIPlugin:80 - create IPUIPlugin
2025-07-25 09:59:46,406 [INFO] IPUIPlugin:80 - create IPUIPlugin
2025-07-25 09:59:46,407 [INFO] IPUIPlugin:80 - create IPUIPlugin
2025-07-25 09:59:46,407 [INFO] IPUIPlugin:80 - create IPUIPlugin
2025-07-25 09:59:46,408 [INFO] IPUIPlugin:80 - create IPUIPlugin
2025-07-25 09:59:46,408 [INFO] IPUIPlugin:80 - create IPUIPlugin
2025-07-25 09:59:46,409 [INFO] IPUIPlugin:80 - create IPUIPlugin
2025-07-25 09:59:46,410 [INFO] IPUIPlugin:80 - create IPUIPlugin
2025-07-25 09:59:46,410 [INFO] IPUIPlugin:80 - create IPUIPlugin
2025-07-25 09:59:46,411 [INFO] IPUIPlugin:80 - create IPUIPlugin
2025-07-25 09:59:46,412 [INFO] IPUIPlugin:80 - create IPUIPlugin
2025-07-25 09:59:46,413 [INFO] IPUIPlugin:80 - create IPUIPlugin
2025-07-25 09:59:46,413 [INFO] IPUIPlugin:80 - create IPUIPlugin
2025-07-25 09:59:46,415 [INFO] IPUIPlugin:80 - create IPUIPlugin
2025-07-25 09:59:46,416 [INFO] IPUIPlugin:80 - create IPUIPlugin
2025-07-25 09:59:46,418 [INFO] IPUIPlugin:80 - create IPUIPlugin
2025-07-25 09:59:46,419 [INFO] IPUIPlugin:80 - create IPUIPlugin
2025-07-25 09:59:46,419 [INFO] IPUIPlugin:80 - create IPUIPlugin
2025-07-25 09:59:46,420 [INFO] IPUIPlugin:80 - create IPUIPlugin
2025-07-25 09:59:46,420 [INFO] IPUIPlugin:80 - create IPUIPlugin
2025-07-25 09:59:46,817 [INFO] CADModel:165 - CPN selected for project levelSTM32F103RBT6
2025-07-25 09:59:46,817 [INFO] CADModel:114 - Register for checkConnection events
2025-07-25 09:59:46,901 [INFO] OpenFileManager:363 - Restore cursor
2025-07-25 09:59:58,741 [INFO] Gpio:277 - dependency for GPIO [RCC, SYS, USART2]
2025-07-25 10:00:21,758 [INFO] MainUpdater:2872 - connection check result : 10
2025-07-25 10:00:21,758 [INFO] MainUpdater:2872 - connection check result : 10
2025-07-25 10:00:23,642 [INFO] MicroXplorer:468 - Change Database Path : 
2025-07-25 10:00:23,642 [INFO] MicroXplorer:498 - Change Database Version : DB.6.0.130
2025-07-25 10:00:23,668 [ERROR] ProjectManagerView:394 - 
java.lang.NullPointerException: Cannot invoke "javax.swing.JTextField.getText()" because the return value of "java.util.List.get(int)" is null
	at com.st.microxplorer.plugins.projectmanager.gui.ProjectChoiceTab$9.caretUpdate(ProjectChoiceTab.java:2616) ~[filemanager.jar:?]
	at javax.swing.text.JTextComponent.fireCaretUpdate(JTextComponent.java:408) ~[?:?]
	at javax.swing.text.JTextComponent$MutableCaretEvent.fire(JTextComponent.java:4484) ~[?:?]
	at javax.swing.text.JTextComponent$MutableCaretEvent.stateChanged(JTextComponent.java:4506) ~[?:?]
	at javax.swing.text.DefaultCaret.fireStateChanged(DefaultCaret.java:857) ~[?:?]
	at javax.swing.text.DefaultCaret.changeCaretPosition(DefaultCaret.java:1343) ~[?:?]
	at javax.swing.text.DefaultCaret.handleSetDot(DefaultCaret.java:1242) ~[?:?]
	at javax.swing.text.DefaultCaret.setDot(DefaultCaret.java:1223) ~[?:?]
	at javax.swing.text.DefaultCaret$Handler.insertUpdate(DefaultCaret.java:1819) ~[?:?]
	at javax.swing.text.AbstractDocument.fireInsertUpdate(AbstractDocument.java:227) ~[?:?]
	at javax.swing.text.AbstractDocument.handleInsertString(AbstractDocument.java:781) ~[?:?]
	at javax.swing.text.AbstractDocument.insertString(AbstractDocument.java:740) ~[?:?]
	at javax.swing.text.PlainDocument.insertString(PlainDocument.java:131) ~[?:?]
	at javax.swing.text.AbstractDocument.replace(AbstractDocument.java:699) ~[?:?]
	at javax.swing.text.JTextComponent.setText(JTextComponent.java:1725) ~[?:?]
	at com.st.microxplorer.plugins.projectmanager.gui.ProjectChoiceTab.createHeapStackFields(ProjectChoiceTab.java:975) ~[filemanager.jar:?]
	at com.st.microxplorer.plugins.projectmanager.gui.ProjectChoiceTab.buildLinkSettingsPanel(ProjectChoiceTab.java:3666) ~[filemanager.jar:?]
	at com.st.microxplorer.plugins.projectmanager.gui.ProjectChoiceTab.defineWindowsFields(ProjectChoiceTab.java:1934) ~[filemanager.jar:?]
	at com.st.microxplorer.plugins.projectmanager.gui.ProjectChoiceTab.updateSettings(ProjectChoiceTab.java:553) ~[filemanager.jar:?]
	at com.st.microxplorer.plugins.projectmanager.gui.ProjectSettingsPanel.UpdateDialog(ProjectSettingsPanel.java:245) ~[filemanager.jar:?]
	at com.st.microxplorer.plugins.projectmanager.ProjectManagerView.propertyChange(ProjectManagerView.java:391) ~[filemanager.jar:?]
	at java.beans.PropertyChangeSupport.fire(PropertyChangeSupport.java:343) ~[?:?]
	at java.beans.PropertyChangeSupport.firePropertyChange(PropertyChangeSupport.java:335) ~[?:?]
	at java.beans.PropertyChangeSupport.firePropertyChange(PropertyChangeSupport.java:268) ~[?:?]
	at com.st.microxplorer.util.MXPropertyChangeSupport.firePropertyChange(MXPropertyChangeSupport.java:54) ~[STM32CubeMX.jar:?]
	at com.st.microxplorer.mxsystem.MxSystem.closeConfig(MxSystem.java:899) ~[STM32CubeMX.jar:?]
	at com.st.microxplorer.maingui.MainPanel.closeConfig(MainPanel.java:789) ~[STM32CubeMX.jar:?]
	at com.st.microxplorer.plugins.filemanager.engine.OpenFileManager.loadConfigurationFile(OpenFileManager.java:265) ~[filemanager.jar:?]
	at com.st.microxplorer.plugins.filemanager.engine.MainFileManager.userLoadConfig(MainFileManager.java:340) ~[filemanager.jar:?]
	at com.st.microxplorer.plugins.filemanager.engine.MainFileManager.userLoadConfig(MainFileManager.java:318) ~[filemanager.jar:?]
	at com.st.microxplorer.plugins.filemanager.FileManagerView.getSpecificTask(FileManagerView.java:246) ~[filemanager.jar:?]
	at com.st.stm32cube.common.mx.editor.CubeMxEditor.getMxTabbedPaneInstance(CubeMxEditor.java:1198) ~[com.st.stm32cube.common.mx_6.13.0.202411220809/:?]
	at com.st.stm32cube.common.mx.editor.CubeMxEditor$12$1.createSwingComponent(CubeMxEditor.java:1068) ~[com.st.stm32cube.common.mx_6.13.0.202411220809/:?]
	at com.st.stm32cube.common.mx.oss.core.awtswtbridge.EmbeddedSwingComposite.doComponentCreation(EmbeddedSwingComposite.java:492) ~[com.st.stm32cube.common.mx.oss_6.13.0.202411220809/:?]
	at com.st.stm32cube.common.mx.oss.core.awtswtbridge.EmbeddedSwingComposite$4.run(EmbeddedSwingComposite.java:291) ~[com.st.stm32cube.common.mx.oss_6.13.0.202411220809/:?]
	at com.st.stm32cube.common.mx.oss.core.awtswtbridge.AwtEnvironment$2.run(AwtEnvironment.java:166) ~[com.st.stm32cube.common.mx.oss_6.13.0.202411220809/:?]
	at java.awt.event.InvocationEvent.dispatch(InvocationEvent.java:318) ~[?:?]
	at java.awt.EventQueue.dispatchEventImpl(EventQueue.java:773) ~[?:?]
	at java.awt.EventQueue$4.run(EventQueue.java:720) ~[?:?]
	at java.awt.EventQueue$4.run(EventQueue.java:714) ~[?:?]
	at java.security.AccessController.doPrivileged(AccessController.java:400) ~[?:?]
	at java.security.ProtectionDomain$JavaSecurityAccessImpl.doIntersectionPrivilege(ProtectionDomain.java:87) ~[?:?]
	at java.awt.EventQueue.dispatchEvent(EventQueue.java:742) ~[?:?]
	at java.awt.EventDispatchThread.pumpOneEventForFilters(EventDispatchThread.java:203) ~[?:?]
	at java.awt.EventDispatchThread.pumpEventsForFilter(EventDispatchThread.java:124) ~[?:?]
	at java.awt.EventDispatchThread.pumpEventsForHierarchy(EventDispatchThread.java:113) ~[?:?]
	at java.awt.EventDispatchThread.pumpEvents(EventDispatchThread.java:109) ~[?:?]
	at java.awt.EventDispatchThread.pumpEvents(EventDispatchThread.java:101) ~[?:?]
	at java.awt.EventDispatchThread.run(EventDispatchThread.java:90) ~[?:?]
2025-07-25 10:00:23,685 [WARN] ThirdParty:871 - waiting for thirdparty lock release [close project]
2025-07-25 10:00:23,685 [INFO] ThirdParty:873 - entering critical section [close project]
2025-07-25 10:00:23,685 [INFO] ThirdParty:883 - exiting critical section [close project]
2025-07-25 10:00:23,688 [INFO] PinOutPanel:1589 - setPackage(No Configuration,No Configuration)
2025-07-25 10:00:23,698 [INFO] UtilMem:75 - Begin LoadConfig() Used Memory: 702021632 Bytes (1073741824)
2025-07-25 10:00:23,700 [INFO] MicroXplorer:468 - Change Database Path : 
2025-07-25 10:00:23,700 [INFO] MicroXplorer:498 - Change Database Version : DB.6.0.130
2025-07-25 10:00:23,700 [INFO] OpenFileManager:332 - Change cursor
2025-07-25 10:00:23,711 [INFO] Mcu:2035 - Initializing MCU STM32F103R(8-B)Tx STM32F103RBTx STM32F103RBT6
2025-07-25 10:00:24,807 [INFO] Context:748 - Trying to add GPIOservice into a context  which must be forbidden
2025-07-25 10:00:25,239 [INFO] RtosManager:555 - Registered RTOS mode: class=CMSIS, group=RTOS, mode=CMSIS_V1, owner=FREERTOS
2025-07-25 10:00:25,239 [INFO] RtosManager:555 - Registered RTOS mode: class=CMSIS, group=RTOS2, mode=CMSIS_V2, owner=FREERTOS
2025-07-25 10:00:25,239 [INFO] RtosManager:555 - Registered RTOS mode: class=RTOS, group=Core, mode=CMSIS_V1, owner=FREERTOS
2025-07-25 10:00:25,239 [INFO] RtosManager:555 - Registered RTOS mode: class=RTOS, group=Core, mode=CMSIS_V2, owner=FREERTOS
2025-07-25 10:00:25,239 [WARN] ModelIntegratedComponent:184 - Missing modes for component STMicroelectronics:FreeRTOS:0.0.1:STMicroelectronics:RTOS:FreeRTOS:Core:::10.2.0:
2025-07-25 10:00:25,257 [WARN] ModelIntegratedComponent:63 - No mode defined for component null
2025-07-25 10:00:25,257 [WARN] ModelIntegratedComponent:63 - No mode defined for component null
2025-07-25 10:00:25,257 [WARN] ModelIntegratedComponent:63 - No mode defined for component null
2025-07-25 10:00:25,257 [WARN] ModelIntegratedComponent:63 - No mode defined for component null
2025-07-25 10:00:25,257 [WARN] ModelIntegratedComponent:63 - No mode defined for component null
2025-07-25 10:00:25,257 [WARN] ModelIntegratedComponent:63 - No mode defined for component null
2025-07-25 10:00:25,257 [WARN] ModelIntegratedComponent:63 - No mode defined for component null
2025-07-25 10:00:25,257 [WARN] ModelIntegratedComponent:63 - No mode defined for component null
2025-07-25 10:00:25,258 [WARN] ModelIntegratedComponent:63 - No mode defined for component null
2025-07-25 10:00:25,258 [WARN] ModelIntegratedComponent:63 - No mode defined for component null
2025-07-25 10:00:25,258 [WARN] ModelIntegratedComponent:63 - No mode defined for component null
2025-07-25 10:00:25,258 [WARN] ModelIntegratedComponent:63 - No mode defined for component null
2025-07-25 10:00:25,258 [WARN] ModelIntegratedComponent:63 - No mode defined for component null
2025-07-25 10:00:25,258 [WARN] ModelIntegratedComponent:63 - No mode defined for component null
2025-07-25 10:00:25,258 [WARN] ModelIntegratedComponent:63 - No mode defined for component null
2025-07-25 10:00:25,258 [WARN] ModelIntegratedComponent:63 - No mode defined for component null
2025-07-25 10:00:25,258 [WARN] ModelIntegratedComponent:63 - No mode defined for component null
2025-07-25 10:00:25,258 [WARN] ModelIntegratedComponent:63 - No mode defined for component null
2025-07-25 10:00:25,258 [WARN] ModelIntegratedComponent:63 - No mode defined for component null
2025-07-25 10:00:25,259 [WARN] ModelIntegratedComponent:63 - No mode defined for component null
2025-07-25 10:00:25,259 [WARN] ModelIntegratedComponent:63 - No mode defined for component null
2025-07-25 10:00:25,259 [WARN] ModelIntegratedComponent:63 - No mode defined for component null
2025-07-25 10:00:25,259 [WARN] ModelIntegratedComponent:63 - No mode defined for component null
2025-07-25 10:00:25,259 [WARN] ModelIntegratedComponent:63 - No mode defined for component null
2025-07-25 10:00:25,259 [WARN] ModelIntegratedComponent:63 - No mode defined for component null
2025-07-25 10:00:25,259 [WARN] ModelIntegratedComponent:63 - No mode defined for component null
2025-07-25 10:00:25,259 [WARN] ModelIntegratedComponent:63 - No mode defined for component null
2025-07-25 10:00:25,259 [WARN] ModelIntegratedComponent:63 - No mode defined for component null
2025-07-25 10:00:25,259 [WARN] ModelIntegratedComponent:63 - No mode defined for component null
2025-07-25 10:00:25,260 [WARN] ModelIntegratedComponent:63 - No mode defined for component null
2025-07-25 10:00:25,260 [WARN] ModelIntegratedComponent:63 - No mode defined for component null
2025-07-25 10:00:25,260 [WARN] ModelIntegratedComponent:63 - No mode defined for component null
2025-07-25 10:00:25,260 [WARN] ModelIntegratedComponent:63 - No mode defined for component null
2025-07-25 10:00:25,260 [WARN] ModelIntegratedComponent:63 - No mode defined for component null
2025-07-25 10:00:25,260 [WARN] ModelIntegratedComponent:63 - No mode defined for component null
2025-07-25 10:00:25,260 [WARN] ModelPack:524 - Component already loaded: STMicroelectronics:HAL Drivers:0.0.0:STMicroelectronics:Device:STMicro_Driver:XSPI:HAL::0.0.1:HAL_XSPI
2025-07-25 10:00:25,508 [INFO] ThirdPartyModel:298 - Start build external matchings
2025-07-25 10:00:27,260 [INFO] ThirdPartyModel:316 - End build external matchings
2025-07-25 10:00:27,308 [INFO] ImportTextPane:218 - (OptionalMessage_ERROR) IP (RCC) : Parameter (ADCFreqValue) has invalid value (32000000)
2025-07-25 10:00:27,308 [INFO] ImportTextPane:218 - (OptionalMessage_ERROR) IP (RCC) : Invalid parameter (FamilyName)
2025-07-25 10:00:27,309 [INFO] ImportTextPane:218 - (OptionalMessage_ERROR) IP (RCC) : Parameter (MCOFreq_Value) has invalid value (64000000)
2025-07-25 10:00:27,309 [INFO] ImportTextPane:218 - (OptionalMessage_ERROR) IP (RCC) : Parameter (USBFreq_Value) has invalid value (64000000)
2025-07-25 10:00:27,687 [INFO] UtilMem:75 - End LoadConfig() Used Memory: 882929680 Bytes (1073741824)
2025-07-25 10:00:27,750 [WARN] ThirdParty:833 - waiting for thirdparty lock release [change project]
2025-07-25 10:00:27,751 [INFO] ThirdParty:835 - entering critical section [change project]
2025-07-25 10:00:27,751 [INFO] ThirdParty:1030 - CMSIS Pack Vendor :STMicroelectronics X-CUBE-PM33A1 1.0.0
2025-07-25 10:00:27,751 [INFO] ThirdParty:1030 - CMSIS Pack Vendor :STMicroelectronics USBPD 4.1
2025-07-25 10:00:27,751 [INFO] ThirdParty:1030 - CMSIS Pack Vendor :STMicroelectronics X-CUBE-AZRTOS-H7 3.3.0
2025-07-25 10:00:27,751 [INFO] ThirdParty:1030 - CMSIS Pack Vendor :STMicroelectronics X-CUBE-NFC9 1.0.0
2025-07-25 10:00:27,751 [INFO] ThirdParty:1030 - CMSIS Pack Vendor :STMicroelectronics USB_HOST 2.0.0
2025-07-25 10:00:27,751 [INFO] ThirdParty:1030 - CMSIS Pack Vendor :STMicroelectronics FP-SNS-MOTENVWB1 1.4.0
2025-07-25 10:00:27,751 [INFO] ThirdParty:1030 - CMSIS Pack Vendor :STMicroelectronics X-CUBE-AZRTOS-F4 1.1.0
2025-07-25 10:00:27,751 [INFO] ThirdParty:1030 - CMSIS Pack Vendor :STMicroelectronics LIBJPEG 8.0.0
2025-07-25 10:00:27,751 [INFO] ThirdParty:1030 - CMSIS Pack Vendor :STMicroelectronics FP-ATR-ASTRA1 2.0.2
2025-07-25 10:00:27,752 [INFO] ThirdParty:1030 - CMSIS Pack Vendor :STMicroelectronics X-CUBE-BLE1 7.1.0
2025-07-25 10:00:27,752 [INFO] ThirdParty:1030 - CMSIS Pack Vendor :Avnet-IotConnect X-CUBE-IoTC-DA16k-PMOD 1.0.0
2025-07-25 10:00:27,752 [INFO] ThirdParty:1030 - CMSIS Pack Vendor :STMicroelectronics X-CUBE-SMBUS 2.1.0
2025-07-25 10:00:27,752 [INFO] ThirdParty:1030 - CMSIS Pack Vendor :STMicroelectronics X-CUBE-WB05N 1.1.0
2025-07-25 10:00:27,752 [INFO] ThirdParty:1030 - CMSIS Pack Vendor :wolfSSL I-CUBE-wolfMQTT 1.19.2
2025-07-25 10:00:27,752 [INFO] ThirdParty:1030 - CMSIS Pack Vendor :STMicroelectronics USB_DEVICE 3.0.0
2025-07-25 10:00:27,752 [INFO] ThirdParty:1030 - CMSIS Pack Vendor :STMicroelectronics X-CUBE-ISPU 2.1.0
2025-07-25 10:00:27,752 [INFO] ThirdParty:1030 - CMSIS Pack Vendor :STMicroelectronics X-CUBE-EEPRMA1 5.2.0
2025-07-25 10:00:27,752 [INFO] ThirdParty:1030 - CMSIS Pack Vendor :STMicroelectronics X-CUBE-BLEMGR 4.1.0
2025-07-25 10:00:27,753 [INFO] ThirdParty:1030 - CMSIS Pack Vendor :STMicroelectronics X-CUBE-AZRTOS-WB 2.0.0
2025-07-25 10:00:27,753 [INFO] ThirdParty:1030 - CMSIS Pack Vendor :STMicroelectronics X-CUBE-ST60 1.0.0
2025-07-25 10:00:27,753 [INFO] ThirdParty:1030 - CMSIS Pack Vendor :STMicroelectronics X-CUBE-GNSS1 7.0.1
2025-07-25 10:00:27,753 [INFO] ThirdParty:1030 - CMSIS Pack Vendor :STMicroelectronics X-CUBE-NFC12 1.0.0
2025-07-25 10:00:27,753 [INFO] ThirdParty:1030 - CMSIS Pack Vendor :STMicroelectronics X-CUBE-AZRTOS-F7 1.1.0
2025-07-25 10:00:27,753 [INFO] ThirdParty:1030 - CMSIS Pack Vendor :STMicroelectronics X-CUBE-AZRTOS-L5 2.0.0
2025-07-25 10:00:27,753 [INFO] ThirdParty:1030 - CMSIS Pack Vendor :STMicroelectronics X-CUBE-TOUCHGFX 4.25.0
2025-07-25 10:00:27,753 [INFO] ThirdParty:1030 - CMSIS Pack Vendor :STMicroelectronics USB_DEVICE 2.0.0
2025-07-25 10:00:27,753 [INFO] ThirdParty:1030 - CMSIS Pack Vendor :STMicroelectronics X-CUBE-NFC6 3.1.0
2025-07-25 10:00:27,754 [INFO] ThirdParty:1030 - CMSIS Pack Vendor :STMicroelectronics X-CUBE-AI 10.1.0
2025-07-25 10:00:27,754 [INFO] ThirdParty:1030 - CMSIS Pack Vendor :STMicroelectronics FP-SNS-STBOX1 2.0.0
2025-07-25 10:00:27,754 [INFO] ThirdParty:1030 - CMSIS Pack Vendor :STMicroelectronics X-CUBE-MEMS1 11.2.0
2025-07-25 10:00:27,754 [INFO] ThirdParty:1030 - CMSIS Pack Vendor :STMicroelectronics FreeRTOS 0.0.1
2025-07-25 10:00:27,754 [INFO] ThirdParty:1030 - CMSIS Pack Vendor :STMicroelectronics X-CUBE-AZRTOS-G0 1.1.0
2025-07-25 10:00:27,754 [INFO] ThirdParty:1030 - CMSIS Pack Vendor :STMicroelectronics X-CUBE-SAFEA1 1.2.2
2025-07-25 10:00:27,754 [INFO] ThirdParty:1030 - CMSIS Pack Vendor :STMicroelectronics X-CUBE-NFC4 3.0.0
2025-07-25 10:00:27,754 [INFO] ThirdParty:1030 - CMSIS Pack Vendor :STMicroelectronics X-CUBE-DPower 1.2.0
2025-07-25 10:00:27,754 [INFO] ThirdParty:1030 - CMSIS Pack Vendor :STMicroelectronics X-CUBE-SUBG2 5.0.0
2025-07-25 10:00:27,754 [INFO] ThirdParty:1030 - CMSIS Pack Vendor :STMicroelectronics X-CUBE-AZRTOS-H7RS 1.1.0
2025-07-25 10:00:27,755 [INFO] ThirdParty:1030 - CMSIS Pack Vendor :STMicroelectronics STM32_WPAN 1.0.0
2025-07-25 10:00:27,755 [INFO] ThirdParty:1030 - CMSIS Pack Vendor :EmbeddedOffice I-CUBE-FS-RTOS 1.0.1
2025-07-25 10:00:27,755 [INFO] ThirdParty:1030 - CMSIS Pack Vendor :STMicroelectronics lwIP 2.0.3
2025-07-25 10:00:27,755 [INFO] ThirdParty:1030 - CMSIS Pack Vendor :Cesanta I-CUBE-Mongoose 7.13.0
2025-07-25 10:00:27,755 [INFO] ThirdParty:1030 - CMSIS Pack Vendor :STMicroelectronics USB_HOST 1.0.0
2025-07-25 10:00:27,755 [INFO] ThirdParty:1030 - CMSIS Pack Vendor :Infineon AIROC-Wi-Fi-Bluetooth-STM32 1.7.0
2025-07-25 10:00:27,755 [INFO] ThirdParty:1030 - CMSIS Pack Vendor :STMicroelectronics X-CUBE-AZRTOS-G4 2.0.0
2025-07-25 10:00:27,755 [INFO] ThirdParty:1030 - CMSIS Pack Vendor :STMicroelectronics X-CUBE-WB05N 2.0.0
2025-07-25 10:00:27,755 [INFO] ThirdParty:1030 - CMSIS Pack Vendor :STMicroelectronics PDM2PCM 3.1.0
2025-07-25 10:00:27,756 [INFO] ThirdParty:1030 - CMSIS Pack Vendor :STMicroelectronics PDM2PCM 3.3.0
2025-07-25 10:00:27,756 [INFO] ThirdParty:1030 - CMSIS Pack Vendor :wolfSSL I-CUBE-wolfTPM 3.8.0
2025-07-25 10:00:27,756 [INFO] ThirdParty:1030 - CMSIS Pack Vendor :STMicroelectronics X-CUBE-AZRTOS-H7 3.4.0
2025-07-25 10:00:27,756 [INFO] ThirdParty:1030 - CMSIS Pack Vendor :STMicroelectronics X-CUBE-DISPLAY 3.0.0
2025-07-25 10:00:27,756 [INFO] ThirdParty:1030 - CMSIS Pack Vendor :wolfSSL I-CUBE-wolfSSH 1.4.20
2025-07-25 10:00:27,756 [INFO] ThirdParty:1030 - CMSIS Pack Vendor :STMicroelectronics X-CUBE-NFC7 2.0.0
2025-07-25 10:00:27,756 [INFO] ThirdParty:1030 - CMSIS Pack Vendor :STMicroelectronics X-CUBE-TCPP 4.2.0
2025-07-25 10:00:27,756 [INFO] ThirdParty:1030 - CMSIS Pack Vendor :RealThread X-CUBE-RT-Thread_Nano 4.1.1
2025-07-25 10:00:27,756 [INFO] ThirdParty:1030 - CMSIS Pack Vendor :STMicroelectronics FP-ATR-SIGFOX1 3.2.0
2025-07-25 10:00:27,756 [INFO] ThirdParty:1030 - CMSIS Pack Vendor :STMicroelectronics X-CUBE-NFC10 1.0.0
2025-07-25 10:00:27,756 [INFO] ThirdParty:1030 - CMSIS Pack Vendor :STMicroelectronics X-CUBE-BLEMGR 4.0.0
2025-07-25 10:00:27,757 [INFO] ThirdParty:1030 - CMSIS Pack Vendor :STMicroelectronics X-CUBE-EEPRMA1 5.1.0
2025-07-25 10:00:27,757 [INFO] ThirdParty:1030 - CMSIS Pack Vendor :STMicroelectronics X-CUBE-FREERTOS 1.3.1
2025-07-25 10:00:27,757 [INFO] ThirdParty:1030 - CMSIS Pack Vendor :STMicroelectronics HAL Drivers 0.0.0
2025-07-25 10:00:27,757 [INFO] ThirdParty:1030 - CMSIS Pack Vendor :STMicroelectronics MBEDTLS 2.16.2
2025-07-25 10:00:27,757 [INFO] ThirdParty:1030 - CMSIS Pack Vendor :STMicroelectronics X-CUBE-IPS 3.1.0
2025-07-25 10:00:27,757 [INFO] ThirdParty:1030 - CMSIS Pack Vendor :STMicroelectronics X-CUBE-ALS 1.0.2
2025-07-25 10:00:27,757 [INFO] ThirdParty:1030 - CMSIS Pack Vendor :emotas I-CUBE-CANOPEN 1.3.0
2025-07-25 10:00:27,757 [INFO] ThirdParty:1030 - CMSIS Pack Vendor :STMicroelectronics X-CUBE-FREERTOS 1.3.0
2025-07-25 10:00:27,757 [INFO] ThirdParty:1030 - CMSIS Pack Vendor :STMicroelectronics X-CUBE-NFC7 1.0.1
2025-07-25 10:00:27,757 [INFO] ThirdParty:1030 - CMSIS Pack Vendor :STMicroelectronics MBEDTLS 2.14.1
2025-07-25 10:00:27,757 [INFO] ThirdParty:1030 - CMSIS Pack Vendor :wolfSSL I-CUBE-wolfSSL 5.7.6
2025-07-25 10:00:27,758 [INFO] ThirdParty:1030 - CMSIS Pack Vendor :ITTIA_DB I-CUBE-ITTIADB 8.9.0
2025-07-25 10:00:27,758 [INFO] ThirdParty:1030 - CMSIS Pack Vendor :portGmbH I-Cube-SoM-uGOAL 1.1.0
2025-07-25 10:00:27,758 [INFO] ThirdParty:1030 - CMSIS Pack Vendor :quantropi X-CUBE-qispace-sdk-base 2.0.0
2025-07-25 10:00:27,758 [INFO] ThirdParty:1030 - CMSIS Pack Vendor :STMicroelectronics X-CUBE-AI 10.0.0
2025-07-25 10:00:27,758 [INFO] ThirdParty:1030 - CMSIS Pack Vendor :STMicroelectronics X-CUBE-ST67W61 1.0.0
2025-07-25 10:00:27,758 [INFO] ThirdParty:1030 - CMSIS Pack Vendor :STMicroelectronics FP-SNS-STAIOTCFT 1.0.0
2025-07-25 10:00:27,758 [INFO] ThirdParty:1030 - CMSIS Pack Vendor :STMicroelectronics ThreadX 1.0.0
2025-07-25 10:00:27,758 [INFO] ThirdParty:1030 - CMSIS Pack Vendor :STMicroelectronics FP-SNS-SMARTAG2 1.2.0
2025-07-25 10:00:27,758 [INFO] ThirdParty:1030 - CMSIS Pack Vendor :STMicroelectronics FP-SNS-FLIGHT1 5.1.0
2025-07-25 10:00:27,759 [INFO] ThirdParty:1030 - CMSIS Pack Vendor :STMicroelectronics X-CUBE-MEMS1 11.1.0
2025-07-25 10:00:27,759 [INFO] ThirdParty:1030 - CMSIS Pack Vendor :STMicroelectronics X-CUBE-AZRTOS-WL 2.0.0
2025-07-25 10:00:27,759 [INFO] ThirdParty:1030 - CMSIS Pack Vendor :SEGGER I-CUBE-embOS 1.3.1
2025-07-25 10:00:27,759 [INFO] ThirdParty:1030 - CMSIS Pack Vendor :STMicroelectronics X-CUBE-ALGOBUILD 1.4.0
2025-07-25 10:00:27,759 [INFO] ThirdParty:1030 - CMSIS Pack Vendor :STMicroelectronics X-CUBE-DPower 1.3.0
2025-07-25 10:00:27,759 [INFO] ThirdParty:1030 - CMSIS Pack Vendor :STMicroelectronics X-CUBE-MEMS1 11.3.0
2025-07-25 10:00:27,759 [INFO] ThirdParty:1030 - CMSIS Pack Vendor :STMicroelectronics FP-SNS-MOTENV1 5.0.0
2025-07-25 10:00:27,759 [INFO] ThirdParty:1030 - CMSIS Pack Vendor :STMicroelectronics USB_DEVICE 1.0.0
2025-07-25 10:00:27,759 [INFO] ThirdParty:1030 - CMSIS Pack Vendor :STMicroelectronics X-CUBE-AZRTOS-L4 2.0.0
2025-07-25 10:00:27,759 [INFO] ThirdParty:1030 - CMSIS Pack Vendor :STMicroelectronics ThreadX 0.0.2
2025-07-25 10:00:27,759 [INFO] ThirdParty:1030 - CMSIS Pack Vendor :WES I-CUBE-Cesium 1.3.0
2025-07-25 10:00:27,760 [INFO] ThirdParty:1030 - CMSIS Pack Vendor :STMicroelectronics lwIP 2.1.2
2025-07-25 10:00:27,760 [INFO] ThirdParty:1030 - CMSIS Pack Vendor :STMicroelectronics X-CUBE-SFXS2LP1 4.0.0
2025-07-25 10:00:27,760 [INFO] ThirdParty:1030 - CMSIS Pack Vendor :STMicroelectronics X-CUBE-BLE2 3.3.0
2025-07-25 10:00:27,760 [INFO] ThirdParty:1030 - CMSIS Pack Vendor :STMicroelectronics X-CUBE-TOF1 3.4.2
2025-07-25 10:00:27,760 [INFO] ThirdParty:1030 - CMSIS Pack Vendor :STMicroelectronics X-CUBE-TOF1 3.4.3
2025-07-25 10:00:27,760 [INFO] ThirdParty:1030 - CMSIS Pack Vendor :STMicroelectronics PDM2PCM 3.2.0
2025-07-25 10:00:27,760 [INFO] ThirdParty:841 - exiting critical section [change project]
2025-07-25 10:00:28,069 [INFO] PinOutPanel:1589 - setPackage(No Configuration,No Configuration)
2025-07-25 10:00:28,070 [INFO] PinOutPanel:1589 - setPackage(STM32F103RBTx,LQFP64)
2025-07-25 10:00:28,468 [INFO] UtilMem:75 - Before build in PCC Used Memory: 662235376 Bytes (1073741824)
2025-07-25 10:00:29,449 [INFO] UtilMem:75 - After build in PCC Used Memory: 704704768 Bytes (1073741824)
2025-07-25 10:00:29,494 [INFO] IPUIPlugin:80 - create IPUIPlugin
2025-07-25 10:00:29,495 [INFO] IPUIPlugin:80 - create IPUIPlugin
2025-07-25 10:00:29,496 [INFO] IPUIPlugin:80 - create IPUIPlugin
2025-07-25 10:00:29,496 [INFO] IPUIPlugin:80 - create IPUIPlugin
2025-07-25 10:00:29,496 [INFO] IPUIPlugin:80 - create IPUIPlugin
2025-07-25 10:00:29,498 [INFO] IPUIPlugin:80 - create IPUIPlugin
2025-07-25 10:00:29,498 [INFO] IPUIPlugin:80 - create IPUIPlugin
2025-07-25 10:00:29,498 [INFO] IPUIPlugin:80 - create IPUIPlugin
2025-07-25 10:00:29,498 [INFO] IPUIPlugin:80 - create IPUIPlugin
2025-07-25 10:00:29,498 [INFO] IPUIPlugin:80 - create IPUIPlugin
2025-07-25 10:00:29,499 [INFO] IPUIPlugin:80 - create IPUIPlugin
2025-07-25 10:00:29,499 [INFO] IPUIPlugin:80 - create IPUIPlugin
2025-07-25 10:00:29,499 [INFO] IPUIPlugin:80 - create IPUIPlugin
2025-07-25 10:00:29,499 [INFO] IPUIPlugin:80 - create IPUIPlugin
2025-07-25 10:00:29,500 [INFO] IPUIPlugin:80 - create IPUIPlugin
2025-07-25 10:00:29,500 [INFO] IPUIPlugin:80 - create IPUIPlugin
2025-07-25 10:00:29,500 [INFO] IPUIPlugin:80 - create IPUIPlugin
2025-07-25 10:00:29,500 [INFO] IPUIPlugin:80 - create IPUIPlugin
2025-07-25 10:00:29,501 [INFO] IPUIPlugin:80 - create IPUIPlugin
2025-07-25 10:00:29,501 [INFO] IPUIPlugin:80 - create IPUIPlugin
2025-07-25 10:00:29,501 [INFO] IPUIPlugin:80 - create IPUIPlugin
2025-07-25 10:00:29,502 [INFO] IPUIPlugin:80 - create IPUIPlugin
2025-07-25 10:00:29,502 [INFO] IPUIPlugin:80 - create IPUIPlugin
2025-07-25 10:00:29,502 [INFO] IPUIPlugin:80 - create IPUIPlugin
2025-07-25 10:00:29,503 [INFO] IPUIPlugin:80 - create IPUIPlugin
2025-07-25 10:00:29,503 [INFO] IPUIPlugin:80 - create IPUIPlugin
2025-07-25 10:00:29,504 [INFO] IPUIPlugin:80 - create IPUIPlugin
2025-07-25 10:00:29,641 [INFO] CADModel:165 - CPN selected for project levelSTM32F103RBT6
2025-07-25 10:00:29,641 [INFO] CADModel:114 - Register for checkConnection events
2025-07-25 10:00:29,723 [INFO] OpenFileManager:363 - Restore cursor
2025-07-25 10:00:34,127 [INFO] Gpio:277 - dependency for GPIO [RCC, SYS, USART2]
2025-07-25 10:22:11,895 [ERROR] ConfigurationRetriever:142 - IOException on connection: Connect timed out
2025-07-25 10:24:56,102 [ERROR] ConfigurationRetriever:142 - IOException on connection: Read timed out
2025-07-25 10:42:56,489 [INFO] MainUpdater:2872 - connection check result : 10
2025-07-25 10:42:56,490 [INFO] MainUpdater:2872 - connection check result : 10
2025-07-25 10:42:56,802 [INFO] MicroXplorer:468 - Change Database Path : 
2025-07-25 10:42:56,803 [INFO] MicroXplorer:498 - Change Database Version : DB.6.0.130
2025-07-25 10:42:57,004 [ERROR] ProjectManagerView:394 - 
java.lang.NullPointerException: Cannot invoke "javax.swing.JTextField.getText()" because the return value of "java.util.List.get(int)" is null
	at com.st.microxplorer.plugins.projectmanager.gui.ProjectChoiceTab$9.caretUpdate(ProjectChoiceTab.java:2616) ~[filemanager.jar:?]
	at javax.swing.text.JTextComponent.fireCaretUpdate(JTextComponent.java:408) ~[?:?]
	at javax.swing.text.JTextComponent$MutableCaretEvent.fire(JTextComponent.java:4484) ~[?:?]
	at javax.swing.text.JTextComponent$MutableCaretEvent.stateChanged(JTextComponent.java:4506) ~[?:?]
	at javax.swing.text.DefaultCaret.fireStateChanged(DefaultCaret.java:857) ~[?:?]
	at javax.swing.text.DefaultCaret.changeCaretPosition(DefaultCaret.java:1343) ~[?:?]
	at javax.swing.text.DefaultCaret.handleSetDot(DefaultCaret.java:1242) ~[?:?]
	at javax.swing.text.DefaultCaret.setDot(DefaultCaret.java:1223) ~[?:?]
	at javax.swing.text.DefaultCaret$Handler.insertUpdate(DefaultCaret.java:1819) ~[?:?]
	at javax.swing.text.AbstractDocument.fireInsertUpdate(AbstractDocument.java:227) ~[?:?]
	at javax.swing.text.AbstractDocument.handleInsertString(AbstractDocument.java:781) ~[?:?]
	at javax.swing.text.AbstractDocument.insertString(AbstractDocument.java:740) ~[?:?]
	at javax.swing.text.PlainDocument.insertString(PlainDocument.java:131) ~[?:?]
	at javax.swing.text.AbstractDocument.replace(AbstractDocument.java:699) ~[?:?]
	at javax.swing.text.JTextComponent.setText(JTextComponent.java:1725) ~[?:?]
	at com.st.microxplorer.plugins.projectmanager.gui.ProjectChoiceTab.createHeapStackFields(ProjectChoiceTab.java:975) ~[filemanager.jar:?]
	at com.st.microxplorer.plugins.projectmanager.gui.ProjectChoiceTab.buildLinkSettingsPanel(ProjectChoiceTab.java:3666) ~[filemanager.jar:?]
	at com.st.microxplorer.plugins.projectmanager.gui.ProjectChoiceTab.defineWindowsFields(ProjectChoiceTab.java:1934) ~[filemanager.jar:?]
	at com.st.microxplorer.plugins.projectmanager.gui.ProjectChoiceTab.updateSettings(ProjectChoiceTab.java:553) ~[filemanager.jar:?]
	at com.st.microxplorer.plugins.projectmanager.gui.ProjectSettingsPanel.UpdateDialog(ProjectSettingsPanel.java:245) ~[filemanager.jar:?]
	at com.st.microxplorer.plugins.projectmanager.ProjectManagerView.propertyChange(ProjectManagerView.java:391) ~[filemanager.jar:?]
	at java.beans.PropertyChangeSupport.fire(PropertyChangeSupport.java:343) ~[?:?]
	at java.beans.PropertyChangeSupport.firePropertyChange(PropertyChangeSupport.java:335) ~[?:?]
	at java.beans.PropertyChangeSupport.firePropertyChange(PropertyChangeSupport.java:268) ~[?:?]
	at com.st.microxplorer.util.MXPropertyChangeSupport.firePropertyChange(MXPropertyChangeSupport.java:54) ~[STM32CubeMX.jar:?]
	at com.st.microxplorer.mxsystem.MxSystem.closeConfig(MxSystem.java:899) ~[STM32CubeMX.jar:?]
	at com.st.microxplorer.maingui.MainPanel.closeConfig(MainPanel.java:789) ~[STM32CubeMX.jar:?]
	at com.st.microxplorer.plugins.filemanager.engine.OpenFileManager.loadConfigurationFile(OpenFileManager.java:265) ~[filemanager.jar:?]
	at com.st.microxplorer.plugins.filemanager.engine.MainFileManager.userLoadConfig(MainFileManager.java:340) ~[filemanager.jar:?]
	at com.st.microxplorer.plugins.filemanager.engine.MainFileManager.userLoadConfig(MainFileManager.java:318) ~[filemanager.jar:?]
	at com.st.microxplorer.plugins.filemanager.FileManagerView.getSpecificTask(FileManagerView.java:246) ~[filemanager.jar:?]
	at com.st.stm32cube.common.mx.editor.CubeMxEditor.getMxTabbedPaneInstance(CubeMxEditor.java:1198) ~[com.st.stm32cube.common.mx_6.13.0.202411220809/:?]
	at com.st.stm32cube.common.mx.editor.CubeMxEditor$12$1.createSwingComponent(CubeMxEditor.java:1068) ~[com.st.stm32cube.common.mx_6.13.0.202411220809/:?]
	at com.st.stm32cube.common.mx.oss.core.awtswtbridge.EmbeddedSwingComposite.doComponentCreation(EmbeddedSwingComposite.java:492) ~[com.st.stm32cube.common.mx.oss_6.13.0.202411220809/:?]
	at com.st.stm32cube.common.mx.oss.core.awtswtbridge.EmbeddedSwingComposite$4.run(EmbeddedSwingComposite.java:291) ~[com.st.stm32cube.common.mx.oss_6.13.0.202411220809/:?]
	at com.st.stm32cube.common.mx.oss.core.awtswtbridge.AwtEnvironment$2.run(AwtEnvironment.java:166) ~[com.st.stm32cube.common.mx.oss_6.13.0.202411220809/:?]
	at java.awt.event.InvocationEvent.dispatch(InvocationEvent.java:318) ~[?:?]
	at java.awt.EventQueue.dispatchEventImpl(EventQueue.java:773) ~[?:?]
	at java.awt.EventQueue$4.run(EventQueue.java:720) ~[?:?]
	at java.awt.EventQueue$4.run(EventQueue.java:714) ~[?:?]
	at java.security.AccessController.doPrivileged(AccessController.java:400) ~[?:?]
	at java.security.ProtectionDomain$JavaSecurityAccessImpl.doIntersectionPrivilege(ProtectionDomain.java:87) ~[?:?]
	at java.awt.EventQueue.dispatchEvent(EventQueue.java:742) ~[?:?]
	at java.awt.EventDispatchThread.pumpOneEventForFilters(EventDispatchThread.java:203) ~[?:?]
	at java.awt.EventDispatchThread.pumpEventsForFilter(EventDispatchThread.java:124) ~[?:?]
	at java.awt.EventDispatchThread.pumpEventsForHierarchy(EventDispatchThread.java:113) ~[?:?]
	at java.awt.EventDispatchThread.pumpEvents(EventDispatchThread.java:109) ~[?:?]
	at java.awt.EventDispatchThread.pumpEvents(EventDispatchThread.java:101) ~[?:?]
	at java.awt.EventDispatchThread.run(EventDispatchThread.java:90) ~[?:?]
2025-07-25 10:42:57,007 [WARN] ThirdParty:871 - waiting for thirdparty lock release [close project]
2025-07-25 10:42:57,007 [INFO] ThirdParty:873 - entering critical section [close project]
2025-07-25 10:42:57,008 [INFO] ThirdParty:883 - exiting critical section [close project]
2025-07-25 10:42:57,021 [INFO] PinOutPanel:1589 - setPackage(No Configuration,No Configuration)
2025-07-25 10:42:57,053 [INFO] UtilMem:75 - Begin LoadConfig() Used Memory: 709646336 Bytes (1073741824)
2025-07-25 10:42:57,055 [INFO] MicroXplorer:468 - Change Database Path : 
2025-07-25 10:42:57,055 [INFO] MicroXplorer:498 - Change Database Version : DB.6.0.130
2025-07-25 10:42:57,056 [INFO] OpenFileManager:332 - Change cursor
2025-07-25 10:42:57,091 [INFO] Mcu:2035 - Initializing MCU STM32F103R(8-B)Tx STM32F103RBTx STM32F103RBT6
2025-07-25 10:42:59,063 [INFO] Context:748 - Trying to add GPIOservice into a context  which must be forbidden
2025-07-25 10:43:00,112 [INFO] RtosManager:555 - Registered RTOS mode: class=CMSIS, group=RTOS, mode=CMSIS_V1, owner=FREERTOS
2025-07-25 10:43:00,112 [INFO] RtosManager:555 - Registered RTOS mode: class=CMSIS, group=RTOS2, mode=CMSIS_V2, owner=FREERTOS
2025-07-25 10:43:00,113 [INFO] RtosManager:555 - Registered RTOS mode: class=RTOS, group=Core, mode=CMSIS_V1, owner=FREERTOS
2025-07-25 10:43:00,113 [INFO] RtosManager:555 - Registered RTOS mode: class=RTOS, group=Core, mode=CMSIS_V2, owner=FREERTOS
2025-07-25 10:43:00,113 [WARN] ModelIntegratedComponent:184 - Missing modes for component STMicroelectronics:FreeRTOS:0.0.1:STMicroelectronics:RTOS:FreeRTOS:Core:::10.2.0:
2025-07-25 10:43:00,151 [WARN] ModelIntegratedComponent:63 - No mode defined for component null
2025-07-25 10:43:00,152 [WARN] ModelIntegratedComponent:63 - No mode defined for component null
2025-07-25 10:43:00,152 [WARN] ModelIntegratedComponent:63 - No mode defined for component null
2025-07-25 10:43:00,152 [WARN] ModelIntegratedComponent:63 - No mode defined for component null
2025-07-25 10:43:00,152 [WARN] ModelIntegratedComponent:63 - No mode defined for component null
2025-07-25 10:43:00,152 [WARN] ModelIntegratedComponent:63 - No mode defined for component null
2025-07-25 10:43:00,153 [WARN] ModelIntegratedComponent:63 - No mode defined for component null
2025-07-25 10:43:00,153 [WARN] ModelIntegratedComponent:63 - No mode defined for component null
2025-07-25 10:43:00,153 [WARN] ModelIntegratedComponent:63 - No mode defined for component null
2025-07-25 10:43:00,153 [WARN] ModelIntegratedComponent:63 - No mode defined for component null
2025-07-25 10:43:00,153 [WARN] ModelIntegratedComponent:63 - No mode defined for component null
2025-07-25 10:43:00,154 [WARN] ModelIntegratedComponent:63 - No mode defined for component null
2025-07-25 10:43:00,154 [WARN] ModelIntegratedComponent:63 - No mode defined for component null
2025-07-25 10:43:00,156 [WARN] ModelIntegratedComponent:63 - No mode defined for component null
2025-07-25 10:43:00,156 [WARN] ModelIntegratedComponent:63 - No mode defined for component null
2025-07-25 10:43:00,157 [WARN] ModelIntegratedComponent:63 - No mode defined for component null
2025-07-25 10:43:00,157 [WARN] ModelIntegratedComponent:63 - No mode defined for component null
2025-07-25 10:43:00,157 [WARN] ModelIntegratedComponent:63 - No mode defined for component null
2025-07-25 10:43:00,157 [WARN] ModelIntegratedComponent:63 - No mode defined for component null
2025-07-25 10:43:00,158 [WARN] ModelIntegratedComponent:63 - No mode defined for component null
2025-07-25 10:43:00,158 [WARN] ModelIntegratedComponent:63 - No mode defined for component null
2025-07-25 10:43:00,158 [WARN] ModelIntegratedComponent:63 - No mode defined for component null
2025-07-25 10:43:00,158 [WARN] ModelIntegratedComponent:63 - No mode defined for component null
2025-07-25 10:43:00,158 [WARN] ModelIntegratedComponent:63 - No mode defined for component null
2025-07-25 10:43:00,161 [WARN] ModelIntegratedComponent:63 - No mode defined for component null
2025-07-25 10:43:00,161 [WARN] ModelIntegratedComponent:63 - No mode defined for component null
2025-07-25 10:43:00,162 [WARN] ModelIntegratedComponent:63 - No mode defined for component null
2025-07-25 10:43:00,163 [WARN] ModelIntegratedComponent:63 - No mode defined for component null
2025-07-25 10:43:00,164 [WARN] ModelIntegratedComponent:63 - No mode defined for component null
2025-07-25 10:43:00,164 [WARN] ModelIntegratedComponent:63 - No mode defined for component null
2025-07-25 10:43:00,164 [WARN] ModelIntegratedComponent:63 - No mode defined for component null
2025-07-25 10:43:00,164 [WARN] ModelIntegratedComponent:63 - No mode defined for component null
2025-07-25 10:43:00,165 [WARN] ModelIntegratedComponent:63 - No mode defined for component null
2025-07-25 10:43:00,165 [WARN] ModelIntegratedComponent:63 - No mode defined for component null
2025-07-25 10:43:00,165 [WARN] ModelIntegratedComponent:63 - No mode defined for component null
2025-07-25 10:43:00,165 [WARN] ModelPack:524 - Component already loaded: STMicroelectronics:HAL Drivers:0.0.0:STMicroelectronics:Device:STMicro_Driver:XSPI:HAL::0.0.1:HAL_XSPI
2025-07-25 10:43:00,564 [INFO] ThirdPartyModel:298 - Start build external matchings
2025-07-25 10:43:02,518 [INFO] ThirdPartyModel:316 - End build external matchings
2025-07-25 10:43:02,590 [INFO] ImportTextPane:218 - (OptionalMessage_ERROR) IP (RCC) : Parameter (ADCFreqValue) has invalid value (32000000)
2025-07-25 10:43:02,590 [INFO] ImportTextPane:218 - (OptionalMessage_ERROR) IP (RCC) : Invalid parameter (FamilyName)
2025-07-25 10:43:02,591 [INFO] ImportTextPane:218 - (OptionalMessage_ERROR) IP (RCC) : Parameter (MCOFreq_Value) has invalid value (64000000)
2025-07-25 10:43:02,591 [INFO] ImportTextPane:218 - (OptionalMessage_ERROR) IP (RCC) : Parameter (USBFreq_Value) has invalid value (64000000)
2025-07-25 10:43:03,043 [INFO] UtilMem:75 - End LoadConfig() Used Memory: 758675360 Bytes (1073741824)
2025-07-25 10:43:03,104 [WARN] ThirdParty:833 - waiting for thirdparty lock release [change project]
2025-07-25 10:43:03,105 [INFO] ThirdParty:835 - entering critical section [change project]
2025-07-25 10:43:03,105 [INFO] ThirdParty:1030 - CMSIS Pack Vendor :STMicroelectronics X-CUBE-PM33A1 1.0.0
2025-07-25 10:43:03,105 [INFO] ThirdParty:1030 - CMSIS Pack Vendor :STMicroelectronics USBPD 4.1
2025-07-25 10:43:03,105 [INFO] ThirdParty:1030 - CMSIS Pack Vendor :STMicroelectronics X-CUBE-AZRTOS-H7 3.3.0
2025-07-25 10:43:03,105 [INFO] ThirdParty:1030 - CMSIS Pack Vendor :STMicroelectronics X-CUBE-NFC9 1.0.0
2025-07-25 10:43:03,105 [INFO] ThirdParty:1030 - CMSIS Pack Vendor :STMicroelectronics USB_HOST 2.0.0
2025-07-25 10:43:03,105 [INFO] ThirdParty:1030 - CMSIS Pack Vendor :STMicroelectronics FP-SNS-MOTENVWB1 1.4.0
2025-07-25 10:43:03,105 [INFO] ThirdParty:1030 - CMSIS Pack Vendor :STMicroelectronics X-CUBE-AZRTOS-F4 1.1.0
2025-07-25 10:43:03,105 [INFO] ThirdParty:1030 - CMSIS Pack Vendor :STMicroelectronics LIBJPEG 8.0.0
2025-07-25 10:43:03,106 [INFO] ThirdParty:1030 - CMSIS Pack Vendor :STMicroelectronics FP-ATR-ASTRA1 2.0.2
2025-07-25 10:43:03,106 [INFO] ThirdParty:1030 - CMSIS Pack Vendor :STMicroelectronics X-CUBE-BLE1 7.1.0
2025-07-25 10:43:03,106 [INFO] ThirdParty:1030 - CMSIS Pack Vendor :Avnet-IotConnect X-CUBE-IoTC-DA16k-PMOD 1.0.0
2025-07-25 10:43:03,106 [INFO] ThirdParty:1030 - CMSIS Pack Vendor :STMicroelectronics X-CUBE-SMBUS 2.1.0
2025-07-25 10:43:03,107 [INFO] ThirdParty:1030 - CMSIS Pack Vendor :STMicroelectronics X-CUBE-WB05N 1.1.0
2025-07-25 10:43:03,107 [INFO] ThirdParty:1030 - CMSIS Pack Vendor :wolfSSL I-CUBE-wolfMQTT 1.19.2
2025-07-25 10:43:03,107 [INFO] ThirdParty:1030 - CMSIS Pack Vendor :STMicroelectronics USB_DEVICE 3.0.0
2025-07-25 10:43:03,107 [INFO] ThirdParty:1030 - CMSIS Pack Vendor :STMicroelectronics X-CUBE-ISPU 2.1.0
2025-07-25 10:43:03,107 [INFO] ThirdParty:1030 - CMSIS Pack Vendor :STMicroelectronics X-CUBE-EEPRMA1 5.2.0
2025-07-25 10:43:03,107 [INFO] ThirdParty:1030 - CMSIS Pack Vendor :STMicroelectronics X-CUBE-BLEMGR 4.1.0
2025-07-25 10:43:03,107 [INFO] ThirdParty:1030 - CMSIS Pack Vendor :STMicroelectronics X-CUBE-AZRTOS-WB 2.0.0
2025-07-25 10:43:03,107 [INFO] ThirdParty:1030 - CMSIS Pack Vendor :STMicroelectronics X-CUBE-ST60 1.0.0
2025-07-25 10:43:03,108 [INFO] ThirdParty:1030 - CMSIS Pack Vendor :STMicroelectronics X-CUBE-GNSS1 7.0.1
2025-07-25 10:43:03,108 [INFO] ThirdParty:1030 - CMSIS Pack Vendor :STMicroelectronics X-CUBE-NFC12 1.0.0
2025-07-25 10:43:03,108 [INFO] ThirdParty:1030 - CMSIS Pack Vendor :STMicroelectronics X-CUBE-AZRTOS-F7 1.1.0
2025-07-25 10:43:03,108 [INFO] ThirdParty:1030 - CMSIS Pack Vendor :STMicroelectronics X-CUBE-AZRTOS-L5 2.0.0
2025-07-25 10:43:03,108 [INFO] ThirdParty:1030 - CMSIS Pack Vendor :STMicroelectronics X-CUBE-TOUCHGFX 4.25.0
2025-07-25 10:43:03,108 [INFO] ThirdParty:1030 - CMSIS Pack Vendor :STMicroelectronics USB_DEVICE 2.0.0
2025-07-25 10:43:03,111 [INFO] ThirdParty:1030 - CMSIS Pack Vendor :STMicroelectronics X-CUBE-NFC6 3.1.0
2025-07-25 10:43:03,111 [INFO] ThirdParty:1030 - CMSIS Pack Vendor :STMicroelectronics X-CUBE-AI 10.1.0
2025-07-25 10:43:03,112 [INFO] ThirdParty:1030 - CMSIS Pack Vendor :STMicroelectronics FP-SNS-STBOX1 2.0.0
2025-07-25 10:43:03,112 [INFO] ThirdParty:1030 - CMSIS Pack Vendor :STMicroelectronics X-CUBE-MEMS1 11.2.0
2025-07-25 10:43:03,112 [INFO] ThirdParty:1030 - CMSIS Pack Vendor :STMicroelectronics FreeRTOS 0.0.1
2025-07-25 10:43:03,112 [INFO] ThirdParty:1030 - CMSIS Pack Vendor :STMicroelectronics X-CUBE-AZRTOS-G0 1.1.0
2025-07-25 10:43:03,114 [INFO] ThirdParty:1030 - CMSIS Pack Vendor :STMicroelectronics X-CUBE-SAFEA1 1.2.2
2025-07-25 10:43:03,115 [INFO] ThirdParty:1030 - CMSIS Pack Vendor :STMicroelectronics X-CUBE-NFC4 3.0.0
2025-07-25 10:43:03,115 [INFO] ThirdParty:1030 - CMSIS Pack Vendor :STMicroelectronics X-CUBE-DPower 1.2.0
2025-07-25 10:43:03,115 [INFO] ThirdParty:1030 - CMSIS Pack Vendor :STMicroelectronics X-CUBE-SUBG2 5.0.0
2025-07-25 10:43:03,115 [INFO] ThirdParty:1030 - CMSIS Pack Vendor :STMicroelectronics X-CUBE-AZRTOS-H7RS 1.1.0
2025-07-25 10:43:03,115 [INFO] ThirdParty:1030 - CMSIS Pack Vendor :STMicroelectronics STM32_WPAN 1.0.0
2025-07-25 10:43:03,116 [INFO] ThirdParty:1030 - CMSIS Pack Vendor :EmbeddedOffice I-CUBE-FS-RTOS 1.0.1
2025-07-25 10:43:03,116 [INFO] ThirdParty:1030 - CMSIS Pack Vendor :STMicroelectronics lwIP 2.0.3
2025-07-25 10:43:03,116 [INFO] ThirdParty:1030 - CMSIS Pack Vendor :Cesanta I-CUBE-Mongoose 7.13.0
2025-07-25 10:43:03,116 [INFO] ThirdParty:1030 - CMSIS Pack Vendor :STMicroelectronics USB_HOST 1.0.0
2025-07-25 10:43:03,116 [INFO] ThirdParty:1030 - CMSIS Pack Vendor :Infineon AIROC-Wi-Fi-Bluetooth-STM32 1.7.0
2025-07-25 10:43:03,116 [INFO] ThirdParty:1030 - CMSIS Pack Vendor :STMicroelectronics X-CUBE-AZRTOS-G4 2.0.0
2025-07-25 10:43:03,117 [INFO] ThirdParty:1030 - CMSIS Pack Vendor :STMicroelectronics X-CUBE-WB05N 2.0.0
2025-07-25 10:43:03,117 [INFO] ThirdParty:1030 - CMSIS Pack Vendor :STMicroelectronics PDM2PCM 3.1.0
2025-07-25 10:43:03,117 [INFO] ThirdParty:1030 - CMSIS Pack Vendor :STMicroelectronics PDM2PCM 3.3.0
2025-07-25 10:43:03,117 [INFO] ThirdParty:1030 - CMSIS Pack Vendor :wolfSSL I-CUBE-wolfTPM 3.8.0
2025-07-25 10:43:03,117 [INFO] ThirdParty:1030 - CMSIS Pack Vendor :STMicroelectronics X-CUBE-AZRTOS-H7 3.4.0
2025-07-25 10:43:03,117 [INFO] ThirdParty:1030 - CMSIS Pack Vendor :STMicroelectronics X-CUBE-DISPLAY 3.0.0
2025-07-25 10:43:03,117 [INFO] ThirdParty:1030 - CMSIS Pack Vendor :wolfSSL I-CUBE-wolfSSH 1.4.20
2025-07-25 10:43:03,117 [INFO] ThirdParty:1030 - CMSIS Pack Vendor :STMicroelectronics X-CUBE-NFC7 2.0.0
2025-07-25 10:43:03,118 [INFO] ThirdParty:1030 - CMSIS Pack Vendor :STMicroelectronics X-CUBE-TCPP 4.2.0
2025-07-25 10:43:03,118 [INFO] ThirdParty:1030 - CMSIS Pack Vendor :RealThread X-CUBE-RT-Thread_Nano 4.1.1
2025-07-25 10:43:03,118 [INFO] ThirdParty:1030 - CMSIS Pack Vendor :STMicroelectronics FP-ATR-SIGFOX1 3.2.0
2025-07-25 10:43:03,118 [INFO] ThirdParty:1030 - CMSIS Pack Vendor :STMicroelectronics X-CUBE-NFC10 1.0.0
2025-07-25 10:43:03,118 [INFO] ThirdParty:1030 - CMSIS Pack Vendor :STMicroelectronics X-CUBE-BLEMGR 4.0.0
2025-07-25 10:43:03,118 [INFO] ThirdParty:1030 - CMSIS Pack Vendor :STMicroelectronics X-CUBE-EEPRMA1 5.1.0
2025-07-25 10:43:03,118 [INFO] ThirdParty:1030 - CMSIS Pack Vendor :STMicroelectronics X-CUBE-FREERTOS 1.3.1
2025-07-25 10:43:03,119 [INFO] ThirdParty:1030 - CMSIS Pack Vendor :STMicroelectronics HAL Drivers 0.0.0
2025-07-25 10:43:03,120 [INFO] ThirdParty:1030 - CMSIS Pack Vendor :STMicroelectronics MBEDTLS 2.16.2
2025-07-25 10:43:03,121 [INFO] ThirdParty:1030 - CMSIS Pack Vendor :STMicroelectronics X-CUBE-IPS 3.1.0
2025-07-25 10:43:03,122 [INFO] ThirdParty:1030 - CMSIS Pack Vendor :STMicroelectronics X-CUBE-ALS 1.0.2
2025-07-25 10:43:03,122 [INFO] ThirdParty:1030 - CMSIS Pack Vendor :emotas I-CUBE-CANOPEN 1.3.0
2025-07-25 10:43:03,122 [INFO] ThirdParty:1030 - CMSIS Pack Vendor :STMicroelectronics X-CUBE-FREERTOS 1.3.0
2025-07-25 10:43:03,122 [INFO] ThirdParty:1030 - CMSIS Pack Vendor :STMicroelectronics X-CUBE-NFC7 1.0.1
2025-07-25 10:43:03,122 [INFO] ThirdParty:1030 - CMSIS Pack Vendor :STMicroelectronics MBEDTLS 2.14.1
2025-07-25 10:43:03,122 [INFO] ThirdParty:1030 - CMSIS Pack Vendor :wolfSSL I-CUBE-wolfSSL 5.7.6
2025-07-25 10:43:03,122 [INFO] ThirdParty:1030 - CMSIS Pack Vendor :ITTIA_DB I-CUBE-ITTIADB 8.9.0
2025-07-25 10:43:03,122 [INFO] ThirdParty:1030 - CMSIS Pack Vendor :portGmbH I-Cube-SoM-uGOAL 1.1.0
2025-07-25 10:43:03,123 [INFO] ThirdParty:1030 - CMSIS Pack Vendor :quantropi X-CUBE-qispace-sdk-base 2.0.0
2025-07-25 10:43:03,123 [INFO] ThirdParty:1030 - CMSIS Pack Vendor :STMicroelectronics X-CUBE-AI 10.0.0
2025-07-25 10:43:03,123 [INFO] ThirdParty:1030 - CMSIS Pack Vendor :STMicroelectronics X-CUBE-ST67W61 1.0.0
2025-07-25 10:43:03,123 [INFO] ThirdParty:1030 - CMSIS Pack Vendor :STMicroelectronics FP-SNS-STAIOTCFT 1.0.0
2025-07-25 10:43:03,123 [INFO] ThirdParty:1030 - CMSIS Pack Vendor :STMicroelectronics ThreadX 1.0.0
2025-07-25 10:43:03,123 [INFO] ThirdParty:1030 - CMSIS Pack Vendor :STMicroelectronics FP-SNS-SMARTAG2 1.2.0
2025-07-25 10:43:03,123 [INFO] ThirdParty:1030 - CMSIS Pack Vendor :STMicroelectronics FP-SNS-FLIGHT1 5.1.0
2025-07-25 10:43:03,123 [INFO] ThirdParty:1030 - CMSIS Pack Vendor :STMicroelectronics X-CUBE-MEMS1 11.1.0
2025-07-25 10:43:03,123 [INFO] ThirdParty:1030 - CMSIS Pack Vendor :STMicroelectronics X-CUBE-AZRTOS-WL 2.0.0
2025-07-25 10:43:03,124 [INFO] ThirdParty:1030 - CMSIS Pack Vendor :SEGGER I-CUBE-embOS 1.3.1
2025-07-25 10:43:03,124 [INFO] ThirdParty:1030 - CMSIS Pack Vendor :STMicroelectronics X-CUBE-ALGOBUILD 1.4.0
2025-07-25 10:43:03,124 [INFO] ThirdParty:1030 - CMSIS Pack Vendor :STMicroelectronics X-CUBE-DPower 1.3.0
2025-07-25 10:43:03,124 [INFO] ThirdParty:1030 - CMSIS Pack Vendor :STMicroelectronics X-CUBE-MEMS1 11.3.0
2025-07-25 10:43:03,124 [INFO] ThirdParty:1030 - CMSIS Pack Vendor :STMicroelectronics FP-SNS-MOTENV1 5.0.0
2025-07-25 10:43:03,124 [INFO] ThirdParty:1030 - CMSIS Pack Vendor :STMicroelectronics USB_DEVICE 1.0.0
2025-07-25 10:43:03,124 [INFO] ThirdParty:1030 - CMSIS Pack Vendor :STMicroelectronics X-CUBE-AZRTOS-L4 2.0.0
2025-07-25 10:43:03,124 [INFO] ThirdParty:1030 - CMSIS Pack Vendor :STMicroelectronics ThreadX 0.0.2
2025-07-25 10:43:03,124 [INFO] ThirdParty:1030 - CMSIS Pack Vendor :WES I-CUBE-Cesium 1.3.0
2025-07-25 10:43:03,124 [INFO] ThirdParty:1030 - CMSIS Pack Vendor :STMicroelectronics lwIP 2.1.2
2025-07-25 10:43:03,125 [INFO] ThirdParty:1030 - CMSIS Pack Vendor :STMicroelectronics X-CUBE-SFXS2LP1 4.0.0
2025-07-25 10:43:03,125 [INFO] ThirdParty:1030 - CMSIS Pack Vendor :STMicroelectronics X-CUBE-BLE2 3.3.0
2025-07-25 10:43:03,125 [INFO] ThirdParty:1030 - CMSIS Pack Vendor :STMicroelectronics X-CUBE-TOF1 3.4.2
2025-07-25 10:43:03,128 [INFO] ThirdParty:1030 - CMSIS Pack Vendor :STMicroelectronics X-CUBE-TOF1 3.4.3
2025-07-25 10:43:03,129 [INFO] ThirdParty:1030 - CMSIS Pack Vendor :STMicroelectronics PDM2PCM 3.2.0
2025-07-25 10:43:03,130 [INFO] ThirdParty:841 - exiting critical section [change project]
2025-07-25 10:43:03,619 [INFO] PinOutPanel:1589 - setPackage(No Configuration,No Configuration)
2025-07-25 10:43:03,621 [INFO] PinOutPanel:1589 - setPackage(STM32F103RBTx,LQFP64)
2025-07-25 10:43:04,571 [INFO] UtilMem:75 - Before build in PCC Used Memory: 676118448 Bytes (1073741824)
2025-07-25 10:43:06,130 [INFO] UtilMem:75 - After build in PCC Used Memory: 708102064 Bytes (1073741824)
2025-07-25 10:43:06,199 [INFO] IPUIPlugin:80 - create IPUIPlugin
2025-07-25 10:43:06,202 [INFO] IPUIPlugin:80 - create IPUIPlugin
2025-07-25 10:43:06,202 [INFO] IPUIPlugin:80 - create IPUIPlugin
2025-07-25 10:43:06,203 [INFO] IPUIPlugin:80 - create IPUIPlugin
2025-07-25 10:43:06,204 [INFO] IPUIPlugin:80 - create IPUIPlugin
2025-07-25 10:43:06,204 [INFO] IPUIPlugin:80 - create IPUIPlugin
2025-07-25 10:43:06,205 [INFO] IPUIPlugin:80 - create IPUIPlugin
2025-07-25 10:43:06,205 [INFO] IPUIPlugin:80 - create IPUIPlugin
2025-07-25 10:43:06,207 [INFO] IPUIPlugin:80 - create IPUIPlugin
2025-07-25 10:43:06,208 [INFO] IPUIPlugin:80 - create IPUIPlugin
2025-07-25 10:43:06,210 [INFO] IPUIPlugin:80 - create IPUIPlugin
2025-07-25 10:43:06,210 [INFO] IPUIPlugin:80 - create IPUIPlugin
2025-07-25 10:43:06,210 [INFO] IPUIPlugin:80 - create IPUIPlugin
2025-07-25 10:43:06,211 [INFO] IPUIPlugin:80 - create IPUIPlugin
2025-07-25 10:43:06,211 [INFO] IPUIPlugin:80 - create IPUIPlugin
2025-07-25 10:43:06,212 [INFO] IPUIPlugin:80 - create IPUIPlugin
2025-07-25 10:43:06,212 [INFO] IPUIPlugin:80 - create IPUIPlugin
2025-07-25 10:43:06,212 [INFO] IPUIPlugin:80 - create IPUIPlugin
2025-07-25 10:43:06,213 [INFO] IPUIPlugin:80 - create IPUIPlugin
2025-07-25 10:43:06,213 [INFO] IPUIPlugin:80 - create IPUIPlugin
2025-07-25 10:43:06,213 [INFO] IPUIPlugin:80 - create IPUIPlugin
2025-07-25 10:43:06,214 [INFO] IPUIPlugin:80 - create IPUIPlugin
2025-07-25 10:43:06,215 [INFO] IPUIPlugin:80 - create IPUIPlugin
2025-07-25 10:43:06,215 [INFO] IPUIPlugin:80 - create IPUIPlugin
2025-07-25 10:43:06,216 [INFO] IPUIPlugin:80 - create IPUIPlugin
2025-07-25 10:43:06,216 [INFO] IPUIPlugin:80 - create IPUIPlugin
2025-07-25 10:43:06,217 [INFO] IPUIPlugin:80 - create IPUIPlugin
2025-07-25 10:43:06,403 [INFO] CADModel:165 - CPN selected for project levelSTM32F103RBT6
2025-07-25 10:43:06,404 [INFO] CADModel:114 - Register for checkConnection events
2025-07-25 10:43:06,558 [INFO] OpenFileManager:363 - Restore cursor
2025-07-25 10:43:15,919 [INFO] Gpio:277 - dependency for GPIO [RCC, SYS, USART2]
2025-07-25 10:50:44,090 [INFO] MainUpdater:2872 - connection check result : 10
2025-07-25 10:50:44,091 [INFO] MainUpdater:2872 - connection check result : 10
2025-07-25 10:50:44,353 [INFO] MicroXplorer:468 - Change Database Path : 
2025-07-25 10:50:44,354 [INFO] MicroXplorer:498 - Change Database Version : DB.6.0.130
2025-07-25 10:50:44,427 [ERROR] ProjectManagerView:394 - 
java.lang.NullPointerException: Cannot invoke "javax.swing.JTextField.getText()" because the return value of "java.util.List.get(int)" is null
	at com.st.microxplorer.plugins.projectmanager.gui.ProjectChoiceTab$9.caretUpdate(ProjectChoiceTab.java:2616) ~[filemanager.jar:?]
	at javax.swing.text.JTextComponent.fireCaretUpdate(JTextComponent.java:408) ~[?:?]
	at javax.swing.text.JTextComponent$MutableCaretEvent.fire(JTextComponent.java:4484) ~[?:?]
	at javax.swing.text.JTextComponent$MutableCaretEvent.stateChanged(JTextComponent.java:4506) ~[?:?]
	at javax.swing.text.DefaultCaret.fireStateChanged(DefaultCaret.java:857) ~[?:?]
	at javax.swing.text.DefaultCaret.changeCaretPosition(DefaultCaret.java:1343) ~[?:?]
	at javax.swing.text.DefaultCaret.handleSetDot(DefaultCaret.java:1242) ~[?:?]
	at javax.swing.text.DefaultCaret.setDot(DefaultCaret.java:1223) ~[?:?]
	at javax.swing.text.DefaultCaret$Handler.insertUpdate(DefaultCaret.java:1819) ~[?:?]
	at javax.swing.text.AbstractDocument.fireInsertUpdate(AbstractDocument.java:227) ~[?:?]
	at javax.swing.text.AbstractDocument.handleInsertString(AbstractDocument.java:781) ~[?:?]
	at javax.swing.text.AbstractDocument.insertString(AbstractDocument.java:740) ~[?:?]
	at javax.swing.text.PlainDocument.insertString(PlainDocument.java:131) ~[?:?]
	at javax.swing.text.AbstractDocument.replace(AbstractDocument.java:699) ~[?:?]
	at javax.swing.text.JTextComponent.setText(JTextComponent.java:1725) ~[?:?]
	at com.st.microxplorer.plugins.projectmanager.gui.ProjectChoiceTab.createHeapStackFields(ProjectChoiceTab.java:975) ~[filemanager.jar:?]
	at com.st.microxplorer.plugins.projectmanager.gui.ProjectChoiceTab.buildLinkSettingsPanel(ProjectChoiceTab.java:3666) ~[filemanager.jar:?]
	at com.st.microxplorer.plugins.projectmanager.gui.ProjectChoiceTab.defineWindowsFields(ProjectChoiceTab.java:1934) ~[filemanager.jar:?]
	at com.st.microxplorer.plugins.projectmanager.gui.ProjectChoiceTab.updateSettings(ProjectChoiceTab.java:553) ~[filemanager.jar:?]
	at com.st.microxplorer.plugins.projectmanager.gui.ProjectSettingsPanel.UpdateDialog(ProjectSettingsPanel.java:245) ~[filemanager.jar:?]
	at com.st.microxplorer.plugins.projectmanager.ProjectManagerView.propertyChange(ProjectManagerView.java:391) ~[filemanager.jar:?]
	at java.beans.PropertyChangeSupport.fire(PropertyChangeSupport.java:343) ~[?:?]
	at java.beans.PropertyChangeSupport.firePropertyChange(PropertyChangeSupport.java:335) ~[?:?]
	at java.beans.PropertyChangeSupport.firePropertyChange(PropertyChangeSupport.java:268) ~[?:?]
	at com.st.microxplorer.util.MXPropertyChangeSupport.firePropertyChange(MXPropertyChangeSupport.java:54) ~[STM32CubeMX.jar:?]
	at com.st.microxplorer.mxsystem.MxSystem.closeConfig(MxSystem.java:899) ~[STM32CubeMX.jar:?]
	at com.st.microxplorer.maingui.MainPanel.closeConfig(MainPanel.java:789) ~[STM32CubeMX.jar:?]
	at com.st.microxplorer.plugins.filemanager.engine.OpenFileManager.loadConfigurationFile(OpenFileManager.java:265) ~[filemanager.jar:?]
	at com.st.microxplorer.plugins.filemanager.engine.MainFileManager.userLoadConfig(MainFileManager.java:340) ~[filemanager.jar:?]
	at com.st.microxplorer.plugins.filemanager.engine.MainFileManager.userLoadConfig(MainFileManager.java:318) ~[filemanager.jar:?]
	at com.st.microxplorer.plugins.filemanager.FileManagerView.getSpecificTask(FileManagerView.java:246) ~[filemanager.jar:?]
	at com.st.stm32cube.common.mx.editor.CubeMxEditor.getMxTabbedPaneInstance(CubeMxEditor.java:1198) ~[com.st.stm32cube.common.mx_6.13.0.202411220809/:?]
	at com.st.stm32cube.common.mx.editor.CubeMxEditor$12$1.createSwingComponent(CubeMxEditor.java:1068) ~[com.st.stm32cube.common.mx_6.13.0.202411220809/:?]
	at com.st.stm32cube.common.mx.oss.core.awtswtbridge.EmbeddedSwingComposite.doComponentCreation(EmbeddedSwingComposite.java:492) ~[com.st.stm32cube.common.mx.oss_6.13.0.202411220809/:?]
	at com.st.stm32cube.common.mx.oss.core.awtswtbridge.EmbeddedSwingComposite$4.run(EmbeddedSwingComposite.java:291) ~[com.st.stm32cube.common.mx.oss_6.13.0.202411220809/:?]
	at com.st.stm32cube.common.mx.oss.core.awtswtbridge.AwtEnvironment$2.run(AwtEnvironment.java:166) ~[com.st.stm32cube.common.mx.oss_6.13.0.202411220809/:?]
	at java.awt.event.InvocationEvent.dispatch(InvocationEvent.java:318) ~[?:?]
	at java.awt.EventQueue.dispatchEventImpl(EventQueue.java:773) ~[?:?]
	at java.awt.EventQueue$4.run(EventQueue.java:720) ~[?:?]
	at java.awt.EventQueue$4.run(EventQueue.java:714) ~[?:?]
	at java.security.AccessController.doPrivileged(AccessController.java:400) ~[?:?]
	at java.security.ProtectionDomain$JavaSecurityAccessImpl.doIntersectionPrivilege(ProtectionDomain.java:87) ~[?:?]
	at java.awt.EventQueue.dispatchEvent(EventQueue.java:742) ~[?:?]
	at java.awt.EventDispatchThread.pumpOneEventForFilters(EventDispatchThread.java:203) ~[?:?]
	at java.awt.EventDispatchThread.pumpEventsForFilter(EventDispatchThread.java:124) ~[?:?]
	at java.awt.EventDispatchThread.pumpEventsForHierarchy(EventDispatchThread.java:113) ~[?:?]
	at java.awt.EventDispatchThread.pumpEvents(EventDispatchThread.java:109) ~[?:?]
	at java.awt.EventDispatchThread.pumpEvents(EventDispatchThread.java:101) ~[?:?]
	at java.awt.EventDispatchThread.run(EventDispatchThread.java:90) ~[?:?]
2025-07-25 10:50:44,431 [WARN] ThirdParty:871 - waiting for thirdparty lock release [close project]
2025-07-25 10:50:44,431 [INFO] ThirdParty:873 - entering critical section [close project]
2025-07-25 10:50:44,431 [INFO] ThirdParty:883 - exiting critical section [close project]
2025-07-25 10:50:44,434 [INFO] PinOutPanel:1589 - setPackage(No Configuration,No Configuration)
2025-07-25 10:50:44,440 [INFO] UtilMem:75 - Begin LoadConfig() Used Memory: 789116440 Bytes (1073741824)
2025-07-25 10:50:44,442 [INFO] MicroXplorer:468 - Change Database Path : 
2025-07-25 10:50:44,442 [INFO] MicroXplorer:498 - Change Database Version : DB.6.0.130
2025-07-25 10:50:44,442 [INFO] OpenFileManager:332 - Change cursor
2025-07-25 10:50:44,475 [INFO] Mcu:2035 - Initializing MCU STM32F103R(8-B)Tx STM32F103RBTx STM32F103RBT6
2025-07-25 10:50:46,366 [INFO] Context:748 - Trying to add GPIOservice into a context  which must be forbidden
2025-07-25 10:50:47,151 [INFO] RtosManager:555 - Registered RTOS mode: class=CMSIS, group=RTOS, mode=CMSIS_V1, owner=FREERTOS
2025-07-25 10:50:47,151 [INFO] RtosManager:555 - Registered RTOS mode: class=CMSIS, group=RTOS2, mode=CMSIS_V2, owner=FREERTOS
2025-07-25 10:50:47,151 [INFO] RtosManager:555 - Registered RTOS mode: class=RTOS, group=Core, mode=CMSIS_V1, owner=FREERTOS
2025-07-25 10:50:47,151 [INFO] RtosManager:555 - Registered RTOS mode: class=RTOS, group=Core, mode=CMSIS_V2, owner=FREERTOS
2025-07-25 10:50:47,151 [WARN] ModelIntegratedComponent:184 - Missing modes for component STMicroelectronics:FreeRTOS:0.0.1:STMicroelectronics:RTOS:FreeRTOS:Core:::10.2.0:
2025-07-25 10:50:47,172 [WARN] ModelIntegratedComponent:63 - No mode defined for component null
2025-07-25 10:50:47,172 [WARN] ModelIntegratedComponent:63 - No mode defined for component null
2025-07-25 10:50:47,173 [WARN] ModelIntegratedComponent:63 - No mode defined for component null
2025-07-25 10:50:47,173 [WARN] ModelIntegratedComponent:63 - No mode defined for component null
2025-07-25 10:50:47,173 [WARN] ModelIntegratedComponent:63 - No mode defined for component null
2025-07-25 10:50:47,173 [WARN] ModelIntegratedComponent:63 - No mode defined for component null
2025-07-25 10:50:47,173 [WARN] ModelIntegratedComponent:63 - No mode defined for component null
2025-07-25 10:50:47,174 [WARN] ModelIntegratedComponent:63 - No mode defined for component null
2025-07-25 10:50:47,177 [WARN] ModelIntegratedComponent:63 - No mode defined for component null
2025-07-25 10:50:47,177 [WARN] ModelIntegratedComponent:63 - No mode defined for component null
2025-07-25 10:50:47,177 [WARN] ModelIntegratedComponent:63 - No mode defined for component null
2025-07-25 10:50:47,177 [WARN] ModelIntegratedComponent:63 - No mode defined for component null
2025-07-25 10:50:47,177 [WARN] ModelIntegratedComponent:63 - No mode defined for component null
2025-07-25 10:50:47,177 [WARN] ModelIntegratedComponent:63 - No mode defined for component null
2025-07-25 10:50:47,177 [WARN] ModelIntegratedComponent:63 - No mode defined for component null
2025-07-25 10:50:47,177 [WARN] ModelIntegratedComponent:63 - No mode defined for component null
2025-07-25 10:50:47,177 [WARN] ModelIntegratedComponent:63 - No mode defined for component null
2025-07-25 10:50:47,177 [WARN] ModelIntegratedComponent:63 - No mode defined for component null
2025-07-25 10:50:47,178 [WARN] ModelIntegratedComponent:63 - No mode defined for component null
2025-07-25 10:50:47,178 [WARN] ModelIntegratedComponent:63 - No mode defined for component null
2025-07-25 10:50:47,178 [WARN] ModelIntegratedComponent:63 - No mode defined for component null
2025-07-25 10:50:47,178 [WARN] ModelIntegratedComponent:63 - No mode defined for component null
2025-07-25 10:50:47,178 [WARN] ModelIntegratedComponent:63 - No mode defined for component null
2025-07-25 10:50:47,178 [WARN] ModelIntegratedComponent:63 - No mode defined for component null
2025-07-25 10:50:47,178 [WARN] ModelIntegratedComponent:63 - No mode defined for component null
2025-07-25 10:50:47,180 [WARN] ModelIntegratedComponent:63 - No mode defined for component null
2025-07-25 10:50:47,180 [WARN] ModelIntegratedComponent:63 - No mode defined for component null
2025-07-25 10:50:47,180 [WARN] ModelIntegratedComponent:63 - No mode defined for component null
2025-07-25 10:50:47,180 [WARN] ModelIntegratedComponent:63 - No mode defined for component null
2025-07-25 10:50:47,181 [WARN] ModelIntegratedComponent:63 - No mode defined for component null
2025-07-25 10:50:47,181 [WARN] ModelIntegratedComponent:63 - No mode defined for component null
2025-07-25 10:50:47,181 [WARN] ModelIntegratedComponent:63 - No mode defined for component null
2025-07-25 10:50:47,181 [WARN] ModelIntegratedComponent:63 - No mode defined for component null
2025-07-25 10:50:47,181 [WARN] ModelIntegratedComponent:63 - No mode defined for component null
2025-07-25 10:50:47,181 [WARN] ModelIntegratedComponent:63 - No mode defined for component null
2025-07-25 10:50:47,181 [WARN] ModelPack:524 - Component already loaded: STMicroelectronics:HAL Drivers:0.0.0:STMicroelectronics:Device:STMicro_Driver:XSPI:HAL::0.0.1:HAL_XSPI
2025-07-25 10:50:47,428 [INFO] ThirdPartyModel:298 - Start build external matchings
2025-07-25 10:50:49,625 [INFO] ThirdPartyModel:316 - End build external matchings
2025-07-25 10:50:49,717 [INFO] ImportTextPane:218 - (OptionalMessage_ERROR) IP (RCC) : Parameter (ADCFreqValue) has invalid value (32000000)
2025-07-25 10:50:49,718 [INFO] ImportTextPane:218 - (OptionalMessage_ERROR) IP (RCC) : Invalid parameter (FamilyName)
2025-07-25 10:50:49,718 [INFO] ImportTextPane:218 - (OptionalMessage_ERROR) IP (RCC) : Parameter (MCOFreq_Value) has invalid value (64000000)
2025-07-25 10:50:49,719 [INFO] ImportTextPane:218 - (OptionalMessage_ERROR) IP (RCC) : Parameter (USBFreq_Value) has invalid value (64000000)
2025-07-25 10:50:50,136 [INFO] UtilMem:75 - End LoadConfig() Used Memory: 977621512 Bytes (1073741824)
2025-07-25 10:50:50,204 [WARN] ThirdParty:833 - waiting for thirdparty lock release [change project]
2025-07-25 10:50:50,204 [INFO] ThirdParty:835 - entering critical section [change project]
2025-07-25 10:50:50,204 [INFO] ThirdParty:1030 - CMSIS Pack Vendor :STMicroelectronics X-CUBE-PM33A1 1.0.0
2025-07-25 10:50:50,204 [INFO] ThirdParty:1030 - CMSIS Pack Vendor :STMicroelectronics USBPD 4.1
2025-07-25 10:50:50,204 [INFO] ThirdParty:1030 - CMSIS Pack Vendor :STMicroelectronics X-CUBE-AZRTOS-H7 3.3.0
2025-07-25 10:50:50,205 [INFO] ThirdParty:1030 - CMSIS Pack Vendor :STMicroelectronics X-CUBE-NFC9 1.0.0
2025-07-25 10:50:50,205 [INFO] ThirdParty:1030 - CMSIS Pack Vendor :STMicroelectronics USB_HOST 2.0.0
2025-07-25 10:50:50,205 [INFO] ThirdParty:1030 - CMSIS Pack Vendor :STMicroelectronics FP-SNS-MOTENVWB1 1.4.0
2025-07-25 10:50:50,205 [INFO] ThirdParty:1030 - CMSIS Pack Vendor :STMicroelectronics X-CUBE-AZRTOS-F4 1.1.0
2025-07-25 10:50:50,205 [INFO] ThirdParty:1030 - CMSIS Pack Vendor :STMicroelectronics LIBJPEG 8.0.0
2025-07-25 10:50:50,205 [INFO] ThirdParty:1030 - CMSIS Pack Vendor :STMicroelectronics FP-ATR-ASTRA1 2.0.2
2025-07-25 10:50:50,206 [INFO] ThirdParty:1030 - CMSIS Pack Vendor :STMicroelectronics X-CUBE-BLE1 7.1.0
2025-07-25 10:50:50,206 [INFO] ThirdParty:1030 - CMSIS Pack Vendor :Avnet-IotConnect X-CUBE-IoTC-DA16k-PMOD 1.0.0
2025-07-25 10:50:50,206 [INFO] ThirdParty:1030 - CMSIS Pack Vendor :STMicroelectronics X-CUBE-SMBUS 2.1.0
2025-07-25 10:50:50,206 [INFO] ThirdParty:1030 - CMSIS Pack Vendor :STMicroelectronics X-CUBE-WB05N 1.1.0
2025-07-25 10:50:50,206 [INFO] ThirdParty:1030 - CMSIS Pack Vendor :wolfSSL I-CUBE-wolfMQTT 1.19.2
2025-07-25 10:50:50,206 [INFO] ThirdParty:1030 - CMSIS Pack Vendor :STMicroelectronics USB_DEVICE 3.0.0
2025-07-25 10:50:50,207 [INFO] ThirdParty:1030 - CMSIS Pack Vendor :STMicroelectronics X-CUBE-ISPU 2.1.0
2025-07-25 10:50:50,207 [INFO] ThirdParty:1030 - CMSIS Pack Vendor :STMicroelectronics X-CUBE-EEPRMA1 5.2.0
2025-07-25 10:50:50,207 [INFO] ThirdParty:1030 - CMSIS Pack Vendor :STMicroelectronics X-CUBE-BLEMGR 4.1.0
2025-07-25 10:50:50,207 [INFO] ThirdParty:1030 - CMSIS Pack Vendor :STMicroelectronics X-CUBE-AZRTOS-WB 2.0.0
2025-07-25 10:50:50,207 [INFO] ThirdParty:1030 - CMSIS Pack Vendor :STMicroelectronics X-CUBE-ST60 1.0.0
2025-07-25 10:50:50,207 [INFO] ThirdParty:1030 - CMSIS Pack Vendor :STMicroelectronics X-CUBE-GNSS1 7.0.1
2025-07-25 10:50:50,208 [INFO] ThirdParty:1030 - CMSIS Pack Vendor :STMicroelectronics X-CUBE-NFC12 1.0.0
2025-07-25 10:50:50,208 [INFO] ThirdParty:1030 - CMSIS Pack Vendor :STMicroelectronics X-CUBE-AZRTOS-F7 1.1.0
2025-07-25 10:50:50,208 [INFO] ThirdParty:1030 - CMSIS Pack Vendor :STMicroelectronics X-CUBE-AZRTOS-L5 2.0.0
2025-07-25 10:50:50,208 [INFO] ThirdParty:1030 - CMSIS Pack Vendor :STMicroelectronics X-CUBE-TOUCHGFX 4.25.0
2025-07-25 10:50:50,208 [INFO] ThirdParty:1030 - CMSIS Pack Vendor :STMicroelectronics USB_DEVICE 2.0.0
2025-07-25 10:50:50,211 [INFO] ThirdParty:1030 - CMSIS Pack Vendor :STMicroelectronics X-CUBE-NFC6 3.1.0
2025-07-25 10:50:50,212 [INFO] ThirdParty:1030 - CMSIS Pack Vendor :STMicroelectronics X-CUBE-AI 10.1.0
2025-07-25 10:50:50,212 [INFO] ThirdParty:1030 - CMSIS Pack Vendor :STMicroelectronics FP-SNS-STBOX1 2.0.0
2025-07-25 10:50:50,212 [INFO] ThirdParty:1030 - CMSIS Pack Vendor :STMicroelectronics X-CUBE-MEMS1 11.2.0
2025-07-25 10:50:50,212 [INFO] ThirdParty:1030 - CMSIS Pack Vendor :STMicroelectronics FreeRTOS 0.0.1
2025-07-25 10:50:50,212 [INFO] ThirdParty:1030 - CMSIS Pack Vendor :STMicroelectronics X-CUBE-AZRTOS-G0 1.1.0
2025-07-25 10:50:50,212 [INFO] ThirdParty:1030 - CMSIS Pack Vendor :STMicroelectronics X-CUBE-SAFEA1 1.2.2
2025-07-25 10:50:50,212 [INFO] ThirdParty:1030 - CMSIS Pack Vendor :STMicroelectronics X-CUBE-NFC4 3.0.0
2025-07-25 10:50:50,213 [INFO] ThirdParty:1030 - CMSIS Pack Vendor :STMicroelectronics X-CUBE-DPower 1.2.0
2025-07-25 10:50:50,214 [INFO] ThirdParty:1030 - CMSIS Pack Vendor :STMicroelectronics X-CUBE-SUBG2 5.0.0
2025-07-25 10:50:50,214 [INFO] ThirdParty:1030 - CMSIS Pack Vendor :STMicroelectronics X-CUBE-AZRTOS-H7RS 1.1.0
2025-07-25 10:50:50,214 [INFO] ThirdParty:1030 - CMSIS Pack Vendor :STMicroelectronics STM32_WPAN 1.0.0
2025-07-25 10:50:50,215 [INFO] ThirdParty:1030 - CMSIS Pack Vendor :EmbeddedOffice I-CUBE-FS-RTOS 1.0.1
2025-07-25 10:50:50,215 [INFO] ThirdParty:1030 - CMSIS Pack Vendor :STMicroelectronics lwIP 2.0.3
2025-07-25 10:50:50,215 [INFO] ThirdParty:1030 - CMSIS Pack Vendor :Cesanta I-CUBE-Mongoose 7.13.0
2025-07-25 10:50:50,215 [INFO] ThirdParty:1030 - CMSIS Pack Vendor :STMicroelectronics USB_HOST 1.0.0
2025-07-25 10:50:50,215 [INFO] ThirdParty:1030 - CMSIS Pack Vendor :Infineon AIROC-Wi-Fi-Bluetooth-STM32 1.7.0
2025-07-25 10:50:50,215 [INFO] ThirdParty:1030 - CMSIS Pack Vendor :STMicroelectronics X-CUBE-AZRTOS-G4 2.0.0
2025-07-25 10:50:50,215 [INFO] ThirdParty:1030 - CMSIS Pack Vendor :STMicroelectronics X-CUBE-WB05N 2.0.0
2025-07-25 10:50:50,215 [INFO] ThirdParty:1030 - CMSIS Pack Vendor :STMicroelectronics PDM2PCM 3.1.0
2025-07-25 10:50:50,215 [INFO] ThirdParty:1030 - CMSIS Pack Vendor :STMicroelectronics PDM2PCM 3.3.0
2025-07-25 10:50:50,216 [INFO] ThirdParty:1030 - CMSIS Pack Vendor :wolfSSL I-CUBE-wolfTPM 3.8.0
2025-07-25 10:50:50,216 [INFO] ThirdParty:1030 - CMSIS Pack Vendor :STMicroelectronics X-CUBE-AZRTOS-H7 3.4.0
2025-07-25 10:50:50,216 [INFO] ThirdParty:1030 - CMSIS Pack Vendor :STMicroelectronics X-CUBE-DISPLAY 3.0.0
2025-07-25 10:50:50,216 [INFO] ThirdParty:1030 - CMSIS Pack Vendor :wolfSSL I-CUBE-wolfSSH 1.4.20
2025-07-25 10:50:50,216 [INFO] ThirdParty:1030 - CMSIS Pack Vendor :STMicroelectronics X-CUBE-NFC7 2.0.0
2025-07-25 10:50:50,216 [INFO] ThirdParty:1030 - CMSIS Pack Vendor :STMicroelectronics X-CUBE-TCPP 4.2.0
2025-07-25 10:50:50,216 [INFO] ThirdParty:1030 - CMSIS Pack Vendor :RealThread X-CUBE-RT-Thread_Nano 4.1.1
2025-07-25 10:50:50,216 [INFO] ThirdParty:1030 - CMSIS Pack Vendor :STMicroelectronics FP-ATR-SIGFOX1 3.2.0
2025-07-25 10:50:50,216 [INFO] ThirdParty:1030 - CMSIS Pack Vendor :STMicroelectronics X-CUBE-NFC10 1.0.0
2025-07-25 10:50:50,216 [INFO] ThirdParty:1030 - CMSIS Pack Vendor :STMicroelectronics X-CUBE-BLEMGR 4.0.0
2025-07-25 10:50:50,216 [INFO] ThirdParty:1030 - CMSIS Pack Vendor :STMicroelectronics X-CUBE-EEPRMA1 5.1.0
2025-07-25 10:50:50,216 [INFO] ThirdParty:1030 - CMSIS Pack Vendor :STMicroelectronics X-CUBE-FREERTOS 1.3.1
2025-07-25 10:50:50,217 [INFO] ThirdParty:1030 - CMSIS Pack Vendor :STMicroelectronics HAL Drivers 0.0.0
2025-07-25 10:50:50,217 [INFO] ThirdParty:1030 - CMSIS Pack Vendor :STMicroelectronics MBEDTLS 2.16.2
2025-07-25 10:50:50,217 [INFO] ThirdParty:1030 - CMSIS Pack Vendor :STMicroelectronics X-CUBE-IPS 3.1.0
2025-07-25 10:50:50,217 [INFO] ThirdParty:1030 - CMSIS Pack Vendor :STMicroelectronics X-CUBE-ALS 1.0.2
2025-07-25 10:50:50,217 [INFO] ThirdParty:1030 - CMSIS Pack Vendor :emotas I-CUBE-CANOPEN 1.3.0
2025-07-25 10:50:50,217 [INFO] ThirdParty:1030 - CMSIS Pack Vendor :STMicroelectronics X-CUBE-FREERTOS 1.3.0
2025-07-25 10:50:50,217 [INFO] ThirdParty:1030 - CMSIS Pack Vendor :STMicroelectronics X-CUBE-NFC7 1.0.1
2025-07-25 10:50:50,217 [INFO] ThirdParty:1030 - CMSIS Pack Vendor :STMicroelectronics MBEDTLS 2.14.1
2025-07-25 10:50:50,217 [INFO] ThirdParty:1030 - CMSIS Pack Vendor :wolfSSL I-CUBE-wolfSSL 5.7.6
2025-07-25 10:50:50,217 [INFO] ThirdParty:1030 - CMSIS Pack Vendor :ITTIA_DB I-CUBE-ITTIADB 8.9.0
2025-07-25 10:50:50,217 [INFO] ThirdParty:1030 - CMSIS Pack Vendor :portGmbH I-Cube-SoM-uGOAL 1.1.0
2025-07-25 10:50:50,218 [INFO] ThirdParty:1030 - CMSIS Pack Vendor :quantropi X-CUBE-qispace-sdk-base 2.0.0
2025-07-25 10:50:50,218 [INFO] ThirdParty:1030 - CMSIS Pack Vendor :STMicroelectronics X-CUBE-AI 10.0.0
2025-07-25 10:50:50,218 [INFO] ThirdParty:1030 - CMSIS Pack Vendor :STMicroelectronics X-CUBE-ST67W61 1.0.0
2025-07-25 10:50:50,218 [INFO] ThirdParty:1030 - CMSIS Pack Vendor :STMicroelectronics FP-SNS-STAIOTCFT 1.0.0
2025-07-25 10:50:50,218 [INFO] ThirdParty:1030 - CMSIS Pack Vendor :STMicroelectronics ThreadX 1.0.0
2025-07-25 10:50:50,218 [INFO] ThirdParty:1030 - CMSIS Pack Vendor :STMicroelectronics FP-SNS-SMARTAG2 1.2.0
2025-07-25 10:50:50,218 [INFO] ThirdParty:1030 - CMSIS Pack Vendor :STMicroelectronics FP-SNS-FLIGHT1 5.1.0
2025-07-25 10:50:50,218 [INFO] ThirdParty:1030 - CMSIS Pack Vendor :STMicroelectronics X-CUBE-MEMS1 11.1.0
2025-07-25 10:50:50,218 [INFO] ThirdParty:1030 - CMSIS Pack Vendor :STMicroelectronics X-CUBE-AZRTOS-WL 2.0.0
2025-07-25 10:50:50,218 [INFO] ThirdParty:1030 - CMSIS Pack Vendor :SEGGER I-CUBE-embOS 1.3.1
2025-07-25 10:50:50,218 [INFO] ThirdParty:1030 - CMSIS Pack Vendor :STMicroelectronics X-CUBE-ALGOBUILD 1.4.0
2025-07-25 10:50:50,219 [INFO] ThirdParty:1030 - CMSIS Pack Vendor :STMicroelectronics X-CUBE-DPower 1.3.0
2025-07-25 10:50:50,219 [INFO] ThirdParty:1030 - CMSIS Pack Vendor :STMicroelectronics X-CUBE-MEMS1 11.3.0
2025-07-25 10:50:50,219 [INFO] ThirdParty:1030 - CMSIS Pack Vendor :STMicroelectronics FP-SNS-MOTENV1 5.0.0
2025-07-25 10:50:50,219 [INFO] ThirdParty:1030 - CMSIS Pack Vendor :STMicroelectronics USB_DEVICE 1.0.0
2025-07-25 10:50:50,219 [INFO] ThirdParty:1030 - CMSIS Pack Vendor :STMicroelectronics X-CUBE-AZRTOS-L4 2.0.0
2025-07-25 10:50:50,219 [INFO] ThirdParty:1030 - CMSIS Pack Vendor :STMicroelectronics ThreadX 0.0.2
2025-07-25 10:50:50,219 [INFO] ThirdParty:1030 - CMSIS Pack Vendor :WES I-CUBE-Cesium 1.3.0
2025-07-25 10:50:50,219 [INFO] ThirdParty:1030 - CMSIS Pack Vendor :STMicroelectronics lwIP 2.1.2
2025-07-25 10:50:50,219 [INFO] ThirdParty:1030 - CMSIS Pack Vendor :STMicroelectronics X-CUBE-SFXS2LP1 4.0.0
2025-07-25 10:50:50,219 [INFO] ThirdParty:1030 - CMSIS Pack Vendor :STMicroelectronics X-CUBE-BLE2 3.3.0
2025-07-25 10:50:50,219 [INFO] ThirdParty:1030 - CMSIS Pack Vendor :STMicroelectronics X-CUBE-TOF1 3.4.2
2025-07-25 10:50:50,219 [INFO] ThirdParty:1030 - CMSIS Pack Vendor :STMicroelectronics X-CUBE-TOF1 3.4.3
2025-07-25 10:50:50,220 [INFO] ThirdParty:1030 - CMSIS Pack Vendor :STMicroelectronics PDM2PCM 3.2.0
2025-07-25 10:50:50,220 [INFO] ThirdParty:841 - exiting critical section [change project]
2025-07-25 10:50:50,565 [INFO] PinOutPanel:1589 - setPackage(No Configuration,No Configuration)
2025-07-25 10:50:50,566 [INFO] PinOutPanel:1589 - setPackage(STM32F103RBTx,LQFP64)
2025-07-25 10:50:51,570 [INFO] UtilMem:75 - Before build in PCC Used Memory: 684070976 Bytes (1073741824)
2025-07-25 10:50:52,535 [INFO] UtilMem:75 - After build in PCC Used Memory: 728558664 Bytes (1073741824)
2025-07-25 10:50:52,593 [INFO] IPUIPlugin:80 - create IPUIPlugin
2025-07-25 10:50:52,594 [INFO] IPUIPlugin:80 - create IPUIPlugin
2025-07-25 10:50:52,594 [INFO] IPUIPlugin:80 - create IPUIPlugin
2025-07-25 10:50:52,598 [INFO] IPUIPlugin:80 - create IPUIPlugin
2025-07-25 10:50:52,598 [INFO] IPUIPlugin:80 - create IPUIPlugin
2025-07-25 10:50:52,598 [INFO] IPUIPlugin:80 - create IPUIPlugin
2025-07-25 10:50:52,598 [INFO] IPUIPlugin:80 - create IPUIPlugin
2025-07-25 10:50:52,599 [INFO] IPUIPlugin:80 - create IPUIPlugin
2025-07-25 10:50:52,600 [INFO] IPUIPlugin:80 - create IPUIPlugin
2025-07-25 10:50:52,602 [INFO] IPUIPlugin:80 - create IPUIPlugin
2025-07-25 10:50:52,603 [INFO] IPUIPlugin:80 - create IPUIPlugin
2025-07-25 10:50:52,603 [INFO] IPUIPlugin:80 - create IPUIPlugin
2025-07-25 10:50:52,603 [INFO] IPUIPlugin:80 - create IPUIPlugin
2025-07-25 10:50:52,604 [INFO] IPUIPlugin:80 - create IPUIPlugin
2025-07-25 10:50:52,604 [INFO] IPUIPlugin:80 - create IPUIPlugin
2025-07-25 10:50:52,604 [INFO] IPUIPlugin:80 - create IPUIPlugin
2025-07-25 10:50:52,604 [INFO] IPUIPlugin:80 - create IPUIPlugin
2025-07-25 10:50:52,605 [INFO] IPUIPlugin:80 - create IPUIPlugin
2025-07-25 10:50:52,605 [INFO] IPUIPlugin:80 - create IPUIPlugin
2025-07-25 10:50:52,605 [INFO] IPUIPlugin:80 - create IPUIPlugin
2025-07-25 10:50:52,606 [INFO] IPUIPlugin:80 - create IPUIPlugin
2025-07-25 10:50:52,608 [INFO] IPUIPlugin:80 - create IPUIPlugin
2025-07-25 10:50:52,612 [INFO] IPUIPlugin:80 - create IPUIPlugin
2025-07-25 10:50:52,612 [INFO] IPUIPlugin:80 - create IPUIPlugin
2025-07-25 10:50:52,613 [INFO] IPUIPlugin:80 - create IPUIPlugin
2025-07-25 10:50:52,618 [INFO] IPUIPlugin:80 - create IPUIPlugin
2025-07-25 10:50:52,620 [INFO] IPUIPlugin:80 - create IPUIPlugin
2025-07-25 10:50:52,801 [INFO] CADModel:165 - CPN selected for project levelSTM32F103RBT6
2025-07-25 10:50:52,802 [INFO] CADModel:114 - Register for checkConnection events
2025-07-25 10:50:52,878 [INFO] OpenFileManager:363 - Restore cursor
2025-07-25 10:51:26,396 [INFO] Gpio:277 - dependency for GPIO [RCC, SYS, USART2]
2025-07-25 10:51:46,395 [INFO] UtilMem:75 - End SaveConfig() Used Memory: 760092736 Bytes (1073741824)
2025-07-25 10:51:47,165 [INFO] UtilMem:75 - End SaveConfig() Used Memory: 779782864 Bytes (1073741824)
2025-07-25 10:51:49,525 [INFO] UtilMem:75 - End SaveConfig() Used Memory: 885921856 Bytes (1073741824)
2025-07-25 10:51:50,661 [INFO] BlockDiagram:2766 - set Specific Code input for plugin: NVIC
2025-07-25 10:51:50,661 [INFO] BlockDiagram:2766 - set Specific Code input for plugin: USART
2025-07-25 10:51:50,661 [INFO] BlockDiagram:2766 - set Specific Code input for plugin: SYS
2025-07-25 10:51:50,662 [INFO] BlockDiagram:2766 - set Specific Code input for plugin: GPIO
2025-07-25 10:51:50,662 [INFO] BlockDiagram:2766 - set Specific Code input for plugin: RCC
2025-07-25 10:51:50,664 [INFO] CodeGenerator:896 - code generatio: config db path: C:\ST\STM32CubeIDE_1.17.0\STM32CubeIDE\plugins\com.st.stm32cube.common.mx_6.13.0.202411220809\\db\
2025-07-25 10:51:50,985 [INFO] CodeEngine:255 - oldGeneratedFile, C:\Users\Santiago\Desktop\facu\2025c1\TPF_TDSE\Pruebas_workspace\MdeE\MXTmpFiles\license.tmp_save
2025-07-25 10:51:51,936 [INFO] CodeEngine:279 - Generated code: C:\Users\Santiago\Desktop\facu\2025c1\TPF_TDSE\Pruebas_workspace\MdeE\MXTmpFiles\license.tmp
2025-07-25 10:51:52,189 [INFO] CodeEngine:255 - oldGeneratedFile, C:\Users\Santiago\Desktop\facu\2025c1\TPF_TDSE\Pruebas_workspace\MdeE\MXTmpFiles\gpio.tmp_save
2025-07-25 10:51:52,578 [INFO] CodeEngine:279 - Generated code: C:\Users\Santiago\Desktop\facu\2025c1\TPF_TDSE\Pruebas_workspace\MdeE\MXTmpFiles\gpio.tmp
2025-07-25 10:51:52,936 [INFO] CodeEngine:255 - oldGeneratedFile, C:\Users\Santiago\Desktop\facu\2025c1\TPF_TDSE\Pruebas_workspace\MdeE\Core\Src\stm32f1xx_it.c_save
2025-07-25 10:51:53,147 [ERROR] ConfigurationRetriever:142 - IOException on connection: Read timed out
2025-07-25 10:51:53,356 [INFO] CodeEngine:279 - Generated code: C:\Users\Santiago\Desktop\facu\2025c1\TPF_TDSE\Pruebas_workspace\MdeE\Core\Src\stm32f1xx_it.c
2025-07-25 10:51:53,419 [INFO] CodeEngine:255 - oldGeneratedFile, C:\Users\Santiago\Desktop\facu\2025c1\TPF_TDSE\Pruebas_workspace\MdeE\Core\Inc\stm32f1xx_it.h_save
2025-07-25 10:51:53,663 [INFO] CodeEngine:279 - Generated code: C:\Users\Santiago\Desktop\facu\2025c1\TPF_TDSE\Pruebas_workspace\MdeE\Core\Inc\stm32f1xx_it.h
2025-07-25 10:51:53,811 [INFO] CodeEngine:255 - oldGeneratedFile, C:\Users\Santiago\Desktop\facu\2025c1\TPF_TDSE\Pruebas_workspace\MdeE\Core\Src\stm32f1xx_hal_msp.c_save
2025-07-25 10:51:54,198 [INFO] CodeEngine:279 - Generated code: C:\Users\Santiago\Desktop\facu\2025c1\TPF_TDSE\Pruebas_workspace\MdeE\Core\Src\stm32f1xx_hal_msp.c
2025-07-25 10:51:54,227 [INFO] CodeEngine:255 - oldGeneratedFile, C:\Users\Santiago\Desktop\facu\2025c1\TPF_TDSE\Pruebas_workspace\MdeE\MXTmpFiles\system.tmp_save
2025-07-25 10:51:54,412 [INFO] CodeEngine:279 - Generated code: C:\Users\Santiago\Desktop\facu\2025c1\TPF_TDSE\Pruebas_workspace\MdeE\MXTmpFiles\system.tmp
2025-07-25 10:51:54,490 [INFO] CodeEngine:311 - oldGeneratedFile, C:\Users\Santiago\Desktop\facu\2025c1\TPF_TDSE\Pruebas_workspace\MdeE\Core\Inc\stm32f1xx_hal_conf.h_save
2025-07-25 10:51:54,727 [INFO] CodeEngine:335 - Generated code: C:\Users\Santiago\Desktop\facu\2025c1\TPF_TDSE\Pruebas_workspace\MdeE\Core\Inc\stm32f1xx_hal_conf.h
2025-07-25 10:51:54,799 [INFO] ApiDbMcu:508 - Load IP Config File for USART2
2025-07-25 10:51:54,808 [INFO] ApiDbMcu:508 - Load IP Config File for RCC
2025-07-25 10:51:54,884 [INFO] CodeEngine:255 - oldGeneratedFile, C:\Users\Santiago\Desktop\facu\2025c1\TPF_TDSE\Pruebas_workspace\MdeE\Core\Inc\main.h_save
2025-07-25 10:51:55,084 [INFO] CodeEngine:279 - Generated code: C:\Users\Santiago\Desktop\facu\2025c1\TPF_TDSE\Pruebas_workspace\MdeE\Core\Inc\main.h
2025-07-25 10:51:55,125 [INFO] CodeEngine:255 - oldGeneratedFile, C:\Users\Santiago\Desktop\facu\2025c1\TPF_TDSE\Pruebas_workspace\MdeE\Core\Src\main.c_save
2025-07-25 10:51:55,460 [INFO] CodeEngine:279 - Generated code: C:\Users\Santiago\Desktop\facu\2025c1\TPF_TDSE\Pruebas_workspace\MdeE\Core\Src\main.c
2025-07-25 10:51:56,375 [INFO] ProjectBuilder:3289 - Time for Copy HAL[1] : 392mS.
2025-07-25 10:51:56,393 [INFO] ProjectBuilder:4876 - Project Generator version: 4.5.0-RC5
2025-07-25 10:51:56,652 [INFO] ConfigFileManager:1579 - The Die is : DIE410
2025-07-25 10:51:56,693 [INFO] ApiDbMcu:508 - Load IP Config File for FATFS
2025-07-25 10:51:56,724 [INFO] ApiDbMcu:508 - Load IP Config File for FREERTOS
2025-07-25 10:51:56,750 [INFO] ApiDbMcu:508 - Load IP Config File for USB_DEVICE
2025-07-25 10:51:58,663 [INFO] LogOutputStream:77 - [STDOUT_REDIRECT] 
2025-07-25 10:52:03,677 [INFO] ProjectBuilder:5154 - Time for Generating toolchain IDE Files: 7282mS.
2025-07-25 10:52:03,679 [INFO] ProjectBuilder:3146 - Time for Copy CMSIS : 1mS.
2025-07-25 10:52:03,684 [INFO] ProjectBuilder:3146 - Time for Copy CMSIS : 0mS.
2025-07-25 11:21:29,356 [INFO] MainUpdater:2872 - connection check result : 10
2025-07-25 11:21:29,357 [INFO] MainUpdater:2872 - connection check result : 10
2025-07-25 11:21:30,180 [INFO] MicroXplorer:468 - Change Database Path : 
2025-07-25 11:21:30,180 [INFO] MicroXplorer:498 - Change Database Version : DB.6.0.130
2025-07-25 11:21:30,438 [ERROR] ProjectManagerView:394 - 
java.lang.NullPointerException: Cannot invoke "javax.swing.JTextField.getText()" because the return value of "java.util.List.get(int)" is null
	at com.st.microxplorer.plugins.projectmanager.gui.ProjectChoiceTab$9.caretUpdate(ProjectChoiceTab.java:2616) ~[filemanager.jar:?]
	at javax.swing.text.JTextComponent.fireCaretUpdate(JTextComponent.java:408) ~[?:?]
	at javax.swing.text.JTextComponent$MutableCaretEvent.fire(JTextComponent.java:4484) ~[?:?]
	at javax.swing.text.JTextComponent$MutableCaretEvent.stateChanged(JTextComponent.java:4506) ~[?:?]
	at javax.swing.text.DefaultCaret.fireStateChanged(DefaultCaret.java:857) ~[?:?]
	at javax.swing.text.DefaultCaret.changeCaretPosition(DefaultCaret.java:1343) ~[?:?]
	at javax.swing.text.DefaultCaret.handleSetDot(DefaultCaret.java:1242) ~[?:?]
	at javax.swing.text.DefaultCaret.setDot(DefaultCaret.java:1223) ~[?:?]
	at javax.swing.text.DefaultCaret$Handler.insertUpdate(DefaultCaret.java:1819) ~[?:?]
	at javax.swing.text.AbstractDocument.fireInsertUpdate(AbstractDocument.java:227) ~[?:?]
	at javax.swing.text.AbstractDocument.handleInsertString(AbstractDocument.java:781) ~[?:?]
	at javax.swing.text.AbstractDocument.insertString(AbstractDocument.java:740) ~[?:?]
	at javax.swing.text.PlainDocument.insertString(PlainDocument.java:131) ~[?:?]
	at javax.swing.text.AbstractDocument.replace(AbstractDocument.java:699) ~[?:?]
	at javax.swing.text.JTextComponent.setText(JTextComponent.java:1725) ~[?:?]
	at com.st.microxplorer.plugins.projectmanager.gui.ProjectChoiceTab.createHeapStackFields(ProjectChoiceTab.java:975) ~[filemanager.jar:?]
	at com.st.microxplorer.plugins.projectmanager.gui.ProjectChoiceTab.buildLinkSettingsPanel(ProjectChoiceTab.java:3666) ~[filemanager.jar:?]
	at com.st.microxplorer.plugins.projectmanager.gui.ProjectChoiceTab.defineWindowsFields(ProjectChoiceTab.java:1934) ~[filemanager.jar:?]
	at com.st.microxplorer.plugins.projectmanager.gui.ProjectChoiceTab.updateSettings(ProjectChoiceTab.java:553) ~[filemanager.jar:?]
	at com.st.microxplorer.plugins.projectmanager.gui.ProjectSettingsPanel.UpdateDialog(ProjectSettingsPanel.java:245) ~[filemanager.jar:?]
	at com.st.microxplorer.plugins.projectmanager.ProjectManagerView.propertyChange(ProjectManagerView.java:391) ~[filemanager.jar:?]
	at java.beans.PropertyChangeSupport.fire(PropertyChangeSupport.java:343) ~[?:?]
	at java.beans.PropertyChangeSupport.firePropertyChange(PropertyChangeSupport.java:335) ~[?:?]
	at java.beans.PropertyChangeSupport.firePropertyChange(PropertyChangeSupport.java:268) ~[?:?]
	at com.st.microxplorer.util.MXPropertyChangeSupport.firePropertyChange(MXPropertyChangeSupport.java:54) ~[STM32CubeMX.jar:?]
	at com.st.microxplorer.mxsystem.MxSystem.closeConfig(MxSystem.java:899) ~[STM32CubeMX.jar:?]
	at com.st.microxplorer.maingui.MainPanel.closeConfig(MainPanel.java:789) ~[STM32CubeMX.jar:?]
	at com.st.microxplorer.plugins.filemanager.engine.OpenFileManager.loadConfigurationFile(OpenFileManager.java:265) ~[filemanager.jar:?]
	at com.st.microxplorer.plugins.filemanager.engine.MainFileManager.userLoadConfig(MainFileManager.java:340) ~[filemanager.jar:?]
	at com.st.microxplorer.plugins.filemanager.engine.MainFileManager.userLoadConfig(MainFileManager.java:318) ~[filemanager.jar:?]
	at com.st.microxplorer.plugins.filemanager.FileManagerView.getSpecificTask(FileManagerView.java:246) ~[filemanager.jar:?]
	at com.st.stm32cube.common.mx.editor.CubeMxEditor.getMxTabbedPaneInstance(CubeMxEditor.java:1198) ~[com.st.stm32cube.common.mx_6.13.0.202411220809/:?]
	at com.st.stm32cube.common.mx.editor.CubeMxEditor$12$1.createSwingComponent(CubeMxEditor.java:1068) ~[com.st.stm32cube.common.mx_6.13.0.202411220809/:?]
	at com.st.stm32cube.common.mx.oss.core.awtswtbridge.EmbeddedSwingComposite.doComponentCreation(EmbeddedSwingComposite.java:492) ~[com.st.stm32cube.common.mx.oss_6.13.0.202411220809/:?]
	at com.st.stm32cube.common.mx.oss.core.awtswtbridge.EmbeddedSwingComposite$4.run(EmbeddedSwingComposite.java:291) ~[com.st.stm32cube.common.mx.oss_6.13.0.202411220809/:?]
	at com.st.stm32cube.common.mx.oss.core.awtswtbridge.AwtEnvironment$2.run(AwtEnvironment.java:166) ~[com.st.stm32cube.common.mx.oss_6.13.0.202411220809/:?]
	at java.awt.event.InvocationEvent.dispatch(InvocationEvent.java:318) ~[?:?]
	at java.awt.EventQueue.dispatchEventImpl(EventQueue.java:773) ~[?:?]
	at java.awt.EventQueue$4.run(EventQueue.java:720) ~[?:?]
	at java.awt.EventQueue$4.run(EventQueue.java:714) ~[?:?]
	at java.security.AccessController.doPrivileged(AccessController.java:400) ~[?:?]
	at java.security.ProtectionDomain$JavaSecurityAccessImpl.doIntersectionPrivilege(ProtectionDomain.java:87) ~[?:?]
	at java.awt.EventQueue.dispatchEvent(EventQueue.java:742) ~[?:?]
	at java.awt.EventDispatchThread.pumpOneEventForFilters(EventDispatchThread.java:203) ~[?:?]
	at java.awt.EventDispatchThread.pumpEventsForFilter(EventDispatchThread.java:124) ~[?:?]
	at java.awt.EventDispatchThread.pumpEventsForHierarchy(EventDispatchThread.java:113) ~[?:?]
	at java.awt.EventDispatchThread.pumpEvents(EventDispatchThread.java:109) ~[?:?]
	at java.awt.EventDispatchThread.pumpEvents(EventDispatchThread.java:101) ~[?:?]
	at java.awt.EventDispatchThread.run(EventDispatchThread.java:90) ~[?:?]
2025-07-25 11:21:30,464 [WARN] ThirdParty:871 - waiting for thirdparty lock release [close project]
2025-07-25 11:21:30,464 [INFO] ThirdParty:873 - entering critical section [close project]
2025-07-25 11:21:30,464 [INFO] ThirdParty:883 - exiting critical section [close project]
2025-07-25 11:21:30,474 [INFO] PinOutPanel:1589 - setPackage(No Configuration,No Configuration)
2025-07-25 11:21:30,511 [INFO] UtilMem:75 - Begin LoadConfig() Used Memory: 993474192 Bytes (1073741824)
2025-07-25 11:21:30,513 [INFO] MicroXplorer:468 - Change Database Path : 
2025-07-25 11:21:30,513 [INFO] MicroXplorer:498 - Change Database Version : DB.6.0.130
2025-07-25 11:21:30,514 [INFO] OpenFileManager:332 - Change cursor
2025-07-25 11:21:30,659 [INFO] RulesReader:64 - Compatibility file has been processed (297 Rules)
2025-07-25 11:21:30,675 [INFO] Mcu:2035 - Initializing MCU STM32F103R(8-B)Tx STM32F103RBTx STM32F103RBT6
2025-07-25 11:21:34,213 [INFO] Context:748 - Trying to add GPIOservice into a context  which must be forbidden
2025-07-25 11:21:35,209 [INFO] RtosManager:555 - Registered RTOS mode: class=CMSIS, group=RTOS, mode=CMSIS_V1, owner=FREERTOS
2025-07-25 11:21:35,210 [INFO] RtosManager:555 - Registered RTOS mode: class=CMSIS, group=RTOS2, mode=CMSIS_V2, owner=FREERTOS
2025-07-25 11:21:35,210 [INFO] RtosManager:555 - Registered RTOS mode: class=RTOS, group=Core, mode=CMSIS_V1, owner=FREERTOS
2025-07-25 11:21:35,211 [INFO] RtosManager:555 - Registered RTOS mode: class=RTOS, group=Core, mode=CMSIS_V2, owner=FREERTOS
2025-07-25 11:21:35,211 [WARN] ModelIntegratedComponent:184 - Missing modes for component STMicroelectronics:FreeRTOS:0.0.1:STMicroelectronics:RTOS:FreeRTOS:Core:::10.2.0:
2025-07-25 11:21:35,239 [WARN] ModelIntegratedComponent:63 - No mode defined for component null
2025-07-25 11:21:35,240 [WARN] ModelIntegratedComponent:63 - No mode defined for component null
2025-07-25 11:21:35,240 [WARN] ModelIntegratedComponent:63 - No mode defined for component null
2025-07-25 11:21:35,240 [WARN] ModelIntegratedComponent:63 - No mode defined for component null
2025-07-25 11:21:35,240 [WARN] ModelIntegratedComponent:63 - No mode defined for component null
2025-07-25 11:21:35,241 [WARN] ModelIntegratedComponent:63 - No mode defined for component null
2025-07-25 11:21:35,241 [WARN] ModelIntegratedComponent:63 - No mode defined for component null
2025-07-25 11:21:35,241 [WARN] ModelIntegratedComponent:63 - No mode defined for component null
2025-07-25 11:21:35,241 [WARN] ModelIntegratedComponent:63 - No mode defined for component null
2025-07-25 11:21:35,241 [WARN] ModelIntegratedComponent:63 - No mode defined for component null
2025-07-25 11:21:35,241 [WARN] ModelIntegratedComponent:63 - No mode defined for component null
2025-07-25 11:21:35,242 [WARN] ModelIntegratedComponent:63 - No mode defined for component null
2025-07-25 11:21:35,242 [WARN] ModelIntegratedComponent:63 - No mode defined for component null
2025-07-25 11:21:35,242 [WARN] ModelIntegratedComponent:63 - No mode defined for component null
2025-07-25 11:21:35,242 [WARN] ModelIntegratedComponent:63 - No mode defined for component null
2025-07-25 11:21:35,242 [WARN] ModelIntegratedComponent:63 - No mode defined for component null
2025-07-25 11:21:35,243 [WARN] ModelIntegratedComponent:63 - No mode defined for component null
2025-07-25 11:21:35,243 [WARN] ModelIntegratedComponent:63 - No mode defined for component null
2025-07-25 11:21:35,243 [WARN] ModelIntegratedComponent:63 - No mode defined for component null
2025-07-25 11:21:35,243 [WARN] ModelIntegratedComponent:63 - No mode defined for component null
2025-07-25 11:21:35,244 [WARN] ModelIntegratedComponent:63 - No mode defined for component null
2025-07-25 11:21:35,244 [WARN] ModelIntegratedComponent:63 - No mode defined for component null
2025-07-25 11:21:35,244 [WARN] ModelIntegratedComponent:63 - No mode defined for component null
2025-07-25 11:21:35,244 [WARN] ModelIntegratedComponent:63 - No mode defined for component null
2025-07-25 11:21:35,244 [WARN] ModelIntegratedComponent:63 - No mode defined for component null
2025-07-25 11:21:35,244 [WARN] ModelIntegratedComponent:63 - No mode defined for component null
2025-07-25 11:21:35,244 [WARN] ModelIntegratedComponent:63 - No mode defined for component null
2025-07-25 11:21:35,245 [WARN] ModelIntegratedComponent:63 - No mode defined for component null
2025-07-25 11:21:35,245 [WARN] ModelIntegratedComponent:63 - No mode defined for component null
2025-07-25 11:21:35,245 [WARN] ModelIntegratedComponent:63 - No mode defined for component null
2025-07-25 11:21:35,245 [WARN] ModelIntegratedComponent:63 - No mode defined for component null
2025-07-25 11:21:35,245 [WARN] ModelIntegratedComponent:63 - No mode defined for component null
2025-07-25 11:21:35,245 [WARN] ModelIntegratedComponent:63 - No mode defined for component null
2025-07-25 11:21:35,245 [WARN] ModelIntegratedComponent:63 - No mode defined for component null
2025-07-25 11:21:35,246 [WARN] ModelIntegratedComponent:63 - No mode defined for component null
2025-07-25 11:21:35,246 [WARN] ModelPack:524 - Component already loaded: STMicroelectronics:HAL Drivers:0.0.0:STMicroelectronics:Device:STMicro_Driver:XSPI:HAL::0.0.1:HAL_XSPI
2025-07-25 11:21:35,526 [INFO] ThirdPartyModel:298 - Start build external matchings
2025-07-25 11:21:37,790 [INFO] ThirdPartyModel:316 - End build external matchings
2025-07-25 11:21:37,862 [INFO] ImportTextPane:218 - (OptionalMessage_ERROR) IP (RCC) : Parameter (ADCFreqValue) has invalid value (32000000)
2025-07-25 11:21:37,863 [INFO] ImportTextPane:218 - (OptionalMessage_ERROR) IP (RCC) : Invalid parameter (FamilyName)
2025-07-25 11:21:37,863 [INFO] ImportTextPane:218 - (OptionalMessage_ERROR) IP (RCC) : Parameter (MCOFreq_Value) has invalid value (64000000)
2025-07-25 11:21:37,864 [INFO] ImportTextPane:218 - (OptionalMessage_ERROR) IP (RCC) : Parameter (USBFreq_Value) has invalid value (64000000)
2025-07-25 11:21:38,310 [INFO] UtilMem:75 - End LoadConfig() Used Memory: 903966320 Bytes (1073741824)
2025-07-25 11:21:38,374 [WARN] ThirdParty:833 - waiting for thirdparty lock release [change project]
2025-07-25 11:21:38,374 [INFO] ThirdParty:835 - entering critical section [change project]
2025-07-25 11:21:38,374 [INFO] ThirdParty:1030 - CMSIS Pack Vendor :STMicroelectronics X-CUBE-PM33A1 1.0.0
2025-07-25 11:21:38,375 [INFO] ThirdParty:1030 - CMSIS Pack Vendor :STMicroelectronics USBPD 4.1
2025-07-25 11:21:38,375 [INFO] ThirdParty:1030 - CMSIS Pack Vendor :STMicroelectronics X-CUBE-AZRTOS-H7 3.3.0
2025-07-25 11:21:38,375 [INFO] ThirdParty:1030 - CMSIS Pack Vendor :STMicroelectronics X-CUBE-NFC9 1.0.0
2025-07-25 11:21:38,375 [INFO] ThirdParty:1030 - CMSIS Pack Vendor :STMicroelectronics USB_HOST 2.0.0
2025-07-25 11:21:38,375 [INFO] ThirdParty:1030 - CMSIS Pack Vendor :STMicroelectronics FP-SNS-MOTENVWB1 1.4.0
2025-07-25 11:21:38,375 [INFO] ThirdParty:1030 - CMSIS Pack Vendor :STMicroelectronics X-CUBE-AZRTOS-F4 1.1.0
2025-07-25 11:21:38,375 [INFO] ThirdParty:1030 - CMSIS Pack Vendor :STMicroelectronics LIBJPEG 8.0.0
2025-07-25 11:21:38,375 [INFO] ThirdParty:1030 - CMSIS Pack Vendor :STMicroelectronics FP-ATR-ASTRA1 2.0.2
2025-07-25 11:21:38,376 [INFO] ThirdParty:1030 - CMSIS Pack Vendor :STMicroelectronics X-CUBE-BLE1 7.1.0
2025-07-25 11:21:38,376 [INFO] ThirdParty:1030 - CMSIS Pack Vendor :Avnet-IotConnect X-CUBE-IoTC-DA16k-PMOD 1.0.0
2025-07-25 11:21:38,376 [INFO] ThirdParty:1030 - CMSIS Pack Vendor :STMicroelectronics X-CUBE-SMBUS 2.1.0
2025-07-25 11:21:38,376 [INFO] ThirdParty:1030 - CMSIS Pack Vendor :STMicroelectronics X-CUBE-WB05N 1.1.0
2025-07-25 11:21:38,376 [INFO] ThirdParty:1030 - CMSIS Pack Vendor :wolfSSL I-CUBE-wolfMQTT 1.19.2
2025-07-25 11:21:38,376 [INFO] ThirdParty:1030 - CMSIS Pack Vendor :STMicroelectronics USB_DEVICE 3.0.0
2025-07-25 11:21:38,377 [INFO] ThirdParty:1030 - CMSIS Pack Vendor :STMicroelectronics X-CUBE-ISPU 2.1.0
2025-07-25 11:21:38,377 [INFO] ThirdParty:1030 - CMSIS Pack Vendor :STMicroelectronics X-CUBE-EEPRMA1 5.2.0
2025-07-25 11:21:38,377 [INFO] ThirdParty:1030 - CMSIS Pack Vendor :STMicroelectronics X-CUBE-BLEMGR 4.1.0
2025-07-25 11:21:38,377 [INFO] ThirdParty:1030 - CMSIS Pack Vendor :STMicroelectronics X-CUBE-AZRTOS-WB 2.0.0
2025-07-25 11:21:38,377 [INFO] ThirdParty:1030 - CMSIS Pack Vendor :STMicroelectronics X-CUBE-ST60 1.0.0
2025-07-25 11:21:38,377 [INFO] ThirdParty:1030 - CMSIS Pack Vendor :STMicroelectronics X-CUBE-GNSS1 7.0.1
2025-07-25 11:21:38,378 [INFO] ThirdParty:1030 - CMSIS Pack Vendor :STMicroelectronics X-CUBE-NFC12 1.0.0
2025-07-25 11:21:38,378 [INFO] ThirdParty:1030 - CMSIS Pack Vendor :STMicroelectronics X-CUBE-AZRTOS-F7 1.1.0
2025-07-25 11:21:38,379 [INFO] ThirdParty:1030 - CMSIS Pack Vendor :STMicroelectronics X-CUBE-AZRTOS-L5 2.0.0
2025-07-25 11:21:38,379 [INFO] ThirdParty:1030 - CMSIS Pack Vendor :STMicroelectronics X-CUBE-TOUCHGFX 4.25.0
2025-07-25 11:21:38,379 [INFO] ThirdParty:1030 - CMSIS Pack Vendor :STMicroelectronics USB_DEVICE 2.0.0
2025-07-25 11:21:38,379 [INFO] ThirdParty:1030 - CMSIS Pack Vendor :STMicroelectronics X-CUBE-NFC6 3.1.0
2025-07-25 11:21:38,379 [INFO] ThirdParty:1030 - CMSIS Pack Vendor :STMicroelectronics X-CUBE-AI 10.1.0
2025-07-25 11:21:38,379 [INFO] ThirdParty:1030 - CMSIS Pack Vendor :STMicroelectronics FP-SNS-STBOX1 2.0.0
2025-07-25 11:21:38,379 [INFO] ThirdParty:1030 - CMSIS Pack Vendor :STMicroelectronics X-CUBE-MEMS1 11.2.0
2025-07-25 11:21:38,379 [INFO] ThirdParty:1030 - CMSIS Pack Vendor :STMicroelectronics FreeRTOS 0.0.1
2025-07-25 11:21:38,380 [INFO] ThirdParty:1030 - CMSIS Pack Vendor :STMicroelectronics X-CUBE-AZRTOS-G0 1.1.0
2025-07-25 11:21:38,380 [INFO] ThirdParty:1030 - CMSIS Pack Vendor :STMicroelectronics X-CUBE-SAFEA1 1.2.2
2025-07-25 11:21:38,380 [INFO] ThirdParty:1030 - CMSIS Pack Vendor :STMicroelectronics X-CUBE-NFC4 3.0.0
2025-07-25 11:21:38,388 [INFO] ThirdParty:1030 - CMSIS Pack Vendor :STMicroelectronics X-CUBE-DPower 1.2.0
2025-07-25 11:21:38,389 [INFO] ThirdParty:1030 - CMSIS Pack Vendor :STMicroelectronics X-CUBE-SUBG2 5.0.0
2025-07-25 11:21:38,390 [INFO] ThirdParty:1030 - CMSIS Pack Vendor :STMicroelectronics X-CUBE-AZRTOS-H7RS 1.1.0
2025-07-25 11:21:38,390 [INFO] ThirdParty:1030 - CMSIS Pack Vendor :STMicroelectronics STM32_WPAN 1.0.0
2025-07-25 11:21:38,390 [INFO] ThirdParty:1030 - CMSIS Pack Vendor :EmbeddedOffice I-CUBE-FS-RTOS 1.0.1
2025-07-25 11:21:38,390 [INFO] ThirdParty:1030 - CMSIS Pack Vendor :STMicroelectronics lwIP 2.0.3
2025-07-25 11:21:38,390 [INFO] ThirdParty:1030 - CMSIS Pack Vendor :Cesanta I-CUBE-Mongoose 7.13.0
2025-07-25 11:21:38,390 [INFO] ThirdParty:1030 - CMSIS Pack Vendor :STMicroelectronics USB_HOST 1.0.0
2025-07-25 11:21:38,391 [INFO] ThirdParty:1030 - CMSIS Pack Vendor :Infineon AIROC-Wi-Fi-Bluetooth-STM32 1.7.0
2025-07-25 11:21:38,391 [INFO] ThirdParty:1030 - CMSIS Pack Vendor :STMicroelectronics X-CUBE-AZRTOS-G4 2.0.0
2025-07-25 11:21:38,391 [INFO] ThirdParty:1030 - CMSIS Pack Vendor :STMicroelectronics X-CUBE-WB05N 2.0.0
2025-07-25 11:21:38,391 [INFO] ThirdParty:1030 - CMSIS Pack Vendor :STMicroelectronics PDM2PCM 3.1.0
2025-07-25 11:21:38,391 [INFO] ThirdParty:1030 - CMSIS Pack Vendor :STMicroelectronics PDM2PCM 3.3.0
2025-07-25 11:21:38,391 [INFO] ThirdParty:1030 - CMSIS Pack Vendor :wolfSSL I-CUBE-wolfTPM 3.8.0
2025-07-25 11:21:38,391 [INFO] ThirdParty:1030 - CMSIS Pack Vendor :STMicroelectronics X-CUBE-AZRTOS-H7 3.4.0
2025-07-25 11:21:38,392 [INFO] ThirdParty:1030 - CMSIS Pack Vendor :STMicroelectronics X-CUBE-DISPLAY 3.0.0
2025-07-25 11:21:38,392 [INFO] ThirdParty:1030 - CMSIS Pack Vendor :wolfSSL I-CUBE-wolfSSH 1.4.20
2025-07-25 11:21:38,392 [INFO] ThirdParty:1030 - CMSIS Pack Vendor :STMicroelectronics X-CUBE-NFC7 2.0.0
2025-07-25 11:21:38,392 [INFO] ThirdParty:1030 - CMSIS Pack Vendor :STMicroelectronics X-CUBE-TCPP 4.2.0
2025-07-25 11:21:38,392 [INFO] ThirdParty:1030 - CMSIS Pack Vendor :RealThread X-CUBE-RT-Thread_Nano 4.1.1
2025-07-25 11:21:38,392 [INFO] ThirdParty:1030 - CMSIS Pack Vendor :STMicroelectronics FP-ATR-SIGFOX1 3.2.0
2025-07-25 11:21:38,392 [INFO] ThirdParty:1030 - CMSIS Pack Vendor :STMicroelectronics X-CUBE-NFC10 1.0.0
2025-07-25 11:21:38,393 [INFO] ThirdParty:1030 - CMSIS Pack Vendor :STMicroelectronics X-CUBE-BLEMGR 4.0.0
2025-07-25 11:21:38,393 [INFO] ThirdParty:1030 - CMSIS Pack Vendor :STMicroelectronics X-CUBE-EEPRMA1 5.1.0
2025-07-25 11:21:38,393 [INFO] ThirdParty:1030 - CMSIS Pack Vendor :STMicroelectronics X-CUBE-FREERTOS 1.3.1
2025-07-25 11:21:38,393 [INFO] ThirdParty:1030 - CMSIS Pack Vendor :STMicroelectronics HAL Drivers 0.0.0
2025-07-25 11:21:38,394 [INFO] ThirdParty:1030 - CMSIS Pack Vendor :STMicroelectronics MBEDTLS 2.16.2
2025-07-25 11:21:38,394 [INFO] ThirdParty:1030 - CMSIS Pack Vendor :STMicroelectronics X-CUBE-IPS 3.1.0
2025-07-25 11:21:38,395 [INFO] ThirdParty:1030 - CMSIS Pack Vendor :STMicroelectronics X-CUBE-ALS 1.0.2
2025-07-25 11:21:38,395 [INFO] ThirdParty:1030 - CMSIS Pack Vendor :emotas I-CUBE-CANOPEN 1.3.0
2025-07-25 11:21:38,395 [INFO] ThirdParty:1030 - CMSIS Pack Vendor :STMicroelectronics X-CUBE-FREERTOS 1.3.0
2025-07-25 11:21:38,395 [INFO] ThirdParty:1030 - CMSIS Pack Vendor :STMicroelectronics X-CUBE-NFC7 1.0.1
2025-07-25 11:21:38,395 [INFO] ThirdParty:1030 - CMSIS Pack Vendor :STMicroelectronics MBEDTLS 2.14.1
2025-07-25 11:21:38,395 [INFO] ThirdParty:1030 - CMSIS Pack Vendor :wolfSSL I-CUBE-wolfSSL 5.7.6
2025-07-25 11:21:38,395 [INFO] ThirdParty:1030 - CMSIS Pack Vendor :ITTIA_DB I-CUBE-ITTIADB 8.9.0
2025-07-25 11:21:38,395 [INFO] ThirdParty:1030 - CMSIS Pack Vendor :portGmbH I-Cube-SoM-uGOAL 1.1.0
2025-07-25 11:21:38,396 [INFO] ThirdParty:1030 - CMSIS Pack Vendor :quantropi X-CUBE-qispace-sdk-base 2.0.0
2025-07-25 11:21:38,396 [INFO] ThirdParty:1030 - CMSIS Pack Vendor :STMicroelectronics X-CUBE-AI 10.0.0
2025-07-25 11:21:38,396 [INFO] ThirdParty:1030 - CMSIS Pack Vendor :STMicroelectronics X-CUBE-ST67W61 1.0.0
2025-07-25 11:21:38,396 [INFO] ThirdParty:1030 - CMSIS Pack Vendor :STMicroelectronics FP-SNS-STAIOTCFT 1.0.0
2025-07-25 11:21:38,396 [INFO] ThirdParty:1030 - CMSIS Pack Vendor :STMicroelectronics ThreadX 1.0.0
2025-07-25 11:21:38,396 [INFO] ThirdParty:1030 - CMSIS Pack Vendor :STMicroelectronics FP-SNS-SMARTAG2 1.2.0
2025-07-25 11:21:38,396 [INFO] ThirdParty:1030 - CMSIS Pack Vendor :STMicroelectronics FP-SNS-FLIGHT1 5.1.0
2025-07-25 11:21:38,397 [INFO] ThirdParty:1030 - CMSIS Pack Vendor :STMicroelectronics X-CUBE-MEMS1 11.1.0
2025-07-25 11:21:38,397 [INFO] ThirdParty:1030 - CMSIS Pack Vendor :STMicroelectronics X-CUBE-AZRTOS-WL 2.0.0
2025-07-25 11:21:38,397 [INFO] ThirdParty:1030 - CMSIS Pack Vendor :SEGGER I-CUBE-embOS 1.3.1
2025-07-25 11:21:38,397 [INFO] ThirdParty:1030 - CMSIS Pack Vendor :STMicroelectronics X-CUBE-ALGOBUILD 1.4.0
2025-07-25 11:21:38,397 [INFO] ThirdParty:1030 - CMSIS Pack Vendor :STMicroelectronics X-CUBE-DPower 1.3.0
2025-07-25 11:21:38,397 [INFO] ThirdParty:1030 - CMSIS Pack Vendor :STMicroelectronics X-CUBE-MEMS1 11.3.0
2025-07-25 11:21:38,401 [INFO] ThirdParty:1030 - CMSIS Pack Vendor :STMicroelectronics FP-SNS-MOTENV1 5.0.0
2025-07-25 11:21:38,401 [INFO] ThirdParty:1030 - CMSIS Pack Vendor :STMicroelectronics USB_DEVICE 1.0.0
2025-07-25 11:21:38,401 [INFO] ThirdParty:1030 - CMSIS Pack Vendor :STMicroelectronics X-CUBE-AZRTOS-L4 2.0.0
2025-07-25 11:21:38,401 [INFO] ThirdParty:1030 - CMSIS Pack Vendor :STMicroelectronics ThreadX 0.0.2
2025-07-25 11:21:38,402 [INFO] ThirdParty:1030 - CMSIS Pack Vendor :WES I-CUBE-Cesium 1.3.0
2025-07-25 11:21:38,402 [INFO] ThirdParty:1030 - CMSIS Pack Vendor :STMicroelectronics lwIP 2.1.2
2025-07-25 11:21:38,403 [INFO] ThirdParty:1030 - CMSIS Pack Vendor :STMicroelectronics X-CUBE-SFXS2LP1 4.0.0
2025-07-25 11:21:38,403 [INFO] ThirdParty:1030 - CMSIS Pack Vendor :STMicroelectronics X-CUBE-BLE2 3.3.0
2025-07-25 11:21:38,403 [INFO] ThirdParty:1030 - CMSIS Pack Vendor :STMicroelectronics X-CUBE-TOF1 3.4.2
2025-07-25 11:21:38,403 [INFO] ThirdParty:1030 - CMSIS Pack Vendor :STMicroelectronics X-CUBE-TOF1 3.4.3
2025-07-25 11:21:38,403 [INFO] ThirdParty:1030 - CMSIS Pack Vendor :STMicroelectronics PDM2PCM 3.2.0
2025-07-25 11:21:38,403 [INFO] ThirdParty:841 - exiting critical section [change project]
2025-07-25 11:21:39,064 [INFO] PinOutPanel:1589 - setPackage(No Configuration,No Configuration)
2025-07-25 11:21:39,072 [INFO] PinOutPanel:1589 - setPackage(STM32F103RBTx,LQFP64)
2025-07-25 11:21:39,773 [INFO] UtilMem:75 - Before build in PCC Used Memory: 981710488 Bytes (1073741824)
2025-07-25 11:21:40,674 [INFO] UtilMem:75 - After build in PCC Used Memory: 762366464 Bytes (1073741824)
2025-07-25 11:21:40,724 [INFO] IPUIPlugin:80 - create IPUIPlugin
2025-07-25 11:21:40,724 [INFO] IPUIPlugin:80 - create IPUIPlugin
2025-07-25 11:21:40,724 [INFO] IPUIPlugin:80 - create IPUIPlugin
2025-07-25 11:21:40,725 [INFO] IPUIPlugin:80 - create IPUIPlugin
2025-07-25 11:21:40,725 [INFO] IPUIPlugin:80 - create IPUIPlugin
2025-07-25 11:21:40,725 [INFO] IPUIPlugin:80 - create IPUIPlugin
2025-07-25 11:21:40,726 [INFO] IPUIPlugin:80 - create IPUIPlugin
2025-07-25 11:21:40,727 [INFO] IPUIPlugin:80 - create IPUIPlugin
2025-07-25 11:21:40,727 [INFO] IPUIPlugin:80 - create IPUIPlugin
2025-07-25 11:21:40,727 [INFO] IPUIPlugin:80 - create IPUIPlugin
2025-07-25 11:21:40,728 [INFO] IPUIPlugin:80 - create IPUIPlugin
2025-07-25 11:21:40,728 [INFO] IPUIPlugin:80 - create IPUIPlugin
2025-07-25 11:21:40,729 [INFO] IPUIPlugin:80 - create IPUIPlugin
2025-07-25 11:21:40,729 [INFO] IPUIPlugin:80 - create IPUIPlugin
2025-07-25 11:21:40,730 [INFO] IPUIPlugin:80 - create IPUIPlugin
2025-07-25 11:21:40,730 [INFO] IPUIPlugin:80 - create IPUIPlugin
2025-07-25 11:21:40,730 [INFO] IPUIPlugin:80 - create IPUIPlugin
2025-07-25 11:21:40,731 [INFO] IPUIPlugin:80 - create IPUIPlugin
2025-07-25 11:21:40,733 [INFO] IPUIPlugin:80 - create IPUIPlugin
2025-07-25 11:21:40,734 [INFO] IPUIPlugin:80 - create IPUIPlugin
2025-07-25 11:21:40,734 [INFO] IPUIPlugin:80 - create IPUIPlugin
2025-07-25 11:21:40,735 [INFO] IPUIPlugin:80 - create IPUIPlugin
2025-07-25 11:21:40,737 [INFO] IPUIPlugin:80 - create IPUIPlugin
2025-07-25 11:21:40,737 [INFO] IPUIPlugin:80 - create IPUIPlugin
2025-07-25 11:21:40,738 [INFO] IPUIPlugin:80 - create IPUIPlugin
2025-07-25 11:21:40,739 [INFO] IPUIPlugin:80 - create IPUIPlugin
2025-07-25 11:21:40,739 [INFO] IPUIPlugin:80 - create IPUIPlugin
2025-07-25 11:21:40,876 [INFO] CADModel:165 - CPN selected for project levelSTM32F103RBT6
2025-07-25 11:21:40,876 [INFO] CADModel:114 - Register for checkConnection events
2025-07-25 11:21:40,975 [INFO] OpenFileManager:363 - Restore cursor
2025-07-25 11:22:07,036 [INFO] Gpio:277 - dependency for GPIO [RCC, SYS, USART2]
2025-07-25 11:22:27,353 [INFO] UtilMem:75 - End SaveConfig() Used Memory: 1001299872 Bytes (1073741824)
2025-07-25 11:22:27,905 [INFO] UtilMem:75 - End SaveConfig() Used Memory: 735099120 Bytes (1073741824)
2025-07-25 11:22:29,644 [INFO] UtilMem:75 - End SaveConfig() Used Memory: 798013680 Bytes (1073741824)
2025-07-25 11:22:30,307 [INFO] BlockDiagram:2766 - set Specific Code input for plugin: NVIC
2025-07-25 11:22:30,307 [INFO] BlockDiagram:2766 - set Specific Code input for plugin: USART
2025-07-25 11:22:30,307 [INFO] BlockDiagram:2766 - set Specific Code input for plugin: SYS
2025-07-25 11:22:30,308 [INFO] BlockDiagram:2766 - set Specific Code input for plugin: GPIO
2025-07-25 11:22:30,308 [INFO] BlockDiagram:2766 - set Specific Code input for plugin: RCC
2025-07-25 11:22:30,310 [INFO] CodeGenerator:896 - code generatio: config db path: C:\ST\STM32CubeIDE_1.17.0\STM32CubeIDE\plugins\com.st.stm32cube.common.mx_6.13.0.202411220809\\db\
2025-07-25 11:22:30,809 [INFO] CodeEngine:255 - oldGeneratedFile, C:\Users\Santiago\Desktop\facu\2025c1\TPF_TDSE\Pruebas_workspace\MdeE\MXTmpFiles\license.tmp_save
2025-07-25 11:22:31,952 [INFO] CodeEngine:279 - Generated code: C:\Users\Santiago\Desktop\facu\2025c1\TPF_TDSE\Pruebas_workspace\MdeE\MXTmpFiles\license.tmp
2025-07-25 11:22:32,391 [INFO] CodeEngine:255 - oldGeneratedFile, C:\Users\Santiago\Desktop\facu\2025c1\TPF_TDSE\Pruebas_workspace\MdeE\MXTmpFiles\gpio.tmp_save
2025-07-25 11:22:32,903 [INFO] CodeEngine:279 - Generated code: C:\Users\Santiago\Desktop\facu\2025c1\TPF_TDSE\Pruebas_workspace\MdeE\MXTmpFiles\gpio.tmp
2025-07-25 11:22:33,388 [INFO] CodeEngine:255 - oldGeneratedFile, C:\Users\Santiago\Desktop\facu\2025c1\TPF_TDSE\Pruebas_workspace\MdeE\Core\Src\stm32f1xx_it.c_save
2025-07-25 11:22:33,890 [INFO] CodeEngine:279 - Generated code: C:\Users\Santiago\Desktop\facu\2025c1\TPF_TDSE\Pruebas_workspace\MdeE\Core\Src\stm32f1xx_it.c
2025-07-25 11:22:33,907 [INFO] CodeEngine:255 - oldGeneratedFile, C:\Users\Santiago\Desktop\facu\2025c1\TPF_TDSE\Pruebas_workspace\MdeE\Core\Inc\stm32f1xx_it.h_save
2025-07-25 11:22:34,144 [INFO] CodeEngine:279 - Generated code: C:\Users\Santiago\Desktop\facu\2025c1\TPF_TDSE\Pruebas_workspace\MdeE\Core\Inc\stm32f1xx_it.h
2025-07-25 11:22:34,251 [INFO] CodeEngine:255 - oldGeneratedFile, C:\Users\Santiago\Desktop\facu\2025c1\TPF_TDSE\Pruebas_workspace\MdeE\Core\Src\stm32f1xx_hal_msp.c_save
2025-07-25 11:22:34,527 [INFO] CodeEngine:279 - Generated code: C:\Users\Santiago\Desktop\facu\2025c1\TPF_TDSE\Pruebas_workspace\MdeE\Core\Src\stm32f1xx_hal_msp.c
2025-07-25 11:22:34,540 [INFO] CodeEngine:255 - oldGeneratedFile, C:\Users\Santiago\Desktop\facu\2025c1\TPF_TDSE\Pruebas_workspace\MdeE\MXTmpFiles\system.tmp_save
2025-07-25 11:22:34,690 [INFO] CodeEngine:279 - Generated code: C:\Users\Santiago\Desktop\facu\2025c1\TPF_TDSE\Pruebas_workspace\MdeE\MXTmpFiles\system.tmp
2025-07-25 11:22:34,772 [INFO] CodeEngine:311 - oldGeneratedFile, C:\Users\Santiago\Desktop\facu\2025c1\TPF_TDSE\Pruebas_workspace\MdeE\Core\Inc\stm32f1xx_hal_conf.h_save
2025-07-25 11:22:34,976 [INFO] CodeEngine:335 - Generated code: C:\Users\Santiago\Desktop\facu\2025c1\TPF_TDSE\Pruebas_workspace\MdeE\Core\Inc\stm32f1xx_hal_conf.h
2025-07-25 11:22:35,028 [INFO] ApiDbMcu:508 - Load IP Config File for USART2
2025-07-25 11:22:35,034 [INFO] ApiDbMcu:508 - Load IP Config File for RCC
2025-07-25 11:22:35,119 [INFO] CodeEngine:255 - oldGeneratedFile, C:\Users\Santiago\Desktop\facu\2025c1\TPF_TDSE\Pruebas_workspace\MdeE\Core\Inc\main.h_save
2025-07-25 11:22:35,351 [INFO] CodeEngine:279 - Generated code: C:\Users\Santiago\Desktop\facu\2025c1\TPF_TDSE\Pruebas_workspace\MdeE\Core\Inc\main.h
2025-07-25 11:22:35,399 [INFO] CodeEngine:255 - oldGeneratedFile, C:\Users\Santiago\Desktop\facu\2025c1\TPF_TDSE\Pruebas_workspace\MdeE\Core\Src\main.c_save
2025-07-25 11:22:35,693 [INFO] CodeEngine:279 - Generated code: C:\Users\Santiago\Desktop\facu\2025c1\TPF_TDSE\Pruebas_workspace\MdeE\Core\Src\main.c
2025-07-25 11:22:36,585 [INFO] ProjectBuilder:3289 - Time for Copy HAL[1] : 388mS.
2025-07-25 11:22:36,592 [INFO] ProjectBuilder:4876 - Project Generator version: 4.5.0-RC5
2025-07-25 11:22:36,802 [INFO] ConfigFileManager:1579 - The Die is : DIE410
2025-07-25 11:22:36,807 [INFO] ApiDbMcu:508 - Load IP Config File for FATFS
2025-07-25 11:22:36,817 [INFO] ApiDbMcu:508 - Load IP Config File for FREERTOS
2025-07-25 11:22:36,833 [INFO] ApiDbMcu:508 - Load IP Config File for USB_DEVICE
2025-07-25 11:22:43,038 [INFO] ProjectBuilder:5154 - Time for Generating toolchain IDE Files: 6446mS.
2025-07-25 11:22:43,059 [INFO] ProjectBuilder:3146 - Time for Copy CMSIS : 2mS.
2025-07-25 11:22:43,065 [INFO] ProjectBuilder:3146 - Time for Copy CMSIS : 0mS.
2025-07-25 14:44:53,346 [INFO] WebApp:190 - Connection lost
2025-07-25 14:44:53,846 [INFO] WebApp:187 - Connection restablished
2025-07-25 15:33:13,978 [INFO] MainUpdater:2872 - connection check result : 10
2025-07-25 15:33:13,979 [INFO] MainUpdater:2872 - connection check result : 10
2025-07-25 15:33:14,453 [INFO] MicroXplorer:468 - Change Database Path : 
2025-07-25 15:33:14,456 [INFO] MicroXplorer:498 - Change Database Version : DB.6.0.130
2025-07-25 15:33:14,678 [ERROR] ProjectManagerView:394 - 
java.lang.NullPointerException: Cannot invoke "javax.swing.JTextField.getText()" because the return value of "java.util.List.get(int)" is null
	at com.st.microxplorer.plugins.projectmanager.gui.ProjectChoiceTab$9.caretUpdate(ProjectChoiceTab.java:2616) ~[filemanager.jar:?]
	at javax.swing.text.JTextComponent.fireCaretUpdate(JTextComponent.java:408) ~[?:?]
	at javax.swing.text.JTextComponent$MutableCaretEvent.fire(JTextComponent.java:4484) ~[?:?]
	at javax.swing.text.JTextComponent$MutableCaretEvent.stateChanged(JTextComponent.java:4506) ~[?:?]
	at javax.swing.text.DefaultCaret.fireStateChanged(DefaultCaret.java:857) ~[?:?]
	at javax.swing.text.DefaultCaret.changeCaretPosition(DefaultCaret.java:1343) ~[?:?]
	at javax.swing.text.DefaultCaret.handleSetDot(DefaultCaret.java:1242) ~[?:?]
	at javax.swing.text.DefaultCaret.setDot(DefaultCaret.java:1223) ~[?:?]
	at javax.swing.text.DefaultCaret$Handler.insertUpdate(DefaultCaret.java:1819) ~[?:?]
	at javax.swing.text.AbstractDocument.fireInsertUpdate(AbstractDocument.java:227) ~[?:?]
	at javax.swing.text.AbstractDocument.handleInsertString(AbstractDocument.java:781) ~[?:?]
	at javax.swing.text.AbstractDocument.insertString(AbstractDocument.java:740) ~[?:?]
	at javax.swing.text.PlainDocument.insertString(PlainDocument.java:131) ~[?:?]
	at javax.swing.text.AbstractDocument.replace(AbstractDocument.java:699) ~[?:?]
	at javax.swing.text.JTextComponent.setText(JTextComponent.java:1725) ~[?:?]
	at com.st.microxplorer.plugins.projectmanager.gui.ProjectChoiceTab.createHeapStackFields(ProjectChoiceTab.java:975) ~[filemanager.jar:?]
	at com.st.microxplorer.plugins.projectmanager.gui.ProjectChoiceTab.buildLinkSettingsPanel(ProjectChoiceTab.java:3666) ~[filemanager.jar:?]
	at com.st.microxplorer.plugins.projectmanager.gui.ProjectChoiceTab.defineWindowsFields(ProjectChoiceTab.java:1934) ~[filemanager.jar:?]
	at com.st.microxplorer.plugins.projectmanager.gui.ProjectChoiceTab.updateSettings(ProjectChoiceTab.java:553) ~[filemanager.jar:?]
	at com.st.microxplorer.plugins.projectmanager.gui.ProjectSettingsPanel.UpdateDialog(ProjectSettingsPanel.java:245) ~[filemanager.jar:?]
	at com.st.microxplorer.plugins.projectmanager.ProjectManagerView.propertyChange(ProjectManagerView.java:391) ~[filemanager.jar:?]
	at java.beans.PropertyChangeSupport.fire(PropertyChangeSupport.java:343) ~[?:?]
	at java.beans.PropertyChangeSupport.firePropertyChange(PropertyChangeSupport.java:335) ~[?:?]
	at java.beans.PropertyChangeSupport.firePropertyChange(PropertyChangeSupport.java:268) ~[?:?]
	at com.st.microxplorer.util.MXPropertyChangeSupport.firePropertyChange(MXPropertyChangeSupport.java:54) ~[STM32CubeMX.jar:?]
	at com.st.microxplorer.mxsystem.MxSystem.closeConfig(MxSystem.java:899) ~[STM32CubeMX.jar:?]
	at com.st.microxplorer.maingui.MainPanel.closeConfig(MainPanel.java:789) ~[STM32CubeMX.jar:?]
	at com.st.microxplorer.plugins.filemanager.engine.OpenFileManager.loadConfigurationFile(OpenFileManager.java:265) ~[filemanager.jar:?]
	at com.st.microxplorer.plugins.filemanager.engine.MainFileManager.userLoadConfig(MainFileManager.java:340) ~[filemanager.jar:?]
	at com.st.microxplorer.plugins.filemanager.engine.MainFileManager.userLoadConfig(MainFileManager.java:318) ~[filemanager.jar:?]
	at com.st.microxplorer.plugins.filemanager.FileManagerView.getSpecificTask(FileManagerView.java:246) ~[filemanager.jar:?]
	at com.st.stm32cube.common.mx.editor.CubeMxEditor.getMxTabbedPaneInstance(CubeMxEditor.java:1198) ~[com.st.stm32cube.common.mx_6.13.0.202411220809/:?]
	at com.st.stm32cube.common.mx.editor.CubeMxEditor$12$1.createSwingComponent(CubeMxEditor.java:1068) ~[com.st.stm32cube.common.mx_6.13.0.202411220809/:?]
	at com.st.stm32cube.common.mx.oss.core.awtswtbridge.EmbeddedSwingComposite.doComponentCreation(EmbeddedSwingComposite.java:492) ~[com.st.stm32cube.common.mx.oss_6.13.0.202411220809/:?]
	at com.st.stm32cube.common.mx.oss.core.awtswtbridge.EmbeddedSwingComposite$4.run(EmbeddedSwingComposite.java:291) ~[com.st.stm32cube.common.mx.oss_6.13.0.202411220809/:?]
	at com.st.stm32cube.common.mx.oss.core.awtswtbridge.AwtEnvironment$2.run(AwtEnvironment.java:166) ~[com.st.stm32cube.common.mx.oss_6.13.0.202411220809/:?]
	at java.awt.event.InvocationEvent.dispatch(InvocationEvent.java:318) ~[?:?]
	at java.awt.EventQueue.dispatchEventImpl(EventQueue.java:773) ~[?:?]
	at java.awt.EventQueue$4.run(EventQueue.java:720) ~[?:?]
	at java.awt.EventQueue$4.run(EventQueue.java:714) ~[?:?]
	at java.security.AccessController.doPrivileged(AccessController.java:400) ~[?:?]
	at java.security.ProtectionDomain$JavaSecurityAccessImpl.doIntersectionPrivilege(ProtectionDomain.java:87) ~[?:?]
	at java.awt.EventQueue.dispatchEvent(EventQueue.java:742) ~[?:?]
	at java.awt.EventDispatchThread.pumpOneEventForFilters(EventDispatchThread.java:203) ~[?:?]
	at java.awt.EventDispatchThread.pumpEventsForFilter(EventDispatchThread.java:124) ~[?:?]
	at java.awt.EventDispatchThread.pumpEventsForHierarchy(EventDispatchThread.java:113) ~[?:?]
	at java.awt.EventDispatchThread.pumpEvents(EventDispatchThread.java:109) ~[?:?]
	at java.awt.EventDispatchThread.pumpEvents(EventDispatchThread.java:101) ~[?:?]
	at java.awt.EventDispatchThread.run(EventDispatchThread.java:90) ~[?:?]
2025-07-25 15:33:14,684 [WARN] ThirdParty:871 - waiting for thirdparty lock release [close project]
2025-07-25 15:33:14,686 [INFO] ThirdParty:873 - entering critical section [close project]
2025-07-25 15:33:14,690 [INFO] ThirdParty:883 - exiting critical section [close project]
2025-07-25 15:33:14,705 [INFO] PinOutPanel:1589 - setPackage(No Configuration,No Configuration)
2025-07-25 15:33:14,735 [INFO] UtilMem:75 - Begin LoadConfig() Used Memory: 843070304 Bytes (1073741824)
2025-07-25 15:33:14,741 [INFO] MicroXplorer:468 - Change Database Path : 
2025-07-25 15:33:14,742 [INFO] MicroXplorer:498 - Change Database Version : DB.6.0.130
2025-07-25 15:33:14,743 [INFO] OpenFileManager:332 - Change cursor
2025-07-25 15:33:14,867 [INFO] RulesReader:64 - Compatibility file has been processed (297 Rules)
2025-07-25 15:33:14,908 [INFO] Mcu:2035 - Initializing MCU STM32F103R(8-B)Tx STM32F103RBTx STM32F103RBT6
2025-07-25 15:33:17,449 [INFO] Context:748 - Trying to add GPIOservice into a context  which must be forbidden
2025-07-25 15:33:18,607 [INFO] RtosManager:555 - Registered RTOS mode: class=CMSIS, group=RTOS, mode=CMSIS_V1, owner=FREERTOS
2025-07-25 15:33:18,608 [INFO] RtosManager:555 - Registered RTOS mode: class=CMSIS, group=RTOS2, mode=CMSIS_V2, owner=FREERTOS
2025-07-25 15:33:18,608 [INFO] RtosManager:555 - Registered RTOS mode: class=RTOS, group=Core, mode=CMSIS_V1, owner=FREERTOS
2025-07-25 15:33:18,609 [INFO] RtosManager:555 - Registered RTOS mode: class=RTOS, group=Core, mode=CMSIS_V2, owner=FREERTOS
2025-07-25 15:33:18,609 [WARN] ModelIntegratedComponent:184 - Missing modes for component STMicroelectronics:FreeRTOS:0.0.1:STMicroelectronics:RTOS:FreeRTOS:Core:::10.2.0:
2025-07-25 15:33:18,643 [WARN] ModelIntegratedComponent:63 - No mode defined for component null
2025-07-25 15:33:18,643 [WARN] ModelIntegratedComponent:63 - No mode defined for component null
2025-07-25 15:33:18,643 [WARN] ModelIntegratedComponent:63 - No mode defined for component null
2025-07-25 15:33:18,643 [WARN] ModelIntegratedComponent:63 - No mode defined for component null
2025-07-25 15:33:18,643 [WARN] ModelIntegratedComponent:63 - No mode defined for component null
2025-07-25 15:33:18,644 [WARN] ModelIntegratedComponent:63 - No mode defined for component null
2025-07-25 15:33:18,644 [WARN] ModelIntegratedComponent:63 - No mode defined for component null
2025-07-25 15:33:18,644 [WARN] ModelIntegratedComponent:63 - No mode defined for component null
2025-07-25 15:33:18,644 [WARN] ModelIntegratedComponent:63 - No mode defined for component null
2025-07-25 15:33:18,645 [WARN] ModelIntegratedComponent:63 - No mode defined for component null
2025-07-25 15:33:18,645 [WARN] ModelIntegratedComponent:63 - No mode defined for component null
2025-07-25 15:33:18,645 [WARN] ModelIntegratedComponent:63 - No mode defined for component null
2025-07-25 15:33:18,645 [WARN] ModelIntegratedComponent:63 - No mode defined for component null
2025-07-25 15:33:18,645 [WARN] ModelIntegratedComponent:63 - No mode defined for component null
2025-07-25 15:33:18,645 [WARN] ModelIntegratedComponent:63 - No mode defined for component null
2025-07-25 15:33:18,646 [WARN] ModelIntegratedComponent:63 - No mode defined for component null
2025-07-25 15:33:18,646 [WARN] ModelIntegratedComponent:63 - No mode defined for component null
2025-07-25 15:33:18,646 [WARN] ModelIntegratedComponent:63 - No mode defined for component null
2025-07-25 15:33:18,646 [WARN] ModelIntegratedComponent:63 - No mode defined for component null
2025-07-25 15:33:18,646 [WARN] ModelIntegratedComponent:63 - No mode defined for component null
2025-07-25 15:33:18,646 [WARN] ModelIntegratedComponent:63 - No mode defined for component null
2025-07-25 15:33:18,646 [WARN] ModelIntegratedComponent:63 - No mode defined for component null
2025-07-25 15:33:18,647 [WARN] ModelIntegratedComponent:63 - No mode defined for component null
2025-07-25 15:33:18,647 [WARN] ModelIntegratedComponent:63 - No mode defined for component null
2025-07-25 15:33:18,647 [WARN] ModelIntegratedComponent:63 - No mode defined for component null
2025-07-25 15:33:18,647 [WARN] ModelIntegratedComponent:63 - No mode defined for component null
2025-07-25 15:33:18,647 [WARN] ModelIntegratedComponent:63 - No mode defined for component null
2025-07-25 15:33:18,647 [WARN] ModelIntegratedComponent:63 - No mode defined for component null
2025-07-25 15:33:18,647 [WARN] ModelIntegratedComponent:63 - No mode defined for component null
2025-07-25 15:33:18,647 [WARN] ModelIntegratedComponent:63 - No mode defined for component null
2025-07-25 15:33:18,647 [WARN] ModelIntegratedComponent:63 - No mode defined for component null
2025-07-25 15:33:18,647 [WARN] ModelIntegratedComponent:63 - No mode defined for component null
2025-07-25 15:33:18,647 [WARN] ModelIntegratedComponent:63 - No mode defined for component null
2025-07-25 15:33:18,648 [WARN] ModelIntegratedComponent:63 - No mode defined for component null
2025-07-25 15:33:18,648 [WARN] ModelIntegratedComponent:63 - No mode defined for component null
2025-07-25 15:33:18,648 [WARN] ModelPack:524 - Component already loaded: STMicroelectronics:HAL Drivers:0.0.0:STMicroelectronics:Device:STMicro_Driver:XSPI:HAL::0.0.1:HAL_XSPI
2025-07-25 15:33:19,405 [INFO] ThirdPartyModel:298 - Start build external matchings
2025-07-25 15:33:21,763 [INFO] ThirdPartyModel:316 - End build external matchings
2025-07-25 15:33:21,836 [INFO] ImportTextPane:218 - (OptionalMessage_ERROR) IP (RCC) : Parameter (ADCFreqValue) has invalid value (32000000)
2025-07-25 15:33:21,837 [INFO] ImportTextPane:218 - (OptionalMessage_ERROR) IP (RCC) : Invalid parameter (FamilyName)
2025-07-25 15:33:21,839 [INFO] ImportTextPane:218 - (OptionalMessage_ERROR) IP (RCC) : Parameter (MCOFreq_Value) has invalid value (64000000)
2025-07-25 15:33:21,840 [INFO] ImportTextPane:218 - (OptionalMessage_ERROR) IP (RCC) : Parameter (USBFreq_Value) has invalid value (64000000)
2025-07-25 15:33:22,274 [INFO] UtilMem:75 - End LoadConfig() Used Memory: 947311352 Bytes (1073741824)
2025-07-25 15:33:22,343 [WARN] ThirdParty:833 - waiting for thirdparty lock release [change project]
2025-07-25 15:33:22,343 [INFO] ThirdParty:835 - entering critical section [change project]
2025-07-25 15:33:22,343 [INFO] ThirdParty:1030 - CMSIS Pack Vendor :STMicroelectronics X-CUBE-PM33A1 1.0.0
2025-07-25 15:33:22,343 [INFO] ThirdParty:1030 - CMSIS Pack Vendor :STMicroelectronics USBPD 4.1
2025-07-25 15:33:22,343 [INFO] ThirdParty:1030 - CMSIS Pack Vendor :STMicroelectronics X-CUBE-AZRTOS-H7 3.3.0
2025-07-25 15:33:22,343 [INFO] ThirdParty:1030 - CMSIS Pack Vendor :STMicroelectronics X-CUBE-NFC9 1.0.0
2025-07-25 15:33:22,343 [INFO] ThirdParty:1030 - CMSIS Pack Vendor :STMicroelectronics USB_HOST 2.0.0
2025-07-25 15:33:22,344 [INFO] ThirdParty:1030 - CMSIS Pack Vendor :STMicroelectronics FP-SNS-MOTENVWB1 1.4.0
2025-07-25 15:33:22,344 [INFO] ThirdParty:1030 - CMSIS Pack Vendor :STMicroelectronics X-CUBE-AZRTOS-F4 1.1.0
2025-07-25 15:33:22,344 [INFO] ThirdParty:1030 - CMSIS Pack Vendor :STMicroelectronics LIBJPEG 8.0.0
2025-07-25 15:33:22,344 [INFO] ThirdParty:1030 - CMSIS Pack Vendor :STMicroelectronics FP-ATR-ASTRA1 2.0.2
2025-07-25 15:33:22,344 [INFO] ThirdParty:1030 - CMSIS Pack Vendor :STMicroelectronics X-CUBE-BLE1 7.1.0
2025-07-25 15:33:22,344 [INFO] ThirdParty:1030 - CMSIS Pack Vendor :Avnet-IotConnect X-CUBE-IoTC-DA16k-PMOD 1.0.0
2025-07-25 15:33:22,344 [INFO] ThirdParty:1030 - CMSIS Pack Vendor :STMicroelectronics X-CUBE-SMBUS 2.1.0
2025-07-25 15:33:22,344 [INFO] ThirdParty:1030 - CMSIS Pack Vendor :STMicroelectronics X-CUBE-WB05N 1.1.0
2025-07-25 15:33:22,344 [INFO] ThirdParty:1030 - CMSIS Pack Vendor :wolfSSL I-CUBE-wolfMQTT 1.19.2
2025-07-25 15:33:22,345 [INFO] ThirdParty:1030 - CMSIS Pack Vendor :STMicroelectronics USB_DEVICE 3.0.0
2025-07-25 15:33:22,345 [INFO] ThirdParty:1030 - CMSIS Pack Vendor :STMicroelectronics X-CUBE-ISPU 2.1.0
2025-07-25 15:33:22,345 [INFO] ThirdParty:1030 - CMSIS Pack Vendor :STMicroelectronics X-CUBE-EEPRMA1 5.2.0
2025-07-25 15:33:22,345 [INFO] ThirdParty:1030 - CMSIS Pack Vendor :STMicroelectronics X-CUBE-BLEMGR 4.1.0
2025-07-25 15:33:22,345 [INFO] ThirdParty:1030 - CMSIS Pack Vendor :STMicroelectronics X-CUBE-AZRTOS-WB 2.0.0
2025-07-25 15:33:22,346 [INFO] ThirdParty:1030 - CMSIS Pack Vendor :STMicroelectronics X-CUBE-ST60 1.0.0
2025-07-25 15:33:22,346 [INFO] ThirdParty:1030 - CMSIS Pack Vendor :STMicroelectronics X-CUBE-GNSS1 7.0.1
2025-07-25 15:33:22,346 [INFO] ThirdParty:1030 - CMSIS Pack Vendor :STMicroelectronics X-CUBE-NFC12 1.0.0
2025-07-25 15:33:22,346 [INFO] ThirdParty:1030 - CMSIS Pack Vendor :STMicroelectronics X-CUBE-AZRTOS-F7 1.1.0
2025-07-25 15:33:22,346 [INFO] ThirdParty:1030 - CMSIS Pack Vendor :STMicroelectronics X-CUBE-AZRTOS-L5 2.0.0
2025-07-25 15:33:22,346 [INFO] ThirdParty:1030 - CMSIS Pack Vendor :STMicroelectronics X-CUBE-TOUCHGFX 4.25.0
2025-07-25 15:33:22,347 [INFO] ThirdParty:1030 - CMSIS Pack Vendor :STMicroelectronics USB_DEVICE 2.0.0
2025-07-25 15:33:22,347 [INFO] ThirdParty:1030 - CMSIS Pack Vendor :STMicroelectronics X-CUBE-NFC6 3.1.0
2025-07-25 15:33:22,347 [INFO] ThirdParty:1030 - CMSIS Pack Vendor :STMicroelectronics X-CUBE-AI 10.1.0
2025-07-25 15:33:22,347 [INFO] ThirdParty:1030 - CMSIS Pack Vendor :STMicroelectronics FP-SNS-STBOX1 2.0.0
2025-07-25 15:33:22,347 [INFO] ThirdParty:1030 - CMSIS Pack Vendor :STMicroelectronics X-CUBE-MEMS1 11.2.0
2025-07-25 15:33:22,348 [INFO] ThirdParty:1030 - CMSIS Pack Vendor :STMicroelectronics FreeRTOS 0.0.1
2025-07-25 15:33:22,348 [INFO] ThirdParty:1030 - CMSIS Pack Vendor :STMicroelectronics X-CUBE-AZRTOS-G0 1.1.0
2025-07-25 15:33:22,348 [INFO] ThirdParty:1030 - CMSIS Pack Vendor :STMicroelectronics X-CUBE-SAFEA1 1.2.2
2025-07-25 15:33:22,348 [INFO] ThirdParty:1030 - CMSIS Pack Vendor :STMicroelectronics X-CUBE-NFC4 3.0.0
2025-07-25 15:33:22,348 [INFO] ThirdParty:1030 - CMSIS Pack Vendor :STMicroelectronics X-CUBE-DPower 1.2.0
2025-07-25 15:33:22,348 [INFO] ThirdParty:1030 - CMSIS Pack Vendor :STMicroelectronics X-CUBE-SUBG2 5.0.0
2025-07-25 15:33:22,352 [INFO] ThirdParty:1030 - CMSIS Pack Vendor :STMicroelectronics X-CUBE-AZRTOS-H7RS 1.1.0
2025-07-25 15:33:22,353 [INFO] ThirdParty:1030 - CMSIS Pack Vendor :STMicroelectronics STM32_WPAN 1.0.0
2025-07-25 15:33:22,353 [INFO] ThirdParty:1030 - CMSIS Pack Vendor :EmbeddedOffice I-CUBE-FS-RTOS 1.0.1
2025-07-25 15:33:22,353 [INFO] ThirdParty:1030 - CMSIS Pack Vendor :STMicroelectronics lwIP 2.0.3
2025-07-25 15:33:22,353 [INFO] ThirdParty:1030 - CMSIS Pack Vendor :Cesanta I-CUBE-Mongoose 7.13.0
2025-07-25 15:33:22,353 [INFO] ThirdParty:1030 - CMSIS Pack Vendor :STMicroelectronics USB_HOST 1.0.0
2025-07-25 15:33:22,353 [INFO] ThirdParty:1030 - CMSIS Pack Vendor :Infineon AIROC-Wi-Fi-Bluetooth-STM32 1.7.0
2025-07-25 15:33:22,353 [INFO] ThirdParty:1030 - CMSIS Pack Vendor :STMicroelectronics X-CUBE-AZRTOS-G4 2.0.0
2025-07-25 15:33:22,353 [INFO] ThirdParty:1030 - CMSIS Pack Vendor :STMicroelectronics X-CUBE-WB05N 2.0.0
2025-07-25 15:33:22,356 [INFO] ThirdParty:1030 - CMSIS Pack Vendor :STMicroelectronics PDM2PCM 3.1.0
2025-07-25 15:33:22,356 [INFO] ThirdParty:1030 - CMSIS Pack Vendor :STMicroelectronics PDM2PCM 3.3.0
2025-07-25 15:33:22,356 [INFO] ThirdParty:1030 - CMSIS Pack Vendor :wolfSSL I-CUBE-wolfTPM 3.8.0
2025-07-25 15:33:22,356 [INFO] ThirdParty:1030 - CMSIS Pack Vendor :STMicroelectronics X-CUBE-AZRTOS-H7 3.4.0
2025-07-25 15:33:22,356 [INFO] ThirdParty:1030 - CMSIS Pack Vendor :STMicroelectronics X-CUBE-DISPLAY 3.0.0
2025-07-25 15:33:22,356 [INFO] ThirdParty:1030 - CMSIS Pack Vendor :wolfSSL I-CUBE-wolfSSH 1.4.20
2025-07-25 15:33:22,357 [INFO] ThirdParty:1030 - CMSIS Pack Vendor :STMicroelectronics X-CUBE-NFC7 2.0.0
2025-07-25 15:33:22,358 [INFO] ThirdParty:1030 - CMSIS Pack Vendor :STMicroelectronics X-CUBE-TCPP 4.2.0
2025-07-25 15:33:22,359 [INFO] ThirdParty:1030 - CMSIS Pack Vendor :RealThread X-CUBE-RT-Thread_Nano 4.1.1
2025-07-25 15:33:22,359 [INFO] ThirdParty:1030 - CMSIS Pack Vendor :STMicroelectronics FP-ATR-SIGFOX1 3.2.0
2025-07-25 15:33:22,359 [INFO] ThirdParty:1030 - CMSIS Pack Vendor :STMicroelectronics X-CUBE-NFC10 1.0.0
2025-07-25 15:33:22,361 [INFO] ThirdParty:1030 - CMSIS Pack Vendor :STMicroelectronics X-CUBE-BLEMGR 4.0.0
2025-07-25 15:33:22,361 [INFO] ThirdParty:1030 - CMSIS Pack Vendor :STMicroelectronics X-CUBE-EEPRMA1 5.1.0
2025-07-25 15:33:22,361 [INFO] ThirdParty:1030 - CMSIS Pack Vendor :STMicroelectronics X-CUBE-FREERTOS 1.3.1
2025-07-25 15:33:22,361 [INFO] ThirdParty:1030 - CMSIS Pack Vendor :STMicroelectronics HAL Drivers 0.0.0
2025-07-25 15:33:22,361 [INFO] ThirdParty:1030 - CMSIS Pack Vendor :STMicroelectronics MBEDTLS 2.16.2
2025-07-25 15:33:22,361 [INFO] ThirdParty:1030 - CMSIS Pack Vendor :STMicroelectronics X-CUBE-IPS 3.1.0
2025-07-25 15:33:22,362 [INFO] ThirdParty:1030 - CMSIS Pack Vendor :STMicroelectronics X-CUBE-ALS 1.0.2
2025-07-25 15:33:22,362 [INFO] ThirdParty:1030 - CMSIS Pack Vendor :emotas I-CUBE-CANOPEN 1.3.0
2025-07-25 15:33:22,362 [INFO] ThirdParty:1030 - CMSIS Pack Vendor :STMicroelectronics X-CUBE-FREERTOS 1.3.0
2025-07-25 15:33:22,362 [INFO] ThirdParty:1030 - CMSIS Pack Vendor :STMicroelectronics X-CUBE-NFC7 1.0.1
2025-07-25 15:33:22,362 [INFO] ThirdParty:1030 - CMSIS Pack Vendor :STMicroelectronics MBEDTLS 2.14.1
2025-07-25 15:33:22,362 [INFO] ThirdParty:1030 - CMSIS Pack Vendor :wolfSSL I-CUBE-wolfSSL 5.7.6
2025-07-25 15:33:22,362 [INFO] ThirdParty:1030 - CMSIS Pack Vendor :ITTIA_DB I-CUBE-ITTIADB 8.9.0
2025-07-25 15:33:22,362 [INFO] ThirdParty:1030 - CMSIS Pack Vendor :portGmbH I-Cube-SoM-uGOAL 1.1.0
2025-07-25 15:33:22,363 [INFO] ThirdParty:1030 - CMSIS Pack Vendor :quantropi X-CUBE-qispace-sdk-base 2.0.0
2025-07-25 15:33:22,363 [INFO] ThirdParty:1030 - CMSIS Pack Vendor :STMicroelectronics X-CUBE-AI 10.0.0
2025-07-25 15:33:22,363 [INFO] ThirdParty:1030 - CMSIS Pack Vendor :STMicroelectronics X-CUBE-ST67W61 1.0.0
2025-07-25 15:33:22,363 [INFO] ThirdParty:1030 - CMSIS Pack Vendor :STMicroelectronics FP-SNS-STAIOTCFT 1.0.0
2025-07-25 15:33:22,363 [INFO] ThirdParty:1030 - CMSIS Pack Vendor :STMicroelectronics ThreadX 1.0.0
2025-07-25 15:33:22,364 [INFO] ThirdParty:1030 - CMSIS Pack Vendor :STMicroelectronics FP-SNS-SMARTAG2 1.2.0
2025-07-25 15:33:22,364 [INFO] ThirdParty:1030 - CMSIS Pack Vendor :STMicroelectronics FP-SNS-FLIGHT1 5.1.0
2025-07-25 15:33:22,364 [INFO] ThirdParty:1030 - CMSIS Pack Vendor :STMicroelectronics X-CUBE-MEMS1 11.1.0
2025-07-25 15:33:22,364 [INFO] ThirdParty:1030 - CMSIS Pack Vendor :STMicroelectronics X-CUBE-AZRTOS-WL 2.0.0
2025-07-25 15:33:22,364 [INFO] ThirdParty:1030 - CMSIS Pack Vendor :SEGGER I-CUBE-embOS 1.3.1
2025-07-25 15:33:22,364 [INFO] ThirdParty:1030 - CMSIS Pack Vendor :STMicroelectronics X-CUBE-ALGOBUILD 1.4.0
2025-07-25 15:33:22,364 [INFO] ThirdParty:1030 - CMSIS Pack Vendor :STMicroelectronics X-CUBE-DPower 1.3.0
2025-07-25 15:33:22,364 [INFO] ThirdParty:1030 - CMSIS Pack Vendor :STMicroelectronics X-CUBE-MEMS1 11.3.0
2025-07-25 15:33:22,364 [INFO] ThirdParty:1030 - CMSIS Pack Vendor :STMicroelectronics FP-SNS-MOTENV1 5.0.0
2025-07-25 15:33:22,365 [INFO] ThirdParty:1030 - CMSIS Pack Vendor :STMicroelectronics USB_DEVICE 1.0.0
2025-07-25 15:33:22,365 [INFO] ThirdParty:1030 - CMSIS Pack Vendor :STMicroelectronics X-CUBE-AZRTOS-L4 2.0.0
2025-07-25 15:33:22,365 [INFO] ThirdParty:1030 - CMSIS Pack Vendor :STMicroelectronics ThreadX 0.0.2
2025-07-25 15:33:22,365 [INFO] ThirdParty:1030 - CMSIS Pack Vendor :WES I-CUBE-Cesium 1.3.0
2025-07-25 15:33:22,365 [INFO] ThirdParty:1030 - CMSIS Pack Vendor :STMicroelectronics lwIP 2.1.2
2025-07-25 15:33:22,365 [INFO] ThirdParty:1030 - CMSIS Pack Vendor :STMicroelectronics X-CUBE-SFXS2LP1 4.0.0
2025-07-25 15:33:22,365 [INFO] ThirdParty:1030 - CMSIS Pack Vendor :STMicroelectronics X-CUBE-BLE2 3.3.0
2025-07-25 15:33:22,365 [INFO] ThirdParty:1030 - CMSIS Pack Vendor :STMicroelectronics X-CUBE-TOF1 3.4.2
2025-07-25 15:33:22,365 [INFO] ThirdParty:1030 - CMSIS Pack Vendor :STMicroelectronics X-CUBE-TOF1 3.4.3
2025-07-25 15:33:22,365 [INFO] ThirdParty:1030 - CMSIS Pack Vendor :STMicroelectronics PDM2PCM 3.2.0
2025-07-25 15:33:22,365 [INFO] ThirdParty:841 - exiting critical section [change project]
2025-07-25 15:33:22,962 [INFO] PinOutPanel:1589 - setPackage(No Configuration,No Configuration)
2025-07-25 15:33:22,969 [INFO] PinOutPanel:1589 - setPackage(STM32F103RBTx,LQFP64)
2025-07-25 15:33:24,078 [INFO] UtilMem:75 - Before build in PCC Used Memory: 740681376 Bytes (1073741824)
2025-07-25 15:33:26,045 [INFO] UtilMem:75 - After build in PCC Used Memory: 781053600 Bytes (1073741824)
2025-07-25 15:33:26,094 [INFO] IPUIPlugin:80 - create IPUIPlugin
2025-07-25 15:33:26,094 [INFO] IPUIPlugin:80 - create IPUIPlugin
2025-07-25 15:33:26,094 [INFO] IPUIPlugin:80 - create IPUIPlugin
2025-07-25 15:33:26,095 [INFO] IPUIPlugin:80 - create IPUIPlugin
2025-07-25 15:33:26,095 [INFO] IPUIPlugin:80 - create IPUIPlugin
2025-07-25 15:33:26,095 [INFO] IPUIPlugin:80 - create IPUIPlugin
2025-07-25 15:33:26,095 [INFO] IPUIPlugin:80 - create IPUIPlugin
2025-07-25 15:33:26,096 [INFO] IPUIPlugin:80 - create IPUIPlugin
2025-07-25 15:33:26,096 [INFO] IPUIPlugin:80 - create IPUIPlugin
2025-07-25 15:33:26,096 [INFO] IPUIPlugin:80 - create IPUIPlugin
2025-07-25 15:33:26,096 [INFO] IPUIPlugin:80 - create IPUIPlugin
2025-07-25 15:33:26,097 [INFO] IPUIPlugin:80 - create IPUIPlugin
2025-07-25 15:33:26,097 [INFO] IPUIPlugin:80 - create IPUIPlugin
2025-07-25 15:33:26,097 [INFO] IPUIPlugin:80 - create IPUIPlugin
2025-07-25 15:33:26,098 [INFO] IPUIPlugin:80 - create IPUIPlugin
2025-07-25 15:33:26,098 [INFO] IPUIPlugin:80 - create IPUIPlugin
2025-07-25 15:33:26,101 [INFO] IPUIPlugin:80 - create IPUIPlugin
2025-07-25 15:33:26,102 [INFO] IPUIPlugin:80 - create IPUIPlugin
2025-07-25 15:33:26,103 [INFO] IPUIPlugin:80 - create IPUIPlugin
2025-07-25 15:33:26,103 [INFO] IPUIPlugin:80 - create IPUIPlugin
2025-07-25 15:33:26,104 [INFO] IPUIPlugin:80 - create IPUIPlugin
2025-07-25 15:33:26,104 [INFO] IPUIPlugin:80 - create IPUIPlugin
2025-07-25 15:33:26,105 [INFO] IPUIPlugin:80 - create IPUIPlugin
2025-07-25 15:33:26,105 [INFO] IPUIPlugin:80 - create IPUIPlugin
2025-07-25 15:33:26,105 [INFO] IPUIPlugin:80 - create IPUIPlugin
2025-07-25 15:33:26,106 [INFO] IPUIPlugin:80 - create IPUIPlugin
2025-07-25 15:33:26,106 [INFO] IPUIPlugin:80 - create IPUIPlugin
2025-07-25 15:33:26,264 [INFO] CADModel:165 - CPN selected for project levelSTM32F103RBT6
2025-07-25 15:33:26,264 [INFO] CADModel:114 - Register for checkConnection events
2025-07-25 15:33:26,360 [INFO] OpenFileManager:363 - Restore cursor
2025-07-25 16:00:33,080 [INFO] Gpio:277 - dependency for GPIO [RCC, SYS, USART2]
2025-07-25 16:03:45,100 [INFO] UtilMem:75 - End SaveConfig() Used Memory: 937623808 Bytes (1073741824)
2025-07-25 16:03:45,816 [INFO] UtilMem:75 - End SaveConfig() Used Memory: 959638480 Bytes (1073741824)
2025-07-25 16:03:48,244 [INFO] UtilMem:75 - End SaveConfig() Used Memory: 742105384 Bytes (1073741824)
2025-07-25 16:03:49,200 [INFO] BlockDiagram:2766 - set Specific Code input for plugin: NVIC
2025-07-25 16:03:49,200 [INFO] BlockDiagram:2766 - set Specific Code input for plugin: USART
2025-07-25 16:03:49,201 [INFO] BlockDiagram:2766 - set Specific Code input for plugin: SYS
2025-07-25 16:03:49,201 [INFO] BlockDiagram:2766 - set Specific Code input for plugin: GPIO
2025-07-25 16:03:49,202 [INFO] BlockDiagram:2766 - set Specific Code input for plugin: RCC
2025-07-25 16:03:49,204 [INFO] CodeGenerator:896 - code generatio: config db path: C:\ST\STM32CubeIDE_1.17.0\STM32CubeIDE\plugins\com.st.stm32cube.common.mx_6.13.0.202411220809\\db\
2025-07-25 16:03:49,756 [INFO] CodeEngine:255 - oldGeneratedFile, C:\Users\Santiago\Desktop\facu\2025c1\TPF_TDSE\Pruebas_workspace\MdeE\MXTmpFiles\license.tmp_save
2025-07-25 16:03:50,922 [INFO] CodeEngine:279 - Generated code: C:\Users\Santiago\Desktop\facu\2025c1\TPF_TDSE\Pruebas_workspace\MdeE\MXTmpFiles\license.tmp
2025-07-25 16:03:51,419 [INFO] CodeEngine:255 - oldGeneratedFile, C:\Users\Santiago\Desktop\facu\2025c1\TPF_TDSE\Pruebas_workspace\MdeE\MXTmpFiles\gpio.tmp_save
2025-07-25 16:03:51,953 [INFO] CodeEngine:279 - Generated code: C:\Users\Santiago\Desktop\facu\2025c1\TPF_TDSE\Pruebas_workspace\MdeE\MXTmpFiles\gpio.tmp
2025-07-25 16:03:52,312 [INFO] CodeEngine:255 - oldGeneratedFile, C:\Users\Santiago\Desktop\facu\2025c1\TPF_TDSE\Pruebas_workspace\MdeE\Core\Src\stm32f1xx_it.c_save
2025-07-25 16:03:52,879 [INFO] CodeEngine:279 - Generated code: C:\Users\Santiago\Desktop\facu\2025c1\TPF_TDSE\Pruebas_workspace\MdeE\Core\Src\stm32f1xx_it.c
2025-07-25 16:03:52,968 [INFO] CodeEngine:255 - oldGeneratedFile, C:\Users\Santiago\Desktop\facu\2025c1\TPF_TDSE\Pruebas_workspace\MdeE\Core\Inc\stm32f1xx_it.h_save
2025-07-25 16:03:53,182 [INFO] CodeEngine:279 - Generated code: C:\Users\Santiago\Desktop\facu\2025c1\TPF_TDSE\Pruebas_workspace\MdeE\Core\Inc\stm32f1xx_it.h
2025-07-25 16:03:53,290 [INFO] CodeEngine:255 - oldGeneratedFile, C:\Users\Santiago\Desktop\facu\2025c1\TPF_TDSE\Pruebas_workspace\MdeE\Core\Src\stm32f1xx_hal_msp.c_save
2025-07-25 16:03:53,647 [INFO] CodeEngine:279 - Generated code: C:\Users\Santiago\Desktop\facu\2025c1\TPF_TDSE\Pruebas_workspace\MdeE\Core\Src\stm32f1xx_hal_msp.c
2025-07-25 16:03:53,673 [INFO] CodeEngine:255 - oldGeneratedFile, C:\Users\Santiago\Desktop\facu\2025c1\TPF_TDSE\Pruebas_workspace\MdeE\MXTmpFiles\system.tmp_save
2025-07-25 16:03:53,840 [INFO] CodeEngine:279 - Generated code: C:\Users\Santiago\Desktop\facu\2025c1\TPF_TDSE\Pruebas_workspace\MdeE\MXTmpFiles\system.tmp
2025-07-25 16:03:53,952 [INFO] CodeEngine:311 - oldGeneratedFile, C:\Users\Santiago\Desktop\facu\2025c1\TPF_TDSE\Pruebas_workspace\MdeE\Core\Inc\stm32f1xx_hal_conf.h_save
2025-07-25 16:03:54,188 [INFO] CodeEngine:335 - Generated code: C:\Users\Santiago\Desktop\facu\2025c1\TPF_TDSE\Pruebas_workspace\MdeE\Core\Inc\stm32f1xx_hal_conf.h
2025-07-25 16:03:54,268 [INFO] ApiDbMcu:508 - Load IP Config File for USART2
2025-07-25 16:03:54,274 [INFO] ApiDbMcu:508 - Load IP Config File for RCC
2025-07-25 16:03:54,374 [INFO] CodeEngine:255 - oldGeneratedFile, C:\Users\Santiago\Desktop\facu\2025c1\TPF_TDSE\Pruebas_workspace\MdeE\Core\Inc\main.h_save
2025-07-25 16:03:54,647 [INFO] CodeEngine:279 - Generated code: C:\Users\Santiago\Desktop\facu\2025c1\TPF_TDSE\Pruebas_workspace\MdeE\Core\Inc\main.h
2025-07-25 16:03:54,711 [INFO] CodeEngine:255 - oldGeneratedFile, C:\Users\Santiago\Desktop\facu\2025c1\TPF_TDSE\Pruebas_workspace\MdeE\Core\Src\main.c_save
2025-07-25 16:03:55,013 [INFO] CodeEngine:279 - Generated code: C:\Users\Santiago\Desktop\facu\2025c1\TPF_TDSE\Pruebas_workspace\MdeE\Core\Src\main.c
2025-07-25 16:03:55,943 [INFO] ProjectBuilder:3289 - Time for Copy HAL[1] : 426mS.
2025-07-25 16:03:55,961 [INFO] ProjectBuilder:4876 - Project Generator version: 4.5.0-RC5
2025-07-25 16:03:56,172 [INFO] ConfigFileManager:1579 - The Die is : DIE410
2025-07-25 16:03:56,194 [INFO] ApiDbMcu:508 - Load IP Config File for FATFS
2025-07-25 16:03:56,221 [INFO] ApiDbMcu:508 - Load IP Config File for FREERTOS
2025-07-25 16:03:56,250 [INFO] ApiDbMcu:508 - Load IP Config File for USB_DEVICE
2025-07-25 16:04:02,488 [INFO] ProjectBuilder:5154 - Time for Generating toolchain IDE Files: 6527mS.
2025-07-25 16:04:02,490 [INFO] ProjectBuilder:3146 - Time for Copy CMSIS : 1mS.
2025-07-25 16:04:02,496 [INFO] ProjectBuilder:3146 - Time for Copy CMSIS : 0mS.
2025-07-25 16:10:47,353 [INFO] UtilMem:75 - End SaveConfig() Used Memory: 920641704 Bytes (1073741824)
2025-07-25 16:10:47,885 [INFO] UtilMem:75 - End SaveConfig() Used Memory: 941947040 Bytes (1073741824)
2025-07-25 16:10:50,465 [INFO] UtilMem:75 - End SaveConfig() Used Memory: 732138752 Bytes (1073741824)
2025-07-25 16:10:50,972 [INFO] BlockDiagram:2766 - set Specific Code input for plugin: NVIC
2025-07-25 16:10:50,972 [INFO] BlockDiagram:2766 - set Specific Code input for plugin: USART
2025-07-25 16:10:50,973 [INFO] BlockDiagram:2766 - set Specific Code input for plugin: SYS
2025-07-25 16:10:50,973 [INFO] BlockDiagram:2766 - set Specific Code input for plugin: GPIO
2025-07-25 16:10:50,974 [INFO] BlockDiagram:2766 - set Specific Code input for plugin: RCC
2025-07-25 16:10:50,985 [INFO] CodeGenerator:896 - code generatio: config db path: C:\ST\STM32CubeIDE_1.17.0\STM32CubeIDE\plugins\com.st.stm32cube.common.mx_6.13.0.202411220809\\db\
2025-07-25 16:10:51,711 [INFO] CodeEngine:255 - oldGeneratedFile, C:\Users\Santiago\Desktop\facu\2025c1\TPF_TDSE\Pruebas_workspace\MdeE\MXTmpFiles\license.tmp_save
2025-07-25 16:10:51,937 [INFO] CodeEngine:279 - Generated code: C:\Users\Santiago\Desktop\facu\2025c1\TPF_TDSE\Pruebas_workspace\MdeE\MXTmpFiles\license.tmp
2025-07-25 16:10:52,014 [INFO] CodeEngine:255 - oldGeneratedFile, C:\Users\Santiago\Desktop\facu\2025c1\TPF_TDSE\Pruebas_workspace\MdeE\MXTmpFiles\gpio.tmp_save
2025-07-25 16:10:52,216 [INFO] CodeEngine:279 - Generated code: C:\Users\Santiago\Desktop\facu\2025c1\TPF_TDSE\Pruebas_workspace\MdeE\MXTmpFiles\gpio.tmp
2025-07-25 16:10:52,390 [INFO] CodeEngine:255 - oldGeneratedFile, C:\Users\Santiago\Desktop\facu\2025c1\TPF_TDSE\Pruebas_workspace\MdeE\Core\Src\stm32f1xx_it.c_save
2025-07-25 16:10:52,629 [INFO] CodeEngine:279 - Generated code: C:\Users\Santiago\Desktop\facu\2025c1\TPF_TDSE\Pruebas_workspace\MdeE\Core\Src\stm32f1xx_it.c
2025-07-25 16:10:52,643 [INFO] CodeEngine:255 - oldGeneratedFile, C:\Users\Santiago\Desktop\facu\2025c1\TPF_TDSE\Pruebas_workspace\MdeE\Core\Inc\stm32f1xx_it.h_save
2025-07-25 16:10:52,779 [INFO] CodeEngine:279 - Generated code: C:\Users\Santiago\Desktop\facu\2025c1\TPF_TDSE\Pruebas_workspace\MdeE\Core\Inc\stm32f1xx_it.h
2025-07-25 16:10:52,843 [INFO] CodeEngine:255 - oldGeneratedFile, C:\Users\Santiago\Desktop\facu\2025c1\TPF_TDSE\Pruebas_workspace\MdeE\Core\Src\stm32f1xx_hal_msp.c_save
2025-07-25 16:10:53,147 [INFO] CodeEngine:279 - Generated code: C:\Users\Santiago\Desktop\facu\2025c1\TPF_TDSE\Pruebas_workspace\MdeE\Core\Src\stm32f1xx_hal_msp.c
2025-07-25 16:10:53,161 [INFO] CodeEngine:255 - oldGeneratedFile, C:\Users\Santiago\Desktop\facu\2025c1\TPF_TDSE\Pruebas_workspace\MdeE\MXTmpFiles\system.tmp_save
2025-07-25 16:10:53,361 [INFO] CodeEngine:279 - Generated code: C:\Users\Santiago\Desktop\facu\2025c1\TPF_TDSE\Pruebas_workspace\MdeE\MXTmpFiles\system.tmp
2025-07-25 16:10:53,502 [INFO] CodeEngine:311 - oldGeneratedFile, C:\Users\Santiago\Desktop\facu\2025c1\TPF_TDSE\Pruebas_workspace\MdeE\Core\Inc\stm32f1xx_hal_conf.h_save
2025-07-25 16:10:53,703 [INFO] CodeEngine:335 - Generated code: C:\Users\Santiago\Desktop\facu\2025c1\TPF_TDSE\Pruebas_workspace\MdeE\Core\Inc\stm32f1xx_hal_conf.h
2025-07-25 16:10:53,794 [INFO] CodeEngine:255 - oldGeneratedFile, C:\Users\Santiago\Desktop\facu\2025c1\TPF_TDSE\Pruebas_workspace\MdeE\Core\Inc\main.h_save
2025-07-25 16:10:53,937 [INFO] CodeEngine:279 - Generated code: C:\Users\Santiago\Desktop\facu\2025c1\TPF_TDSE\Pruebas_workspace\MdeE\Core\Inc\main.h
2025-07-25 16:10:53,970 [INFO] CodeEngine:255 - oldGeneratedFile, C:\Users\Santiago\Desktop\facu\2025c1\TPF_TDSE\Pruebas_workspace\MdeE\Core\Src\main.c_save
2025-07-25 16:10:54,190 [INFO] CodeEngine:279 - Generated code: C:\Users\Santiago\Desktop\facu\2025c1\TPF_TDSE\Pruebas_workspace\MdeE\Core\Src\main.c
2025-07-25 16:10:54,763 [INFO] ProjectBuilder:3289 - Time for Copy HAL[1] : 278mS.
2025-07-25 16:10:54,768 [INFO] ProjectBuilder:4876 - Project Generator version: 4.5.0-RC5
2025-07-25 16:10:54,957 [INFO] ConfigFileManager:1579 - The Die is : DIE410
2025-07-25 16:10:58,336 [INFO] ProjectBuilder:5154 - Time for Generating toolchain IDE Files: 3568mS.
2025-07-25 16:10:58,338 [INFO] ProjectBuilder:3146 - Time for Copy CMSIS : 1mS.
2025-07-25 16:10:58,343 [INFO] ProjectBuilder:3146 - Time for Copy CMSIS : 0mS.
2025-07-25 16:52:10,595 [INFO] MainUpdater:2872 - connection check result : 10
2025-07-25 16:52:10,597 [INFO] MainUpdater:2872 - connection check result : 10
2025-07-25 16:52:10,971 [INFO] MicroXplorer:468 - Change Database Path : 
2025-07-25 16:52:10,972 [INFO] MicroXplorer:498 - Change Database Version : DB.6.0.130
2025-07-25 16:52:11,080 [ERROR] ProjectManagerView:394 - 
java.lang.NullPointerException: Cannot invoke "javax.swing.JTextField.getText()" because the return value of "java.util.List.get(int)" is null
	at com.st.microxplorer.plugins.projectmanager.gui.ProjectChoiceTab$9.caretUpdate(ProjectChoiceTab.java:2616) ~[filemanager.jar:?]
	at javax.swing.text.JTextComponent.fireCaretUpdate(JTextComponent.java:408) ~[?:?]
	at javax.swing.text.JTextComponent$MutableCaretEvent.fire(JTextComponent.java:4484) ~[?:?]
	at javax.swing.text.JTextComponent$MutableCaretEvent.stateChanged(JTextComponent.java:4506) ~[?:?]
	at javax.swing.text.DefaultCaret.fireStateChanged(DefaultCaret.java:857) ~[?:?]
	at javax.swing.text.DefaultCaret.changeCaretPosition(DefaultCaret.java:1343) ~[?:?]
	at javax.swing.text.DefaultCaret.handleSetDot(DefaultCaret.java:1242) ~[?:?]
	at javax.swing.text.DefaultCaret.setDot(DefaultCaret.java:1223) ~[?:?]
	at javax.swing.text.DefaultCaret$Handler.insertUpdate(DefaultCaret.java:1819) ~[?:?]
	at javax.swing.text.AbstractDocument.fireInsertUpdate(AbstractDocument.java:227) ~[?:?]
	at javax.swing.text.AbstractDocument.handleInsertString(AbstractDocument.java:781) ~[?:?]
	at javax.swing.text.AbstractDocument.insertString(AbstractDocument.java:740) ~[?:?]
	at javax.swing.text.PlainDocument.insertString(PlainDocument.java:131) ~[?:?]
	at javax.swing.text.AbstractDocument.replace(AbstractDocument.java:699) ~[?:?]
	at javax.swing.text.JTextComponent.setText(JTextComponent.java:1725) ~[?:?]
	at com.st.microxplorer.plugins.projectmanager.gui.ProjectChoiceTab.createHeapStackFields(ProjectChoiceTab.java:975) ~[filemanager.jar:?]
	at com.st.microxplorer.plugins.projectmanager.gui.ProjectChoiceTab.buildLinkSettingsPanel(ProjectChoiceTab.java:3666) ~[filemanager.jar:?]
	at com.st.microxplorer.plugins.projectmanager.gui.ProjectChoiceTab.defineWindowsFields(ProjectChoiceTab.java:1934) ~[filemanager.jar:?]
	at com.st.microxplorer.plugins.projectmanager.gui.ProjectChoiceTab.updateSettings(ProjectChoiceTab.java:553) ~[filemanager.jar:?]
	at com.st.microxplorer.plugins.projectmanager.gui.ProjectSettingsPanel.UpdateDialog(ProjectSettingsPanel.java:245) ~[filemanager.jar:?]
	at com.st.microxplorer.plugins.projectmanager.ProjectManagerView.propertyChange(ProjectManagerView.java:391) ~[filemanager.jar:?]
	at java.beans.PropertyChangeSupport.fire(PropertyChangeSupport.java:343) ~[?:?]
	at java.beans.PropertyChangeSupport.firePropertyChange(PropertyChangeSupport.java:335) ~[?:?]
	at java.beans.PropertyChangeSupport.firePropertyChange(PropertyChangeSupport.java:268) ~[?:?]
	at com.st.microxplorer.util.MXPropertyChangeSupport.firePropertyChange(MXPropertyChangeSupport.java:54) ~[STM32CubeMX.jar:?]
	at com.st.microxplorer.mxsystem.MxSystem.closeConfig(MxSystem.java:899) ~[STM32CubeMX.jar:?]
	at com.st.microxplorer.maingui.MainPanel.closeConfig(MainPanel.java:789) ~[STM32CubeMX.jar:?]
	at com.st.microxplorer.plugins.filemanager.engine.OpenFileManager.loadConfigurationFile(OpenFileManager.java:265) ~[filemanager.jar:?]
	at com.st.microxplorer.plugins.filemanager.engine.MainFileManager.userLoadConfig(MainFileManager.java:340) ~[filemanager.jar:?]
	at com.st.microxplorer.plugins.filemanager.engine.MainFileManager.userLoadConfig(MainFileManager.java:318) ~[filemanager.jar:?]
	at com.st.microxplorer.plugins.filemanager.FileManagerView.getSpecificTask(FileManagerView.java:246) ~[filemanager.jar:?]
	at com.st.stm32cube.common.mx.editor.CubeMxEditor.getMxTabbedPaneInstance(CubeMxEditor.java:1198) ~[com.st.stm32cube.common.mx_6.13.0.202411220809/:?]
	at com.st.stm32cube.common.mx.editor.CubeMxEditor$12$1.createSwingComponent(CubeMxEditor.java:1068) ~[com.st.stm32cube.common.mx_6.13.0.202411220809/:?]
	at com.st.stm32cube.common.mx.oss.core.awtswtbridge.EmbeddedSwingComposite.doComponentCreation(EmbeddedSwingComposite.java:492) ~[com.st.stm32cube.common.mx.oss_6.13.0.202411220809/:?]
	at com.st.stm32cube.common.mx.oss.core.awtswtbridge.EmbeddedSwingComposite$4.run(EmbeddedSwingComposite.java:291) ~[com.st.stm32cube.common.mx.oss_6.13.0.202411220809/:?]
	at com.st.stm32cube.common.mx.oss.core.awtswtbridge.AwtEnvironment$2.run(AwtEnvironment.java:166) ~[com.st.stm32cube.common.mx.oss_6.13.0.202411220809/:?]
	at java.awt.event.InvocationEvent.dispatch(InvocationEvent.java:318) ~[?:?]
	at java.awt.EventQueue.dispatchEventImpl(EventQueue.java:773) ~[?:?]
	at java.awt.EventQueue$4.run(EventQueue.java:720) ~[?:?]
	at java.awt.EventQueue$4.run(EventQueue.java:714) ~[?:?]
	at java.security.AccessController.doPrivileged(AccessController.java:400) ~[?:?]
	at java.security.ProtectionDomain$JavaSecurityAccessImpl.doIntersectionPrivilege(ProtectionDomain.java:87) ~[?:?]
	at java.awt.EventQueue.dispatchEvent(EventQueue.java:742) ~[?:?]
	at java.awt.EventDispatchThread.pumpOneEventForFilters(EventDispatchThread.java:203) ~[?:?]
	at java.awt.EventDispatchThread.pumpEventsForFilter(EventDispatchThread.java:124) ~[?:?]
	at java.awt.EventDispatchThread.pumpEventsForHierarchy(EventDispatchThread.java:113) ~[?:?]
	at java.awt.EventDispatchThread.pumpEvents(EventDispatchThread.java:109) ~[?:?]
	at java.awt.EventDispatchThread.pumpEvents(EventDispatchThread.java:101) ~[?:?]
	at java.awt.EventDispatchThread.run(EventDispatchThread.java:90) ~[?:?]
2025-07-25 16:52:11,088 [WARN] ThirdParty:871 - waiting for thirdparty lock release [close project]
2025-07-25 16:52:11,089 [INFO] ThirdParty:873 - entering critical section [close project]
2025-07-25 16:52:11,089 [INFO] ThirdParty:883 - exiting critical section [close project]
2025-07-25 16:52:11,100 [INFO] PinOutPanel:1589 - setPackage(No Configuration,No Configuration)
2025-07-25 16:52:11,115 [INFO] UtilMem:75 - Begin LoadConfig() Used Memory: 944010928 Bytes (1073741824)
2025-07-25 16:52:11,118 [INFO] MicroXplorer:468 - Change Database Path : 
2025-07-25 16:52:11,120 [INFO] MicroXplorer:498 - Change Database Version : DB.6.0.130
2025-07-25 16:52:11,121 [INFO] OpenFileManager:332 - Change cursor
2025-07-25 16:52:11,207 [INFO] RulesReader:64 - Compatibility file has been processed (297 Rules)
2025-07-25 16:52:11,220 [INFO] Mcu:2035 - Initializing MCU STM32F103R(8-B)Tx STM32F103RBTx STM32F103RBT6
2025-07-25 16:52:15,299 [INFO] Context:748 - Trying to add GPIOservice into a context  which must be forbidden
2025-07-25 16:52:16,370 [INFO] RtosManager:555 - Registered RTOS mode: class=CMSIS, group=RTOS, mode=CMSIS_V1, owner=FREERTOS
2025-07-25 16:52:16,370 [INFO] RtosManager:555 - Registered RTOS mode: class=CMSIS, group=RTOS2, mode=CMSIS_V2, owner=FREERTOS
2025-07-25 16:52:16,371 [INFO] RtosManager:555 - Registered RTOS mode: class=RTOS, group=Core, mode=CMSIS_V1, owner=FREERTOS
2025-07-25 16:52:16,371 [INFO] RtosManager:555 - Registered RTOS mode: class=RTOS, group=Core, mode=CMSIS_V2, owner=FREERTOS
2025-07-25 16:52:16,372 [WARN] ModelIntegratedComponent:184 - Missing modes for component STMicroelectronics:FreeRTOS:0.0.1:STMicroelectronics:RTOS:FreeRTOS:Core:::10.2.0:
2025-07-25 16:52:16,402 [WARN] ModelIntegratedComponent:63 - No mode defined for component null
2025-07-25 16:52:16,403 [WARN] ModelIntegratedComponent:63 - No mode defined for component null
2025-07-25 16:52:16,403 [WARN] ModelIntegratedComponent:63 - No mode defined for component null
2025-07-25 16:52:16,403 [WARN] ModelIntegratedComponent:63 - No mode defined for component null
2025-07-25 16:52:16,403 [WARN] ModelIntegratedComponent:63 - No mode defined for component null
2025-07-25 16:52:16,403 [WARN] ModelIntegratedComponent:63 - No mode defined for component null
2025-07-25 16:52:16,404 [WARN] ModelIntegratedComponent:63 - No mode defined for component null
2025-07-25 16:52:16,404 [WARN] ModelIntegratedComponent:63 - No mode defined for component null
2025-07-25 16:52:16,404 [WARN] ModelIntegratedComponent:63 - No mode defined for component null
2025-07-25 16:52:16,404 [WARN] ModelIntegratedComponent:63 - No mode defined for component null
2025-07-25 16:52:16,404 [WARN] ModelIntegratedComponent:63 - No mode defined for component null
2025-07-25 16:52:16,405 [WARN] ModelIntegratedComponent:63 - No mode defined for component null
2025-07-25 16:52:16,405 [WARN] ModelIntegratedComponent:63 - No mode defined for component null
2025-07-25 16:52:16,405 [WARN] ModelIntegratedComponent:63 - No mode defined for component null
2025-07-25 16:52:16,406 [WARN] ModelIntegratedComponent:63 - No mode defined for component null
2025-07-25 16:52:16,406 [WARN] ModelIntegratedComponent:63 - No mode defined for component null
2025-07-25 16:52:16,406 [WARN] ModelIntegratedComponent:63 - No mode defined for component null
2025-07-25 16:52:16,406 [WARN] ModelIntegratedComponent:63 - No mode defined for component null
2025-07-25 16:52:16,406 [WARN] ModelIntegratedComponent:63 - No mode defined for component null
2025-07-25 16:52:16,407 [WARN] ModelIntegratedComponent:63 - No mode defined for component null
2025-07-25 16:52:16,409 [WARN] ModelIntegratedComponent:63 - No mode defined for component null
2025-07-25 16:52:16,410 [WARN] ModelIntegratedComponent:63 - No mode defined for component null
2025-07-25 16:52:16,410 [WARN] ModelIntegratedComponent:63 - No mode defined for component null
2025-07-25 16:52:16,410 [WARN] ModelIntegratedComponent:63 - No mode defined for component null
2025-07-25 16:52:16,410 [WARN] ModelIntegratedComponent:63 - No mode defined for component null
2025-07-25 16:52:16,412 [WARN] ModelIntegratedComponent:63 - No mode defined for component null
2025-07-25 16:52:16,412 [WARN] ModelIntegratedComponent:63 - No mode defined for component null
2025-07-25 16:52:16,413 [WARN] ModelIntegratedComponent:63 - No mode defined for component null
2025-07-25 16:52:16,414 [WARN] ModelIntegratedComponent:63 - No mode defined for component null
2025-07-25 16:52:16,414 [WARN] ModelIntegratedComponent:63 - No mode defined for component null
2025-07-25 16:52:16,415 [WARN] ModelIntegratedComponent:63 - No mode defined for component null
2025-07-25 16:52:16,415 [WARN] ModelIntegratedComponent:63 - No mode defined for component null
2025-07-25 16:52:16,415 [WARN] ModelIntegratedComponent:63 - No mode defined for component null
2025-07-25 16:52:16,415 [WARN] ModelIntegratedComponent:63 - No mode defined for component null
2025-07-25 16:52:16,416 [WARN] ModelIntegratedComponent:63 - No mode defined for component null
2025-07-25 16:52:16,416 [WARN] ModelPack:524 - Component already loaded: STMicroelectronics:HAL Drivers:0.0.0:STMicroelectronics:Device:STMicro_Driver:XSPI:HAL::0.0.1:HAL_XSPI
2025-07-25 16:52:16,693 [INFO] ThirdPartyModel:298 - Start build external matchings
2025-07-25 16:52:18,997 [INFO] ThirdPartyModel:316 - End build external matchings
2025-07-25 16:52:19,084 [INFO] ImportTextPane:218 - (OptionalMessage_ERROR) IP (RCC) : Parameter (ADCFreqValue) has invalid value (32000000)
2025-07-25 16:52:19,085 [INFO] ImportTextPane:218 - (OptionalMessage_ERROR) IP (RCC) : Invalid parameter (FamilyName)
2025-07-25 16:52:19,085 [INFO] ImportTextPane:218 - (OptionalMessage_ERROR) IP (RCC) : Parameter (MCOFreq_Value) has invalid value (64000000)
2025-07-25 16:52:19,086 [INFO] ImportTextPane:218 - (OptionalMessage_ERROR) IP (RCC) : Parameter (USBFreq_Value) has invalid value (64000000)
2025-07-25 16:52:19,569 [INFO] UtilMem:75 - End LoadConfig() Used Memory: 754287576 Bytes (1073741824)
2025-07-25 16:52:19,633 [WARN] ThirdParty:833 - waiting for thirdparty lock release [change project]
2025-07-25 16:52:19,633 [INFO] ThirdParty:835 - entering critical section [change project]
2025-07-25 16:52:19,633 [INFO] ThirdParty:1030 - CMSIS Pack Vendor :STMicroelectronics X-CUBE-PM33A1 1.0.0
2025-07-25 16:52:19,633 [INFO] ThirdParty:1030 - CMSIS Pack Vendor :STMicroelectronics USBPD 4.1
2025-07-25 16:52:19,633 [INFO] ThirdParty:1030 - CMSIS Pack Vendor :STMicroelectronics X-CUBE-AZRTOS-H7 3.3.0
2025-07-25 16:52:19,634 [INFO] ThirdParty:1030 - CMSIS Pack Vendor :STMicroelectronics X-CUBE-NFC9 1.0.0
2025-07-25 16:52:19,634 [INFO] ThirdParty:1030 - CMSIS Pack Vendor :STMicroelectronics USB_HOST 2.0.0
2025-07-25 16:52:19,634 [INFO] ThirdParty:1030 - CMSIS Pack Vendor :STMicroelectronics FP-SNS-MOTENVWB1 1.4.0
2025-07-25 16:52:19,634 [INFO] ThirdParty:1030 - CMSIS Pack Vendor :STMicroelectronics X-CUBE-AZRTOS-F4 1.1.0
2025-07-25 16:52:19,634 [INFO] ThirdParty:1030 - CMSIS Pack Vendor :STMicroelectronics LIBJPEG 8.0.0
2025-07-25 16:52:19,634 [INFO] ThirdParty:1030 - CMSIS Pack Vendor :STMicroelectronics FP-ATR-ASTRA1 2.0.2
2025-07-25 16:52:19,634 [INFO] ThirdParty:1030 - CMSIS Pack Vendor :STMicroelectronics X-CUBE-BLE1 7.1.0
2025-07-25 16:52:19,634 [INFO] ThirdParty:1030 - CMSIS Pack Vendor :Avnet-IotConnect X-CUBE-IoTC-DA16k-PMOD 1.0.0
2025-07-25 16:52:19,635 [INFO] ThirdParty:1030 - CMSIS Pack Vendor :STMicroelectronics X-CUBE-SMBUS 2.1.0
2025-07-25 16:52:19,635 [INFO] ThirdParty:1030 - CMSIS Pack Vendor :STMicroelectronics X-CUBE-WB05N 1.1.0
2025-07-25 16:52:19,635 [INFO] ThirdParty:1030 - CMSIS Pack Vendor :wolfSSL I-CUBE-wolfMQTT 1.19.2
2025-07-25 16:52:19,635 [INFO] ThirdParty:1030 - CMSIS Pack Vendor :STMicroelectronics USB_DEVICE 3.0.0
2025-07-25 16:52:19,635 [INFO] ThirdParty:1030 - CMSIS Pack Vendor :STMicroelectronics X-CUBE-ISPU 2.1.0
2025-07-25 16:52:19,635 [INFO] ThirdParty:1030 - CMSIS Pack Vendor :STMicroelectronics X-CUBE-EEPRMA1 5.2.0
2025-07-25 16:52:19,636 [INFO] ThirdParty:1030 - CMSIS Pack Vendor :STMicroelectronics X-CUBE-BLEMGR 4.1.0
2025-07-25 16:52:19,636 [INFO] ThirdParty:1030 - CMSIS Pack Vendor :STMicroelectronics X-CUBE-AZRTOS-WB 2.0.0
2025-07-25 16:52:19,636 [INFO] ThirdParty:1030 - CMSIS Pack Vendor :STMicroelectronics X-CUBE-ST60 1.0.0
2025-07-25 16:52:19,636 [INFO] ThirdParty:1030 - CMSIS Pack Vendor :STMicroelectronics X-CUBE-GNSS1 7.0.1
2025-07-25 16:52:19,636 [INFO] ThirdParty:1030 - CMSIS Pack Vendor :STMicroelectronics X-CUBE-NFC12 1.0.0
2025-07-25 16:52:19,636 [INFO] ThirdParty:1030 - CMSIS Pack Vendor :STMicroelectronics X-CUBE-AZRTOS-F7 1.1.0
2025-07-25 16:52:19,636 [INFO] ThirdParty:1030 - CMSIS Pack Vendor :STMicroelectronics X-CUBE-AZRTOS-L5 2.0.0
2025-07-25 16:52:19,636 [INFO] ThirdParty:1030 - CMSIS Pack Vendor :STMicroelectronics X-CUBE-TOUCHGFX 4.25.0
2025-07-25 16:52:19,636 [INFO] ThirdParty:1030 - CMSIS Pack Vendor :STMicroelectronics USB_DEVICE 2.0.0
2025-07-25 16:52:19,637 [INFO] ThirdParty:1030 - CMSIS Pack Vendor :STMicroelectronics X-CUBE-NFC6 3.1.0
2025-07-25 16:52:19,637 [INFO] ThirdParty:1030 - CMSIS Pack Vendor :STMicroelectronics X-CUBE-AI 10.1.0
2025-07-25 16:52:19,637 [INFO] ThirdParty:1030 - CMSIS Pack Vendor :STMicroelectronics FP-SNS-STBOX1 2.0.0
2025-07-25 16:52:19,637 [INFO] ThirdParty:1030 - CMSIS Pack Vendor :STMicroelectronics X-CUBE-MEMS1 11.2.0
2025-07-25 16:52:19,637 [INFO] ThirdParty:1030 - CMSIS Pack Vendor :STMicroelectronics FreeRTOS 0.0.1
2025-07-25 16:52:19,637 [INFO] ThirdParty:1030 - CMSIS Pack Vendor :STMicroelectronics X-CUBE-AZRTOS-G0 1.1.0
2025-07-25 16:52:19,637 [INFO] ThirdParty:1030 - CMSIS Pack Vendor :STMicroelectronics X-CUBE-SAFEA1 1.2.2
2025-07-25 16:52:19,637 [INFO] ThirdParty:1030 - CMSIS Pack Vendor :STMicroelectronics X-CUBE-NFC4 3.0.0
2025-07-25 16:52:19,638 [INFO] ThirdParty:1030 - CMSIS Pack Vendor :STMicroelectronics X-CUBE-DPower 1.2.0
2025-07-25 16:52:19,638 [INFO] ThirdParty:1030 - CMSIS Pack Vendor :STMicroelectronics X-CUBE-SUBG2 5.0.0
2025-07-25 16:52:19,638 [INFO] ThirdParty:1030 - CMSIS Pack Vendor :STMicroelectronics X-CUBE-AZRTOS-H7RS 1.1.0
2025-07-25 16:52:19,638 [INFO] ThirdParty:1030 - CMSIS Pack Vendor :STMicroelectronics STM32_WPAN 1.0.0
2025-07-25 16:52:19,638 [INFO] ThirdParty:1030 - CMSIS Pack Vendor :EmbeddedOffice I-CUBE-FS-RTOS 1.0.1
2025-07-25 16:52:19,638 [INFO] ThirdParty:1030 - CMSIS Pack Vendor :STMicroelectronics lwIP 2.0.3
2025-07-25 16:52:19,638 [INFO] ThirdParty:1030 - CMSIS Pack Vendor :Cesanta I-CUBE-Mongoose 7.13.0
2025-07-25 16:52:19,638 [INFO] ThirdParty:1030 - CMSIS Pack Vendor :STMicroelectronics USB_HOST 1.0.0
2025-07-25 16:52:19,638 [INFO] ThirdParty:1030 - CMSIS Pack Vendor :Infineon AIROC-Wi-Fi-Bluetooth-STM32 1.7.0
2025-07-25 16:52:19,638 [INFO] ThirdParty:1030 - CMSIS Pack Vendor :STMicroelectronics X-CUBE-AZRTOS-G4 2.0.0
2025-07-25 16:52:19,638 [INFO] ThirdParty:1030 - CMSIS Pack Vendor :STMicroelectronics X-CUBE-WB05N 2.0.0
2025-07-25 16:52:19,638 [INFO] ThirdParty:1030 - CMSIS Pack Vendor :STMicroelectronics PDM2PCM 3.1.0
2025-07-25 16:52:19,639 [INFO] ThirdParty:1030 - CMSIS Pack Vendor :STMicroelectronics PDM2PCM 3.3.0
2025-07-25 16:52:19,639 [INFO] ThirdParty:1030 - CMSIS Pack Vendor :wolfSSL I-CUBE-wolfTPM 3.8.0
2025-07-25 16:52:19,639 [INFO] ThirdParty:1030 - CMSIS Pack Vendor :STMicroelectronics X-CUBE-AZRTOS-H7 3.4.0
2025-07-25 16:52:19,639 [INFO] ThirdParty:1030 - CMSIS Pack Vendor :STMicroelectronics X-CUBE-DISPLAY 3.0.0
2025-07-25 16:52:19,639 [INFO] ThirdParty:1030 - CMSIS Pack Vendor :wolfSSL I-CUBE-wolfSSH 1.4.20
2025-07-25 16:52:19,639 [INFO] ThirdParty:1030 - CMSIS Pack Vendor :STMicroelectronics X-CUBE-NFC7 2.0.0
2025-07-25 16:52:19,639 [INFO] ThirdParty:1030 - CMSIS Pack Vendor :STMicroelectronics X-CUBE-TCPP 4.2.0
2025-07-25 16:52:19,640 [INFO] ThirdParty:1030 - CMSIS Pack Vendor :RealThread X-CUBE-RT-Thread_Nano 4.1.1
2025-07-25 16:52:19,640 [INFO] ThirdParty:1030 - CMSIS Pack Vendor :STMicroelectronics FP-ATR-SIGFOX1 3.2.0
2025-07-25 16:52:19,640 [INFO] ThirdParty:1030 - CMSIS Pack Vendor :STMicroelectronics X-CUBE-NFC10 1.0.0
2025-07-25 16:52:19,640 [INFO] ThirdParty:1030 - CMSIS Pack Vendor :STMicroelectronics X-CUBE-BLEMGR 4.0.0
2025-07-25 16:52:19,640 [INFO] ThirdParty:1030 - CMSIS Pack Vendor :STMicroelectronics X-CUBE-EEPRMA1 5.1.0
2025-07-25 16:52:19,640 [INFO] ThirdParty:1030 - CMSIS Pack Vendor :STMicroelectronics X-CUBE-FREERTOS 1.3.1
2025-07-25 16:52:19,640 [INFO] ThirdParty:1030 - CMSIS Pack Vendor :STMicroelectronics HAL Drivers 0.0.0
2025-07-25 16:52:19,640 [INFO] ThirdParty:1030 - CMSIS Pack Vendor :STMicroelectronics MBEDTLS 2.16.2
2025-07-25 16:52:19,640 [INFO] ThirdParty:1030 - CMSIS Pack Vendor :STMicroelectronics X-CUBE-IPS 3.1.0
2025-07-25 16:52:19,644 [INFO] ThirdParty:1030 - CMSIS Pack Vendor :STMicroelectronics X-CUBE-ALS 1.0.2
2025-07-25 16:52:19,645 [INFO] ThirdParty:1030 - CMSIS Pack Vendor :emotas I-CUBE-CANOPEN 1.3.0
2025-07-25 16:52:19,645 [INFO] ThirdParty:1030 - CMSIS Pack Vendor :STMicroelectronics X-CUBE-FREERTOS 1.3.0
2025-07-25 16:52:19,645 [INFO] ThirdParty:1030 - CMSIS Pack Vendor :STMicroelectronics X-CUBE-NFC7 1.0.1
2025-07-25 16:52:19,645 [INFO] ThirdParty:1030 - CMSIS Pack Vendor :STMicroelectronics MBEDTLS 2.14.1
2025-07-25 16:52:19,646 [INFO] ThirdParty:1030 - CMSIS Pack Vendor :wolfSSL I-CUBE-wolfSSL 5.7.6
2025-07-25 16:52:19,646 [INFO] ThirdParty:1030 - CMSIS Pack Vendor :ITTIA_DB I-CUBE-ITTIADB 8.9.0
2025-07-25 16:52:19,646 [INFO] ThirdParty:1030 - CMSIS Pack Vendor :portGmbH I-Cube-SoM-uGOAL 1.1.0
2025-07-25 16:52:19,646 [INFO] ThirdParty:1030 - CMSIS Pack Vendor :quantropi X-CUBE-qispace-sdk-base 2.0.0
2025-07-25 16:52:19,646 [INFO] ThirdParty:1030 - CMSIS Pack Vendor :STMicroelectronics X-CUBE-AI 10.0.0
2025-07-25 16:52:19,646 [INFO] ThirdParty:1030 - CMSIS Pack Vendor :STMicroelectronics X-CUBE-ST67W61 1.0.0
2025-07-25 16:52:19,646 [INFO] ThirdParty:1030 - CMSIS Pack Vendor :STMicroelectronics FP-SNS-STAIOTCFT 1.0.0
2025-07-25 16:52:19,646 [INFO] ThirdParty:1030 - CMSIS Pack Vendor :STMicroelectronics ThreadX 1.0.0
2025-07-25 16:52:19,646 [INFO] ThirdParty:1030 - CMSIS Pack Vendor :STMicroelectronics FP-SNS-SMARTAG2 1.2.0
2025-07-25 16:52:19,646 [INFO] ThirdParty:1030 - CMSIS Pack Vendor :STMicroelectronics FP-SNS-FLIGHT1 5.1.0
2025-07-25 16:52:19,647 [INFO] ThirdParty:1030 - CMSIS Pack Vendor :STMicroelectronics X-CUBE-MEMS1 11.1.0
2025-07-25 16:52:19,647 [INFO] ThirdParty:1030 - CMSIS Pack Vendor :STMicroelectronics X-CUBE-AZRTOS-WL 2.0.0
2025-07-25 16:52:19,647 [INFO] ThirdParty:1030 - CMSIS Pack Vendor :SEGGER I-CUBE-embOS 1.3.1
2025-07-25 16:52:19,647 [INFO] ThirdParty:1030 - CMSIS Pack Vendor :STMicroelectronics X-CUBE-ALGOBUILD 1.4.0
2025-07-25 16:52:19,647 [INFO] ThirdParty:1030 - CMSIS Pack Vendor :STMicroelectronics X-CUBE-DPower 1.3.0
2025-07-25 16:52:19,648 [INFO] ThirdParty:1030 - CMSIS Pack Vendor :STMicroelectronics X-CUBE-MEMS1 11.3.0
2025-07-25 16:52:19,648 [INFO] ThirdParty:1030 - CMSIS Pack Vendor :STMicroelectronics FP-SNS-MOTENV1 5.0.0
2025-07-25 16:52:19,648 [INFO] ThirdParty:1030 - CMSIS Pack Vendor :STMicroelectronics USB_DEVICE 1.0.0
2025-07-25 16:52:19,649 [INFO] ThirdParty:1030 - CMSIS Pack Vendor :STMicroelectronics X-CUBE-AZRTOS-L4 2.0.0
2025-07-25 16:52:19,649 [INFO] ThirdParty:1030 - CMSIS Pack Vendor :STMicroelectronics ThreadX 0.0.2
2025-07-25 16:52:19,649 [INFO] ThirdParty:1030 - CMSIS Pack Vendor :WES I-CUBE-Cesium 1.3.0
2025-07-25 16:52:19,649 [INFO] ThirdParty:1030 - CMSIS Pack Vendor :STMicroelectronics lwIP 2.1.2
2025-07-25 16:52:19,649 [INFO] ThirdParty:1030 - CMSIS Pack Vendor :STMicroelectronics X-CUBE-SFXS2LP1 4.0.0
2025-07-25 16:52:19,649 [INFO] ThirdParty:1030 - CMSIS Pack Vendor :STMicroelectronics X-CUBE-BLE2 3.3.0
2025-07-25 16:52:19,649 [INFO] ThirdParty:1030 - CMSIS Pack Vendor :STMicroelectronics X-CUBE-TOF1 3.4.2
2025-07-25 16:52:19,649 [INFO] ThirdParty:1030 - CMSIS Pack Vendor :STMicroelectronics X-CUBE-TOF1 3.4.3
2025-07-25 16:52:19,650 [INFO] ThirdParty:1030 - CMSIS Pack Vendor :STMicroelectronics PDM2PCM 3.2.0
2025-07-25 16:52:19,650 [INFO] ThirdParty:841 - exiting critical section [change project]
2025-07-25 16:52:20,080 [INFO] PinOutPanel:1589 - setPackage(No Configuration,No Configuration)
2025-07-25 16:52:20,082 [INFO] PinOutPanel:1589 - setPackage(STM32F103RBTx,LQFP64)
2025-07-25 16:52:20,837 [INFO] UtilMem:75 - Before build in PCC Used Memory: 827737144 Bytes (1073741824)
2025-07-25 16:52:21,465 [INFO] UtilMem:75 - After build in PCC Used Memory: 872303672 Bytes (1073741824)
2025-07-25 16:52:21,509 [INFO] IPUIPlugin:80 - create IPUIPlugin
2025-07-25 16:52:21,510 [INFO] IPUIPlugin:80 - create IPUIPlugin
2025-07-25 16:52:21,510 [INFO] IPUIPlugin:80 - create IPUIPlugin
2025-07-25 16:52:21,512 [INFO] IPUIPlugin:80 - create IPUIPlugin
2025-07-25 16:52:21,512 [INFO] IPUIPlugin:80 - create IPUIPlugin
2025-07-25 16:52:21,513 [INFO] IPUIPlugin:80 - create IPUIPlugin
2025-07-25 16:52:21,513 [INFO] IPUIPlugin:80 - create IPUIPlugin
2025-07-25 16:52:21,513 [INFO] IPUIPlugin:80 - create IPUIPlugin
2025-07-25 16:52:21,514 [INFO] IPUIPlugin:80 - create IPUIPlugin
2025-07-25 16:52:21,514 [INFO] IPUIPlugin:80 - create IPUIPlugin
2025-07-25 16:52:21,514 [INFO] IPUIPlugin:80 - create IPUIPlugin
2025-07-25 16:52:21,515 [INFO] IPUIPlugin:80 - create IPUIPlugin
2025-07-25 16:52:21,515 [INFO] IPUIPlugin:80 - create IPUIPlugin
2025-07-25 16:52:21,515 [INFO] IPUIPlugin:80 - create IPUIPlugin
2025-07-25 16:52:21,516 [INFO] IPUIPlugin:80 - create IPUIPlugin
2025-07-25 16:52:21,517 [INFO] IPUIPlugin:80 - create IPUIPlugin
2025-07-25 16:52:21,518 [INFO] IPUIPlugin:80 - create IPUIPlugin
2025-07-25 16:52:21,520 [INFO] IPUIPlugin:80 - create IPUIPlugin
2025-07-25 16:52:21,520 [INFO] IPUIPlugin:80 - create IPUIPlugin
2025-07-25 16:52:21,521 [INFO] IPUIPlugin:80 - create IPUIPlugin
2025-07-25 16:52:21,521 [INFO] IPUIPlugin:80 - create IPUIPlugin
2025-07-25 16:52:21,522 [INFO] IPUIPlugin:80 - create IPUIPlugin
2025-07-25 16:52:21,522 [INFO] IPUIPlugin:80 - create IPUIPlugin
2025-07-25 16:52:21,523 [INFO] IPUIPlugin:80 - create IPUIPlugin
2025-07-25 16:52:21,523 [INFO] IPUIPlugin:80 - create IPUIPlugin
2025-07-25 16:52:21,528 [INFO] IPUIPlugin:80 - create IPUIPlugin
2025-07-25 16:52:21,528 [INFO] IPUIPlugin:80 - create IPUIPlugin
2025-07-25 16:52:21,649 [INFO] CADModel:165 - CPN selected for project levelSTM32F103RBT6
2025-07-25 16:52:21,650 [INFO] CADModel:114 - Register for checkConnection events
2025-07-25 16:52:21,756 [INFO] OpenFileManager:363 - Restore cursor
2025-07-25 16:52:37,976 [INFO] UtilMem:75 - End SaveConfig() Used Memory: 921236536 Bytes (1073741824)
2025-07-25 16:52:38,712 [INFO] UtilMem:75 - End SaveConfig() Used Memory: 936867856 Bytes (1073741824)
2025-07-25 16:52:40,513 [INFO] UtilMem:75 - End SaveConfig() Used Memory: 748223544 Bytes (1073741824)
2025-07-25 16:52:40,849 [INFO] BlockDiagram:2766 - set Specific Code input for plugin: NVIC
2025-07-25 16:52:40,849 [INFO] BlockDiagram:2766 - set Specific Code input for plugin: USART
2025-07-25 16:52:40,849 [INFO] BlockDiagram:2766 - set Specific Code input for plugin: SYS
2025-07-25 16:52:40,849 [INFO] BlockDiagram:2766 - set Specific Code input for plugin: GPIO
2025-07-25 16:52:40,849 [INFO] BlockDiagram:2766 - set Specific Code input for plugin: RCC
2025-07-25 16:52:40,851 [INFO] CodeGenerator:896 - code generatio: config db path: C:\ST\STM32CubeIDE_1.17.0\STM32CubeIDE\plugins\com.st.stm32cube.common.mx_6.13.0.202411220809\\db\
2025-07-25 16:52:41,134 [INFO] CodeEngine:255 - oldGeneratedFile, C:\Users\Santiago\Desktop\facu\2025c1\TPF_TDSE\Pruebas_workspace\MdeE\MXTmpFiles\license.tmp_save
2025-07-25 16:52:41,800 [INFO] CodeEngine:279 - Generated code: C:\Users\Santiago\Desktop\facu\2025c1\TPF_TDSE\Pruebas_workspace\MdeE\MXTmpFiles\license.tmp
2025-07-25 16:52:41,955 [INFO] CodeEngine:255 - oldGeneratedFile, C:\Users\Santiago\Desktop\facu\2025c1\TPF_TDSE\Pruebas_workspace\MdeE\MXTmpFiles\gpio.tmp_save
2025-07-25 16:52:42,361 [INFO] CodeEngine:279 - Generated code: C:\Users\Santiago\Desktop\facu\2025c1\TPF_TDSE\Pruebas_workspace\MdeE\MXTmpFiles\gpio.tmp
2025-07-25 16:52:42,571 [INFO] CodeEngine:255 - oldGeneratedFile, C:\Users\Santiago\Desktop\facu\2025c1\TPF_TDSE\Pruebas_workspace\MdeE\Core\Src\stm32f1xx_it.c_save
2025-07-25 16:52:43,244 [INFO] CodeEngine:279 - Generated code: C:\Users\Santiago\Desktop\facu\2025c1\TPF_TDSE\Pruebas_workspace\MdeE\Core\Src\stm32f1xx_it.c
2025-07-25 16:52:43,288 [INFO] CodeEngine:255 - oldGeneratedFile, C:\Users\Santiago\Desktop\facu\2025c1\TPF_TDSE\Pruebas_workspace\MdeE\Core\Inc\stm32f1xx_it.h_save
2025-07-25 16:52:43,542 [INFO] CodeEngine:279 - Generated code: C:\Users\Santiago\Desktop\facu\2025c1\TPF_TDSE\Pruebas_workspace\MdeE\Core\Inc\stm32f1xx_it.h
2025-07-25 16:52:43,636 [INFO] CodeEngine:255 - oldGeneratedFile, C:\Users\Santiago\Desktop\facu\2025c1\TPF_TDSE\Pruebas_workspace\MdeE\Core\Src\stm32f1xx_hal_msp.c_save
2025-07-25 16:52:43,968 [INFO] CodeEngine:279 - Generated code: C:\Users\Santiago\Desktop\facu\2025c1\TPF_TDSE\Pruebas_workspace\MdeE\Core\Src\stm32f1xx_hal_msp.c
2025-07-25 16:52:43,980 [INFO] CodeEngine:255 - oldGeneratedFile, C:\Users\Santiago\Desktop\facu\2025c1\TPF_TDSE\Pruebas_workspace\MdeE\MXTmpFiles\system.tmp_save
2025-07-25 16:52:44,146 [INFO] CodeEngine:279 - Generated code: C:\Users\Santiago\Desktop\facu\2025c1\TPF_TDSE\Pruebas_workspace\MdeE\MXTmpFiles\system.tmp
2025-07-25 16:52:44,228 [INFO] CodeEngine:311 - oldGeneratedFile, C:\Users\Santiago\Desktop\facu\2025c1\TPF_TDSE\Pruebas_workspace\MdeE\Core\Inc\stm32f1xx_hal_conf.h_save
2025-07-25 16:52:44,498 [INFO] CodeEngine:335 - Generated code: C:\Users\Santiago\Desktop\facu\2025c1\TPF_TDSE\Pruebas_workspace\MdeE\Core\Inc\stm32f1xx_hal_conf.h
2025-07-25 16:52:44,569 [INFO] ApiDbMcu:508 - Load IP Config File for USART2
2025-07-25 16:52:44,573 [INFO] ApiDbMcu:508 - Load IP Config File for RCC
2025-07-25 16:52:44,646 [INFO] CodeEngine:255 - oldGeneratedFile, C:\Users\Santiago\Desktop\facu\2025c1\TPF_TDSE\Pruebas_workspace\MdeE\Core\Inc\main.h_save
2025-07-25 16:52:44,950 [INFO] CodeEngine:279 - Generated code: C:\Users\Santiago\Desktop\facu\2025c1\TPF_TDSE\Pruebas_workspace\MdeE\Core\Inc\main.h
2025-07-25 16:52:44,996 [INFO] CodeEngine:255 - oldGeneratedFile, C:\Users\Santiago\Desktop\facu\2025c1\TPF_TDSE\Pruebas_workspace\MdeE\Core\Src\main.c_save
2025-07-25 16:52:45,378 [INFO] CodeEngine:279 - Generated code: C:\Users\Santiago\Desktop\facu\2025c1\TPF_TDSE\Pruebas_workspace\MdeE\Core\Src\main.c
2025-07-25 16:52:47,927 [INFO] ProjectBuilder:3289 - Time for Copy HAL[1] : 489mS.
2025-07-25 16:52:47,937 [INFO] ProjectBuilder:4876 - Project Generator version: 4.5.0-RC5
2025-07-25 16:52:48,130 [INFO] ConfigFileManager:1579 - The Die is : DIE410
2025-07-25 16:52:48,137 [INFO] ApiDbMcu:508 - Load IP Config File for FATFS
2025-07-25 16:52:48,148 [INFO] ApiDbMcu:508 - Load IP Config File for FREERTOS
2025-07-25 16:52:48,159 [INFO] ApiDbMcu:508 - Load IP Config File for USB_DEVICE
2025-07-25 16:52:51,352 [INFO] ProjectBuilder:5154 - Time for Generating toolchain IDE Files: 3415mS.
2025-07-25 16:52:51,354 [INFO] ProjectBuilder:3146 - Time for Copy CMSIS : 0mS.
2025-07-25 16:52:51,361 [INFO] ProjectBuilder:3146 - Time for Copy CMSIS : 1mS.
