2025-07-24 12:25:36,721 [INFO] Activator:176 - 


2025-07-24 12:25:36,727 [INFO] Activator:177 - !SESSION log4j initialized
2025-07-24 12:25:48,741 [INFO] LogOutputStream:77 - [STDOUT_REDIRECT] 
2025-07-24 12:25:56,664 [INFO] ApplicationProperties:184 - Using Application install path: C:\ST\STM32CubeIDE_1.17.0\STM32CubeIDE\plugins\com.st.stm32cube.common.mx_6.13.0.202411220809
2025-07-24 12:25:56,688 [INFO] DbMcusXml:78 - Set database path to: C:\ST\STM32CubeIDE_1.17.0\STM32CubeIDE\plugins\com.st.stm32cube.common.mx_6.13.0.202411220809\\db\/mcu/
2025-07-24 12:25:56,689 [INFO] ApiDb:274 - Set plugin database path to: C:\ST\STM32CubeIDE_1.17.0\STM32CubeIDE\plugins\com.st.stm32cube.common.mx_6.13.0.202411220809\\db\/plugins/boardmanager/
2025-07-24 12:25:56,689 [WARN] ApiDb:259 - Overriding images path with different value:  => C:\ST\STM32CubeIDE_1.17.0\STM32CubeIDE\plugins\com.st.stm32cube.common.mx_6.13.0.202411220809\\db\/plugins/mcufinder/images/
2025-07-24 12:25:56,702 [INFO] ApiDb:250 - Set database path to: C:\Users\Santiago\.stmcufinder\plugins\mcufinder//mcu/
2025-07-24 12:25:56,703 [INFO] DbMcusAds:125 - Set database path to: C:\Users\Santiago\.stmcufinder\plugins\mcufinder//mcu/
2025-07-24 12:25:56,708 [INFO] CrossReferenceDbSqlite:203 - Set database path to: C:\Users\Santiago\.stmcufinder\plugins\mcufinder//mcu/cs/
2025-07-24 12:25:56,890 [INFO] RulesReader:64 - Compatibility file has been processed (297 Rules)
2025-07-24 12:25:57,056 [INFO] DbMcusXml:78 - Set database path to: C:\ST\STM32CubeIDE_1.17.0\STM32CubeIDE\plugins\com.st.stm32cube.common.mx_6.13.0.202411220809\\db\/mcu/
2025-07-24 12:25:57,056 [INFO] ApiDb:274 - Set plugin database path to: C:\ST\STM32CubeIDE_1.17.0\STM32CubeIDE\plugins\com.st.stm32cube.common.mx_6.13.0.202411220809\\db\/plugins/boardmanager/
2025-07-24 12:25:57,057 [INFO] ApiDb:261 - Set plugin images path to: C:\ST\STM32CubeIDE_1.17.0\STM32CubeIDE\plugins\com.st.stm32cube.common.mx_6.13.0.202411220809\\db\/plugins/mcufinder/images/
2025-07-24 12:25:57,058 [WARN] DbFile:41 - Overriding database path with different value: C:\Users\Santiago\.stmcufinder\plugins\mcufinder/ => C:\Users\Santiago\.stmcufinder\plugins\mcufinder
2025-07-24 12:25:57,058 [INFO] ApiDb:250 - Set database path to: C:\Users\Santiago\.stmcufinder\plugins\mcufinder//mcu/
2025-07-24 12:25:57,058 [WARN] DbFile:41 - Overriding database path with different value: C:\Users\Santiago\.stmcufinder\plugins\mcufinder/ => C:\Users\Santiago\.stmcufinder\plugins\mcufinder
2025-07-24 12:25:57,059 [INFO] DbMcusAds:125 - Set database path to: C:\Users\Santiago\.stmcufinder\plugins\mcufinder//mcu/
2025-07-24 12:25:57,059 [WARN] DbFile:41 - Overriding database path with different value: C:\Users\Santiago\.stmcufinder\plugins\mcufinder/ => C:\Users\Santiago\.stmcufinder\plugins\mcufinder
2025-07-24 12:25:57,059 [WARN] DbFile:41 - Overriding database path with different value: C:\Users\Santiago\.stmcufinder\plugins\mcufinder/ => C:\Users\Santiago\.stmcufinder\plugins\mcufinder
2025-07-24 12:25:57,060 [INFO] CrossReferenceDbSqlite:203 - Set database path to: C:\Users\Santiago\.stmcufinder\plugins\mcufinder//mcu/cs/
2025-07-24 12:25:57,209 [INFO] MainPanel:272 - HeapMemory: 268435456
2025-07-24 12:25:57,388 [INFO] DbMcusXml:78 - Set database path to: C:\ST\STM32CubeIDE_1.17.0\STM32CubeIDE\plugins\com.st.stm32cube.common.mx_6.13.0.202411220809\\db\/mcu/
2025-07-24 12:25:57,388 [INFO] ApiDb:274 - Set plugin database path to: C:\ST\STM32CubeIDE_1.17.0\STM32CubeIDE\plugins\com.st.stm32cube.common.mx_6.13.0.202411220809\\db\/plugins/boardmanager/
2025-07-24 12:25:57,388 [INFO] ApiDb:261 - Set plugin images path to: C:\ST\STM32CubeIDE_1.17.0\STM32CubeIDE\plugins\com.st.stm32cube.common.mx_6.13.0.202411220809\\db\/plugins/mcufinder/images/
2025-07-24 12:25:57,389 [WARN] DbFile:41 - Overriding database path with different value: C:\Users\Santiago\.stmcufinder\plugins\mcufinder/ => C:\Users\Santiago\.stmcufinder\plugins\mcufinder
2025-07-24 12:25:57,389 [INFO] ApiDb:250 - Set database path to: C:\Users\Santiago\.stmcufinder\plugins\mcufinder//mcu/
2025-07-24 12:25:57,390 [WARN] DbFile:41 - Overriding database path with different value: C:\Users\Santiago\.stmcufinder\plugins\mcufinder/ => C:\Users\Santiago\.stmcufinder\plugins\mcufinder
2025-07-24 12:25:57,390 [INFO] DbMcusAds:125 - Set database path to: C:\Users\Santiago\.stmcufinder\plugins\mcufinder//mcu/
2025-07-24 12:25:57,390 [WARN] DbFile:41 - Overriding database path with different value: C:\Users\Santiago\.stmcufinder\plugins\mcufinder/ => C:\Users\Santiago\.stmcufinder\plugins\mcufinder
2025-07-24 12:25:57,390 [WARN] DbFile:41 - Overriding database path with different value: C:\Users\Santiago\.stmcufinder\plugins\mcufinder/ => C:\Users\Santiago\.stmcufinder\plugins\mcufinder
2025-07-24 12:25:57,390 [INFO] CrossReferenceDbSqlite:203 - Set database path to: C:\Users\Santiago\.stmcufinder\plugins\mcufinder//mcu/cs/
2025-07-24 12:25:57,419 [INFO] ApplicationProperties:184 - Using Application install path: C:\ST\STM32CubeIDE_1.17.0\STM32CubeIDE\plugins\com.st.stm32cube.common.mx_6.13.0.202411220809
2025-07-24 12:25:57,421 [INFO] PluginManage:196 - Search for loadable plugins [exclusion list=, ]
2025-07-24 12:25:57,424 [INFO] PluginManage:310 - Check plugin analytics
2025-07-24 12:25:57,816 [INFO] AnalyticsPlugin:253 - Accepted Software Licenses: 
2025-07-24 12:25:57,818 [INFO] AnalyticsPlugin:255 - Accepted CMSIS Pack Licenses: 
2025-07-24 12:25:57,818 [INFO] AnalyticsPlugin:257 - Accepted Firmware Licenses: 
2025-07-24 12:25:57,826 [INFO] PluginManage:359 - Loaded plugin analytics (category:tool,tabindex:-1)
2025-07-24 12:25:57,828 [INFO] PluginManage:310 - Check plugin cadmodel
2025-07-24 12:25:57,891 [INFO] CADModel:105 - Init CAD model plugin
2025-07-24 12:25:57,891 [INFO] PluginManage:359 - Loaded plugin cadmodel (category:power,tabindex:5)
2025-07-24 12:25:57,892 [INFO] PluginManage:310 - Check plugin clock
2025-07-24 12:25:57,936 [INFO] PluginManage:359 - Loaded plugin clock (category:base,tabindex:2)
2025-07-24 12:25:57,937 [INFO] PluginManage:310 - Check plugin ddr
2025-07-24 12:25:57,944 [INFO] PluginManage:359 - Loaded plugin ddr (category:tool,tabindex:6)
2025-07-24 12:25:57,944 [INFO] PluginManage:310 - Check plugin filemanager
2025-07-24 12:25:58,272 [INFO] PluginManage:359 - Loaded plugin filemanager (category:base,tabindex:10)
2025-07-24 12:25:58,273 [INFO] PluginManage:310 - Check plugin ipmanager
2025-07-24 12:25:58,287 [INFO] PluginManage:359 - Loaded plugin ipmanager (category:base,tabindex:5)
2025-07-24 12:25:58,287 [INFO] PluginManage:310 - Check plugin lpbam
2025-07-24 12:25:58,364 [INFO] PluginManage:359 - Loaded plugin lpbam (category:base,tabindex:0)
2025-07-24 12:25:58,364 [INFO] PluginManage:310 - Check plugin memorymap
2025-07-24 12:25:58,419 [INFO] PluginManage:359 - Loaded plugin memorymap (category:base,tabindex:4)
2025-07-24 12:25:58,419 [INFO] PluginManage:310 - Check plugin pinoutandconfiguration
2025-07-24 12:25:58,461 [INFO] PluginManage:359 - Loaded plugin pinoutandconfiguration (category:base,tabindex:1)
2025-07-24 12:25:58,461 [INFO] PluginManage:310 - Check plugin pinoutconfig
2025-07-24 12:25:58,638 [WARN] SupportedApi:132 - Cannot load RTOS API schema: s4s-elt-must-match.1: The content of 'definitions' must match (annotation?, (simpleType | complexType)?, (unique | key | keyref)*)). A problem was found starting at: attribute.
2025-07-24 12:25:58,839 [INFO] PluginManage:359 - Loaded plugin pinoutconfig (category:base,tabindex:0)
2025-07-24 12:25:58,839 [INFO] PluginManage:310 - Check plugin power
2025-07-24 12:25:58,873 [INFO] PluginManage:359 - Loaded plugin power (category:power,tabindex:4)
2025-07-24 12:25:58,873 [INFO] PluginManage:310 - Check plugin projectmanager
2025-07-24 12:25:58,903 [INFO] PluginManage:359 - Loaded plugin projectmanager (category:projectmanager,tabindex:4)
2025-07-24 12:25:58,903 [INFO] PluginManage:310 - Check plugin rif
2025-07-24 12:25:58,941 [INFO] PluginManage:359 - Loaded plugin rif (category:base,tabindex:3)
2025-07-24 12:25:58,941 [INFO] PluginManage:310 - Check plugin thirdparty
2025-07-24 12:25:59,415 [WARN] IntegrityCheckThread:84 - waiting for thirdparty lock release [integrity check]
2025-07-24 12:25:59,415 [INFO] PluginManage:359 - Loaded plugin thirdparty (category:base,tabindex:-1)
2025-07-24 12:25:59,415 [INFO] IntegrityCheckThread:86 - entering critical section [integrity check]
2025-07-24 12:25:59,415 [INFO] PluginManage:310 - Check plugin tools
2025-07-24 12:25:59,416 [INFO] ThirdPartyUpdaterWithRetryManager:70 - Updater plugin not ready yet. [1/15]
2025-07-24 12:25:59,487 [INFO] PluginManage:359 - Loaded plugin tools (category:base,tabindex:7)
2025-07-24 12:25:59,487 [INFO] PluginManage:310 - Check plugin tutovideos
2025-07-24 12:25:59,756 [INFO] PluginManage:359 - Loaded plugin tutovideos (category:base,tabindex:-1)
2025-07-24 12:25:59,756 [INFO] PluginManage:310 - Check plugin updater
2025-07-24 12:25:59,792 [INFO] PluginManage:359 - Loaded plugin updater (category:base,tabindex:12)
2025-07-24 12:25:59,793 [INFO] PluginManage:310 - Check plugin userauth
2025-07-24 12:25:59,800 [INFO] UserAuth:118 - Init User Auth plugin
2025-07-24 12:25:59,801 [INFO] PluginManage:359 - Loaded plugin userauth (category:base,tabindex:14)
2025-07-24 12:25:59,802 [INFO] PluginManage:283 - PluginManage : Loaded plugins [18]
2025-07-24 12:26:00,245 [INFO] PinOutPanel:1589 - setPackage(No Configuration,No Configuration)
2025-07-24 12:26:00,461 [INFO] CADModel:165 - CPN selected for project level
2025-07-24 12:26:00,461 [INFO] CADModel:114 - Register for checkConnection events
2025-07-24 12:26:00,521 [INFO] IPUIPlugin:80 - create IPUIPlugin
2025-07-24 12:26:00,522 [INFO] PluginManager:220 - loadIPPluginJar : add adc
2025-07-24 12:26:00,624 [INFO] IPUIPlugin:80 - create IPUIPlugin
2025-07-24 12:26:00,624 [INFO] PluginManager:220 - loadIPPluginJar : add aes
2025-07-24 12:26:00,746 [INFO] IPUIPlugin:80 - create IPUIPlugin
2025-07-24 12:26:00,746 [INFO] PluginManager:220 - loadIPPluginJar : add can
2025-07-24 12:26:00,814 [INFO] IPUIPlugin:80 - create IPUIPlugin
2025-07-24 12:26:00,815 [INFO] PluginManager:220 - loadIPPluginJar : add comp
2025-07-24 12:26:00,887 [INFO] IPUIPlugin:80 - create IPUIPlugin
2025-07-24 12:26:00,888 [INFO] PluginManager:220 - loadIPPluginJar : add cryp
2025-07-24 12:26:00,910 [INFO] IPUIPlugin:80 - create IPUIPlugin
2025-07-24 12:26:00,910 [INFO] PluginManager:220 - loadIPPluginJar : add ddr_ctrl_phy
2025-07-24 12:26:00,975 [INFO] IPUIPlugin:80 - create IPUIPlugin
2025-07-24 12:26:00,975 [INFO] PluginManager:220 - loadIPPluginJar : add dfsdm
2025-07-24 12:26:01,000 [INFO] IPUIPlugin:80 - create IPUIPlugin
2025-07-24 12:26:01,001 [INFO] PluginManager:220 - loadIPPluginJar : add dma
2025-07-24 12:26:01,082 [INFO] IPUIPlugin:80 - create IPUIPlugin
2025-07-24 12:26:01,082 [INFO] PluginManager:220 - loadIPPluginJar : add dma3
2025-07-24 12:26:01,176 [INFO] IPUIPlugin:80 - create IPUIPlugin
2025-07-24 12:26:01,176 [INFO] PluginManager:220 - loadIPPluginJar : add extmemmanager
2025-07-24 12:26:01,218 [INFO] IPUIPlugin:80 - create IPUIPlugin
2025-07-24 12:26:01,218 [INFO] PluginManager:220 - loadIPPluginJar : add fatfs
2025-07-24 12:26:01,313 [INFO] IPUIPlugin:80 - create IPUIPlugin
2025-07-24 12:26:01,313 [INFO] PluginManager:220 - loadIPPluginJar : add fmc
2025-07-24 12:26:01,339 [INFO] IPUIPlugin:80 - create IPUIPlugin
2025-07-24 12:26:01,340 [INFO] PluginManager:220 - loadIPPluginJar : add freertos
2025-07-24 12:26:01,388 [INFO] IPUIPlugin:80 - create IPUIPlugin
2025-07-24 12:26:01,388 [INFO] PluginManager:220 - loadIPPluginJar : add genericplugin
2025-07-24 12:26:01,587 [INFO] IPUIPlugin:80 - create IPUIPlugin
2025-07-24 12:26:01,588 [INFO] PluginManager:220 - loadIPPluginJar : add gfxmmu
2025-07-24 12:26:01,863 [INFO] IPUIPlugin:80 - create IPUIPlugin
2025-07-24 12:26:01,863 [INFO] PluginManager:220 - loadIPPluginJar : add gic
2025-07-24 12:26:01,891 [INFO] IPUIPlugin:80 - create IPUIPlugin
2025-07-24 12:26:01,892 [INFO] PluginManager:220 - loadIPPluginJar : add gpio
2025-07-24 12:26:02,067 [INFO] IPUIPlugin:80 - create IPUIPlugin
2025-07-24 12:26:02,067 [INFO] PluginManager:220 - loadIPPluginJar : add gtzc
2025-07-24 12:26:02,135 [INFO] IPUIPlugin:80 - create IPUIPlugin
2025-07-24 12:26:02,135 [INFO] PluginManager:220 - loadIPPluginJar : add hash
2025-07-24 12:26:02,239 [INFO] IPUIPlugin:80 - create IPUIPlugin
2025-07-24 12:26:02,239 [INFO] PluginManager:220 - loadIPPluginJar : add i2c
2025-07-24 12:26:02,312 [INFO] IPUIPlugin:80 - create IPUIPlugin
2025-07-24 12:26:02,312 [INFO] PluginManager:220 - loadIPPluginJar : add i2s
2025-07-24 12:26:02,389 [INFO] IPUIPlugin:80 - create IPUIPlugin
2025-07-24 12:26:02,390 [INFO] PluginManager:220 - loadIPPluginJar : add i3c
2025-07-24 12:26:02,418 [INFO] ThirdPartyUpdaterWithRetryManager:70 - Updater plugin not ready yet. [2/15]
2025-07-24 12:26:02,565 [INFO] IPUIPlugin:80 - create IPUIPlugin
2025-07-24 12:26:02,566 [INFO] PluginManager:220 - loadIPPluginJar : add ipddr
2025-07-24 12:26:02,747 [INFO] IPUIPlugin:80 - create IPUIPlugin
2025-07-24 12:26:02,747 [INFO] PluginManager:220 - loadIPPluginJar : add linkedlist
2025-07-24 12:26:02,827 [INFO] IPUIPlugin:80 - create IPUIPlugin
2025-07-24 12:26:02,827 [INFO] PluginManager:220 - loadIPPluginJar : add lorawan
2025-07-24 12:26:02,895 [INFO] IPUIPlugin:80 - create IPUIPlugin
2025-07-24 12:26:02,895 [INFO] PluginManager:220 - loadIPPluginJar : add ltdc
2025-07-24 12:26:02,916 [INFO] IPUIPlugin:80 - create IPUIPlugin
2025-07-24 12:26:02,917 [INFO] PluginManager:220 - loadIPPluginJar : add mdma
2025-07-24 12:26:02,937 [INFO] IPUIPlugin:80 - create IPUIPlugin
2025-07-24 12:26:02,937 [INFO] PluginManager:220 - loadIPPluginJar : add nvic
2025-07-24 12:26:03,017 [INFO] IPUIPlugin:80 - create IPUIPlugin
2025-07-24 12:26:03,017 [INFO] PluginManager:220 - loadIPPluginJar : add opamp
2025-07-24 12:26:03,202 [INFO] IPUIPlugin:80 - create IPUIPlugin
2025-07-24 12:26:03,202 [INFO] PluginManager:220 - loadIPPluginJar : add openamp
2025-07-24 12:26:03,337 [INFO] IPUIPlugin:80 - create IPUIPlugin
2025-07-24 12:26:03,337 [INFO] PluginManager:220 - loadIPPluginJar : add pdm2pcm
2025-07-24 12:26:03,362 [INFO] IPUIPlugin:80 - create IPUIPlugin
2025-07-24 12:26:03,366 [INFO] PluginManager:220 - loadIPPluginJar : add plateformsettings
2025-07-24 12:26:03,411 [INFO] IPUIPlugin:80 - create IPUIPlugin
2025-07-24 12:26:03,411 [INFO] PluginManager:220 - loadIPPluginJar : add quadspi
2025-07-24 12:26:03,468 [INFO] IPUIPlugin:80 - create IPUIPlugin
2025-07-24 12:26:03,469 [INFO] PluginManager:220 - loadIPPluginJar : add radio
2025-07-24 12:26:03,491 [INFO] IPUIPlugin:80 - create IPUIPlugin
2025-07-24 12:26:03,491 [INFO] PluginManager:220 - loadIPPluginJar : add resmgrutility
2025-07-24 12:26:03,583 [INFO] IPUIPlugin:80 - create IPUIPlugin
2025-07-24 12:26:03,584 [INFO] PluginManager:220 - loadIPPluginJar : add sai
2025-07-24 12:26:03,657 [INFO] IPUIPlugin:80 - create IPUIPlugin
2025-07-24 12:26:03,657 [INFO] PluginManager:220 - loadIPPluginJar : add spi
2025-07-24 12:26:03,784 [INFO] IPUIPlugin:80 - create IPUIPlugin
2025-07-24 12:26:03,784 [INFO] PluginManager:220 - loadIPPluginJar : add stm32_wpan
2025-07-24 12:26:03,836 [INFO] IPUIPlugin:80 - create IPUIPlugin
2025-07-24 12:26:03,836 [INFO] PluginManager:220 - loadIPPluginJar : add tim
2025-07-24 12:26:03,953 [INFO] IPUIPlugin:80 - create IPUIPlugin
2025-07-24 12:26:03,953 [INFO] PluginManager:220 - loadIPPluginJar : add touchsensing
2025-07-24 12:26:04,002 [INFO] IPUIPlugin:80 - create IPUIPlugin
2025-07-24 12:26:04,002 [INFO] PluginManager:220 - loadIPPluginJar : add tracer_emb
2025-07-24 12:26:04,053 [INFO] IPUIPlugin:80 - create IPUIPlugin
2025-07-24 12:26:04,054 [INFO] PluginManager:220 - loadIPPluginJar : add ts
2025-07-24 12:26:04,104 [INFO] IPUIPlugin:80 - create IPUIPlugin
2025-07-24 12:26:04,104 [INFO] PluginManager:220 - loadIPPluginJar : add tsc
2025-07-24 12:26:04,149 [INFO] IPUIPlugin:80 - create IPUIPlugin
2025-07-24 12:26:04,149 [INFO] PluginManager:220 - loadIPPluginJar : add ucpd
2025-07-24 12:26:04,230 [INFO] IPUIPlugin:80 - create IPUIPlugin
2025-07-24 12:26:04,230 [INFO] PluginManager:220 - loadIPPluginJar : add usart
2025-07-24 12:26:04,313 [INFO] IPUIPlugin:80 - create IPUIPlugin
2025-07-24 12:26:04,314 [INFO] PluginManager:220 - loadIPPluginJar : add usbx
2025-07-24 12:26:04,532 [FATAL] Updater:351 - Updater called before beeing initialized
2025-07-24 12:26:04,611 [INFO] RulesReader:64 - Compatibility file has been processed (297 Rules)
2025-07-24 12:26:04,641 [INFO] RulesReader:64 - Compatibility file has been processed (297 Rules)
2025-07-24 12:26:04,664 [INFO] CADModel:165 - CPN selected for project level
2025-07-24 12:26:04,664 [INFO] CADModel:114 - Register for checkConnection events
2025-07-24 12:26:04,664 [FATAL] Updater:351 - Updater called before beeing initialized
2025-07-24 12:26:04,664 [ERROR] CADModel:125 - Updater not yet initialized, retry later 
2025-07-24 12:26:05,155 [FATAL] Updater:351 - Updater called before beeing initialized
2025-07-24 12:26:05,161 [INFO] CADModel:165 - CPN selected for project level
2025-07-24 12:26:05,161 [INFO] CADModel:114 - Register for checkConnection events
2025-07-24 12:26:05,161 [FATAL] Updater:351 - Updater called before beeing initialized
2025-07-24 12:26:05,161 [ERROR] CADModel:125 - Updater not yet initialized, retry later 
2025-07-24 12:26:05,175 [FATAL] Updater:351 - Updater called before beeing initialized
2025-07-24 12:26:05,421 [INFO] ThirdPartyUpdaterWithRetryManager:70 - Updater plugin not ready yet. [3/15]
2025-07-24 12:26:06,011 [FATAL] Updater:351 - Updater called before beeing initialized
2025-07-24 12:26:06,041 [INFO] DbMcusAds:53 - JSON generation date=Tue Jul 08 05:14:23 ART 2025 (1751962463524)
2025-07-24 12:26:06,042 [FATAL] Updater:351 - Updater called before beeing initialized
2025-07-24 12:26:06,125 [WARN] DetailPanel:346 - Failed to get advertising image, set to default
2025-07-24 12:26:06,540 [FATAL] Updater:351 - Updater called before beeing initialized
2025-07-24 12:26:06,544 [FATAL] Updater:351 - Updater called before beeing initialized
2025-07-24 12:26:06,544 [FATAL] Updater:351 - Updater called before beeing initialized
2025-07-24 12:26:06,545 [WARN] DetailPanel:346 - Failed to get advertising image, set to default
2025-07-24 12:26:06,547 [FATAL] Updater:351 - Updater called before beeing initialized
2025-07-24 12:26:06,684 [ERROR] Updater:1198 - MainUpdater not yet initialized. External WinMGr cannot be set.
2025-07-24 12:26:06,713 [INFO] Updater:1134 - Updater Version found : 6.13.0
2025-07-24 12:26:06,750 [INFO] ApplicationProperties:184 - Using Application install path: C:\ST\STM32CubeIDE_1.17.0\STM32CubeIDE\plugins\com.st.stm32cube.common.mx_6.13.0.202411220809
2025-07-24 12:26:08,380 [ERROR] LogOutputStream:75 - [STDERR_REDIRECT] Jul 24, 2025 12:26:08 PM java.util.prefs.WindowsPreferences <init>
2025-07-24 12:26:08,382 [ERROR] LogOutputStream:75 - [STDERR_REDIRECT] WARNING: Could not open/create prefs root node Software\JavaSoft\Prefs at root 0xffffffff80000002. Windows RegCreateKeyEx(...) returned error code 5.
2025-07-24 12:26:08,383 [ERROR] LogOutputStream:75 - [STDERR_REDIRECT] 
2025-07-24 12:26:08,423 [FATAL] Updater:351 - Updater called before beeing initialized
2025-07-24 12:26:08,423 [ERROR] IntegrityCheckThread:130 - Cannot retrieve database content from updater: error 21
2025-07-24 12:26:08,424 [INFO] ThirdParty:978 - Integrity check success = false
2025-07-24 12:26:08,424 [INFO] IntegrityCheckThread:100 - exiting critical section [integrity check]
2025-07-24 12:26:08,424 [INFO] IntegrityCheckThread:103 - End integrity checks thread
2025-07-24 12:26:09,004 [INFO] MainUpdater:2872 - connection check result : 10
2025-07-24 12:26:09,005 [INFO] MainUpdater:289 - Updater Check For Update Now.
2025-07-24 12:26:09,006 [INFO] MicroXplorer:498 - Change Database Version : DB.6.0.130
2025-07-24 12:26:09,129 [INFO] McuFinderGlobals:63 - Set McuFinder mode to 2 (CubeIDE integrated)
2025-07-24 12:26:09,159 [INFO] UserAuth:486 - Internet connection configuration mode: 1
2025-07-24 12:26:09,261 [INFO] JxBrowserEngine:152 - Initiate JxBrowser Engine with user profile folder
2025-07-24 12:26:09,497 [INFO] CheckServerUpdateThread:120 - End of CheckServer Thread
2025-07-24 12:26:10,990 [INFO] WebApp:168 - Instantiating new browser for Auth
2025-07-24 12:26:12,470 [INFO] WebApp:449 - Apply proxy settings
2025-07-24 12:26:12,471 [INFO] WebApp:534 - Chromium requires no authentication
2025-07-24 12:26:12,484 [INFO] WebApp:477 - Direct internet connection detected
2025-07-24 12:26:12,531 [INFO] WebApp:880 - Register for checkConnection events
2025-07-24 12:26:12,531 [INFO] WebApp:449 - Apply proxy settings
2025-07-24 12:26:12,531 [INFO] WebApp:534 - Chromium requires no authentication
2025-07-24 12:26:12,532 [INFO] WebApp:477 - Direct internet connection detected
2025-07-24 12:26:12,838 [INFO] WebApp:187 - Connection restablished
2025-07-24 12:26:12,866 [INFO] WebApp:221 - Starting web application
2025-07-24 12:26:12,866 [INFO] WebApp:579 - Web application path used C:\ST\STM32CubeIDE_1.17.0\STM32CubeIDE\plugins\com.st.stm32cube.common.mx_6.13.0.202411220809\db\plugins\mcufinder\reactClient1\index.html
2025-07-24 12:26:14,315 [INFO] UserAuth:486 - Internet connection configuration mode: 1
2025-07-24 13:38:58,049 [INFO] McuFinderGlobals:63 - Set McuFinder mode to 2 (CubeIDE integrated)
2025-07-24 13:38:58,116 [INFO] MainUpdater:2872 - connection check result : 10
2025-07-24 13:38:58,130 [INFO] MainUpdater:2872 - connection check result : 10
2025-07-24 13:38:58,515 [INFO] MicroXplorer:468 - Change Database Path : 
2025-07-24 13:38:58,516 [INFO] MicroXplorer:498 - Change Database Version : DB.6.0.130
2025-07-24 13:38:58,538 [WARN] ThirdParty:871 - waiting for thirdparty lock release [close project]
2025-07-24 13:38:58,538 [INFO] ThirdParty:873 - entering critical section [close project]
2025-07-24 13:38:58,546 [INFO] ThirdParty:883 - exiting critical section [close project]
2025-07-24 13:38:58,556 [INFO] PinOutPanel:1589 - setPackage(No Configuration,No Configuration)
2025-07-24 13:38:58,598 [INFO] UtilMem:75 - Begin LoadConfig() Used Memory: 566635496 Bytes (1073741824)
2025-07-24 13:38:58,609 [INFO] MicroXplorer:468 - Change Database Path : 
2025-07-24 13:38:58,609 [INFO] MicroXplorer:498 - Change Database Version : DB.6.0.130
2025-07-24 13:38:58,611 [INFO] OpenFileManager:332 - Change cursor
2025-07-24 13:38:58,693 [WARN] IntegrityCheckThread:84 - waiting for thirdparty lock release [integrity check]
2025-07-24 13:38:58,693 [INFO] IntegrityCheckThread:86 - entering critical section [integrity check]
2025-07-24 13:38:59,590 [WARN] PackLoader:240 - Cannot read IP mode file for STMicroelectronics.FP-SNS-MOTENVWB1.1.4.0
2025-07-24 13:38:59,630 [WARN] PackLoader:240 - Cannot read IP mode file for STMicroelectronics.FP-ATR-ASTRA1.2.0.2
2025-07-24 13:38:59,680 [WARN] PackLoader:240 - Cannot read IP mode file for STMicroelectronics.X-CUBE-SMBUS.2.1.0
2025-07-24 13:38:59,728 [WARN] PackLoader:240 - Cannot read IP mode file for STMicroelectronics.X-CUBE-WB05N.1.1.0
2025-07-24 13:38:59,779 [WARN] PackLoader:240 - Cannot read IP mode file for STMicroelectronics.X-CUBE-ST60.1.0.0
2025-07-24 13:38:59,900 [WARN] PackLoader:240 - Cannot read IP mode file for STMicroelectronics.X-CUBE-AZRTOS-F7.1.1.0
2025-07-24 13:39:00,003 [WARN] PackLoader:240 - Cannot read IP mode file for Infineon.AIROC-Wi-Fi-Bluetooth-STM32.1.7.0
2025-07-24 13:39:00,221 [WARN] PackLoader:240 - Cannot read IP mode file for STMicroelectronics.X-CUBE-AZRTOS-H7.3.4.0
2025-07-24 13:39:00,344 [WARN] PackLoader:240 - Cannot read IP mode file for STMicroelectronics.X-CUBE-DISPLAY.3.0.0
2025-07-24 13:39:00,481 [WARN] PackLoader:240 - Cannot read IP mode file for STMicroelectronics.X-CUBE-NFC10.1.0.0
2025-07-24 13:39:00,599 [WARN] PackLoader:240 - Cannot read IP mode file for STMicroelectronics.X-CUBE-BLEMGR.4.0.0
2025-07-24 13:39:00,664 [WARN] PackLoader:240 - Cannot read IP mode file for emotas.I-CUBE-CANOPEN.1.3.0
2025-07-24 13:39:00,698 [WARN] ConditionMgr:438 - getConditionDescription Invalid condition id : Cortex-A Device cause : null
2025-07-24 13:39:00,759 [WARN] ConditionMgr:1044 - genDependencies : Invalid condition id : Cortex-A Device cause : null
2025-07-24 13:39:00,759 [WARN] ConditionMgr:1044 - genDependencies : Invalid condition id : Cortex-A Device cause : null
2025-07-24 13:39:00,760 [WARN] ConditionMgr:1044 - genDependencies : Invalid condition id : Cortex-A Device cause : null
2025-07-24 13:39:00,796 [WARN] PackLoader:240 - Cannot read IP mode file for STMicroelectronics.X-CUBE-AI.10.0.0
2025-07-24 13:39:00,829 [WARN] PackLoader:240 - Cannot read IP mode file for STMicroelectronics.FP-SNS-SMARTAG2.1.2.0
2025-07-24 13:39:00,863 [WARN] PackLoader:240 - Cannot read IP mode file for STMicroelectronics.FP-SNS-FLIGHT1.5.1.0
2025-07-24 13:39:01,071 [WARN] PackLoader:240 - Cannot read IP mode file for STMicroelectronics.X-CUBE-MEMS1.11.1.0
2025-07-24 13:39:01,559 [INFO] LogOutputStream:77 - [STDOUT_REDIRECT] 1 : Invalid condition id : UX_CORESTACK_Condition cause : null
2025-07-24 13:39:01,566 [INFO] LogOutputStream:77 - [STDOUT_REDIRECT] 1 : Invalid condition id : UX_CORESTACK_Condition cause : null
2025-07-24 13:39:01,574 [INFO] LogOutputStream:77 - [STDOUT_REDIRECT] 1 : Invalid condition id : UX_CORESTACK_Condition cause : null
2025-07-24 13:39:01,577 [INFO] LogOutputStream:77 - [STDOUT_REDIRECT] 1 : Invalid condition id : UX_CORESTACK_Condition cause : null
2025-07-24 13:39:01,580 [INFO] LogOutputStream:77 - [STDOUT_REDIRECT] 1 : Invalid condition id : UX_CORESTACK_Condition cause : null
2025-07-24 13:39:01,592 [WARN] PackLoader:240 - Cannot read IP mode file for STMicroelectronics.X-CUBE-AZRTOS-WL.2.0.0
2025-07-24 13:39:01,630 [WARN] PackLoader:240 - Cannot read IP mode file for STMicroelectronics.FP-SNS-MOTENV1.5.0.0
2025-07-24 13:39:01,676 [WARN] PackLoader:240 - Cannot read IP mode file for WES.I-CUBE-Cesium.1.3.0
2025-07-24 13:39:01,711 [WARN] PackLoader:240 - Cannot read IP mode file for STMicroelectronics.X-CUBE-BLE2.3.3.0
2025-07-24 13:39:01,750 [WARN] PackLoader:240 - Cannot read IP mode file for STMicroelectronics.X-CUBE-NFC9.1.0.0
2025-07-24 13:39:01,784 [WARN] PackLoader:240 - Cannot read IP mode file for STMicroelectronics.X-CUBE-BLE1.7.1.0
2025-07-24 13:39:01,812 [WARN] PackLoader:240 - Cannot read IP mode file for wolfSSL.I-CUBE-wolfMQTT.1.19.2
2025-07-24 13:39:01,844 [WARN] PackLoader:240 - Cannot read IP mode file for STMicroelectronics.X-CUBE-EEPRMA1.5.2.0
2025-07-24 13:39:01,873 [WARN] PackLoader:240 - Cannot read IP mode file for STMicroelectronics.X-CUBE-AI.10.1.0
2025-07-24 13:39:02,031 [WARN] PackLoader:240 - Cannot read IP mode file for STMicroelectronics.X-CUBE-MEMS1.11.2.0
2025-07-24 13:39:02,339 [WARN] PackLoader:240 - Cannot read IP mode file for STMicroelectronics.X-CUBE-AZRTOS-G0.1.1.0
2025-07-24 13:39:02,377 [WARN] PackLoader:240 - Cannot read IP mode file for STMicroelectronics.X-CUBE-SAFEA1.1.2.2
2025-07-24 13:39:02,410 [WARN] PackLoader:240 - Cannot read IP mode file for STMicroelectronics.X-CUBE-NFC4.3.0.0
2025-07-24 13:39:02,450 [WARN] PackLoader:240 - Cannot read IP mode file for EmbeddedOffice.I-CUBE-FS-RTOS.1.0.1
2025-07-24 13:39:02,480 [WARN] PackLoader:240 - Cannot read IP mode file for STMicroelectronics.X-CUBE-WB05N.2.0.0
2025-07-24 13:39:02,509 [WARN] PackLoader:240 - Cannot read IP mode file for wolfSSL.I-CUBE-wolfTPM.3.8.0
2025-07-24 13:39:02,539 [WARN] PackLoader:240 - Cannot read IP mode file for STMicroelectronics.X-CUBE-TCPP.4.2.0
2025-07-24 13:39:02,563 [WARN] PackLoader:240 - Cannot read IP mode file for RealThread.X-CUBE-RT-Thread_Nano.4.1.1
2025-07-24 13:39:02,589 [WARN] PackLoader:240 - Cannot read IP mode file for STMicroelectronics.FP-ATR-SIGFOX1.3.2.0
2025-07-24 13:39:02,614 [WARN] PackLoader:240 - Cannot read IP mode file for STMicroelectronics.X-CUBE-EEPRMA1.5.1.0
2025-07-24 13:39:02,641 [WARN] PackLoader:240 - Cannot read IP mode file for wolfSSL.I-CUBE-wolfSSL.5.7.6
2025-07-24 13:39:02,677 [WARN] PackLoader:240 - Cannot read IP mode file for ITTIA_DB.I-CUBE-ITTIADB.8.9.0
2025-07-24 13:39:02,710 [WARN] PackLoader:240 - Cannot read IP mode file for STMicroelectronics.X-CUBE-ST67W61.1.0.0
2025-07-24 13:39:02,807 [WARN] PackLoader:240 - Cannot read IP mode file for SEGGER.I-CUBE-embOS.1.3.1
2025-07-24 13:39:03,088 [WARN] PackLoader:240 - Cannot read IP mode file for STMicroelectronics.X-CUBE-ALGOBUILD.1.4.0
2025-07-24 13:39:03,767 [WARN] PackLoader:240 - Cannot read IP mode file for STMicroelectronics.X-CUBE-MEMS1.11.3.0
2025-07-24 13:39:04,033 [WARN] PackLoader:240 - Cannot read IP mode file for STMicroelectronics.X-CUBE-PM33A1.1.0.0
2025-07-24 13:39:04,089 [WARN] PackLoader:240 - Cannot read IP mode file for STMicroelectronics.X-CUBE-AZRTOS-F4.1.1.0
2025-07-24 13:39:04,124 [WARN] PackLoader:240 - Cannot read IP mode file for Avnet-IotConnect.X-CUBE-IoTC-DA16k-PMOD.1.0.0
2025-07-24 13:39:04,162 [WARN] PackLoader:240 - Cannot read IP mode file for STMicroelectronics.X-CUBE-ISPU.2.1.0
2025-07-24 13:39:04,215 [WARN] PackLoader:240 - Cannot read IP mode file for STMicroelectronics.X-CUBE-NFC12.1.0.0
2025-07-24 13:39:04,373 [WARN] PackLoader:240 - Cannot read IP mode file for STMicroelectronics.X-CUBE-AZRTOS-L5.2.0.0
2025-07-24 13:39:04,428 [WARN] PackLoader:240 - Cannot read IP mode file for STMicroelectronics.X-CUBE-NFC6.3.1.0
2025-07-24 13:39:04,475 [WARN] PackLoader:240 - Cannot read IP mode file for STMicroelectronics.X-CUBE-DPower.1.2.0
2025-07-24 13:39:04,509 [WARN] PackLoader:240 - Cannot read IP mode file for STMicroelectronics.X-CUBE-FREERTOS.1.3.1
2025-07-24 13:39:04,540 [WARN] PackLoader:240 - Cannot read IP mode file for STMicroelectronics.X-CUBE-FREERTOS.1.3.0
2025-07-24 13:39:04,583 [WARN] PackLoader:240 - Cannot read IP mode file for STMicroelectronics.X-CUBE-NFC7.1.0.1
2025-07-24 13:39:05,030 [WARN] PackLoader:240 - Cannot read IP mode file for STMicroelectronics.FP-SNS-STAIOTCFT.1.0.0
2025-07-24 13:39:05,070 [WARN] PackLoader:240 - Cannot read IP mode file for STMicroelectronics.X-CUBE-DPower.1.3.0
2025-07-24 13:39:05,162 [WARN] ConditionMgr:438 - getConditionDescription Invalid condition id : LAN8742 Phy interface Condition cause : null
2025-07-24 13:39:05,163 [WARN] PackLoader:240 - Cannot read IP mode file for STMicroelectronics.X-CUBE-AZRTOS-L4.2.0.0
2025-07-24 13:39:05,165 [WARN] ConditionMgr:1044 - genDependencies : Invalid condition id : LAN8742 Phy interface Condition cause : null
2025-07-24 13:39:05,166 [WARN] ConditionMgr:1044 - genDependencies : Invalid condition id : LAN8742 Phy interface Condition cause : null
2025-07-24 13:39:05,167 [WARN] ConditionMgr:1044 - genDependencies : Invalid condition id : LAN8742 Phy interface Condition cause : null
2025-07-24 13:39:05,200 [WARN] PackLoader:240 - Cannot read IP mode file for STMicroelectronics.X-CUBE-SFXS2LP1.4.0.0
2025-07-24 13:39:05,258 [WARN] PackLoader:240 - Cannot read IP mode file for STMicroelectronics.X-CUBE-AZRTOS-H7.3.3.0
2025-07-24 13:39:05,298 [WARN] PackLoader:240 - Cannot read IP mode file for STMicroelectronics.X-CUBE-BLEMGR.4.1.0
2025-07-24 13:39:05,354 [WARN] ConditionMgr:438 - getConditionDescription Invalid condition id : UX DEVICE CLASS RTOS Condition cause : null
2025-07-24 13:39:05,354 [WARN] ConditionMgr:438 - getConditionDescription Invalid condition id : UX DEVICE CLASS RTOS Condition cause : null
2025-07-24 13:39:05,360 [WARN] PackLoader:240 - Cannot read IP mode file for STMicroelectronics.X-CUBE-AZRTOS-WB.2.0.0
2025-07-24 13:39:05,376 [WARN] ConditionMgr:1044 - genDependencies : Invalid condition id : UX DEVICE CLASS RTOS Condition cause : null
2025-07-24 13:39:05,376 [WARN] ConditionMgr:1044 - genDependencies : Invalid condition id : UX DEVICE CLASS RTOS Condition cause : null
2025-07-24 13:39:05,376 [WARN] ConditionMgr:1044 - genDependencies : Invalid condition id : UX DEVICE CLASS RTOS Condition cause : null
2025-07-24 13:39:05,377 [WARN] ConditionMgr:1044 - genDependencies : Invalid condition id : UX DEVICE CLASS RTOS Condition cause : null
2025-07-24 13:39:05,377 [WARN] ConditionMgr:1044 - genDependencies : Invalid condition id : UX DEVICE CLASS RTOS Condition cause : null
2025-07-24 13:39:05,442 [WARN] PackLoader:240 - Cannot read IP mode file for STMicroelectronics.X-CUBE-GNSS1.7.0.1
2025-07-24 13:39:05,497 [WARN] PackLoader:240 - Cannot read IP mode file for STMicroelectronics.X-CUBE-TOUCHGFX.4.25.0
2025-07-24 13:39:05,538 [WARN] PackLoader:240 - Cannot read IP mode file for STMicroelectronics.FP-SNS-STBOX1.2.0.0
2025-07-24 13:39:05,598 [WARN] PackLoader:240 - Cannot read IP mode file for STMicroelectronics.X-CUBE-SUBG2.5.0.0
2025-07-24 13:39:05,696 [WARN] PackLoader:240 - Cannot read IP mode file for STMicroelectronics.X-CUBE-AZRTOS-H7RS.1.1.0
2025-07-24 13:39:05,756 [WARN] PackLoader:240 - Cannot read IP mode file for Cesanta.I-CUBE-Mongoose.7.13.0
2025-07-24 13:39:05,821 [WARN] PackLoader:240 - Cannot read IP mode file for STMicroelectronics.X-CUBE-AZRTOS-G4.2.0.0
2025-07-24 13:39:05,854 [WARN] PackLoader:240 - Cannot read IP mode file for wolfSSL.I-CUBE-wolfSSH.1.4.20
2025-07-24 13:39:05,878 [WARN] PackLoader:240 - Cannot read IP mode file for STMicroelectronics.X-CUBE-NFC7.2.0.0
2025-07-24 13:39:05,915 [WARN] PackLoader:240 - Cannot read IP mode file for STMicroelectronics.X-CUBE-IPS.3.1.0
2025-07-24 13:39:05,953 [WARN] PackLoader:240 - Cannot read IP mode file for STMicroelectronics.X-CUBE-ALS.1.0.2
2025-07-24 13:39:05,986 [WARN] PackLoader:240 - Cannot read IP mode file for portGmbH.I-Cube-SoM-uGOAL.1.1.0
2025-07-24 13:39:06,022 [WARN] PackLoader:240 - Cannot read IP mode file for STMicroelectronics.X-CUBE-TOF1.3.4.2
2025-07-24 13:39:06,064 [WARN] PackLoader:240 - Cannot read IP mode file for STMicroelectronics.X-CUBE-TOF1.3.4.3
2025-07-24 13:39:06,076 [INFO] ThirdParty:978 - Integrity check success = true
2025-07-24 13:39:06,076 [INFO] IntegrityCheckThread:100 - exiting critical section [integrity check]
2025-07-24 13:39:06,077 [INFO] IntegrityCheckThread:103 - End integrity checks thread
2025-07-24 13:39:06,262 [INFO] Mcu:2035 - Initializing MCU STM32F103R(8-B)Tx STM32F103RBTx STM32F103RBT6
2025-07-24 13:39:08,949 [INFO] Context:748 - Trying to add GPIOservice into a context  which must be forbidden
2025-07-24 13:39:10,114 [INFO] RtosManager:555 - Registered RTOS mode: class=CMSIS, group=RTOS, mode=CMSIS_V1, owner=FREERTOS
2025-07-24 13:39:10,115 [INFO] RtosManager:555 - Registered RTOS mode: class=CMSIS, group=RTOS2, mode=CMSIS_V2, owner=FREERTOS
2025-07-24 13:39:10,116 [INFO] RtosManager:555 - Registered RTOS mode: class=RTOS, group=Core, mode=CMSIS_V1, owner=FREERTOS
2025-07-24 13:39:10,116 [INFO] RtosManager:555 - Registered RTOS mode: class=RTOS, group=Core, mode=CMSIS_V2, owner=FREERTOS
2025-07-24 13:39:10,116 [WARN] ModelIntegratedComponent:184 - Missing modes for component STMicroelectronics:FreeRTOS:0.0.1:STMicroelectronics:RTOS:FreeRTOS:Core:::10.2.0:
2025-07-24 13:39:10,212 [WARN] ModelIntegratedComponent:63 - No mode defined for component null
2025-07-24 13:39:10,213 [WARN] ModelIntegratedComponent:63 - No mode defined for component null
2025-07-24 13:39:10,213 [WARN] ModelIntegratedComponent:63 - No mode defined for component null
2025-07-24 13:39:10,213 [WARN] ModelIntegratedComponent:63 - No mode defined for component null
2025-07-24 13:39:10,213 [WARN] ModelIntegratedComponent:63 - No mode defined for component null
2025-07-24 13:39:10,213 [WARN] ModelIntegratedComponent:63 - No mode defined for component null
2025-07-24 13:39:10,213 [WARN] ModelIntegratedComponent:63 - No mode defined for component null
2025-07-24 13:39:10,213 [WARN] ModelIntegratedComponent:63 - No mode defined for component null
2025-07-24 13:39:10,213 [WARN] ModelIntegratedComponent:63 - No mode defined for component null
2025-07-24 13:39:10,214 [WARN] ModelIntegratedComponent:63 - No mode defined for component null
2025-07-24 13:39:10,214 [WARN] ModelIntegratedComponent:63 - No mode defined for component null
2025-07-24 13:39:10,214 [WARN] ModelIntegratedComponent:63 - No mode defined for component null
2025-07-24 13:39:10,215 [WARN] ModelIntegratedComponent:63 - No mode defined for component null
2025-07-24 13:39:10,215 [WARN] ModelIntegratedComponent:63 - No mode defined for component null
2025-07-24 13:39:10,216 [WARN] ModelIntegratedComponent:63 - No mode defined for component null
2025-07-24 13:39:10,216 [WARN] ModelIntegratedComponent:63 - No mode defined for component null
2025-07-24 13:39:10,216 [WARN] ModelIntegratedComponent:63 - No mode defined for component null
2025-07-24 13:39:10,216 [WARN] ModelIntegratedComponent:63 - No mode defined for component null
2025-07-24 13:39:10,216 [WARN] ModelIntegratedComponent:63 - No mode defined for component null
2025-07-24 13:39:10,216 [WARN] ModelIntegratedComponent:63 - No mode defined for component null
2025-07-24 13:39:10,217 [WARN] ModelIntegratedComponent:63 - No mode defined for component null
2025-07-24 13:39:10,217 [WARN] ModelIntegratedComponent:63 - No mode defined for component null
2025-07-24 13:39:10,217 [WARN] ModelIntegratedComponent:63 - No mode defined for component null
2025-07-24 13:39:10,217 [WARN] ModelIntegratedComponent:63 - No mode defined for component null
2025-07-24 13:39:10,220 [WARN] ModelIntegratedComponent:63 - No mode defined for component null
2025-07-24 13:39:10,220 [WARN] ModelIntegratedComponent:63 - No mode defined for component null
2025-07-24 13:39:10,220 [WARN] ModelIntegratedComponent:63 - No mode defined for component null
2025-07-24 13:39:10,221 [WARN] ModelIntegratedComponent:63 - No mode defined for component null
2025-07-24 13:39:10,221 [WARN] ModelIntegratedComponent:63 - No mode defined for component null
2025-07-24 13:39:10,221 [WARN] ModelIntegratedComponent:63 - No mode defined for component null
2025-07-24 13:39:10,221 [WARN] ModelIntegratedComponent:63 - No mode defined for component null
2025-07-24 13:39:10,221 [WARN] ModelIntegratedComponent:63 - No mode defined for component null
2025-07-24 13:39:10,221 [WARN] ModelIntegratedComponent:63 - No mode defined for component null
2025-07-24 13:39:10,223 [WARN] ModelIntegratedComponent:63 - No mode defined for component null
2025-07-24 13:39:10,223 [WARN] ModelIntegratedComponent:63 - No mode defined for component null
2025-07-24 13:39:10,224 [WARN] ModelPack:524 - Component already loaded: STMicroelectronics:HAL Drivers:0.0.0:STMicroelectronics:Device:STMicro_Driver:XSPI:HAL::0.0.1:HAL_XSPI
2025-07-24 13:39:10,667 [INFO] ThirdPartyModel:298 - Start build external matchings
2025-07-24 13:39:12,377 [INFO] ThirdPartyModel:316 - End build external matchings
2025-07-24 13:39:12,442 [INFO] ImportTextPane:218 - (OptionalMessage_ERROR) IP (RCC) : Parameter (ADCFreqValue) has invalid value (32000000)
2025-07-24 13:39:12,443 [INFO] ImportTextPane:218 - (OptionalMessage_ERROR) IP (RCC) : Invalid parameter (FamilyName)
2025-07-24 13:39:12,443 [INFO] ImportTextPane:218 - (OptionalMessage_ERROR) IP (RCC) : Parameter (MCOFreq_Value) has invalid value (64000000)
2025-07-24 13:39:12,445 [INFO] ImportTextPane:218 - (OptionalMessage_ERROR) IP (RCC) : Parameter (USBFreq_Value) has invalid value (64000000)
2025-07-24 13:39:13,090 [INFO] ApiDb:581 - Connected to CubeFinder SQLite database (C:\Users\Santiago\.stmcufinder\plugins\mcufinder\mcu\cube-finder-db.db)
2025-07-24 13:39:13,241 [INFO] ApiDb:668 - CubeFinder database Data Model version=2.1
2025-07-24 13:39:13,241 [INFO] ApiDb:669 - CubeFinder database Configuration version=3.0.39
2025-07-24 13:39:13,244 [INFO] ApiDb:670 - CubeFinder database generation date=2025-06-24 (1750757100)
2025-07-24 13:39:13,245 [INFO] ApiDb:671 - CubeFinder database FW Pack versions=[FP-ATR-ASTRA1_V2.0.0, FP-SNS-FLIGHT1_V5.1.0, FP-SNS-MOTENV1_V5.0.0, FP-SNS-MOTENVWB1_V1.4.0, FP-SNS-SMARTAG2_V1.2.0, FP-SNS-STBOX1_V2.0.0, STM32Cube_FW_C0_V1.4.0, STM32Cube_FW_F4_V1.28.2, STM32Cube_FW_F7_V1.17.3, STM32Cube_FW_G0_V1.6.2, STM32Cube_FW_G4_V1.6.1, STM32Cube_FW_H5_V1.5.0, STM32Cube_FW_H7RS_V1.2.0, STM32Cube_FW_H7_V1.12.1, STM32Cube_FW_L0_V1.12.2, STM32Cube_FW_L4_V1.18.1, STM32Cube_FW_L5_V1.5.1, STM32Cube_FW_N6_V1.2.0, STM32Cube_FW_U0_V1.3.0, STM32Cube_FW_U3_V1.2.0, STM32Cube_FW_U5_V1.8.0, STM32Cube_FW_WB0_V1.3.0, STM32Cube_FW_WBA_V1.7.0, STM32Cube_FW_WB_V1.23.0, STM32Cube_FW_WL3_V1.2.0, STM32Cube_FW_WL_V1.3.1, X-CUBE-ALGOBUILD_V1.4.0, X-CUBE-ALS_V1.0.2, X-CUBE-AZRTOS-F4_V1.1.0, X-CUBE-AZRTOS-F7_V1.1.0, X-CUBE-AZRTOS-G0_V1.1.0, X-CUBE-AZRTOS-G4_V2.0.0, X-CUBE-AZRTOS-H7RS_V1.1.0, X-CUBE-AZRTOS-H7_V3.3.0, X-CUBE-AZRTOS-L4_V2.0.0, X-CUBE-AZRTOS-L5_V2.0.0, X-CUBE-AZRTOS-WB_V2.0.0, X-CUBE-AZRTOS-WL_V2.0.0, X-CUBE-BLE1_V7.1.0, X-CUBE-BLE2_V3.3.0, X-CUBE-BLEMGR_V4.0.0, X-CUBE-EEPRMA1_V5.1.0, X-CUBE-FREERTOS_V1.3.1, X-CUBE-GNSS1_V6.0.0, X-CUBE-MEMS1_V11.3.0, X-CUBE-NFC4_V3.0.0, X-CUBE-NFC7_V2.0.0, X-CUBE-SFXS2LP1_V4.0.0, X-CUBE-SUBG2_V5.0.0, X-CUBE-TOF1_V3.4.3]
2025-07-24 13:39:13,444 [INFO] DbBoardsSqlite:226 - include board P-NUCLEO-WB55-NUCLEO as a kit item of type 'Nucleo-64'
2025-07-24 13:39:13,445 [INFO] DbBoardsSqlite:226 - include board P-NUCLEO-WB55-USBDONGLE as a kit item of type 'Nucleo USB Dongle'
2025-07-24 13:39:13,446 [INFO] DbBoardsSqlite:226 - include board STEVAL-IDP005V1 as a kit item of type 'Evaluation Board'
2025-07-24 13:39:13,446 [INFO] DbBoardsSqlite:226 - include board STEVAL-IDP005V2 as a kit item of type 'Evaluation Board'
2025-07-24 13:39:13,987 [INFO] ApiDb:240 - Found 858 in-development CPN: [B-G473E-ZEST1S, B-WB1M-WPAN1, B-WBA5M-WPAN, B-WL5M-SUBG1, NUCLEO-C031C6, NUCLEO-C051C8, NUCLEO-C071RB, NUCLEO-C092RC, NUCLEO-H503RB, NUCLEO-H533RE, NUCLEO-H563ZI, NUCLEO-H7S3L8, NUCLEO-N657X0-Q, NUCLEO-U031R8, NUCLEO-U083RC, NUCLEO-U385RG-Q, NUCLEO-U545RE-Q, NUCLEO-U5A5ZJ-Q, NUCLEO-WB05KZ, NUCLEO-WB07CC, NUCLEO-WB09KE, NUCLEO-WBA52CG, NUCLEO-WBA55CG, NUCLEO-WL33CC1, NUCLEO-WL33CC2, STEVAL-PROTEUS1, STEVAL-SMARTAG2, STEVAL-STWINBX1, STM320518-EVAL, STM32C0116-DK, STM32C011D6Y3TR, STM32C011D6Y6TR, STM32C011F4P3, STM32C011F4P6, STM32C011F4U3, STM32C011F4U6TR, STM32C011F6P3, STM32C011F6P6, STM32C011F6U3, STM32C011F6U6TR, STM32C011J4M3, STM32C011J4M6, STM32C011J6M3, STM32C011J6M6, STM32C0316-DK, STM32C031C4T3, STM32C031C4T6, STM32C031C4U3, STM32C031C4U6, STM32C031C6T3, STM32C031C6T6, STM32C031C6U3, STM32C031C6U6, STM32C031F4P3, STM32C031F4P6, STM32C031F6P3, STM32C031F6P6, STM32C031G4U3, STM32C031G4U6, STM32C031G6U3, STM32C031G6U6, STM32C031K4T3, STM32C031K4T6, STM32C031K4U3, STM32C031K4U6, STM32C031K6T3, STM32C031K6T6, STM32C031K6U3, STM32C031K6U6, STM32C051C6T6, STM32C051C6U6, STM32C051C8T6, STM32C051C8U6, STM32C051D8Y6TR, STM32C051F6P6, STM32C051F8P6, STM32C051G6U6, STM32C051G8U6, STM32C051K6T6, STM32C051K6U6, STM32C051K8T6, STM32C071C8T6, STM32C071C8T6N, STM32C071C8U6, STM32C071C8U6N, STM32C071CBT6, STM32C071CBT6N, STM32C071CBU6, STM32C071CBU6N, STM32C071F8P6, STM32C071F8P6N, STM32C071FBP6, STM32C071FBP6N, STM32C071FBY6TR, STM32C071G8U6, STM32C071G8U6N, STM32C071GBU6, STM32C071GBU6N, STM32C071K8T6, STM32C071K8T6N, STM32C071K8U6, STM32C071K8U6N, STM32C071KBT6, STM32C071KBT6N, STM32C071KBU6, STM32C071KBU6N, STM32C071R8T6, STM32C071R8T6N, STM32C071RBI6N, STM32C071RBT6, STM32C071RBT6N, STM32C091CBT6, STM32C091CBU6, STM32C091CCT6, STM32C091CCU6, STM32C091ECY6TR, STM32C091FBP6, STM32C091FCP6, STM32C091GBU6, STM32C091GCU6, STM32C091KBT6, STM32C091KBU6, STM32C091KCT6, STM32C091KCU6, STM32C091RBT6, STM32C091RCI6, STM32C091RCT6, STM32C092CBT6, STM32C092CBU6, STM32C092CCT6, STM32C092CCU6, STM32C092ECY6TR, STM32C092FBP6, STM32C092FCP6, STM32C092GBU6, STM32C092GCU6, STM32C092KBT6, STM32C092KBU6, STM32C092KCT6, STM32C092KCU6, STM32C092RBT6, STM32C092RCI6, STM32C092RCT6, STM32G071K8TXN, STM32G071K8UXN, STM32G081GBU6N, STM32G081KBT6N, STM32G081KBUXN, STM32G0B1CCT6N, STM32G0B1KCT6, STM32G0B1NEY6TR, STM32G0B1RCT6N, STM32G0C1CCT6, STM32G0C1CCT6N, STM32G0C1CCU6N, STM32G0C1CET6N, STM32G0C1CEU6N, STM32G0C1KCT6, STM32G0C1NEY6TR, STM32G0C1RCI6N, STM32G0C1RCT6N, STM32G0C1REI6N, STM32G0C1RET6N, STM32G0C1VCI6, STM32G0C1VEI6, STM32G411C6T3, STM32G411C6T6, STM32G411C6U3, STM32G411C6U6, STM32G411C8T3, STM32G411C8T6, STM32G411C8U3, STM32G411C8U6, STM32G411CBT3, STM32G411CBT6, STM32G411CBU3, STM32G411CBU6, STM32G411CCT3, STM32G411CCT6, STM32G411CCU3, STM32G411CCU6, STM32G411K6T3, STM32G411K6T6, STM32G411K6U3, STM32G411K6U6, STM32G411K8T3, STM32G411K8T6, STM32G411K8U3, STM32G411K8U6, STM32G411KBT3, STM32G411KBT6, STM32G411KBU3, STM32G411KBU6, STM32G411M6T3, STM32G411M6T6, STM32G411M8T3, STM32G411M8T6, STM32G411MBT3, STM32G411MBT6, STM32G411MCT3, STM32G411MCT6, STM32G411R6T3, STM32G411R6T6, STM32G411R8T3, STM32G411R8T6, STM32G411RBT3, STM32G411RBT6, STM32G411RCT3, STM32G411RCT6, STM32G414CBT3, STM32G414CBT6, STM32G414CBU3, STM32G414CBU6, STM32G414CCT3, STM32G414CCT6, STM32G414CCU3, STM32G414CCU6, STM32G414MBT3, STM32G414MBT6, STM32G414MCT3, STM32G414MCT6, STM32G414RBT3, STM32G414RBT6, STM32G414RCT3, STM32G414RCT6, STM32G414VBT3, STM32G414VBT6, STM32G414VCT3, STM32G414VCT6, STM32G431CBT3Z, STM32G431RBT3Z, STM32G471CCT6, STM32G471CCU6, STM32G471CET3, STM32G471CET6, STM32G471CEU3, STM32G471CEU6, STM32G471MCT6, STM32G471MET3, STM32G471MET6, STM32G471MEY6TR, STM32G471QCT6, STM32G471QET3, STM32G471RCT6, STM32G471RET3, STM32G471RET6, STM32G471VCH6, STM32G471VCI6, STM32G471VCT6, STM32G471VEH3, STM32G471VEH6, STM32G471VEI3, STM32G471VEI6, STM32G471VET3, STM32G471VET6, STM32G473QET3Z, STM32G473RET3Z, STM32G474CCT6, STM32G491RET3Z, STM32H503CBT6, STM32H503CBU6, STM32H503EBY6TR, STM32H503KBU6, STM32H503RBT6, STM32H523CCT6, STM32H523CCU6, STM32H523CET6, STM32H523CEU6, STM32H523HEY6TR, STM32H523RCT6, STM32H523RET6, STM32H523VCI6, STM32H523VCT6, STM32H523VEI6, STM32H523VET6, STM32H523ZCJ6, STM32H523ZCT6, STM32H523ZEJ6, STM32H523ZET6, STM32H533CET6, STM32H533CEU6, STM32H533HEY6TR, STM32H533RET6, STM32H533VEI6, STM32H533VET6, STM32H533ZEJ6, STM32H533ZET6, STM32H562AGI6, STM32H562AII6, STM32H562IGK6, STM32H562IGT6, STM32H562IIK6, STM32H562IIT6, STM32H562RGT6, STM32H562RGV6, STM32H562RIT6, STM32H562RIV6, STM32H562VGT6, STM32H562VIT6, STM32H562ZGT6, STM32H562ZIT6, STM32H563AGI6, STM32H563AII3Q, STM32H563AII6, STM32H563IGK6, STM32H563IGT6, STM32H563IIK3Q, STM32H563IIK6, STM32H563IIT3Q, STM32H563IIT6, STM32H563MIY3QTR, STM32H563RGT6, STM32H563RGV6, STM32H563RIT6, STM32H563RIV6, STM32H563VGT6, STM32H563VIT3Q, STM32H563VIT6, STM32H563ZGT6, STM32H563ZIT3Q, STM32H563ZIT6, STM32H573AII3Q, STM32H573AII6, STM32H573I-DK, STM32H573IIK3Q, STM32H573IIK6, STM32H573IIT3Q, STM32H573IIT6, STM32H573MIY3QTR, STM32H573RIT6, STM32H573RIV6, STM32H573VIT3Q, STM32H573VIT6, STM32H573ZIT3Q, STM32H573ZIT6, STM32H7R3A8I6, STM32H7R3I8K6, STM32H7R3I8T6, STM32H7R3L8H6, STM32H7R3L8H6H, STM32H7R3R8V6, STM32H7R3V8H6, STM32H7R3V8T6, STM32H7R3V8Y6TR, STM32H7R3Z8J6, STM32H7R3Z8T6, STM32H7R7A8I6, STM32H7R7I8K6, STM32H7R7I8T6, STM32H7R7L8H6, STM32H7R7L8H6H, STM32H7R7Z8J6, STM32H7S3A8I6, STM32H7S3I8K6, STM32H7S3I8T6, STM32H7S3L8H6, STM32H7S3L8H6H, STM32H7S3R8V6, STM32H7S3V8H6, STM32H7S3V8T6, STM32H7S3V8Y6TR, STM32H7S3Z8J6, STM32H7S3Z8T6, STM32H7S78-DK, STM32H7S7A8I6, STM32H7S7I8K6, STM32H7S7I8T6, STM32H7S7L8H6, STM32H7S7L8H6H, STM32H7S7Z8J6, STM32L4R5QGI6STR, STM32MP131AAE3, STM32MP131AAF3, STM32MP131AAG3, STM32MP131CAE3, STM32MP131CAF3, STM32MP131CAG3, STM32MP131DAE7, STM32MP131DAF7, STM32MP131DAG7, STM32MP131FAE7, STM32MP131FAF7, STM32MP131FAG7, STM32MP133AAE3, STM32MP133AAF3, STM32MP133AAG3, STM32MP133CAE3, STM32MP133CAF3, STM32MP133CAG3, STM32MP133DAE7, STM32MP133DAF7, STM32MP133DAG7, STM32MP133FAE7, STM32MP133FAF7, STM32MP133FAG7, STM32MP135AAE3, STM32MP135AAF3, STM32MP135AAG3, STM32MP135CAE3, STM32MP135CAF3, STM32MP135CAG3, STM32MP135DAE7, STM32MP135DAF7, STM32MP135DAG7, STM32MP135F-DK, STM32MP135FAE7, STM32MP135FAF7, STM32MP135FAF7T, STM32MP135FAF7U, STM32MP135FAG7, STM32MP231AAJ3, STM32MP231AAK3, STM32MP231AAL3, STM32MP231CAJ3, STM32MP231CAK3, STM32MP231CAL3, STM32MP231DAJ3, STM32MP231DAK3, STM32MP231DAL3, STM32MP231FAJ3, STM32MP231FAK3, STM32MP231FAL3, STM32MP233AAJ3, STM32MP233AAK3, STM32MP233AAL3, STM32MP233CAJ3, STM32MP233CAK3, STM32MP233CAL3, STM32MP233DAJ3, STM32MP233DAK3, STM32MP233DAL3, STM32MP233FAJ3, STM32MP233FAK3, STM32MP233FAL3, STM32MP235AAJ3, STM32MP235AAK3, STM32MP235AAL3, STM32MP235CAJ3, STM32MP235CAK3, STM32MP235CAL3, STM32MP235DAJ3, STM32MP235DAK3, STM32MP235DAL3, STM32MP235FAJ3, STM32MP235FAK3, STM32MP235FAL3, STM32MP251AAI3, STM32MP251AAJ3, STM32MP251AAK3, STM32MP251AAL3, STM32MP251CAI3, STM32MP251CAJ3, STM32MP251CAK3, STM32MP251CAL3, STM32MP251DAI3, STM32MP251DAJ3, STM32MP251DAK3, STM32MP251DAL3, STM32MP251FAI3, STM32MP251FAJ3, STM32MP251FAK3, STM32MP251FAL3, STM32MP253AAI3, STM32MP253AAJ3, STM32MP253AAK3, STM32MP253AAL3, STM32MP253CAI3, STM32MP253CAJ3, STM32MP253CAK3, STM32MP253CAL3, STM32MP253DAI3, STM32MP253DAJ3, STM32MP253DAK3, STM32MP253DAL3, STM32MP253FAI3, STM32MP253FAJ3, STM32MP253FAK3, STM32MP253FAL3, STM32MP255AAI3, STM32MP255AAJ3, STM32MP255AAK3, STM32MP255AAL3, STM32MP255CAI3, STM32MP255CAJ3, STM32MP255CAK3, STM32MP255CAL3, STM32MP255DAI3, STM32MP255DAJ3, STM32MP255DAK3, STM32MP255DAL3, STM32MP255FAI3, STM32MP255FAJ3, STM32MP255FAK3, STM32MP255FAL3, STM32MP257AAI3, STM32MP257AAJ3, STM32MP257AAK3, STM32MP257AAL3, STM32MP257CAI3, STM32MP257CAJ3, STM32MP257CAK3, STM32MP257CAL3, STM32MP257DAI3, STM32MP257DAJ3, STM32MP257DAK3, STM32MP257DAL3, STM32MP257F-DK, STM32MP257F-EV1, STM32MP257FAI3, STM32MP257FAJ3, STM32MP257FAK3, STM32MP257FAL3, STM32N645A0H3Q, STM32N645B0H3Q, STM32N645I0H3Q, STM32N645L0H3Q, STM32N645X0H3Q, STM32N645Z0H3Q, STM32N647A0H3Q, STM32N647B0H3Q, STM32N647I0H3Q, STM32N647L0H3Q, STM32N647X0H3Q, STM32N647Z0H3Q, STM32N655A0H3Q, STM32N655B0H3Q, STM32N655I0H3Q, STM32N655L0H3Q, STM32N655X0H3Q, STM32N655Z0H3Q, STM32N6570-DK, STM32N657A0H3Q, STM32N657B0H3Q, STM32N657I0H3Q, STM32N657L0H3Q, STM32N657X0H3Q, STM32N657Z0H3Q, STM32U031C6T6, STM32U031C6U6, STM32U031C8T6, STM32U031C8U6, STM32U031F4P6, STM32U031F6P6, STM32U031F8P6, STM32U031G6Y6TR, STM32U031G8Y6TR, STM32U031K4U6, STM32U031K6U6, STM32U031K8U6, STM32U031R6I6, STM32U031R6T6, STM32U031R8I6, STM32U031R8T6, STM32U073C8T6, STM32U073C8U6, STM32U073CBT6, STM32U073CBU6, STM32U073CCT6, STM32U073CCU6, STM32U073H8Y6TR, STM32U073HBY6TR, STM32U073HCY6TR, STM32U073K8U6, STM32U073KBU6, STM32U073KCU6, STM32U073M8I6, STM32U073M8T6, STM32U073MBI6, STM32U073MBT6, STM32U073MCI6, STM32U073MCT6, STM32U073R8I6, STM32U073R8T6, STM32U073RBI6, STM32U073RBT6, STM32U073RCI6, STM32U073RCT6, STM32U083C-DK, STM32U083CCT6, STM32U083CCU6, STM32U083HCY6TR, STM32U083KCU6, STM32U083MCI6, STM32U083MCT6, STM32U083RCI6, STM32U083RCT6, STM32U375CET6, STM32U375CET6Q, STM32U375CEU6, STM32U375CEU6Q, STM32U375CEY6QTR, STM32U375CGT6, STM32U375CGT6Q, STM32U375CGU6, STM32U375CGU6Q, STM32U375CGY6QTR, STM32U375KEU6, STM32U375KGU6, STM32U375REI6, STM32U375REI6Q, STM32U375RET6, STM32U375RET6Q, STM32U375REY6GTR, STM32U375REY6QTR, STM32U375RGI6, STM32U375RGI6Q, STM32U375RGT6, STM32U375RGT6Q, STM32U375RGY6GTR, STM32U375RGY6QTR, STM32U375VEI6, STM32U375VEI6Q, STM32U375VET6, STM32U375VET6Q, STM32U375VGI6, STM32U375VGI6Q, STM32U375VGT6, STM32U375VGT6Q, STM32U385CGT6, STM32U385CGT6Q, STM32U385CGU6, STM32U385CGU6Q, STM32U385CGY6QTR, STM32U385KGU6, STM32U385RGI6, STM32U385RGI6Q, STM32U385RGT6, STM32U385RGT6Q, STM32U385RGY6GTR, STM32U385RGY6QTR, STM32U385VGI6, STM32U385VGI6Q, STM32U385VGT6, STM32U385VGT6Q, STM32U535CBT6, STM32U535CBT6Q, STM32U535CBU6, STM32U535CBU6Q, STM32U535CCT6, STM32U535CCT6Q, STM32U535CCU6, STM32U535CCU6Q, STM32U535CET6, STM32U535CET6Q, STM32U535CEU6, STM32U535CEU6Q, STM32U535JEY6QTR, STM32U535NCY6QTR, STM32U535NEY6QTR, STM32U535RBI6, STM32U535RBI6Q, STM32U535RBT6, STM32U535RBT6Q, STM32U535RCI6, STM32U535RCI6Q, STM32U535RCT6, STM32U535RCT6Q, STM32U535REI6, STM32U535REI6Q, STM32U535RET6, STM32U535RET6Q, STM32U535VCI6, STM32U535VCI6Q, STM32U535VCT6, STM32U535VCT6Q, STM32U535VEI6, STM32U535VEI6Q, STM32U535VET6, STM32U535VET6Q, STM32U545CET6, STM32U545CET6Q, STM32U545CEU6, STM32U545CEU6Q, STM32U545JEY6QTR, STM32U545NEY6QTR, STM32U545REI6, STM32U545REI6Q, STM32U545RET6, STM32U545RET6Q, STM32U545VEI6, STM32U545VEI6Q, STM32U545VET6, STM32U545VET6Q, STM32U595AIH6, STM32U595AIH6Q, STM32U595AJH6, STM32U595AJH6Q, STM32U595QII6, STM32U595QII6Q, STM32U595QJI6, STM32U595QJI6Q, STM32U595RIT6, STM32U595RIT6Q, STM32U595RJT6, STM32U595RJT6Q, STM32U595VIT6, STM32U595VIT6Q, STM32U595VJT6, STM32U595VJT6Q, STM32U595ZIT6, STM32U595ZIT6Q, STM32U595ZIY6QTR, STM32U595ZJT6, STM32U595ZJT6Q, STM32U595ZJY6QTR, STM32U599BJY6QTR, STM32U599NIH6Q, STM32U599NJH6Q, STM32U599VIT6Q, STM32U599VJT6, STM32U599VJT6Q, STM32U599ZIT6Q, STM32U599ZIY6QTR, STM32U599ZJT6Q, STM32U599ZJY6QTR, STM32U5A5AJH6, STM32U5A5AJH6Q, STM32U5A5QII3Q , STM32U5A5QJI6, STM32U5A5QJI6Q, STM32U5A5RJT6, STM32U5A5RJT6Q, STM32U5A5VJT6, STM32U5A5VJT6Q, STM32U5A5ZJT6, STM32U5A5ZJT6Q, STM32U5A5ZJY6QTR, STM32U5A9BJY6QTR, STM32U5A9J-DK, STM32U5A9NJH6Q, STM32U5A9VJT6Q, STM32U5A9ZJT6Q, STM32U5A9ZJY6QTR, STM32U5F7VIT6, STM32U5F7VIT6Q, STM32U5F7VJT6, STM32U5F7VJT6Q, STM32U5F9BJY6QTR, STM32U5F9NJH6Q, STM32U5F9VIT6Q, STM32U5F9VJT6Q, STM32U5F9ZIJ6QTR, STM32U5F9ZIT6Q, STM32U5F9ZJJ6QTR, STM32U5F9ZJT6Q, STM32U5G7VJT6, STM32U5G7VJT6Q, STM32U5G9BJY6QTR, STM32U5G9J-DK1, STM32U5G9J-DK2, STM32U5G9NJH6Q, STM32U5G9VJT6Q, STM32U5G9ZJJ6QTR, STM32U5G9ZJT6Q, STM32WB05KZV6TR, STM32WB05KZV7TR, STM32WB05TZF6TR, STM32WB05TZF7TR, STM32WB06CCF6TR, STM32WB06CCF7TR, STM32WB06CCV6TR, STM32WB06CCV7TR, STM32WB06KCV6TR, STM32WB06KCV7TR, STM32WB07CCF6TR, STM32WB07CCF7TR, STM32WB07CCV6TR, STM32WB07CCV7TR, STM32WB07KCV6TR, STM32WB07KCV7TR, STM32WB09KEV6TR, STM32WB09KEV7TR, STM32WB09TEF6TR, STM32WB09TEF7TR, STM32WB1MMCH6, STM32WBA50KGU6, STM32WBA50KGU6TR, STM32WBA52CEU6, STM32WBA52CEU6TR, STM32WBA52CEU7, STM32WBA52CEU7TR, STM32WBA52CGU6, STM32WBA52CGU6TR, STM32WBA52CGU6U, STM32WBA52CGU7, STM32WBA52CGU7TR, STM32WBA52KEU6, STM32WBA52KEU6TR, STM32WBA52KGU6, STM32WBA52KGU6TR, STM32WBA54CEU6, STM32WBA54CEU6TR, STM32WBA54CEU7, STM32WBA54CEU7TR, STM32WBA54CGU6, STM32WBA54CGU6TR, STM32WBA54CGU7, STM32WBA54CGU7TR, STM32WBA54KEU6, STM32WBA54KEU6TR, STM32WBA54KEU7, STM32WBA54KEU7TR, STM32WBA54KGU6, STM32WBA54KGU6TR, STM32WBA54KGU7, STM32WBA54KGU7TR, STM32WBA55CEU6, STM32WBA55CEU6TR, STM32WBA55CEU7, STM32WBA55CEU7TR, STM32WBA55CGU6, STM32WBA55CGU6TR, STM32WBA55CGU6U, STM32WBA55CGU7, STM32WBA55CGU7TR, STM32WBA55G-DK1, STM32WBA55HEF6, STM32WBA55HEF7, STM32WBA55HGF6, STM32WBA55HGF7, STM32WBA55UEI6, STM32WBA55UEI6TR, STM32WBA55UEI7, STM32WBA55UEI7TR, STM32WBA55UGI6, STM32WBA55UGI6TR, STM32WBA55UGI7, STM32WBA55UGI7TR, STM32WBA5MJGH6TR, STM32WBA5MJGH6U, STM32WL33C8V6, STM32WL33C8V6TR, STM32WL33C8V7, STM32WL33C8V7TR, STM32WL33CBV6, STM32WL33CBV6TR, STM32WL33CBV7, STM32WL33CBV7TR, STM32WL33CCV6, STM32WL33CCV6TR, STM32WL33CCV7, STM32WL33CCV7A, STM32WL33CCV7ATR, STM32WL33CCV7TR, STM32WL33K8V6, STM32WL33K8V6TR, STM32WL33K8V7, STM32WL33K8V7TR, STM32WL33KBV6, STM32WL33KBV6TR, STM32WL33KBV7, STM32WL33KBV7TR, STM32WL33KCV6, STM32WL33KCV6TR, STM32WL33KCV7, STM32WL33KCV7TR, STM32WL5MOCH6, STM32WL5MOCH6TR]
2025-07-24 13:39:13,996 [INFO] ApiDb:668 - CubeFinder database Data Model version=2.1
2025-07-24 13:39:13,997 [INFO] ApiDb:669 - CubeFinder database Configuration version=3.0.39
2025-07-24 13:39:13,997 [INFO] ApiDb:670 - CubeFinder database generation date=2025-06-24 (1750757100)
2025-07-24 13:39:13,997 [INFO] ApiDb:671 - CubeFinder database FW Pack versions=[FP-ATR-ASTRA1_V2.0.0, FP-SNS-FLIGHT1_V5.1.0, FP-SNS-MOTENV1_V5.0.0, FP-SNS-MOTENVWB1_V1.4.0, FP-SNS-SMARTAG2_V1.2.0, FP-SNS-STBOX1_V2.0.0, STM32Cube_FW_C0_V1.4.0, STM32Cube_FW_F4_V1.28.2, STM32Cube_FW_F7_V1.17.3, STM32Cube_FW_G0_V1.6.2, STM32Cube_FW_G4_V1.6.1, STM32Cube_FW_H5_V1.5.0, STM32Cube_FW_H7RS_V1.2.0, STM32Cube_FW_H7_V1.12.1, STM32Cube_FW_L0_V1.12.2, STM32Cube_FW_L4_V1.18.1, STM32Cube_FW_L5_V1.5.1, STM32Cube_FW_N6_V1.2.0, STM32Cube_FW_U0_V1.3.0, STM32Cube_FW_U3_V1.2.0, STM32Cube_FW_U5_V1.8.0, STM32Cube_FW_WB0_V1.3.0, STM32Cube_FW_WBA_V1.7.0, STM32Cube_FW_WB_V1.23.0, STM32Cube_FW_WL3_V1.2.0, STM32Cube_FW_WL_V1.3.1, X-CUBE-ALGOBUILD_V1.4.0, X-CUBE-ALS_V1.0.2, X-CUBE-AZRTOS-F4_V1.1.0, X-CUBE-AZRTOS-F7_V1.1.0, X-CUBE-AZRTOS-G0_V1.1.0, X-CUBE-AZRTOS-G4_V2.0.0, X-CUBE-AZRTOS-H7RS_V1.1.0, X-CUBE-AZRTOS-H7_V3.3.0, X-CUBE-AZRTOS-L4_V2.0.0, X-CUBE-AZRTOS-L5_V2.0.0, X-CUBE-AZRTOS-WB_V2.0.0, X-CUBE-AZRTOS-WL_V2.0.0, X-CUBE-BLE1_V7.1.0, X-CUBE-BLE2_V3.3.0, X-CUBE-BLEMGR_V4.0.0, X-CUBE-EEPRMA1_V5.1.0, X-CUBE-FREERTOS_V1.3.1, X-CUBE-GNSS1_V6.0.0, X-CUBE-MEMS1_V11.3.0, X-CUBE-NFC4_V3.0.0, X-CUBE-NFC7_V2.0.0, X-CUBE-SFXS2LP1_V4.0.0, X-CUBE-SUBG2_V5.0.0, X-CUBE-TOF1_V3.4.3]
2025-07-24 13:39:18,575 [INFO] ApiDb:240 - Found 858 in-development CPN: [B-G473E-ZEST1S, B-WB1M-WPAN1, B-WBA5M-WPAN, B-WL5M-SUBG1, NUCLEO-C031C6, NUCLEO-C051C8, NUCLEO-C071RB, NUCLEO-C092RC, NUCLEO-H503RB, NUCLEO-H533RE, NUCLEO-H563ZI, NUCLEO-H7S3L8, NUCLEO-N657X0-Q, NUCLEO-U031R8, NUCLEO-U083RC, NUCLEO-U385RG-Q, NUCLEO-U545RE-Q, NUCLEO-U5A5ZJ-Q, NUCLEO-WB05KZ, NUCLEO-WB07CC, NUCLEO-WB09KE, NUCLEO-WBA52CG, NUCLEO-WBA55CG, NUCLEO-WL33CC1, NUCLEO-WL33CC2, STEVAL-PROTEUS1, STEVAL-SMARTAG2, STEVAL-STWINBX1, STM320518-EVAL, STM32C0116-DK, STM32C011D6Y3TR, STM32C011D6Y6TR, STM32C011F4P3, STM32C011F4P6, STM32C011F4U3, STM32C011F4U6TR, STM32C011F6P3, STM32C011F6P6, STM32C011F6U3, STM32C011F6U6TR, STM32C011J4M3, STM32C011J4M6, STM32C011J6M3, STM32C011J6M6, STM32C0316-DK, STM32C031C4T3, STM32C031C4T6, STM32C031C4U3, STM32C031C4U6, STM32C031C6T3, STM32C031C6T6, STM32C031C6U3, STM32C031C6U6, STM32C031F4P3, STM32C031F4P6, STM32C031F6P3, STM32C031F6P6, STM32C031G4U3, STM32C031G4U6, STM32C031G6U3, STM32C031G6U6, STM32C031K4T3, STM32C031K4T6, STM32C031K4U3, STM32C031K4U6, STM32C031K6T3, STM32C031K6T6, STM32C031K6U3, STM32C031K6U6, STM32C051C6T6, STM32C051C6U6, STM32C051C8T6, STM32C051C8U6, STM32C051D8Y6TR, STM32C051F6P6, STM32C051F8P6, STM32C051G6U6, STM32C051G8U6, STM32C051K6T6, STM32C051K6U6, STM32C051K8T6, STM32C071C8T6, STM32C071C8T6N, STM32C071C8U6, STM32C071C8U6N, STM32C071CBT6, STM32C071CBT6N, STM32C071CBU6, STM32C071CBU6N, STM32C071F8P6, STM32C071F8P6N, STM32C071FBP6, STM32C071FBP6N, STM32C071FBY6TR, STM32C071G8U6, STM32C071G8U6N, STM32C071GBU6, STM32C071GBU6N, STM32C071K8T6, STM32C071K8T6N, STM32C071K8U6, STM32C071K8U6N, STM32C071KBT6, STM32C071KBT6N, STM32C071KBU6, STM32C071KBU6N, STM32C071R8T6, STM32C071R8T6N, STM32C071RBI6N, STM32C071RBT6, STM32C071RBT6N, STM32C091CBT6, STM32C091CBU6, STM32C091CCT6, STM32C091CCU6, STM32C091ECY6TR, STM32C091FBP6, STM32C091FCP6, STM32C091GBU6, STM32C091GCU6, STM32C091KBT6, STM32C091KBU6, STM32C091KCT6, STM32C091KCU6, STM32C091RBT6, STM32C091RCI6, STM32C091RCT6, STM32C092CBT6, STM32C092CBU6, STM32C092CCT6, STM32C092CCU6, STM32C092ECY6TR, STM32C092FBP6, STM32C092FCP6, STM32C092GBU6, STM32C092GCU6, STM32C092KBT6, STM32C092KBU6, STM32C092KCT6, STM32C092KCU6, STM32C092RBT6, STM32C092RCI6, STM32C092RCT6, STM32G071K8TXN, STM32G071K8UXN, STM32G081GBU6N, STM32G081KBT6N, STM32G081KBUXN, STM32G0B1CCT6N, STM32G0B1KCT6, STM32G0B1NEY6TR, STM32G0B1RCT6N, STM32G0C1CCT6, STM32G0C1CCT6N, STM32G0C1CCU6N, STM32G0C1CET6N, STM32G0C1CEU6N, STM32G0C1KCT6, STM32G0C1NEY6TR, STM32G0C1RCI6N, STM32G0C1RCT6N, STM32G0C1REI6N, STM32G0C1RET6N, STM32G0C1VCI6, STM32G0C1VEI6, STM32G411C6T3, STM32G411C6T6, STM32G411C6U3, STM32G411C6U6, STM32G411C8T3, STM32G411C8T6, STM32G411C8U3, STM32G411C8U6, STM32G411CBT3, STM32G411CBT6, STM32G411CBU3, STM32G411CBU6, STM32G411CCT3, STM32G411CCT6, STM32G411CCU3, STM32G411CCU6, STM32G411K6T3, STM32G411K6T6, STM32G411K6U3, STM32G411K6U6, STM32G411K8T3, STM32G411K8T6, STM32G411K8U3, STM32G411K8U6, STM32G411KBT3, STM32G411KBT6, STM32G411KBU3, STM32G411KBU6, STM32G411M6T3, STM32G411M6T6, STM32G411M8T3, STM32G411M8T6, STM32G411MBT3, STM32G411MBT6, STM32G411MCT3, STM32G411MCT6, STM32G411R6T3, STM32G411R6T6, STM32G411R8T3, STM32G411R8T6, STM32G411RBT3, STM32G411RBT6, STM32G411RCT3, STM32G411RCT6, STM32G414CBT3, STM32G414CBT6, STM32G414CBU3, STM32G414CBU6, STM32G414CCT3, STM32G414CCT6, STM32G414CCU3, STM32G414CCU6, STM32G414MBT3, STM32G414MBT6, STM32G414MCT3, STM32G414MCT6, STM32G414RBT3, STM32G414RBT6, STM32G414RCT3, STM32G414RCT6, STM32G414VBT3, STM32G414VBT6, STM32G414VCT3, STM32G414VCT6, STM32G431CBT3Z, STM32G431RBT3Z, STM32G471CCT6, STM32G471CCU6, STM32G471CET3, STM32G471CET6, STM32G471CEU3, STM32G471CEU6, STM32G471MCT6, STM32G471MET3, STM32G471MET6, STM32G471MEY6TR, STM32G471QCT6, STM32G471QET3, STM32G471RCT6, STM32G471RET3, STM32G471RET6, STM32G471VCH6, STM32G471VCI6, STM32G471VCT6, STM32G471VEH3, STM32G471VEH6, STM32G471VEI3, STM32G471VEI6, STM32G471VET3, STM32G471VET6, STM32G473QET3Z, STM32G473RET3Z, STM32G474CCT6, STM32G491RET3Z, STM32H503CBT6, STM32H503CBU6, STM32H503EBY6TR, STM32H503KBU6, STM32H503RBT6, STM32H523CCT6, STM32H523CCU6, STM32H523CET6, STM32H523CEU6, STM32H523HEY6TR, STM32H523RCT6, STM32H523RET6, STM32H523VCI6, STM32H523VCT6, STM32H523VEI6, STM32H523VET6, STM32H523ZCJ6, STM32H523ZCT6, STM32H523ZEJ6, STM32H523ZET6, STM32H533CET6, STM32H533CEU6, STM32H533HEY6TR, STM32H533RET6, STM32H533VEI6, STM32H533VET6, STM32H533ZEJ6, STM32H533ZET6, STM32H562AGI6, STM32H562AII6, STM32H562IGK6, STM32H562IGT6, STM32H562IIK6, STM32H562IIT6, STM32H562RGT6, STM32H562RGV6, STM32H562RIT6, STM32H562RIV6, STM32H562VGT6, STM32H562VIT6, STM32H562ZGT6, STM32H562ZIT6, STM32H563AGI6, STM32H563AII3Q, STM32H563AII6, STM32H563IGK6, STM32H563IGT6, STM32H563IIK3Q, STM32H563IIK6, STM32H563IIT3Q, STM32H563IIT6, STM32H563MIY3QTR, STM32H563RGT6, STM32H563RGV6, STM32H563RIT6, STM32H563RIV6, STM32H563VGT6, STM32H563VIT3Q, STM32H563VIT6, STM32H563ZGT6, STM32H563ZIT3Q, STM32H563ZIT6, STM32H573AII3Q, STM32H573AII6, STM32H573I-DK, STM32H573IIK3Q, STM32H573IIK6, STM32H573IIT3Q, STM32H573IIT6, STM32H573MIY3QTR, STM32H573RIT6, STM32H573RIV6, STM32H573VIT3Q, STM32H573VIT6, STM32H573ZIT3Q, STM32H573ZIT6, STM32H7R3A8I6, STM32H7R3I8K6, STM32H7R3I8T6, STM32H7R3L8H6, STM32H7R3L8H6H, STM32H7R3R8V6, STM32H7R3V8H6, STM32H7R3V8T6, STM32H7R3V8Y6TR, STM32H7R3Z8J6, STM32H7R3Z8T6, STM32H7R7A8I6, STM32H7R7I8K6, STM32H7R7I8T6, STM32H7R7L8H6, STM32H7R7L8H6H, STM32H7R7Z8J6, STM32H7S3A8I6, STM32H7S3I8K6, STM32H7S3I8T6, STM32H7S3L8H6, STM32H7S3L8H6H, STM32H7S3R8V6, STM32H7S3V8H6, STM32H7S3V8T6, STM32H7S3V8Y6TR, STM32H7S3Z8J6, STM32H7S3Z8T6, STM32H7S78-DK, STM32H7S7A8I6, STM32H7S7I8K6, STM32H7S7I8T6, STM32H7S7L8H6, STM32H7S7L8H6H, STM32H7S7Z8J6, STM32L4R5QGI6STR, STM32MP131AAE3, STM32MP131AAF3, STM32MP131AAG3, STM32MP131CAE3, STM32MP131CAF3, STM32MP131CAG3, STM32MP131DAE7, STM32MP131DAF7, STM32MP131DAG7, STM32MP131FAE7, STM32MP131FAF7, STM32MP131FAG7, STM32MP133AAE3, STM32MP133AAF3, STM32MP133AAG3, STM32MP133CAE3, STM32MP133CAF3, STM32MP133CAG3, STM32MP133DAE7, STM32MP133DAF7, STM32MP133DAG7, STM32MP133FAE7, STM32MP133FAF7, STM32MP133FAG7, STM32MP135AAE3, STM32MP135AAF3, STM32MP135AAG3, STM32MP135CAE3, STM32MP135CAF3, STM32MP135CAG3, STM32MP135DAE7, STM32MP135DAF7, STM32MP135DAG7, STM32MP135F-DK, STM32MP135FAE7, STM32MP135FAF7, STM32MP135FAF7T, STM32MP135FAF7U, STM32MP135FAG7, STM32MP231AAJ3, STM32MP231AAK3, STM32MP231AAL3, STM32MP231CAJ3, STM32MP231CAK3, STM32MP231CAL3, STM32MP231DAJ3, STM32MP231DAK3, STM32MP231DAL3, STM32MP231FAJ3, STM32MP231FAK3, STM32MP231FAL3, STM32MP233AAJ3, STM32MP233AAK3, STM32MP233AAL3, STM32MP233CAJ3, STM32MP233CAK3, STM32MP233CAL3, STM32MP233DAJ3, STM32MP233DAK3, STM32MP233DAL3, STM32MP233FAJ3, STM32MP233FAK3, STM32MP233FAL3, STM32MP235AAJ3, STM32MP235AAK3, STM32MP235AAL3, STM32MP235CAJ3, STM32MP235CAK3, STM32MP235CAL3, STM32MP235DAJ3, STM32MP235DAK3, STM32MP235DAL3, STM32MP235FAJ3, STM32MP235FAK3, STM32MP235FAL3, STM32MP251AAI3, STM32MP251AAJ3, STM32MP251AAK3, STM32MP251AAL3, STM32MP251CAI3, STM32MP251CAJ3, STM32MP251CAK3, STM32MP251CAL3, STM32MP251DAI3, STM32MP251DAJ3, STM32MP251DAK3, STM32MP251DAL3, STM32MP251FAI3, STM32MP251FAJ3, STM32MP251FAK3, STM32MP251FAL3, STM32MP253AAI3, STM32MP253AAJ3, STM32MP253AAK3, STM32MP253AAL3, STM32MP253CAI3, STM32MP253CAJ3, STM32MP253CAK3, STM32MP253CAL3, STM32MP253DAI3, STM32MP253DAJ3, STM32MP253DAK3, STM32MP253DAL3, STM32MP253FAI3, STM32MP253FAJ3, STM32MP253FAK3, STM32MP253FAL3, STM32MP255AAI3, STM32MP255AAJ3, STM32MP255AAK3, STM32MP255AAL3, STM32MP255CAI3, STM32MP255CAJ3, STM32MP255CAK3, STM32MP255CAL3, STM32MP255DAI3, STM32MP255DAJ3, STM32MP255DAK3, STM32MP255DAL3, STM32MP255FAI3, STM32MP255FAJ3, STM32MP255FAK3, STM32MP255FAL3, STM32MP257AAI3, STM32MP257AAJ3, STM32MP257AAK3, STM32MP257AAL3, STM32MP257CAI3, STM32MP257CAJ3, STM32MP257CAK3, STM32MP257CAL3, STM32MP257DAI3, STM32MP257DAJ3, STM32MP257DAK3, STM32MP257DAL3, STM32MP257F-DK, STM32MP257F-EV1, STM32MP257FAI3, STM32MP257FAJ3, STM32MP257FAK3, STM32MP257FAL3, STM32N645A0H3Q, STM32N645B0H3Q, STM32N645I0H3Q, STM32N645L0H3Q, STM32N645X0H3Q, STM32N645Z0H3Q, STM32N647A0H3Q, STM32N647B0H3Q, STM32N647I0H3Q, STM32N647L0H3Q, STM32N647X0H3Q, STM32N647Z0H3Q, STM32N655A0H3Q, STM32N655B0H3Q, STM32N655I0H3Q, STM32N655L0H3Q, STM32N655X0H3Q, STM32N655Z0H3Q, STM32N6570-DK, STM32N657A0H3Q, STM32N657B0H3Q, STM32N657I0H3Q, STM32N657L0H3Q, STM32N657X0H3Q, STM32N657Z0H3Q, STM32U031C6T6, STM32U031C6U6, STM32U031C8T6, STM32U031C8U6, STM32U031F4P6, STM32U031F6P6, STM32U031F8P6, STM32U031G6Y6TR, STM32U031G8Y6TR, STM32U031K4U6, STM32U031K6U6, STM32U031K8U6, STM32U031R6I6, STM32U031R6T6, STM32U031R8I6, STM32U031R8T6, STM32U073C8T6, STM32U073C8U6, STM32U073CBT6, STM32U073CBU6, STM32U073CCT6, STM32U073CCU6, STM32U073H8Y6TR, STM32U073HBY6TR, STM32U073HCY6TR, STM32U073K8U6, STM32U073KBU6, STM32U073KCU6, STM32U073M8I6, STM32U073M8T6, STM32U073MBI6, STM32U073MBT6, STM32U073MCI6, STM32U073MCT6, STM32U073R8I6, STM32U073R8T6, STM32U073RBI6, STM32U073RBT6, STM32U073RCI6, STM32U073RCT6, STM32U083C-DK, STM32U083CCT6, STM32U083CCU6, STM32U083HCY6TR, STM32U083KCU6, STM32U083MCI6, STM32U083MCT6, STM32U083RCI6, STM32U083RCT6, STM32U375CET6, STM32U375CET6Q, STM32U375CEU6, STM32U375CEU6Q, STM32U375CEY6QTR, STM32U375CGT6, STM32U375CGT6Q, STM32U375CGU6, STM32U375CGU6Q, STM32U375CGY6QTR, STM32U375KEU6, STM32U375KGU6, STM32U375REI6, STM32U375REI6Q, STM32U375RET6, STM32U375RET6Q, STM32U375REY6GTR, STM32U375REY6QTR, STM32U375RGI6, STM32U375RGI6Q, STM32U375RGT6, STM32U375RGT6Q, STM32U375RGY6GTR, STM32U375RGY6QTR, STM32U375VEI6, STM32U375VEI6Q, STM32U375VET6, STM32U375VET6Q, STM32U375VGI6, STM32U375VGI6Q, STM32U375VGT6, STM32U375VGT6Q, STM32U385CGT6, STM32U385CGT6Q, STM32U385CGU6, STM32U385CGU6Q, STM32U385CGY6QTR, STM32U385KGU6, STM32U385RGI6, STM32U385RGI6Q, STM32U385RGT6, STM32U385RGT6Q, STM32U385RGY6GTR, STM32U385RGY6QTR, STM32U385VGI6, STM32U385VGI6Q, STM32U385VGT6, STM32U385VGT6Q, STM32U535CBT6, STM32U535CBT6Q, STM32U535CBU6, STM32U535CBU6Q, STM32U535CCT6, STM32U535CCT6Q, STM32U535CCU6, STM32U535CCU6Q, STM32U535CET6, STM32U535CET6Q, STM32U535CEU6, STM32U535CEU6Q, STM32U535JEY6QTR, STM32U535NCY6QTR, STM32U535NEY6QTR, STM32U535RBI6, STM32U535RBI6Q, STM32U535RBT6, STM32U535RBT6Q, STM32U535RCI6, STM32U535RCI6Q, STM32U535RCT6, STM32U535RCT6Q, STM32U535REI6, STM32U535REI6Q, STM32U535RET6, STM32U535RET6Q, STM32U535VCI6, STM32U535VCI6Q, STM32U535VCT6, STM32U535VCT6Q, STM32U535VEI6, STM32U535VEI6Q, STM32U535VET6, STM32U535VET6Q, STM32U545CET6, STM32U545CET6Q, STM32U545CEU6, STM32U545CEU6Q, STM32U545JEY6QTR, STM32U545NEY6QTR, STM32U545REI6, STM32U545REI6Q, STM32U545RET6, STM32U545RET6Q, STM32U545VEI6, STM32U545VEI6Q, STM32U545VET6, STM32U545VET6Q, STM32U595AIH6, STM32U595AIH6Q, STM32U595AJH6, STM32U595AJH6Q, STM32U595QII6, STM32U595QII6Q, STM32U595QJI6, STM32U595QJI6Q, STM32U595RIT6, STM32U595RIT6Q, STM32U595RJT6, STM32U595RJT6Q, STM32U595VIT6, STM32U595VIT6Q, STM32U595VJT6, STM32U595VJT6Q, STM32U595ZIT6, STM32U595ZIT6Q, STM32U595ZIY6QTR, STM32U595ZJT6, STM32U595ZJT6Q, STM32U595ZJY6QTR, STM32U599BJY6QTR, STM32U599NIH6Q, STM32U599NJH6Q, STM32U599VIT6Q, STM32U599VJT6, STM32U599VJT6Q, STM32U599ZIT6Q, STM32U599ZIY6QTR, STM32U599ZJT6Q, STM32U599ZJY6QTR, STM32U5A5AJH6, STM32U5A5AJH6Q, STM32U5A5QII3Q , STM32U5A5QJI6, STM32U5A5QJI6Q, STM32U5A5RJT6, STM32U5A5RJT6Q, STM32U5A5VJT6, STM32U5A5VJT6Q, STM32U5A5ZJT6, STM32U5A5ZJT6Q, STM32U5A5ZJY6QTR, STM32U5A9BJY6QTR, STM32U5A9J-DK, STM32U5A9NJH6Q, STM32U5A9VJT6Q, STM32U5A9ZJT6Q, STM32U5A9ZJY6QTR, STM32U5F7VIT6, STM32U5F7VIT6Q, STM32U5F7VJT6, STM32U5F7VJT6Q, STM32U5F9BJY6QTR, STM32U5F9NJH6Q, STM32U5F9VIT6Q, STM32U5F9VJT6Q, STM32U5F9ZIJ6QTR, STM32U5F9ZIT6Q, STM32U5F9ZJJ6QTR, STM32U5F9ZJT6Q, STM32U5G7VJT6, STM32U5G7VJT6Q, STM32U5G9BJY6QTR, STM32U5G9J-DK1, STM32U5G9J-DK2, STM32U5G9NJH6Q, STM32U5G9VJT6Q, STM32U5G9ZJJ6QTR, STM32U5G9ZJT6Q, STM32WB05KZV6TR, STM32WB05KZV7TR, STM32WB05TZF6TR, STM32WB05TZF7TR, STM32WB06CCF6TR, STM32WB06CCF7TR, STM32WB06CCV6TR, STM32WB06CCV7TR, STM32WB06KCV6TR, STM32WB06KCV7TR, STM32WB07CCF6TR, STM32WB07CCF7TR, STM32WB07CCV6TR, STM32WB07CCV7TR, STM32WB07KCV6TR, STM32WB07KCV7TR, STM32WB09KEV6TR, STM32WB09KEV7TR, STM32WB09TEF6TR, STM32WB09TEF7TR, STM32WB1MMCH6, STM32WBA50KGU6, STM32WBA50KGU6TR, STM32WBA52CEU6, STM32WBA52CEU6TR, STM32WBA52CEU7, STM32WBA52CEU7TR, STM32WBA52CGU6, STM32WBA52CGU6TR, STM32WBA52CGU6U, STM32WBA52CGU7, STM32WBA52CGU7TR, STM32WBA52KEU6, STM32WBA52KEU6TR, STM32WBA52KGU6, STM32WBA52KGU6TR, STM32WBA54CEU6, STM32WBA54CEU6TR, STM32WBA54CEU7, STM32WBA54CEU7TR, STM32WBA54CGU6, STM32WBA54CGU6TR, STM32WBA54CGU7, STM32WBA54CGU7TR, STM32WBA54KEU6, STM32WBA54KEU6TR, STM32WBA54KEU7, STM32WBA54KEU7TR, STM32WBA54KGU6, STM32WBA54KGU6TR, STM32WBA54KGU7, STM32WBA54KGU7TR, STM32WBA55CEU6, STM32WBA55CEU6TR, STM32WBA55CEU7, STM32WBA55CEU7TR, STM32WBA55CGU6, STM32WBA55CGU6TR, STM32WBA55CGU6U, STM32WBA55CGU7, STM32WBA55CGU7TR, STM32WBA55G-DK1, STM32WBA55HEF6, STM32WBA55HEF7, STM32WBA55HGF6, STM32WBA55HGF7, STM32WBA55UEI6, STM32WBA55UEI6TR, STM32WBA55UEI7, STM32WBA55UEI7TR, STM32WBA55UGI6, STM32WBA55UGI6TR, STM32WBA55UGI7, STM32WBA55UGI7TR, STM32WBA5MJGH6TR, STM32WBA5MJGH6U, STM32WL33C8V6, STM32WL33C8V6TR, STM32WL33C8V7, STM32WL33C8V7TR, STM32WL33CBV6, STM32WL33CBV6TR, STM32WL33CBV7, STM32WL33CBV7TR, STM32WL33CCV6, STM32WL33CCV6TR, STM32WL33CCV7, STM32WL33CCV7A, STM32WL33CCV7ATR, STM32WL33CCV7TR, STM32WL33K8V6, STM32WL33K8V6TR, STM32WL33K8V7, STM32WL33K8V7TR, STM32WL33KBV6, STM32WL33KBV6TR, STM32WL33KBV7, STM32WL33KBV7TR, STM32WL33KCV6, STM32WL33KCV6TR, STM32WL33KCV7, STM32WL33KCV7TR, STM32WL5MOCH6, STM32WL5MOCH6TR]
2025-07-24 13:39:18,585 [INFO] DbMcus:218 - Found 4736 MCUs, 4736 are supported
2025-07-24 13:39:18,587 [INFO] ApiDb:423 - Load user favorites file C:\Users\Santiago/.stm32cubeide/favorites.mcus.txt: 0 item(s)
2025-07-24 13:39:18,588 [INFO] ApiDb:427 - User favorites MCUs=[]
2025-07-24 13:39:18,588 [INFO] DbMcus:224 - Set 0 / 0 favorites MCUs
2025-07-24 13:39:20,199 [INFO] BoardInfo:889 - No configuration file found for board NUCLEO-WBA65RI
2025-07-24 13:39:20,204 [INFO] DbBoards:161 - Board is not supported: NUCLEO-WBA65RI
2025-07-24 13:39:20,227 [INFO] BoardInfo:889 - No configuration file found for board P-NUCLEO-WB55
2025-07-24 13:39:20,229 [INFO] DbBoards:161 - Kit is not supported: P-NUCLEO-WB55
2025-07-24 13:39:20,246 [INFO] BoardInfo:889 - No configuration file found for board STEVAL-BFA001V1B
2025-07-24 13:39:20,249 [INFO] DbBoards:161 - Kit is not supported: STEVAL-BFA001V1B
2025-07-24 13:39:20,250 [INFO] BoardInfo:889 - No configuration file found for board STEVAL-BFA001V2B
2025-07-24 13:39:20,256 [INFO] DbBoards:161 - Kit is not supported: STEVAL-BFA001V2B
2025-07-24 13:39:20,728 [INFO] BoardInfo:889 - No configuration file found for board STM32WBA65I-DK1
2025-07-24 13:39:20,730 [INFO] DbBoards:161 - Board is not supported: STM32WBA65I-DK1
2025-07-24 13:39:20,731 [INFO] DbBoards:168 - Found 211 boards, 206 are supported
2025-07-24 13:39:20,731 [INFO] DbBoards:169 - Found 211 boards, 42 of them is supported for  Bsp
2025-07-24 13:39:20,744 [INFO] ApiDb:423 - Load user favorites file C:\Users\Santiago/.stm32cubeide/favorites.boards.txt: 0 item(s)
2025-07-24 13:39:20,744 [INFO] ApiDb:427 - User favorites Boards=[]
2025-07-24 13:39:20,745 [INFO] DbBoards:198 - Set 0 / 0 favorites Boards
2025-07-24 13:39:20,794 [INFO] UtilMem:75 - End LoadConfig() Used Memory: 899117544 Bytes (1073741824)
2025-07-24 13:39:21,066 [WARN] ThirdParty:833 - waiting for thirdparty lock release [change project]
2025-07-24 13:39:21,066 [INFO] ThirdParty:835 - entering critical section [change project]
2025-07-24 13:39:21,069 [INFO] ThirdParty:1030 - CMSIS Pack Vendor :STMicroelectronics X-CUBE-PM33A1 1.0.0
2025-07-24 13:39:21,069 [INFO] ThirdParty:1030 - CMSIS Pack Vendor :STMicroelectronics USBPD 4.1
2025-07-24 13:39:21,069 [INFO] ThirdParty:1030 - CMSIS Pack Vendor :STMicroelectronics X-CUBE-AZRTOS-H7 3.3.0
2025-07-24 13:39:21,070 [INFO] ThirdParty:1030 - CMSIS Pack Vendor :STMicroelectronics X-CUBE-NFC9 1.0.0
2025-07-24 13:39:21,070 [INFO] ThirdParty:1030 - CMSIS Pack Vendor :STMicroelectronics USB_HOST 2.0.0
2025-07-24 13:39:21,070 [INFO] ThirdParty:1030 - CMSIS Pack Vendor :STMicroelectronics FP-SNS-MOTENVWB1 1.4.0
2025-07-24 13:39:21,070 [INFO] ThirdParty:1030 - CMSIS Pack Vendor :STMicroelectronics X-CUBE-AZRTOS-F4 1.1.0
2025-07-24 13:39:21,070 [INFO] ThirdParty:1030 - CMSIS Pack Vendor :STMicroelectronics LIBJPEG 8.0.0
2025-07-24 13:39:21,070 [INFO] ThirdParty:1030 - CMSIS Pack Vendor :STMicroelectronics FP-ATR-ASTRA1 2.0.2
2025-07-24 13:39:21,070 [INFO] ThirdParty:1030 - CMSIS Pack Vendor :STMicroelectronics X-CUBE-BLE1 7.1.0
2025-07-24 13:39:21,070 [INFO] ThirdParty:1030 - CMSIS Pack Vendor :Avnet-IotConnect X-CUBE-IoTC-DA16k-PMOD 1.0.0
2025-07-24 13:39:21,070 [INFO] ThirdParty:1030 - CMSIS Pack Vendor :STMicroelectronics X-CUBE-SMBUS 2.1.0
2025-07-24 13:39:21,070 [INFO] ThirdParty:1030 - CMSIS Pack Vendor :STMicroelectronics X-CUBE-WB05N 1.1.0
2025-07-24 13:39:21,070 [INFO] ThirdParty:1030 - CMSIS Pack Vendor :wolfSSL I-CUBE-wolfMQTT 1.19.2
2025-07-24 13:39:21,070 [INFO] ThirdParty:1030 - CMSIS Pack Vendor :STMicroelectronics USB_DEVICE 3.0.0
2025-07-24 13:39:21,070 [INFO] ThirdParty:1030 - CMSIS Pack Vendor :STMicroelectronics X-CUBE-ISPU 2.1.0
2025-07-24 13:39:21,070 [INFO] ThirdParty:1030 - CMSIS Pack Vendor :STMicroelectronics X-CUBE-EEPRMA1 5.2.0
2025-07-24 13:39:21,070 [INFO] ThirdParty:1030 - CMSIS Pack Vendor :STMicroelectronics X-CUBE-BLEMGR 4.1.0
2025-07-24 13:39:21,071 [INFO] ThirdParty:1030 - CMSIS Pack Vendor :STMicroelectronics X-CUBE-AZRTOS-WB 2.0.0
2025-07-24 13:39:21,071 [INFO] ThirdParty:1030 - CMSIS Pack Vendor :STMicroelectronics X-CUBE-ST60 1.0.0
2025-07-24 13:39:21,071 [INFO] ThirdParty:1030 - CMSIS Pack Vendor :STMicroelectronics X-CUBE-GNSS1 7.0.1
2025-07-24 13:39:21,071 [INFO] ThirdParty:1030 - CMSIS Pack Vendor :STMicroelectronics X-CUBE-NFC12 1.0.0
2025-07-24 13:39:21,071 [INFO] ThirdParty:1030 - CMSIS Pack Vendor :STMicroelectronics X-CUBE-AZRTOS-F7 1.1.0
2025-07-24 13:39:21,071 [INFO] ThirdParty:1030 - CMSIS Pack Vendor :STMicroelectronics X-CUBE-AZRTOS-L5 2.0.0
2025-07-24 13:39:21,071 [INFO] ThirdParty:1030 - CMSIS Pack Vendor :STMicroelectronics X-CUBE-TOUCHGFX 4.25.0
2025-07-24 13:39:21,071 [INFO] ThirdParty:1030 - CMSIS Pack Vendor :STMicroelectronics USB_DEVICE 2.0.0
2025-07-24 13:39:21,071 [INFO] ThirdParty:1030 - CMSIS Pack Vendor :STMicroelectronics X-CUBE-NFC6 3.1.0
2025-07-24 13:39:21,071 [INFO] ThirdParty:1030 - CMSIS Pack Vendor :STMicroelectronics X-CUBE-AI 10.1.0
2025-07-24 13:39:21,071 [INFO] ThirdParty:1030 - CMSIS Pack Vendor :STMicroelectronics FP-SNS-STBOX1 2.0.0
2025-07-24 13:39:21,071 [INFO] ThirdParty:1030 - CMSIS Pack Vendor :STMicroelectronics X-CUBE-MEMS1 11.2.0
2025-07-24 13:39:21,071 [INFO] ThirdParty:1030 - CMSIS Pack Vendor :STMicroelectronics FreeRTOS 0.0.1
2025-07-24 13:39:21,071 [INFO] ThirdParty:1030 - CMSIS Pack Vendor :STMicroelectronics X-CUBE-AZRTOS-G0 1.1.0
2025-07-24 13:39:21,071 [INFO] ThirdParty:1030 - CMSIS Pack Vendor :STMicroelectronics X-CUBE-SAFEA1 1.2.2
2025-07-24 13:39:21,071 [INFO] ThirdParty:1030 - CMSIS Pack Vendor :STMicroelectronics X-CUBE-NFC4 3.0.0
2025-07-24 13:39:21,071 [INFO] ThirdParty:1030 - CMSIS Pack Vendor :STMicroelectronics X-CUBE-DPower 1.2.0
2025-07-24 13:39:21,071 [INFO] ThirdParty:1030 - CMSIS Pack Vendor :STMicroelectronics X-CUBE-SUBG2 5.0.0
2025-07-24 13:39:21,072 [INFO] ThirdParty:1030 - CMSIS Pack Vendor :STMicroelectronics X-CUBE-AZRTOS-H7RS 1.1.0
2025-07-24 13:39:21,072 [INFO] ThirdParty:1030 - CMSIS Pack Vendor :STMicroelectronics STM32_WPAN 1.0.0
2025-07-24 13:39:21,072 [INFO] ThirdParty:1030 - CMSIS Pack Vendor :EmbeddedOffice I-CUBE-FS-RTOS 1.0.1
2025-07-24 13:39:21,072 [INFO] ThirdParty:1030 - CMSIS Pack Vendor :STMicroelectronics lwIP 2.0.3
2025-07-24 13:39:21,072 [INFO] ThirdParty:1030 - CMSIS Pack Vendor :Cesanta I-CUBE-Mongoose 7.13.0
2025-07-24 13:39:21,072 [INFO] ThirdParty:1030 - CMSIS Pack Vendor :STMicroelectronics USB_HOST 1.0.0
2025-07-24 13:39:21,072 [INFO] ThirdParty:1030 - CMSIS Pack Vendor :Infineon AIROC-Wi-Fi-Bluetooth-STM32 1.7.0
2025-07-24 13:39:21,072 [INFO] ThirdParty:1030 - CMSIS Pack Vendor :STMicroelectronics X-CUBE-AZRTOS-G4 2.0.0
2025-07-24 13:39:21,072 [INFO] ThirdParty:1030 - CMSIS Pack Vendor :STMicroelectronics X-CUBE-WB05N 2.0.0
2025-07-24 13:39:21,072 [INFO] ThirdParty:1030 - CMSIS Pack Vendor :STMicroelectronics PDM2PCM 3.1.0
2025-07-24 13:39:21,072 [INFO] ThirdParty:1030 - CMSIS Pack Vendor :STMicroelectronics PDM2PCM 3.3.0
2025-07-24 13:39:21,072 [INFO] ThirdParty:1030 - CMSIS Pack Vendor :wolfSSL I-CUBE-wolfTPM 3.8.0
2025-07-24 13:39:21,072 [INFO] ThirdParty:1030 - CMSIS Pack Vendor :STMicroelectronics X-CUBE-AZRTOS-H7 3.4.0
2025-07-24 13:39:21,072 [INFO] ThirdParty:1030 - CMSIS Pack Vendor :STMicroelectronics X-CUBE-DISPLAY 3.0.0
2025-07-24 13:39:21,072 [INFO] ThirdParty:1030 - CMSIS Pack Vendor :wolfSSL I-CUBE-wolfSSH 1.4.20
2025-07-24 13:39:21,072 [INFO] ThirdParty:1030 - CMSIS Pack Vendor :STMicroelectronics X-CUBE-NFC7 2.0.0
2025-07-24 13:39:21,072 [INFO] ThirdParty:1030 - CMSIS Pack Vendor :STMicroelectronics X-CUBE-TCPP 4.2.0
2025-07-24 13:39:21,073 [INFO] ThirdParty:1030 - CMSIS Pack Vendor :RealThread X-CUBE-RT-Thread_Nano 4.1.1
2025-07-24 13:39:21,073 [INFO] ThirdParty:1030 - CMSIS Pack Vendor :STMicroelectronics FP-ATR-SIGFOX1 3.2.0
2025-07-24 13:39:21,073 [INFO] ThirdParty:1030 - CMSIS Pack Vendor :STMicroelectronics X-CUBE-NFC10 1.0.0
2025-07-24 13:39:21,073 [INFO] ThirdParty:1030 - CMSIS Pack Vendor :STMicroelectronics X-CUBE-BLEMGR 4.0.0
2025-07-24 13:39:21,073 [INFO] ThirdParty:1030 - CMSIS Pack Vendor :STMicroelectronics X-CUBE-EEPRMA1 5.1.0
2025-07-24 13:39:21,073 [INFO] ThirdParty:1030 - CMSIS Pack Vendor :STMicroelectronics X-CUBE-FREERTOS 1.3.1
2025-07-24 13:39:21,073 [INFO] ThirdParty:1030 - CMSIS Pack Vendor :STMicroelectronics HAL Drivers 0.0.0
2025-07-24 13:39:21,073 [INFO] ThirdParty:1030 - CMSIS Pack Vendor :STMicroelectronics MBEDTLS 2.16.2
2025-07-24 13:39:21,073 [INFO] ThirdParty:1030 - CMSIS Pack Vendor :STMicroelectronics X-CUBE-IPS 3.1.0
2025-07-24 13:39:21,073 [INFO] ThirdParty:1030 - CMSIS Pack Vendor :STMicroelectronics X-CUBE-ALS 1.0.2
2025-07-24 13:39:21,073 [INFO] ThirdParty:1030 - CMSIS Pack Vendor :emotas I-CUBE-CANOPEN 1.3.0
2025-07-24 13:39:21,073 [INFO] ThirdParty:1030 - CMSIS Pack Vendor :STMicroelectronics X-CUBE-FREERTOS 1.3.0
2025-07-24 13:39:21,073 [INFO] ThirdParty:1030 - CMSIS Pack Vendor :STMicroelectronics X-CUBE-NFC7 1.0.1
2025-07-24 13:39:21,073 [INFO] ThirdParty:1030 - CMSIS Pack Vendor :STMicroelectronics MBEDTLS 2.14.1
2025-07-24 13:39:21,073 [INFO] ThirdParty:1030 - CMSIS Pack Vendor :wolfSSL I-CUBE-wolfSSL 5.7.6
2025-07-24 13:39:21,073 [INFO] ThirdParty:1030 - CMSIS Pack Vendor :ITTIA_DB I-CUBE-ITTIADB 8.9.0
2025-07-24 13:39:21,074 [INFO] ThirdParty:1030 - CMSIS Pack Vendor :portGmbH I-Cube-SoM-uGOAL 1.1.0
2025-07-24 13:39:21,074 [INFO] ThirdParty:1030 - CMSIS Pack Vendor :quantropi X-CUBE-qispace-sdk-base 2.0.0
2025-07-24 13:39:21,074 [INFO] ThirdParty:1030 - CMSIS Pack Vendor :STMicroelectronics X-CUBE-AI 10.0.0
2025-07-24 13:39:21,074 [INFO] ThirdParty:1030 - CMSIS Pack Vendor :STMicroelectronics X-CUBE-ST67W61 1.0.0
2025-07-24 13:39:21,074 [INFO] ThirdParty:1030 - CMSIS Pack Vendor :STMicroelectronics FP-SNS-STAIOTCFT 1.0.0
2025-07-24 13:39:21,074 [INFO] ThirdParty:1030 - CMSIS Pack Vendor :STMicroelectronics ThreadX 1.0.0
2025-07-24 13:39:21,074 [INFO] ThirdParty:1030 - CMSIS Pack Vendor :STMicroelectronics FP-SNS-SMARTAG2 1.2.0
2025-07-24 13:39:21,074 [INFO] ThirdParty:1030 - CMSIS Pack Vendor :STMicroelectronics FP-SNS-FLIGHT1 5.1.0
2025-07-24 13:39:21,074 [INFO] ThirdParty:1030 - CMSIS Pack Vendor :STMicroelectronics X-CUBE-MEMS1 11.1.0
2025-07-24 13:39:21,074 [INFO] ThirdParty:1030 - CMSIS Pack Vendor :STMicroelectronics X-CUBE-AZRTOS-WL 2.0.0
2025-07-24 13:39:21,074 [INFO] ThirdParty:1030 - CMSIS Pack Vendor :SEGGER I-CUBE-embOS 1.3.1
2025-07-24 13:39:21,074 [INFO] ThirdParty:1030 - CMSIS Pack Vendor :STMicroelectronics X-CUBE-ALGOBUILD 1.4.0
2025-07-24 13:39:21,074 [INFO] ThirdParty:1030 - CMSIS Pack Vendor :STMicroelectronics X-CUBE-DPower 1.3.0
2025-07-24 13:39:21,074 [INFO] ThirdParty:1030 - CMSIS Pack Vendor :STMicroelectronics X-CUBE-MEMS1 11.3.0
2025-07-24 13:39:21,074 [INFO] ThirdParty:1030 - CMSIS Pack Vendor :STMicroelectronics FP-SNS-MOTENV1 5.0.0
2025-07-24 13:39:21,074 [INFO] ThirdParty:1030 - CMSIS Pack Vendor :STMicroelectronics USB_DEVICE 1.0.0
2025-07-24 13:39:21,075 [INFO] ThirdParty:1030 - CMSIS Pack Vendor :STMicroelectronics X-CUBE-AZRTOS-L4 2.0.0
2025-07-24 13:39:21,075 [INFO] ThirdParty:1030 - CMSIS Pack Vendor :STMicroelectronics ThreadX 0.0.2
2025-07-24 13:39:21,075 [INFO] ThirdParty:1030 - CMSIS Pack Vendor :WES I-CUBE-Cesium 1.3.0
2025-07-24 13:39:21,075 [INFO] ThirdParty:1030 - CMSIS Pack Vendor :STMicroelectronics lwIP 2.1.2
2025-07-24 13:39:21,075 [INFO] ThirdParty:1030 - CMSIS Pack Vendor :STMicroelectronics X-CUBE-SFXS2LP1 4.0.0
2025-07-24 13:39:21,075 [INFO] ThirdParty:1030 - CMSIS Pack Vendor :STMicroelectronics X-CUBE-BLE2 3.3.0
2025-07-24 13:39:21,075 [INFO] ThirdParty:1030 - CMSIS Pack Vendor :STMicroelectronics X-CUBE-TOF1 3.4.2
2025-07-24 13:39:21,075 [INFO] ThirdParty:1030 - CMSIS Pack Vendor :STMicroelectronics X-CUBE-TOF1 3.4.3
2025-07-24 13:39:21,075 [INFO] ThirdParty:1030 - CMSIS Pack Vendor :STMicroelectronics PDM2PCM 3.2.0
2025-07-24 13:39:21,075 [INFO] ThirdParty:841 - exiting critical section [change project]
2025-07-24 13:39:21,898 [INFO] PinOutPanel:1589 - setPackage(No Configuration,No Configuration)
2025-07-24 13:39:21,910 [INFO] PinOutPanel:1589 - setPackage(STM32F103RBTx,LQFP64)
2025-07-24 13:39:24,044 [INFO] UtilMem:75 - Before build in PCC Used Memory: 638298848 Bytes (1073741824)
2025-07-24 13:39:26,712 [INFO] UtilMem:75 - After build in PCC Used Memory: 727427808 Bytes (1073741824)
2025-07-24 13:39:26,799 [INFO] IPUIPlugin:80 - create IPUIPlugin
2025-07-24 13:39:26,799 [INFO] IPUIPlugin:80 - create IPUIPlugin
2025-07-24 13:39:26,805 [INFO] IPUIPlugin:80 - create IPUIPlugin
2025-07-24 13:39:26,805 [INFO] IPUIPlugin:80 - create IPUIPlugin
2025-07-24 13:39:26,806 [INFO] IPUIPlugin:80 - create IPUIPlugin
2025-07-24 13:39:26,806 [INFO] IPUIPlugin:80 - create IPUIPlugin
2025-07-24 13:39:26,806 [INFO] IPUIPlugin:80 - create IPUIPlugin
2025-07-24 13:39:26,807 [INFO] IPUIPlugin:80 - create IPUIPlugin
2025-07-24 13:39:26,807 [INFO] IPUIPlugin:80 - create IPUIPlugin
2025-07-24 13:39:26,807 [INFO] IPUIPlugin:80 - create IPUIPlugin
2025-07-24 13:39:26,808 [INFO] IPUIPlugin:80 - create IPUIPlugin
2025-07-24 13:39:26,809 [INFO] IPUIPlugin:80 - create IPUIPlugin
2025-07-24 13:39:26,809 [INFO] IPUIPlugin:80 - create IPUIPlugin
2025-07-24 13:39:26,810 [INFO] IPUIPlugin:80 - create IPUIPlugin
2025-07-24 13:39:26,810 [INFO] IPUIPlugin:80 - create IPUIPlugin
2025-07-24 13:39:26,811 [INFO] IPUIPlugin:80 - create IPUIPlugin
2025-07-24 13:39:26,811 [INFO] IPUIPlugin:80 - create IPUIPlugin
2025-07-24 13:39:26,812 [INFO] IPUIPlugin:80 - create IPUIPlugin
2025-07-24 13:39:26,812 [INFO] IPUIPlugin:80 - create IPUIPlugin
2025-07-24 13:39:26,813 [INFO] IPUIPlugin:80 - create IPUIPlugin
2025-07-24 13:39:26,813 [INFO] IPUIPlugin:80 - create IPUIPlugin
2025-07-24 13:39:26,814 [INFO] IPUIPlugin:80 - create IPUIPlugin
2025-07-24 13:39:26,815 [INFO] IPUIPlugin:80 - create IPUIPlugin
2025-07-24 13:39:26,815 [INFO] IPUIPlugin:80 - create IPUIPlugin
2025-07-24 13:39:26,816 [INFO] IPUIPlugin:80 - create IPUIPlugin
2025-07-24 13:39:26,821 [INFO] IPUIPlugin:80 - create IPUIPlugin
2025-07-24 13:39:26,821 [INFO] IPUIPlugin:80 - create IPUIPlugin
2025-07-24 13:39:27,342 [INFO] CADModel:165 - CPN selected for project levelSTM32F103RBT6
2025-07-24 13:39:27,342 [INFO] CADModel:114 - Register for checkConnection events
2025-07-24 13:39:27,390 [INFO] OpenFileManager:363 - Restore cursor
2025-07-24 13:43:56,648 [INFO] Gpio:277 - dependency for GPIO [RCC, SYS, USART2]
2025-07-24 13:45:00,963 [INFO] MainUpdater:2872 - connection check result : 10
2025-07-24 13:45:00,963 [INFO] MainUpdater:2872 - connection check result : 10
2025-07-24 13:45:01,469 [INFO] MicroXplorer:468 - Change Database Path : 
2025-07-24 13:45:01,469 [INFO] MicroXplorer:498 - Change Database Version : DB.6.0.130
2025-07-24 13:45:01,494 [ERROR] ProjectManagerView:394 - 
java.lang.NullPointerException: Cannot invoke "javax.swing.JTextField.getText()" because the return value of "java.util.List.get(int)" is null
	at com.st.microxplorer.plugins.projectmanager.gui.ProjectChoiceTab$9.caretUpdate(ProjectChoiceTab.java:2616) ~[filemanager.jar:?]
	at javax.swing.text.JTextComponent.fireCaretUpdate(JTextComponent.java:408) ~[?:?]
	at javax.swing.text.JTextComponent$MutableCaretEvent.fire(JTextComponent.java:4484) ~[?:?]
	at javax.swing.text.JTextComponent$MutableCaretEvent.stateChanged(JTextComponent.java:4506) ~[?:?]
	at javax.swing.text.DefaultCaret.fireStateChanged(DefaultCaret.java:857) ~[?:?]
	at javax.swing.text.DefaultCaret.changeCaretPosition(DefaultCaret.java:1343) ~[?:?]
	at javax.swing.text.DefaultCaret.handleSetDot(DefaultCaret.java:1242) ~[?:?]
	at javax.swing.text.DefaultCaret.setDot(DefaultCaret.java:1223) ~[?:?]
	at javax.swing.text.DefaultCaret$Handler.insertUpdate(DefaultCaret.java:1819) ~[?:?]
	at javax.swing.text.AbstractDocument.fireInsertUpdate(AbstractDocument.java:227) ~[?:?]
	at javax.swing.text.AbstractDocument.handleInsertString(AbstractDocument.java:781) ~[?:?]
	at javax.swing.text.AbstractDocument.insertString(AbstractDocument.java:740) ~[?:?]
	at javax.swing.text.PlainDocument.insertString(PlainDocument.java:131) ~[?:?]
	at javax.swing.text.AbstractDocument.replace(AbstractDocument.java:699) ~[?:?]
	at javax.swing.text.JTextComponent.setText(JTextComponent.java:1725) ~[?:?]
	at com.st.microxplorer.plugins.projectmanager.gui.ProjectChoiceTab.createHeapStackFields(ProjectChoiceTab.java:975) ~[filemanager.jar:?]
	at com.st.microxplorer.plugins.projectmanager.gui.ProjectChoiceTab.buildLinkSettingsPanel(ProjectChoiceTab.java:3666) ~[filemanager.jar:?]
	at com.st.microxplorer.plugins.projectmanager.gui.ProjectChoiceTab.defineWindowsFields(ProjectChoiceTab.java:1934) ~[filemanager.jar:?]
	at com.st.microxplorer.plugins.projectmanager.gui.ProjectChoiceTab.updateSettings(ProjectChoiceTab.java:553) ~[filemanager.jar:?]
	at com.st.microxplorer.plugins.projectmanager.gui.ProjectSettingsPanel.UpdateDialog(ProjectSettingsPanel.java:245) ~[filemanager.jar:?]
	at com.st.microxplorer.plugins.projectmanager.ProjectManagerView.propertyChange(ProjectManagerView.java:391) ~[filemanager.jar:?]
	at java.beans.PropertyChangeSupport.fire(PropertyChangeSupport.java:343) ~[?:?]
	at java.beans.PropertyChangeSupport.firePropertyChange(PropertyChangeSupport.java:335) ~[?:?]
	at java.beans.PropertyChangeSupport.firePropertyChange(PropertyChangeSupport.java:268) ~[?:?]
	at com.st.microxplorer.util.MXPropertyChangeSupport.firePropertyChange(MXPropertyChangeSupport.java:54) ~[STM32CubeMX.jar:?]
	at com.st.microxplorer.mxsystem.MxSystem.closeConfig(MxSystem.java:899) ~[STM32CubeMX.jar:?]
	at com.st.microxplorer.maingui.MainPanel.closeConfig(MainPanel.java:789) ~[STM32CubeMX.jar:?]
	at com.st.microxplorer.plugins.filemanager.engine.OpenFileManager.loadConfigurationFile(OpenFileManager.java:265) ~[filemanager.jar:?]
	at com.st.microxplorer.plugins.filemanager.engine.MainFileManager.userLoadConfig(MainFileManager.java:340) ~[filemanager.jar:?]
	at com.st.microxplorer.plugins.filemanager.engine.MainFileManager.userLoadConfig(MainFileManager.java:318) ~[filemanager.jar:?]
	at com.st.microxplorer.plugins.filemanager.FileManagerView.getSpecificTask(FileManagerView.java:246) ~[filemanager.jar:?]
	at com.st.stm32cube.common.mx.editor.CubeMxEditor.getMxTabbedPaneInstance(CubeMxEditor.java:1198) ~[com.st.stm32cube.common.mx_6.13.0.202411220809/:?]
	at com.st.stm32cube.common.mx.editor.CubeMxEditor$12$1.createSwingComponent(CubeMxEditor.java:1068) ~[com.st.stm32cube.common.mx_6.13.0.202411220809/:?]
	at com.st.stm32cube.common.mx.oss.core.awtswtbridge.EmbeddedSwingComposite.doComponentCreation(EmbeddedSwingComposite.java:492) ~[com.st.stm32cube.common.mx.oss_6.13.0.202411220809/:?]
	at com.st.stm32cube.common.mx.oss.core.awtswtbridge.EmbeddedSwingComposite$4.run(EmbeddedSwingComposite.java:291) ~[com.st.stm32cube.common.mx.oss_6.13.0.202411220809/:?]
	at com.st.stm32cube.common.mx.oss.core.awtswtbridge.AwtEnvironment$2.run(AwtEnvironment.java:166) ~[com.st.stm32cube.common.mx.oss_6.13.0.202411220809/:?]
	at java.awt.event.InvocationEvent.dispatch(InvocationEvent.java:318) ~[?:?]
	at java.awt.EventQueue.dispatchEventImpl(EventQueue.java:773) ~[?:?]
	at java.awt.EventQueue$4.run(EventQueue.java:720) ~[?:?]
	at java.awt.EventQueue$4.run(EventQueue.java:714) ~[?:?]
	at java.security.AccessController.doPrivileged(AccessController.java:400) ~[?:?]
	at java.security.ProtectionDomain$JavaSecurityAccessImpl.doIntersectionPrivilege(ProtectionDomain.java:87) ~[?:?]
	at java.awt.EventQueue.dispatchEvent(EventQueue.java:742) ~[?:?]
	at java.awt.EventDispatchThread.pumpOneEventForFilters(EventDispatchThread.java:203) ~[?:?]
	at java.awt.EventDispatchThread.pumpEventsForFilter(EventDispatchThread.java:124) ~[?:?]
	at java.awt.EventDispatchThread.pumpEventsForHierarchy(EventDispatchThread.java:113) ~[?:?]
	at java.awt.EventDispatchThread.pumpEvents(EventDispatchThread.java:109) ~[?:?]
	at java.awt.EventDispatchThread.pumpEvents(EventDispatchThread.java:101) ~[?:?]
	at java.awt.EventDispatchThread.run(EventDispatchThread.java:90) ~[?:?]
2025-07-24 13:45:01,509 [WARN] ThirdParty:871 - waiting for thirdparty lock release [close project]
2025-07-24 13:45:01,509 [INFO] ThirdParty:873 - entering critical section [close project]
2025-07-24 13:45:01,509 [INFO] ThirdParty:883 - exiting critical section [close project]
2025-07-24 13:45:01,511 [INFO] PinOutPanel:1589 - setPackage(No Configuration,No Configuration)
2025-07-24 13:45:01,524 [INFO] UtilMem:75 - Begin LoadConfig() Used Memory: 917951344 Bytes (1073741824)
2025-07-24 13:45:01,525 [INFO] MicroXplorer:468 - Change Database Path : 
2025-07-24 13:45:01,525 [INFO] MicroXplorer:498 - Change Database Version : DB.6.0.130
2025-07-24 13:45:01,525 [INFO] OpenFileManager:332 - Change cursor
2025-07-24 13:45:01,545 [INFO] Mcu:2035 - Initializing MCU STM32F103R(8-B)Tx STM32F103RBTx STM32F103RBT6
2025-07-24 13:45:03,280 [INFO] Context:748 - Trying to add GPIOservice into a context  which must be forbidden
2025-07-24 13:45:03,941 [INFO] RtosManager:555 - Registered RTOS mode: class=CMSIS, group=RTOS, mode=CMSIS_V1, owner=FREERTOS
2025-07-24 13:45:03,941 [INFO] RtosManager:555 - Registered RTOS mode: class=CMSIS, group=RTOS2, mode=CMSIS_V2, owner=FREERTOS
2025-07-24 13:45:03,941 [INFO] RtosManager:555 - Registered RTOS mode: class=RTOS, group=Core, mode=CMSIS_V1, owner=FREERTOS
2025-07-24 13:45:03,941 [INFO] RtosManager:555 - Registered RTOS mode: class=RTOS, group=Core, mode=CMSIS_V2, owner=FREERTOS
2025-07-24 13:45:03,941 [WARN] ModelIntegratedComponent:184 - Missing modes for component STMicroelectronics:FreeRTOS:0.0.1:STMicroelectronics:RTOS:FreeRTOS:Core:::10.2.0:
2025-07-24 13:45:03,966 [WARN] ModelIntegratedComponent:63 - No mode defined for component null
2025-07-24 13:45:03,967 [WARN] ModelIntegratedComponent:63 - No mode defined for component null
2025-07-24 13:45:03,967 [WARN] ModelIntegratedComponent:63 - No mode defined for component null
2025-07-24 13:45:03,967 [WARN] ModelIntegratedComponent:63 - No mode defined for component null
2025-07-24 13:45:03,967 [WARN] ModelIntegratedComponent:63 - No mode defined for component null
2025-07-24 13:45:03,967 [WARN] ModelIntegratedComponent:63 - No mode defined for component null
2025-07-24 13:45:03,967 [WARN] ModelIntegratedComponent:63 - No mode defined for component null
2025-07-24 13:45:03,967 [WARN] ModelIntegratedComponent:63 - No mode defined for component null
2025-07-24 13:45:03,967 [WARN] ModelIntegratedComponent:63 - No mode defined for component null
2025-07-24 13:45:03,967 [WARN] ModelIntegratedComponent:63 - No mode defined for component null
2025-07-24 13:45:03,967 [WARN] ModelIntegratedComponent:63 - No mode defined for component null
2025-07-24 13:45:03,967 [WARN] ModelIntegratedComponent:63 - No mode defined for component null
2025-07-24 13:45:03,967 [WARN] ModelIntegratedComponent:63 - No mode defined for component null
2025-07-24 13:45:03,968 [WARN] ModelIntegratedComponent:63 - No mode defined for component null
2025-07-24 13:45:03,968 [WARN] ModelIntegratedComponent:63 - No mode defined for component null
2025-07-24 13:45:03,968 [WARN] ModelIntegratedComponent:63 - No mode defined for component null
2025-07-24 13:45:03,968 [WARN] ModelIntegratedComponent:63 - No mode defined for component null
2025-07-24 13:45:03,968 [WARN] ModelIntegratedComponent:63 - No mode defined for component null
2025-07-24 13:45:03,968 [WARN] ModelIntegratedComponent:63 - No mode defined for component null
2025-07-24 13:45:03,968 [WARN] ModelIntegratedComponent:63 - No mode defined for component null
2025-07-24 13:45:03,968 [WARN] ModelIntegratedComponent:63 - No mode defined for component null
2025-07-24 13:45:03,968 [WARN] ModelIntegratedComponent:63 - No mode defined for component null
2025-07-24 13:45:03,968 [WARN] ModelIntegratedComponent:63 - No mode defined for component null
2025-07-24 13:45:03,968 [WARN] ModelIntegratedComponent:63 - No mode defined for component null
2025-07-24 13:45:03,968 [WARN] ModelIntegratedComponent:63 - No mode defined for component null
2025-07-24 13:45:03,969 [WARN] ModelIntegratedComponent:63 - No mode defined for component null
2025-07-24 13:45:03,969 [WARN] ModelIntegratedComponent:63 - No mode defined for component null
2025-07-24 13:45:03,969 [WARN] ModelIntegratedComponent:63 - No mode defined for component null
2025-07-24 13:45:03,969 [WARN] ModelIntegratedComponent:63 - No mode defined for component null
2025-07-24 13:45:03,969 [WARN] ModelIntegratedComponent:63 - No mode defined for component null
2025-07-24 13:45:03,969 [WARN] ModelIntegratedComponent:63 - No mode defined for component null
2025-07-24 13:45:03,969 [WARN] ModelIntegratedComponent:63 - No mode defined for component null
2025-07-24 13:45:03,969 [WARN] ModelIntegratedComponent:63 - No mode defined for component null
2025-07-24 13:45:03,969 [WARN] ModelIntegratedComponent:63 - No mode defined for component null
2025-07-24 13:45:03,969 [WARN] ModelIntegratedComponent:63 - No mode defined for component null
2025-07-24 13:45:03,969 [WARN] ModelPack:524 - Component already loaded: STMicroelectronics:HAL Drivers:0.0.0:STMicroelectronics:Device:STMicro_Driver:XSPI:HAL::0.0.1:HAL_XSPI
2025-07-24 13:45:04,324 [INFO] ThirdPartyModel:298 - Start build external matchings
2025-07-24 13:45:05,761 [INFO] ThirdPartyModel:316 - End build external matchings
2025-07-24 13:45:05,791 [INFO] ImportTextPane:218 - (OptionalMessage_ERROR) IP (RCC) : Parameter (ADCFreqValue) has invalid value (32000000)
2025-07-24 13:45:05,791 [INFO] ImportTextPane:218 - (OptionalMessage_ERROR) IP (RCC) : Invalid parameter (FamilyName)
2025-07-24 13:45:05,791 [INFO] ImportTextPane:218 - (OptionalMessage_ERROR) IP (RCC) : Parameter (MCOFreq_Value) has invalid value (64000000)
2025-07-24 13:45:05,792 [INFO] ImportTextPane:218 - (OptionalMessage_ERROR) IP (RCC) : Parameter (USBFreq_Value) has invalid value (64000000)
2025-07-24 13:45:06,110 [INFO] UtilMem:75 - End LoadConfig() Used Memory: 686409408 Bytes (1073741824)
2025-07-24 13:45:06,163 [WARN] ThirdParty:833 - waiting for thirdparty lock release [change project]
2025-07-24 13:45:06,163 [INFO] ThirdParty:835 - entering critical section [change project]
2025-07-24 13:45:06,163 [INFO] ThirdParty:1030 - CMSIS Pack Vendor :STMicroelectronics X-CUBE-PM33A1 1.0.0
2025-07-24 13:45:06,163 [INFO] ThirdParty:1030 - CMSIS Pack Vendor :STMicroelectronics USBPD 4.1
2025-07-24 13:45:06,164 [INFO] ThirdParty:1030 - CMSIS Pack Vendor :STMicroelectronics X-CUBE-AZRTOS-H7 3.3.0
2025-07-24 13:45:06,164 [INFO] ThirdParty:1030 - CMSIS Pack Vendor :STMicroelectronics X-CUBE-NFC9 1.0.0
2025-07-24 13:45:06,164 [INFO] ThirdParty:1030 - CMSIS Pack Vendor :STMicroelectronics USB_HOST 2.0.0
2025-07-24 13:45:06,164 [INFO] ThirdParty:1030 - CMSIS Pack Vendor :STMicroelectronics FP-SNS-MOTENVWB1 1.4.0
2025-07-24 13:45:06,164 [INFO] ThirdParty:1030 - CMSIS Pack Vendor :STMicroelectronics X-CUBE-AZRTOS-F4 1.1.0
2025-07-24 13:45:06,164 [INFO] ThirdParty:1030 - CMSIS Pack Vendor :STMicroelectronics LIBJPEG 8.0.0
2025-07-24 13:45:06,164 [INFO] ThirdParty:1030 - CMSIS Pack Vendor :STMicroelectronics FP-ATR-ASTRA1 2.0.2
2025-07-24 13:45:06,164 [INFO] ThirdParty:1030 - CMSIS Pack Vendor :STMicroelectronics X-CUBE-BLE1 7.1.0
2025-07-24 13:45:06,164 [INFO] ThirdParty:1030 - CMSIS Pack Vendor :Avnet-IotConnect X-CUBE-IoTC-DA16k-PMOD 1.0.0
2025-07-24 13:45:06,164 [INFO] ThirdParty:1030 - CMSIS Pack Vendor :STMicroelectronics X-CUBE-SMBUS 2.1.0
2025-07-24 13:45:06,164 [INFO] ThirdParty:1030 - CMSIS Pack Vendor :STMicroelectronics X-CUBE-WB05N 1.1.0
2025-07-24 13:45:06,164 [INFO] ThirdParty:1030 - CMSIS Pack Vendor :wolfSSL I-CUBE-wolfMQTT 1.19.2
2025-07-24 13:45:06,164 [INFO] ThirdParty:1030 - CMSIS Pack Vendor :STMicroelectronics USB_DEVICE 3.0.0
2025-07-24 13:45:06,165 [INFO] ThirdParty:1030 - CMSIS Pack Vendor :STMicroelectronics X-CUBE-ISPU 2.1.0
2025-07-24 13:45:06,165 [INFO] ThirdParty:1030 - CMSIS Pack Vendor :STMicroelectronics X-CUBE-EEPRMA1 5.2.0
2025-07-24 13:45:06,165 [INFO] ThirdParty:1030 - CMSIS Pack Vendor :STMicroelectronics X-CUBE-BLEMGR 4.1.0
2025-07-24 13:45:06,165 [INFO] ThirdParty:1030 - CMSIS Pack Vendor :STMicroelectronics X-CUBE-AZRTOS-WB 2.0.0
2025-07-24 13:45:06,165 [INFO] ThirdParty:1030 - CMSIS Pack Vendor :STMicroelectronics X-CUBE-ST60 1.0.0
2025-07-24 13:45:06,165 [INFO] ThirdParty:1030 - CMSIS Pack Vendor :STMicroelectronics X-CUBE-GNSS1 7.0.1
2025-07-24 13:45:06,165 [INFO] ThirdParty:1030 - CMSIS Pack Vendor :STMicroelectronics X-CUBE-NFC12 1.0.0
2025-07-24 13:45:06,165 [INFO] ThirdParty:1030 - CMSIS Pack Vendor :STMicroelectronics X-CUBE-AZRTOS-F7 1.1.0
2025-07-24 13:45:06,165 [INFO] ThirdParty:1030 - CMSIS Pack Vendor :STMicroelectronics X-CUBE-AZRTOS-L5 2.0.0
2025-07-24 13:45:06,165 [INFO] ThirdParty:1030 - CMSIS Pack Vendor :STMicroelectronics X-CUBE-TOUCHGFX 4.25.0
2025-07-24 13:45:06,165 [INFO] ThirdParty:1030 - CMSIS Pack Vendor :STMicroelectronics USB_DEVICE 2.0.0
2025-07-24 13:45:06,166 [INFO] ThirdParty:1030 - CMSIS Pack Vendor :STMicroelectronics X-CUBE-NFC6 3.1.0
2025-07-24 13:45:06,166 [INFO] ThirdParty:1030 - CMSIS Pack Vendor :STMicroelectronics X-CUBE-AI 10.1.0
2025-07-24 13:45:06,166 [INFO] ThirdParty:1030 - CMSIS Pack Vendor :STMicroelectronics FP-SNS-STBOX1 2.0.0
2025-07-24 13:45:06,166 [INFO] ThirdParty:1030 - CMSIS Pack Vendor :STMicroelectronics X-CUBE-MEMS1 11.2.0
2025-07-24 13:45:06,166 [INFO] ThirdParty:1030 - CMSIS Pack Vendor :STMicroelectronics FreeRTOS 0.0.1
2025-07-24 13:45:06,166 [INFO] ThirdParty:1030 - CMSIS Pack Vendor :STMicroelectronics X-CUBE-AZRTOS-G0 1.1.0
2025-07-24 13:45:06,166 [INFO] ThirdParty:1030 - CMSIS Pack Vendor :STMicroelectronics X-CUBE-SAFEA1 1.2.2
2025-07-24 13:45:06,167 [INFO] ThirdParty:1030 - CMSIS Pack Vendor :STMicroelectronics X-CUBE-NFC4 3.0.0
2025-07-24 13:45:06,167 [INFO] ThirdParty:1030 - CMSIS Pack Vendor :STMicroelectronics X-CUBE-DPower 1.2.0
2025-07-24 13:45:06,167 [INFO] ThirdParty:1030 - CMSIS Pack Vendor :STMicroelectronics X-CUBE-SUBG2 5.0.0
2025-07-24 13:45:06,167 [INFO] ThirdParty:1030 - CMSIS Pack Vendor :STMicroelectronics X-CUBE-AZRTOS-H7RS 1.1.0
2025-07-24 13:45:06,167 [INFO] ThirdParty:1030 - CMSIS Pack Vendor :STMicroelectronics STM32_WPAN 1.0.0
2025-07-24 13:45:06,167 [INFO] ThirdParty:1030 - CMSIS Pack Vendor :EmbeddedOffice I-CUBE-FS-RTOS 1.0.1
2025-07-24 13:45:06,167 [INFO] ThirdParty:1030 - CMSIS Pack Vendor :STMicroelectronics lwIP 2.0.3
2025-07-24 13:45:06,167 [INFO] ThirdParty:1030 - CMSIS Pack Vendor :Cesanta I-CUBE-Mongoose 7.13.0
2025-07-24 13:45:06,168 [INFO] ThirdParty:1030 - CMSIS Pack Vendor :STMicroelectronics USB_HOST 1.0.0
2025-07-24 13:45:06,168 [INFO] ThirdParty:1030 - CMSIS Pack Vendor :Infineon AIROC-Wi-Fi-Bluetooth-STM32 1.7.0
2025-07-24 13:45:06,168 [INFO] ThirdParty:1030 - CMSIS Pack Vendor :STMicroelectronics X-CUBE-AZRTOS-G4 2.0.0
2025-07-24 13:45:06,168 [INFO] ThirdParty:1030 - CMSIS Pack Vendor :STMicroelectronics X-CUBE-WB05N 2.0.0
2025-07-24 13:45:06,168 [INFO] ThirdParty:1030 - CMSIS Pack Vendor :STMicroelectronics PDM2PCM 3.1.0
2025-07-24 13:45:06,168 [INFO] ThirdParty:1030 - CMSIS Pack Vendor :STMicroelectronics PDM2PCM 3.3.0
2025-07-24 13:45:06,168 [INFO] ThirdParty:1030 - CMSIS Pack Vendor :wolfSSL I-CUBE-wolfTPM 3.8.0
2025-07-24 13:45:06,168 [INFO] ThirdParty:1030 - CMSIS Pack Vendor :STMicroelectronics X-CUBE-AZRTOS-H7 3.4.0
2025-07-24 13:45:06,168 [INFO] ThirdParty:1030 - CMSIS Pack Vendor :STMicroelectronics X-CUBE-DISPLAY 3.0.0
2025-07-24 13:45:06,168 [INFO] ThirdParty:1030 - CMSIS Pack Vendor :wolfSSL I-CUBE-wolfSSH 1.4.20
2025-07-24 13:45:06,169 [INFO] ThirdParty:1030 - CMSIS Pack Vendor :STMicroelectronics X-CUBE-NFC7 2.0.0
2025-07-24 13:45:06,169 [INFO] ThirdParty:1030 - CMSIS Pack Vendor :STMicroelectronics X-CUBE-TCPP 4.2.0
2025-07-24 13:45:06,169 [INFO] ThirdParty:1030 - CMSIS Pack Vendor :RealThread X-CUBE-RT-Thread_Nano 4.1.1
2025-07-24 13:45:06,169 [INFO] ThirdParty:1030 - CMSIS Pack Vendor :STMicroelectronics FP-ATR-SIGFOX1 3.2.0
2025-07-24 13:45:06,169 [INFO] ThirdParty:1030 - CMSIS Pack Vendor :STMicroelectronics X-CUBE-NFC10 1.0.0
2025-07-24 13:45:06,169 [INFO] ThirdParty:1030 - CMSIS Pack Vendor :STMicroelectronics X-CUBE-BLEMGR 4.0.0
2025-07-24 13:45:06,169 [INFO] ThirdParty:1030 - CMSIS Pack Vendor :STMicroelectronics X-CUBE-EEPRMA1 5.1.0
2025-07-24 13:45:06,170 [INFO] ThirdParty:1030 - CMSIS Pack Vendor :STMicroelectronics X-CUBE-FREERTOS 1.3.1
2025-07-24 13:45:06,171 [INFO] ThirdParty:1030 - CMSIS Pack Vendor :STMicroelectronics HAL Drivers 0.0.0
2025-07-24 13:45:06,171 [INFO] ThirdParty:1030 - CMSIS Pack Vendor :STMicroelectronics MBEDTLS 2.16.2
2025-07-24 13:45:06,171 [INFO] ThirdParty:1030 - CMSIS Pack Vendor :STMicroelectronics X-CUBE-IPS 3.1.0
2025-07-24 13:45:06,171 [INFO] ThirdParty:1030 - CMSIS Pack Vendor :STMicroelectronics X-CUBE-ALS 1.0.2
2025-07-24 13:45:06,171 [INFO] ThirdParty:1030 - CMSIS Pack Vendor :emotas I-CUBE-CANOPEN 1.3.0
2025-07-24 13:45:06,171 [INFO] ThirdParty:1030 - CMSIS Pack Vendor :STMicroelectronics X-CUBE-FREERTOS 1.3.0
2025-07-24 13:45:06,172 [INFO] ThirdParty:1030 - CMSIS Pack Vendor :STMicroelectronics X-CUBE-NFC7 1.0.1
2025-07-24 13:45:06,172 [INFO] ThirdParty:1030 - CMSIS Pack Vendor :STMicroelectronics MBEDTLS 2.14.1
2025-07-24 13:45:06,172 [INFO] ThirdParty:1030 - CMSIS Pack Vendor :wolfSSL I-CUBE-wolfSSL 5.7.6
2025-07-24 13:45:06,172 [INFO] ThirdParty:1030 - CMSIS Pack Vendor :ITTIA_DB I-CUBE-ITTIADB 8.9.0
2025-07-24 13:45:06,172 [INFO] ThirdParty:1030 - CMSIS Pack Vendor :portGmbH I-Cube-SoM-uGOAL 1.1.0
2025-07-24 13:45:06,172 [INFO] ThirdParty:1030 - CMSIS Pack Vendor :quantropi X-CUBE-qispace-sdk-base 2.0.0
2025-07-24 13:45:06,172 [INFO] ThirdParty:1030 - CMSIS Pack Vendor :STMicroelectronics X-CUBE-AI 10.0.0
2025-07-24 13:45:06,173 [INFO] ThirdParty:1030 - CMSIS Pack Vendor :STMicroelectronics X-CUBE-ST67W61 1.0.0
2025-07-24 13:45:06,173 [INFO] ThirdParty:1030 - CMSIS Pack Vendor :STMicroelectronics FP-SNS-STAIOTCFT 1.0.0
2025-07-24 13:45:06,173 [INFO] ThirdParty:1030 - CMSIS Pack Vendor :STMicroelectronics ThreadX 1.0.0
2025-07-24 13:45:06,174 [INFO] ThirdParty:1030 - CMSIS Pack Vendor :STMicroelectronics FP-SNS-SMARTAG2 1.2.0
2025-07-24 13:45:06,174 [INFO] ThirdParty:1030 - CMSIS Pack Vendor :STMicroelectronics FP-SNS-FLIGHT1 5.1.0
2025-07-24 13:45:06,174 [INFO] ThirdParty:1030 - CMSIS Pack Vendor :STMicroelectronics X-CUBE-MEMS1 11.1.0
2025-07-24 13:45:06,174 [INFO] ThirdParty:1030 - CMSIS Pack Vendor :STMicroelectronics X-CUBE-AZRTOS-WL 2.0.0
2025-07-24 13:45:06,174 [INFO] ThirdParty:1030 - CMSIS Pack Vendor :SEGGER I-CUBE-embOS 1.3.1
2025-07-24 13:45:06,174 [INFO] ThirdParty:1030 - CMSIS Pack Vendor :STMicroelectronics X-CUBE-ALGOBUILD 1.4.0
2025-07-24 13:45:06,174 [INFO] ThirdParty:1030 - CMSIS Pack Vendor :STMicroelectronics X-CUBE-DPower 1.3.0
2025-07-24 13:45:06,175 [INFO] ThirdParty:1030 - CMSIS Pack Vendor :STMicroelectronics X-CUBE-MEMS1 11.3.0
2025-07-24 13:45:06,175 [INFO] ThirdParty:1030 - CMSIS Pack Vendor :STMicroelectronics FP-SNS-MOTENV1 5.0.0
2025-07-24 13:45:06,175 [INFO] ThirdParty:1030 - CMSIS Pack Vendor :STMicroelectronics USB_DEVICE 1.0.0
2025-07-24 13:45:06,175 [INFO] ThirdParty:1030 - CMSIS Pack Vendor :STMicroelectronics X-CUBE-AZRTOS-L4 2.0.0
2025-07-24 13:45:06,175 [INFO] ThirdParty:1030 - CMSIS Pack Vendor :STMicroelectronics ThreadX 0.0.2
2025-07-24 13:45:06,175 [INFO] ThirdParty:1030 - CMSIS Pack Vendor :WES I-CUBE-Cesium 1.3.0
2025-07-24 13:45:06,175 [INFO] ThirdParty:1030 - CMSIS Pack Vendor :STMicroelectronics lwIP 2.1.2
2025-07-24 13:45:06,175 [INFO] ThirdParty:1030 - CMSIS Pack Vendor :STMicroelectronics X-CUBE-SFXS2LP1 4.0.0
2025-07-24 13:45:06,175 [INFO] ThirdParty:1030 - CMSIS Pack Vendor :STMicroelectronics X-CUBE-BLE2 3.3.0
2025-07-24 13:45:06,175 [INFO] ThirdParty:1030 - CMSIS Pack Vendor :STMicroelectronics X-CUBE-TOF1 3.4.2
2025-07-24 13:45:06,175 [INFO] ThirdParty:1030 - CMSIS Pack Vendor :STMicroelectronics X-CUBE-TOF1 3.4.3
2025-07-24 13:45:06,176 [INFO] ThirdParty:1030 - CMSIS Pack Vendor :STMicroelectronics PDM2PCM 3.2.0
2025-07-24 13:45:06,176 [INFO] ThirdParty:841 - exiting critical section [change project]
2025-07-24 13:45:06,431 [INFO] PinOutPanel:1589 - setPackage(No Configuration,No Configuration)
2025-07-24 13:45:06,433 [INFO] PinOutPanel:1589 - setPackage(STM32F103RBTx,LQFP64)
2025-07-24 13:45:06,738 [INFO] UtilMem:75 - Before build in PCC Used Memory: 767387008 Bytes (1073741824)
2025-07-24 13:45:07,200 [INFO] UtilMem:75 - After build in PCC Used Memory: 810141416 Bytes (1073741824)
2025-07-24 13:45:07,235 [INFO] IPUIPlugin:80 - create IPUIPlugin
2025-07-24 13:45:07,237 [INFO] IPUIPlugin:80 - create IPUIPlugin
2025-07-24 13:45:07,238 [INFO] IPUIPlugin:80 - create IPUIPlugin
2025-07-24 13:45:07,238 [INFO] IPUIPlugin:80 - create IPUIPlugin
2025-07-24 13:45:07,238 [INFO] IPUIPlugin:80 - create IPUIPlugin
2025-07-24 13:45:07,239 [INFO] IPUIPlugin:80 - create IPUIPlugin
2025-07-24 13:45:07,239 [INFO] IPUIPlugin:80 - create IPUIPlugin
2025-07-24 13:45:07,239 [INFO] IPUIPlugin:80 - create IPUIPlugin
2025-07-24 13:45:07,240 [INFO] IPUIPlugin:80 - create IPUIPlugin
2025-07-24 13:45:07,241 [INFO] IPUIPlugin:80 - create IPUIPlugin
2025-07-24 13:45:07,242 [INFO] IPUIPlugin:80 - create IPUIPlugin
2025-07-24 13:45:07,242 [INFO] IPUIPlugin:80 - create IPUIPlugin
2025-07-24 13:45:07,242 [INFO] IPUIPlugin:80 - create IPUIPlugin
2025-07-24 13:45:07,243 [INFO] IPUIPlugin:80 - create IPUIPlugin
2025-07-24 13:45:07,243 [INFO] IPUIPlugin:80 - create IPUIPlugin
2025-07-24 13:45:07,243 [INFO] IPUIPlugin:80 - create IPUIPlugin
2025-07-24 13:45:07,244 [INFO] IPUIPlugin:80 - create IPUIPlugin
2025-07-24 13:45:07,244 [INFO] IPUIPlugin:80 - create IPUIPlugin
2025-07-24 13:45:07,244 [INFO] IPUIPlugin:80 - create IPUIPlugin
2025-07-24 13:45:07,245 [INFO] IPUIPlugin:80 - create IPUIPlugin
2025-07-24 13:45:07,245 [INFO] IPUIPlugin:80 - create IPUIPlugin
2025-07-24 13:45:07,245 [INFO] IPUIPlugin:80 - create IPUIPlugin
2025-07-24 13:45:07,246 [INFO] IPUIPlugin:80 - create IPUIPlugin
2025-07-24 13:45:07,246 [INFO] IPUIPlugin:80 - create IPUIPlugin
2025-07-24 13:45:07,247 [INFO] IPUIPlugin:80 - create IPUIPlugin
2025-07-24 13:45:07,247 [INFO] IPUIPlugin:80 - create IPUIPlugin
2025-07-24 13:45:07,247 [INFO] IPUIPlugin:80 - create IPUIPlugin
2025-07-24 13:45:07,343 [INFO] CADModel:165 - CPN selected for project levelSTM32F103RBT6
2025-07-24 13:45:07,343 [INFO] CADModel:114 - Register for checkConnection events
2025-07-24 13:45:07,417 [INFO] OpenFileManager:363 - Restore cursor
2025-07-24 13:54:27,275 [INFO] UtilMem:75 - End SaveConfig() Used Memory: 616872288 Bytes (1073741824)
2025-07-24 13:54:30,054 [INFO] UtilMem:75 - End SaveConfig() Used Memory: 664978560 Bytes (1073741824)
2025-07-24 13:54:34,052 [INFO] UtilMem:75 - End SaveConfig() Used Memory: 785038464 Bytes (1073741824)
2025-07-24 13:54:35,498 [INFO] BlockDiagram:2766 - set Specific Code input for plugin: NVIC
2025-07-24 13:54:35,500 [INFO] BlockDiagram:2766 - set Specific Code input for plugin: USART
2025-07-24 13:54:35,501 [INFO] BlockDiagram:2766 - set Specific Code input for plugin: SYS
2025-07-24 13:54:35,502 [INFO] BlockDiagram:2766 - set Specific Code input for plugin: GPIO
2025-07-24 13:54:35,503 [INFO] BlockDiagram:2766 - set Specific Code input for plugin: RCC
2025-07-24 13:54:35,506 [INFO] CodeGenerator:896 - code generatio: config db path: C:\ST\STM32CubeIDE_1.17.0\STM32CubeIDE\plugins\com.st.stm32cube.common.mx_6.13.0.202411220809\\db\
2025-07-24 13:54:36,151 [INFO] CodeEngine:255 - oldGeneratedFile, C:\Users\Santiago\Desktop\Compu de santi\Proyectos personales\Binarios\Workspace\MdeE\MXTmpFiles\license.tmp_save
2025-07-24 13:54:37,070 [INFO] CodeEngine:279 - Generated code: C:\Users\Santiago\Desktop\Compu de santi\Proyectos personales\Binarios\Workspace\MdeE\MXTmpFiles\license.tmp
2025-07-24 13:54:37,355 [INFO] CodeEngine:255 - oldGeneratedFile, C:\Users\Santiago\Desktop\Compu de santi\Proyectos personales\Binarios\Workspace\MdeE\MXTmpFiles\gpio.tmp_save
2025-07-24 13:54:37,743 [INFO] CodeEngine:279 - Generated code: C:\Users\Santiago\Desktop\Compu de santi\Proyectos personales\Binarios\Workspace\MdeE\MXTmpFiles\gpio.tmp
2025-07-24 13:54:38,090 [INFO] CodeEngine:255 - oldGeneratedFile, C:\Users\Santiago\Desktop\Compu de santi\Proyectos personales\Binarios\Workspace\MdeE\Core\Src\stm32f1xx_it.c_save
2025-07-24 13:54:38,502 [INFO] CodeEngine:279 - Generated code: C:\Users\Santiago\Desktop\Compu de santi\Proyectos personales\Binarios\Workspace\MdeE\Core\Src\stm32f1xx_it.c
2025-07-24 13:54:38,574 [INFO] CodeEngine:255 - oldGeneratedFile, C:\Users\Santiago\Desktop\Compu de santi\Proyectos personales\Binarios\Workspace\MdeE\Core\Inc\stm32f1xx_it.h_save
2025-07-24 13:54:38,795 [INFO] CodeEngine:279 - Generated code: C:\Users\Santiago\Desktop\Compu de santi\Proyectos personales\Binarios\Workspace\MdeE\Core\Inc\stm32f1xx_it.h
2025-07-24 13:54:38,879 [INFO] CodeEngine:255 - oldGeneratedFile, C:\Users\Santiago\Desktop\Compu de santi\Proyectos personales\Binarios\Workspace\MdeE\Core\Src\stm32f1xx_hal_msp.c_save
2025-07-24 13:54:39,253 [INFO] CodeEngine:279 - Generated code: C:\Users\Santiago\Desktop\Compu de santi\Proyectos personales\Binarios\Workspace\MdeE\Core\Src\stm32f1xx_hal_msp.c
2025-07-24 13:54:39,277 [INFO] CodeEngine:255 - oldGeneratedFile, C:\Users\Santiago\Desktop\Compu de santi\Proyectos personales\Binarios\Workspace\MdeE\MXTmpFiles\system.tmp_save
2025-07-24 13:54:39,474 [INFO] CodeEngine:279 - Generated code: C:\Users\Santiago\Desktop\Compu de santi\Proyectos personales\Binarios\Workspace\MdeE\MXTmpFiles\system.tmp
2025-07-24 13:54:39,565 [INFO] CodeEngine:311 - oldGeneratedFile, C:\Users\Santiago\Desktop\Compu de santi\Proyectos personales\Binarios\Workspace\MdeE\Core\Inc\stm32f1xx_hal_conf.h_save
2025-07-24 13:54:39,826 [INFO] CodeEngine:335 - Generated code: C:\Users\Santiago\Desktop\Compu de santi\Proyectos personales\Binarios\Workspace\MdeE\Core\Inc\stm32f1xx_hal_conf.h
2025-07-24 13:54:40,035 [INFO] ApiDbMcu:508 - Load IP Config File for USART2
2025-07-24 13:54:40,042 [INFO] ApiDbMcu:508 - Load IP Config File for RCC
2025-07-24 13:54:40,128 [INFO] CodeEngine:255 - oldGeneratedFile, C:\Users\Santiago\Desktop\Compu de santi\Proyectos personales\Binarios\Workspace\MdeE\Core\Inc\main.h_save
2025-07-24 13:54:40,483 [INFO] CodeEngine:279 - Generated code: C:\Users\Santiago\Desktop\Compu de santi\Proyectos personales\Binarios\Workspace\MdeE\Core\Inc\main.h
2025-07-24 13:54:40,555 [INFO] CodeEngine:255 - oldGeneratedFile, C:\Users\Santiago\Desktop\Compu de santi\Proyectos personales\Binarios\Workspace\MdeE\Core\Src\main.c_save
2025-07-24 13:54:40,975 [INFO] CodeEngine:279 - Generated code: C:\Users\Santiago\Desktop\Compu de santi\Proyectos personales\Binarios\Workspace\MdeE\Core\Src\main.c
2025-07-24 13:54:41,786 [INFO] ProjectBuilder:3289 - Time for Copy HAL[1] : 397mS.
2025-07-24 13:54:41,803 [INFO] ProjectBuilder:4876 - Project Generator version: 4.5.0-RC5
2025-07-24 13:54:41,985 [INFO] ConfigFileManager:1579 - The Die is : DIE410
2025-07-24 13:54:42,022 [INFO] ApiDbMcu:508 - Load IP Config File for FATFS
2025-07-24 13:54:42,055 [INFO] ApiDbMcu:508 - Load IP Config File for FREERTOS
2025-07-24 13:54:42,088 [INFO] ApiDbMcu:508 - Load IP Config File for USB_DEVICE
2025-07-24 13:54:43,733 [INFO] LogOutputStream:77 - [STDOUT_REDIRECT] 
2025-07-24 13:54:50,864 [INFO] ProjectBuilder:5154 - Time for Generating toolchain IDE Files: 9051mS.
2025-07-24 13:54:50,869 [INFO] ProjectBuilder:3146 - Time for Copy CMSIS : 2mS.
2025-07-24 13:54:50,884 [INFO] ProjectBuilder:3146 - Time for Copy CMSIS : 10mS.
2025-07-24 13:55:07,337 [INFO] Gpio:277 - dependency for GPIO [RCC, SYS, USART2]
2025-07-24 13:55:52,046 [INFO] UtilMem:75 - End SaveConfig() Used Memory: 947325864 Bytes (1073741824)
2025-07-24 13:55:52,580 [INFO] UtilMem:75 - End SaveConfig() Used Memory: 967719936 Bytes (1073741824)
2025-07-24 13:55:54,878 [INFO] UtilMem:75 - End SaveConfig() Used Memory: 705676696 Bytes (1073741824)
2025-07-24 13:55:55,308 [INFO] BlockDiagram:2766 - set Specific Code input for plugin: NVIC
2025-07-24 13:55:55,309 [INFO] BlockDiagram:2766 - set Specific Code input for plugin: USART
2025-07-24 13:55:55,309 [INFO] BlockDiagram:2766 - set Specific Code input for plugin: SYS
2025-07-24 13:55:55,309 [INFO] BlockDiagram:2766 - set Specific Code input for plugin: GPIO
2025-07-24 13:55:55,312 [INFO] BlockDiagram:2766 - set Specific Code input for plugin: RCC
2025-07-24 13:55:55,315 [INFO] CodeGenerator:896 - code generatio: config db path: C:\ST\STM32CubeIDE_1.17.0\STM32CubeIDE\plugins\com.st.stm32cube.common.mx_6.13.0.202411220809\\db\
2025-07-24 13:55:55,525 [INFO] CodeEngine:255 - oldGeneratedFile, C:\Users\Santiago\Desktop\Compu de santi\Proyectos personales\Binarios\Workspace\MdeE\MXTmpFiles\license.tmp_save
2025-07-24 13:55:55,686 [INFO] CodeEngine:279 - Generated code: C:\Users\Santiago\Desktop\Compu de santi\Proyectos personales\Binarios\Workspace\MdeE\MXTmpFiles\license.tmp
2025-07-24 13:55:55,761 [INFO] CodeEngine:255 - oldGeneratedFile, C:\Users\Santiago\Desktop\Compu de santi\Proyectos personales\Binarios\Workspace\MdeE\MXTmpFiles\gpio.tmp_save
2025-07-24 13:55:56,018 [INFO] CodeEngine:279 - Generated code: C:\Users\Santiago\Desktop\Compu de santi\Proyectos personales\Binarios\Workspace\MdeE\MXTmpFiles\gpio.tmp
2025-07-24 13:55:56,207 [INFO] CodeEngine:255 - oldGeneratedFile, C:\Users\Santiago\Desktop\Compu de santi\Proyectos personales\Binarios\Workspace\MdeE\Core\Src\stm32f1xx_it.c_save
2025-07-24 13:55:56,431 [INFO] CodeEngine:279 - Generated code: C:\Users\Santiago\Desktop\Compu de santi\Proyectos personales\Binarios\Workspace\MdeE\Core\Src\stm32f1xx_it.c
2025-07-24 13:55:56,447 [INFO] CodeEngine:255 - oldGeneratedFile, C:\Users\Santiago\Desktop\Compu de santi\Proyectos personales\Binarios\Workspace\MdeE\Core\Inc\stm32f1xx_it.h_save
2025-07-24 13:55:56,615 [INFO] CodeEngine:279 - Generated code: C:\Users\Santiago\Desktop\Compu de santi\Proyectos personales\Binarios\Workspace\MdeE\Core\Inc\stm32f1xx_it.h
2025-07-24 13:55:56,694 [INFO] CodeEngine:255 - oldGeneratedFile, C:\Users\Santiago\Desktop\Compu de santi\Proyectos personales\Binarios\Workspace\MdeE\Core\Src\stm32f1xx_hal_msp.c_save
2025-07-24 13:55:56,906 [INFO] CodeEngine:279 - Generated code: C:\Users\Santiago\Desktop\Compu de santi\Proyectos personales\Binarios\Workspace\MdeE\Core\Src\stm32f1xx_hal_msp.c
2025-07-24 13:55:56,919 [INFO] CodeEngine:255 - oldGeneratedFile, C:\Users\Santiago\Desktop\Compu de santi\Proyectos personales\Binarios\Workspace\MdeE\MXTmpFiles\system.tmp_save
2025-07-24 13:55:57,071 [INFO] CodeEngine:279 - Generated code: C:\Users\Santiago\Desktop\Compu de santi\Proyectos personales\Binarios\Workspace\MdeE\MXTmpFiles\system.tmp
2025-07-24 13:55:57,118 [INFO] CodeEngine:311 - oldGeneratedFile, C:\Users\Santiago\Desktop\Compu de santi\Proyectos personales\Binarios\Workspace\MdeE\Core\Inc\stm32f1xx_hal_conf.h_save
2025-07-24 13:55:57,362 [INFO] CodeEngine:335 - Generated code: C:\Users\Santiago\Desktop\Compu de santi\Proyectos personales\Binarios\Workspace\MdeE\Core\Inc\stm32f1xx_hal_conf.h
2025-07-24 13:55:57,466 [INFO] CodeEngine:255 - oldGeneratedFile, C:\Users\Santiago\Desktop\Compu de santi\Proyectos personales\Binarios\Workspace\MdeE\Core\Inc\main.h_save
2025-07-24 13:55:57,683 [INFO] CodeEngine:279 - Generated code: C:\Users\Santiago\Desktop\Compu de santi\Proyectos personales\Binarios\Workspace\MdeE\Core\Inc\main.h
2025-07-24 13:55:57,722 [INFO] CodeEngine:255 - oldGeneratedFile, C:\Users\Santiago\Desktop\Compu de santi\Proyectos personales\Binarios\Workspace\MdeE\Core\Src\main.c_save
2025-07-24 13:55:57,967 [INFO] CodeEngine:279 - Generated code: C:\Users\Santiago\Desktop\Compu de santi\Proyectos personales\Binarios\Workspace\MdeE\Core\Src\main.c
2025-07-24 13:55:58,755 [INFO] ProjectBuilder:3289 - Time for Copy HAL[1] : 329mS.
2025-07-24 13:55:58,765 [INFO] ProjectBuilder:4876 - Project Generator version: 4.5.0-RC5
2025-07-24 13:55:58,948 [INFO] ConfigFileManager:1579 - The Die is : DIE410
2025-07-24 13:56:03,457 [INFO] ProjectBuilder:5154 - Time for Generating toolchain IDE Files: 4692mS.
2025-07-24 13:56:03,459 [INFO] ProjectBuilder:3146 - Time for Copy CMSIS : 2mS.
2025-07-24 13:56:03,465 [INFO] ProjectBuilder:3146 - Time for Copy CMSIS : 0mS.
2025-07-24 15:04:47,084 [INFO] MainUpdater:2872 - connection check result : 10
2025-07-24 15:04:47,089 [INFO] MainUpdater:2872 - connection check result : 10
2025-07-24 15:04:47,852 [INFO] MicroXplorer:468 - Change Database Path : 
2025-07-24 15:04:47,853 [INFO] MicroXplorer:498 - Change Database Version : DB.6.0.130
2025-07-24 15:04:48,151 [ERROR] ProjectManagerView:394 - 
java.lang.NullPointerException: Cannot invoke "javax.swing.JTextField.getText()" because the return value of "java.util.List.get(int)" is null
	at com.st.microxplorer.plugins.projectmanager.gui.ProjectChoiceTab$9.caretUpdate(ProjectChoiceTab.java:2616) ~[filemanager.jar:?]
	at javax.swing.text.JTextComponent.fireCaretUpdate(JTextComponent.java:408) ~[?:?]
	at javax.swing.text.JTextComponent$MutableCaretEvent.fire(JTextComponent.java:4484) ~[?:?]
	at javax.swing.text.JTextComponent$MutableCaretEvent.stateChanged(JTextComponent.java:4506) ~[?:?]
	at javax.swing.text.DefaultCaret.fireStateChanged(DefaultCaret.java:857) ~[?:?]
	at javax.swing.text.DefaultCaret.changeCaretPosition(DefaultCaret.java:1343) ~[?:?]
	at javax.swing.text.DefaultCaret.handleSetDot(DefaultCaret.java:1242) ~[?:?]
	at javax.swing.text.DefaultCaret.setDot(DefaultCaret.java:1223) ~[?:?]
	at javax.swing.text.DefaultCaret$Handler.insertUpdate(DefaultCaret.java:1819) ~[?:?]
	at javax.swing.text.AbstractDocument.fireInsertUpdate(AbstractDocument.java:227) ~[?:?]
	at javax.swing.text.AbstractDocument.handleInsertString(AbstractDocument.java:781) ~[?:?]
	at javax.swing.text.AbstractDocument.insertString(AbstractDocument.java:740) ~[?:?]
	at javax.swing.text.PlainDocument.insertString(PlainDocument.java:131) ~[?:?]
	at javax.swing.text.AbstractDocument.replace(AbstractDocument.java:699) ~[?:?]
	at javax.swing.text.JTextComponent.setText(JTextComponent.java:1725) ~[?:?]
	at com.st.microxplorer.plugins.projectmanager.gui.ProjectChoiceTab.createHeapStackFields(ProjectChoiceTab.java:975) ~[filemanager.jar:?]
	at com.st.microxplorer.plugins.projectmanager.gui.ProjectChoiceTab.buildLinkSettingsPanel(ProjectChoiceTab.java:3666) ~[filemanager.jar:?]
	at com.st.microxplorer.plugins.projectmanager.gui.ProjectChoiceTab.defineWindowsFields(ProjectChoiceTab.java:1934) ~[filemanager.jar:?]
	at com.st.microxplorer.plugins.projectmanager.gui.ProjectChoiceTab.updateSettings(ProjectChoiceTab.java:553) ~[filemanager.jar:?]
	at com.st.microxplorer.plugins.projectmanager.gui.ProjectSettingsPanel.UpdateDialog(ProjectSettingsPanel.java:245) ~[filemanager.jar:?]
	at com.st.microxplorer.plugins.projectmanager.ProjectManagerView.propertyChange(ProjectManagerView.java:391) ~[filemanager.jar:?]
	at java.beans.PropertyChangeSupport.fire(PropertyChangeSupport.java:343) ~[?:?]
	at java.beans.PropertyChangeSupport.firePropertyChange(PropertyChangeSupport.java:335) ~[?:?]
	at java.beans.PropertyChangeSupport.firePropertyChange(PropertyChangeSupport.java:268) ~[?:?]
	at com.st.microxplorer.util.MXPropertyChangeSupport.firePropertyChange(MXPropertyChangeSupport.java:54) ~[STM32CubeMX.jar:?]
	at com.st.microxplorer.mxsystem.MxSystem.closeConfig(MxSystem.java:899) ~[STM32CubeMX.jar:?]
	at com.st.microxplorer.maingui.MainPanel.closeConfig(MainPanel.java:789) ~[STM32CubeMX.jar:?]
	at com.st.microxplorer.plugins.filemanager.engine.OpenFileManager.loadConfigurationFile(OpenFileManager.java:265) ~[filemanager.jar:?]
	at com.st.microxplorer.plugins.filemanager.engine.MainFileManager.userLoadConfig(MainFileManager.java:340) ~[filemanager.jar:?]
	at com.st.microxplorer.plugins.filemanager.engine.MainFileManager.userLoadConfig(MainFileManager.java:318) ~[filemanager.jar:?]
	at com.st.microxplorer.plugins.filemanager.FileManagerView.getSpecificTask(FileManagerView.java:246) ~[filemanager.jar:?]
	at com.st.stm32cube.common.mx.editor.CubeMxEditor.getMxTabbedPaneInstance(CubeMxEditor.java:1198) ~[com.st.stm32cube.common.mx_6.13.0.202411220809/:?]
	at com.st.stm32cube.common.mx.editor.CubeMxEditor$12$1.createSwingComponent(CubeMxEditor.java:1068) ~[com.st.stm32cube.common.mx_6.13.0.202411220809/:?]
	at com.st.stm32cube.common.mx.oss.core.awtswtbridge.EmbeddedSwingComposite.doComponentCreation(EmbeddedSwingComposite.java:492) ~[com.st.stm32cube.common.mx.oss_6.13.0.202411220809/:?]
	at com.st.stm32cube.common.mx.oss.core.awtswtbridge.EmbeddedSwingComposite$4.run(EmbeddedSwingComposite.java:291) ~[com.st.stm32cube.common.mx.oss_6.13.0.202411220809/:?]
	at com.st.stm32cube.common.mx.oss.core.awtswtbridge.AwtEnvironment$2.run(AwtEnvironment.java:166) ~[com.st.stm32cube.common.mx.oss_6.13.0.202411220809/:?]
	at java.awt.event.InvocationEvent.dispatch(InvocationEvent.java:318) ~[?:?]
	at java.awt.EventQueue.dispatchEventImpl(EventQueue.java:773) ~[?:?]
	at java.awt.EventQueue$4.run(EventQueue.java:720) ~[?:?]
	at java.awt.EventQueue$4.run(EventQueue.java:714) ~[?:?]
	at java.security.AccessController.doPrivileged(AccessController.java:400) ~[?:?]
	at java.security.ProtectionDomain$JavaSecurityAccessImpl.doIntersectionPrivilege(ProtectionDomain.java:87) ~[?:?]
	at java.awt.EventQueue.dispatchEvent(EventQueue.java:742) ~[?:?]
	at java.awt.EventDispatchThread.pumpOneEventForFilters(EventDispatchThread.java:203) ~[?:?]
	at java.awt.EventDispatchThread.pumpEventsForFilter(EventDispatchThread.java:124) ~[?:?]
	at java.awt.EventDispatchThread.pumpEventsForHierarchy(EventDispatchThread.java:113) ~[?:?]
	at java.awt.EventDispatchThread.pumpEvents(EventDispatchThread.java:109) ~[?:?]
	at java.awt.EventDispatchThread.pumpEvents(EventDispatchThread.java:101) ~[?:?]
	at java.awt.EventDispatchThread.run(EventDispatchThread.java:90) ~[?:?]
2025-07-24 15:04:48,166 [WARN] ThirdParty:871 - waiting for thirdparty lock release [close project]
2025-07-24 15:04:48,167 [INFO] ThirdParty:873 - entering critical section [close project]
2025-07-24 15:04:48,169 [INFO] ThirdParty:883 - exiting critical section [close project]
2025-07-24 15:04:48,181 [INFO] PinOutPanel:1589 - setPackage(No Configuration,No Configuration)
2025-07-24 15:04:48,212 [INFO] UtilMem:75 - Begin LoadConfig() Used Memory: 759390312 Bytes (1073741824)
2025-07-24 15:04:48,217 [INFO] MicroXplorer:468 - Change Database Path : 
2025-07-24 15:04:48,218 [INFO] MicroXplorer:498 - Change Database Version : DB.6.0.130
2025-07-24 15:04:48,218 [INFO] OpenFileManager:332 - Change cursor
2025-07-24 15:04:48,321 [INFO] RulesReader:64 - Compatibility file has been processed (297 Rules)
2025-07-24 15:04:48,336 [INFO] Mcu:2035 - Initializing MCU STM32F103R(8-B)Tx STM32F103RBTx STM32F103RBT6
2025-07-24 15:04:50,453 [INFO] Context:748 - Trying to add GPIOservice into a context  which must be forbidden
2025-07-24 15:04:51,131 [INFO] RtosManager:555 - Registered RTOS mode: class=CMSIS, group=RTOS, mode=CMSIS_V1, owner=FREERTOS
2025-07-24 15:04:51,133 [INFO] RtosManager:555 - Registered RTOS mode: class=CMSIS, group=RTOS2, mode=CMSIS_V2, owner=FREERTOS
2025-07-24 15:04:51,133 [INFO] RtosManager:555 - Registered RTOS mode: class=RTOS, group=Core, mode=CMSIS_V1, owner=FREERTOS
2025-07-24 15:04:51,133 [INFO] RtosManager:555 - Registered RTOS mode: class=RTOS, group=Core, mode=CMSIS_V2, owner=FREERTOS
2025-07-24 15:04:51,134 [WARN] ModelIntegratedComponent:184 - Missing modes for component STMicroelectronics:FreeRTOS:0.0.1:STMicroelectronics:RTOS:FreeRTOS:Core:::10.2.0:
2025-07-24 15:04:51,166 [WARN] ModelIntegratedComponent:63 - No mode defined for component null
2025-07-24 15:04:51,167 [WARN] ModelIntegratedComponent:63 - No mode defined for component null
2025-07-24 15:04:51,167 [WARN] ModelIntegratedComponent:63 - No mode defined for component null
2025-07-24 15:04:51,167 [WARN] ModelIntegratedComponent:63 - No mode defined for component null
2025-07-24 15:04:51,167 [WARN] ModelIntegratedComponent:63 - No mode defined for component null
2025-07-24 15:04:51,167 [WARN] ModelIntegratedComponent:63 - No mode defined for component null
2025-07-24 15:04:51,167 [WARN] ModelIntegratedComponent:63 - No mode defined for component null
2025-07-24 15:04:51,167 [WARN] ModelIntegratedComponent:63 - No mode defined for component null
2025-07-24 15:04:51,168 [WARN] ModelIntegratedComponent:63 - No mode defined for component null
2025-07-24 15:04:51,168 [WARN] ModelIntegratedComponent:63 - No mode defined for component null
2025-07-24 15:04:51,168 [WARN] ModelIntegratedComponent:63 - No mode defined for component null
2025-07-24 15:04:51,168 [WARN] ModelIntegratedComponent:63 - No mode defined for component null
2025-07-24 15:04:51,168 [WARN] ModelIntegratedComponent:63 - No mode defined for component null
2025-07-24 15:04:51,169 [WARN] ModelIntegratedComponent:63 - No mode defined for component null
2025-07-24 15:04:51,169 [WARN] ModelIntegratedComponent:63 - No mode defined for component null
2025-07-24 15:04:51,169 [WARN] ModelIntegratedComponent:63 - No mode defined for component null
2025-07-24 15:04:51,170 [WARN] ModelIntegratedComponent:63 - No mode defined for component null
2025-07-24 15:04:51,170 [WARN] ModelIntegratedComponent:63 - No mode defined for component null
2025-07-24 15:04:51,170 [WARN] ModelIntegratedComponent:63 - No mode defined for component null
2025-07-24 15:04:51,170 [WARN] ModelIntegratedComponent:63 - No mode defined for component null
2025-07-24 15:04:51,171 [WARN] ModelIntegratedComponent:63 - No mode defined for component null
2025-07-24 15:04:51,171 [WARN] ModelIntegratedComponent:63 - No mode defined for component null
2025-07-24 15:04:51,171 [WARN] ModelIntegratedComponent:63 - No mode defined for component null
2025-07-24 15:04:51,171 [WARN] ModelIntegratedComponent:63 - No mode defined for component null
2025-07-24 15:04:51,171 [WARN] ModelIntegratedComponent:63 - No mode defined for component null
2025-07-24 15:04:51,171 [WARN] ModelIntegratedComponent:63 - No mode defined for component null
2025-07-24 15:04:51,172 [WARN] ModelIntegratedComponent:63 - No mode defined for component null
2025-07-24 15:04:51,172 [WARN] ModelIntegratedComponent:63 - No mode defined for component null
2025-07-24 15:04:51,172 [WARN] ModelIntegratedComponent:63 - No mode defined for component null
2025-07-24 15:04:51,172 [WARN] ModelIntegratedComponent:63 - No mode defined for component null
2025-07-24 15:04:51,173 [WARN] ModelIntegratedComponent:63 - No mode defined for component null
2025-07-24 15:04:51,173 [WARN] ModelIntegratedComponent:63 - No mode defined for component null
2025-07-24 15:04:51,173 [WARN] ModelIntegratedComponent:63 - No mode defined for component null
2025-07-24 15:04:51,173 [WARN] ModelIntegratedComponent:63 - No mode defined for component null
2025-07-24 15:04:51,173 [WARN] ModelIntegratedComponent:63 - No mode defined for component null
2025-07-24 15:04:51,174 [WARN] ModelPack:524 - Component already loaded: STMicroelectronics:HAL Drivers:0.0.0:STMicroelectronics:Device:STMicro_Driver:XSPI:HAL::0.0.1:HAL_XSPI
2025-07-24 15:04:51,490 [INFO] ThirdPartyModel:298 - Start build external matchings
2025-07-24 15:04:53,823 [INFO] ThirdPartyModel:316 - End build external matchings
2025-07-24 15:04:53,883 [INFO] ImportTextPane:218 - (OptionalMessage_ERROR) IP (RCC) : Parameter (ADCFreqValue) has invalid value (32000000)
2025-07-24 15:04:53,884 [INFO] ImportTextPane:218 - (OptionalMessage_ERROR) IP (RCC) : Invalid parameter (FamilyName)
2025-07-24 15:04:53,884 [INFO] ImportTextPane:218 - (OptionalMessage_ERROR) IP (RCC) : Parameter (MCOFreq_Value) has invalid value (64000000)
2025-07-24 15:04:53,888 [INFO] ImportTextPane:218 - (OptionalMessage_ERROR) IP (RCC) : Parameter (USBFreq_Value) has invalid value (64000000)
2025-07-24 15:04:54,317 [INFO] UtilMem:75 - End LoadConfig() Used Memory: 893354296 Bytes (1073741824)
2025-07-24 15:04:54,401 [WARN] ThirdParty:833 - waiting for thirdparty lock release [change project]
2025-07-24 15:04:54,401 [INFO] ThirdParty:835 - entering critical section [change project]
2025-07-24 15:04:54,401 [INFO] ThirdParty:1030 - CMSIS Pack Vendor :STMicroelectronics X-CUBE-PM33A1 1.0.0
2025-07-24 15:04:54,402 [INFO] ThirdParty:1030 - CMSIS Pack Vendor :STMicroelectronics USBPD 4.1
2025-07-24 15:04:54,402 [INFO] ThirdParty:1030 - CMSIS Pack Vendor :STMicroelectronics X-CUBE-AZRTOS-H7 3.3.0
2025-07-24 15:04:54,402 [INFO] ThirdParty:1030 - CMSIS Pack Vendor :STMicroelectronics X-CUBE-NFC9 1.0.0
2025-07-24 15:04:54,402 [INFO] ThirdParty:1030 - CMSIS Pack Vendor :STMicroelectronics USB_HOST 2.0.0
2025-07-24 15:04:54,402 [INFO] ThirdParty:1030 - CMSIS Pack Vendor :STMicroelectronics FP-SNS-MOTENVWB1 1.4.0
2025-07-24 15:04:54,402 [INFO] ThirdParty:1030 - CMSIS Pack Vendor :STMicroelectronics X-CUBE-AZRTOS-F4 1.1.0
2025-07-24 15:04:54,402 [INFO] ThirdParty:1030 - CMSIS Pack Vendor :STMicroelectronics LIBJPEG 8.0.0
2025-07-24 15:04:54,402 [INFO] ThirdParty:1030 - CMSIS Pack Vendor :STMicroelectronics FP-ATR-ASTRA1 2.0.2
2025-07-24 15:04:54,402 [INFO] ThirdParty:1030 - CMSIS Pack Vendor :STMicroelectronics X-CUBE-BLE1 7.1.0
2025-07-24 15:04:54,402 [INFO] ThirdParty:1030 - CMSIS Pack Vendor :Avnet-IotConnect X-CUBE-IoTC-DA16k-PMOD 1.0.0
2025-07-24 15:04:54,403 [INFO] ThirdParty:1030 - CMSIS Pack Vendor :STMicroelectronics X-CUBE-SMBUS 2.1.0
2025-07-24 15:04:54,403 [INFO] ThirdParty:1030 - CMSIS Pack Vendor :STMicroelectronics X-CUBE-WB05N 1.1.0
2025-07-24 15:04:54,403 [INFO] ThirdParty:1030 - CMSIS Pack Vendor :wolfSSL I-CUBE-wolfMQTT 1.19.2
2025-07-24 15:04:54,403 [INFO] ThirdParty:1030 - CMSIS Pack Vendor :STMicroelectronics USB_DEVICE 3.0.0
2025-07-24 15:04:54,404 [INFO] ThirdParty:1030 - CMSIS Pack Vendor :STMicroelectronics X-CUBE-ISPU 2.1.0
2025-07-24 15:04:54,404 [INFO] ThirdParty:1030 - CMSIS Pack Vendor :STMicroelectronics X-CUBE-EEPRMA1 5.2.0
2025-07-24 15:04:54,404 [INFO] ThirdParty:1030 - CMSIS Pack Vendor :STMicroelectronics X-CUBE-BLEMGR 4.1.0
2025-07-24 15:04:54,404 [INFO] ThirdParty:1030 - CMSIS Pack Vendor :STMicroelectronics X-CUBE-AZRTOS-WB 2.0.0
2025-07-24 15:04:54,404 [INFO] ThirdParty:1030 - CMSIS Pack Vendor :STMicroelectronics X-CUBE-ST60 1.0.0
2025-07-24 15:04:54,405 [INFO] ThirdParty:1030 - CMSIS Pack Vendor :STMicroelectronics X-CUBE-GNSS1 7.0.1
2025-07-24 15:04:54,405 [INFO] ThirdParty:1030 - CMSIS Pack Vendor :STMicroelectronics X-CUBE-NFC12 1.0.0
2025-07-24 15:04:54,405 [INFO] ThirdParty:1030 - CMSIS Pack Vendor :STMicroelectronics X-CUBE-AZRTOS-F7 1.1.0
2025-07-24 15:04:54,405 [INFO] ThirdParty:1030 - CMSIS Pack Vendor :STMicroelectronics X-CUBE-AZRTOS-L5 2.0.0
2025-07-24 15:04:54,405 [INFO] ThirdParty:1030 - CMSIS Pack Vendor :STMicroelectronics X-CUBE-TOUCHGFX 4.25.0
2025-07-24 15:04:54,406 [INFO] ThirdParty:1030 - CMSIS Pack Vendor :STMicroelectronics USB_DEVICE 2.0.0
2025-07-24 15:04:54,406 [INFO] ThirdParty:1030 - CMSIS Pack Vendor :STMicroelectronics X-CUBE-NFC6 3.1.0
2025-07-24 15:04:54,406 [INFO] ThirdParty:1030 - CMSIS Pack Vendor :STMicroelectronics X-CUBE-AI 10.1.0
2025-07-24 15:04:54,406 [INFO] ThirdParty:1030 - CMSIS Pack Vendor :STMicroelectronics FP-SNS-STBOX1 2.0.0
2025-07-24 15:04:54,406 [INFO] ThirdParty:1030 - CMSIS Pack Vendor :STMicroelectronics X-CUBE-MEMS1 11.2.0
2025-07-24 15:04:54,407 [INFO] ThirdParty:1030 - CMSIS Pack Vendor :STMicroelectronics FreeRTOS 0.0.1
2025-07-24 15:04:54,407 [INFO] ThirdParty:1030 - CMSIS Pack Vendor :STMicroelectronics X-CUBE-AZRTOS-G0 1.1.0
2025-07-24 15:04:54,408 [INFO] ThirdParty:1030 - CMSIS Pack Vendor :STMicroelectronics X-CUBE-SAFEA1 1.2.2
2025-07-24 15:04:54,408 [INFO] ThirdParty:1030 - CMSIS Pack Vendor :STMicroelectronics X-CUBE-NFC4 3.0.0
2025-07-24 15:04:54,417 [INFO] ThirdParty:1030 - CMSIS Pack Vendor :STMicroelectronics X-CUBE-DPower 1.2.0
2025-07-24 15:04:54,420 [INFO] ThirdParty:1030 - CMSIS Pack Vendor :STMicroelectronics X-CUBE-SUBG2 5.0.0
2025-07-24 15:04:54,422 [INFO] ThirdParty:1030 - CMSIS Pack Vendor :STMicroelectronics X-CUBE-AZRTOS-H7RS 1.1.0
2025-07-24 15:04:54,423 [INFO] ThirdParty:1030 - CMSIS Pack Vendor :STMicroelectronics STM32_WPAN 1.0.0
2025-07-24 15:04:54,425 [INFO] ThirdParty:1030 - CMSIS Pack Vendor :EmbeddedOffice I-CUBE-FS-RTOS 1.0.1
2025-07-24 15:04:54,427 [INFO] ThirdParty:1030 - CMSIS Pack Vendor :STMicroelectronics lwIP 2.0.3
2025-07-24 15:04:54,429 [INFO] ThirdParty:1030 - CMSIS Pack Vendor :Cesanta I-CUBE-Mongoose 7.13.0
2025-07-24 15:04:54,429 [INFO] ThirdParty:1030 - CMSIS Pack Vendor :STMicroelectronics USB_HOST 1.0.0
2025-07-24 15:04:54,429 [INFO] ThirdParty:1030 - CMSIS Pack Vendor :Infineon AIROC-Wi-Fi-Bluetooth-STM32 1.7.0
2025-07-24 15:04:54,429 [INFO] ThirdParty:1030 - CMSIS Pack Vendor :STMicroelectronics X-CUBE-AZRTOS-G4 2.0.0
2025-07-24 15:04:54,429 [INFO] ThirdParty:1030 - CMSIS Pack Vendor :STMicroelectronics X-CUBE-WB05N 2.0.0
2025-07-24 15:04:54,430 [INFO] ThirdParty:1030 - CMSIS Pack Vendor :STMicroelectronics PDM2PCM 3.1.0
2025-07-24 15:04:54,430 [INFO] ThirdParty:1030 - CMSIS Pack Vendor :STMicroelectronics PDM2PCM 3.3.0
2025-07-24 15:04:54,430 [INFO] ThirdParty:1030 - CMSIS Pack Vendor :wolfSSL I-CUBE-wolfTPM 3.8.0
2025-07-24 15:04:54,430 [INFO] ThirdParty:1030 - CMSIS Pack Vendor :STMicroelectronics X-CUBE-AZRTOS-H7 3.4.0
2025-07-24 15:04:54,430 [INFO] ThirdParty:1030 - CMSIS Pack Vendor :STMicroelectronics X-CUBE-DISPLAY 3.0.0
2025-07-24 15:04:54,431 [INFO] ThirdParty:1030 - CMSIS Pack Vendor :wolfSSL I-CUBE-wolfSSH 1.4.20
2025-07-24 15:04:54,431 [INFO] ThirdParty:1030 - CMSIS Pack Vendor :STMicroelectronics X-CUBE-NFC7 2.0.0
2025-07-24 15:04:54,431 [INFO] ThirdParty:1030 - CMSIS Pack Vendor :STMicroelectronics X-CUBE-TCPP 4.2.0
2025-07-24 15:04:54,431 [INFO] ThirdParty:1030 - CMSIS Pack Vendor :RealThread X-CUBE-RT-Thread_Nano 4.1.1
2025-07-24 15:04:54,431 [INFO] ThirdParty:1030 - CMSIS Pack Vendor :STMicroelectronics FP-ATR-SIGFOX1 3.2.0
2025-07-24 15:04:54,431 [INFO] ThirdParty:1030 - CMSIS Pack Vendor :STMicroelectronics X-CUBE-NFC10 1.0.0
2025-07-24 15:04:54,431 [INFO] ThirdParty:1030 - CMSIS Pack Vendor :STMicroelectronics X-CUBE-BLEMGR 4.0.0
2025-07-24 15:04:54,433 [INFO] ThirdParty:1030 - CMSIS Pack Vendor :STMicroelectronics X-CUBE-EEPRMA1 5.1.0
2025-07-24 15:04:54,434 [INFO] ThirdParty:1030 - CMSIS Pack Vendor :STMicroelectronics X-CUBE-FREERTOS 1.3.1
2025-07-24 15:04:54,434 [INFO] ThirdParty:1030 - CMSIS Pack Vendor :STMicroelectronics HAL Drivers 0.0.0
2025-07-24 15:04:54,434 [INFO] ThirdParty:1030 - CMSIS Pack Vendor :STMicroelectronics MBEDTLS 2.16.2
2025-07-24 15:04:54,435 [INFO] ThirdParty:1030 - CMSIS Pack Vendor :STMicroelectronics X-CUBE-IPS 3.1.0
2025-07-24 15:04:54,435 [INFO] ThirdParty:1030 - CMSIS Pack Vendor :STMicroelectronics X-CUBE-ALS 1.0.2
2025-07-24 15:04:54,435 [INFO] ThirdParty:1030 - CMSIS Pack Vendor :emotas I-CUBE-CANOPEN 1.3.0
2025-07-24 15:04:54,435 [INFO] ThirdParty:1030 - CMSIS Pack Vendor :STMicroelectronics X-CUBE-FREERTOS 1.3.0
2025-07-24 15:04:54,435 [INFO] ThirdParty:1030 - CMSIS Pack Vendor :STMicroelectronics X-CUBE-NFC7 1.0.1
2025-07-24 15:04:54,435 [INFO] ThirdParty:1030 - CMSIS Pack Vendor :STMicroelectronics MBEDTLS 2.14.1
2025-07-24 15:04:54,436 [INFO] ThirdParty:1030 - CMSIS Pack Vendor :wolfSSL I-CUBE-wolfSSL 5.7.6
2025-07-24 15:04:54,436 [INFO] ThirdParty:1030 - CMSIS Pack Vendor :ITTIA_DB I-CUBE-ITTIADB 8.9.0
2025-07-24 15:04:54,436 [INFO] ThirdParty:1030 - CMSIS Pack Vendor :portGmbH I-Cube-SoM-uGOAL 1.1.0
2025-07-24 15:04:54,436 [INFO] ThirdParty:1030 - CMSIS Pack Vendor :quantropi X-CUBE-qispace-sdk-base 2.0.0
2025-07-24 15:04:54,436 [INFO] ThirdParty:1030 - CMSIS Pack Vendor :STMicroelectronics X-CUBE-AI 10.0.0
2025-07-24 15:04:54,436 [INFO] ThirdParty:1030 - CMSIS Pack Vendor :STMicroelectronics X-CUBE-ST67W61 1.0.0
2025-07-24 15:04:54,436 [INFO] ThirdParty:1030 - CMSIS Pack Vendor :STMicroelectronics FP-SNS-STAIOTCFT 1.0.0
2025-07-24 15:04:54,436 [INFO] ThirdParty:1030 - CMSIS Pack Vendor :STMicroelectronics ThreadX 1.0.0
2025-07-24 15:04:54,436 [INFO] ThirdParty:1030 - CMSIS Pack Vendor :STMicroelectronics FP-SNS-SMARTAG2 1.2.0
2025-07-24 15:04:54,437 [INFO] ThirdParty:1030 - CMSIS Pack Vendor :STMicroelectronics FP-SNS-FLIGHT1 5.1.0
2025-07-24 15:04:54,437 [INFO] ThirdParty:1030 - CMSIS Pack Vendor :STMicroelectronics X-CUBE-MEMS1 11.1.0
2025-07-24 15:04:54,437 [INFO] ThirdParty:1030 - CMSIS Pack Vendor :STMicroelectronics X-CUBE-AZRTOS-WL 2.0.0
2025-07-24 15:04:54,437 [INFO] ThirdParty:1030 - CMSIS Pack Vendor :SEGGER I-CUBE-embOS 1.3.1
2025-07-24 15:04:54,437 [INFO] ThirdParty:1030 - CMSIS Pack Vendor :STMicroelectronics X-CUBE-ALGOBUILD 1.4.0
2025-07-24 15:04:54,437 [INFO] ThirdParty:1030 - CMSIS Pack Vendor :STMicroelectronics X-CUBE-DPower 1.3.0
2025-07-24 15:04:54,437 [INFO] ThirdParty:1030 - CMSIS Pack Vendor :STMicroelectronics X-CUBE-MEMS1 11.3.0
2025-07-24 15:04:54,438 [INFO] ThirdParty:1030 - CMSIS Pack Vendor :STMicroelectronics FP-SNS-MOTENV1 5.0.0
2025-07-24 15:04:54,438 [INFO] ThirdParty:1030 - CMSIS Pack Vendor :STMicroelectronics USB_DEVICE 1.0.0
2025-07-24 15:04:54,438 [INFO] ThirdParty:1030 - CMSIS Pack Vendor :STMicroelectronics X-CUBE-AZRTOS-L4 2.0.0
2025-07-24 15:04:54,438 [INFO] ThirdParty:1030 - CMSIS Pack Vendor :STMicroelectronics ThreadX 0.0.2
2025-07-24 15:04:54,438 [INFO] ThirdParty:1030 - CMSIS Pack Vendor :WES I-CUBE-Cesium 1.3.0
2025-07-24 15:04:54,438 [INFO] ThirdParty:1030 - CMSIS Pack Vendor :STMicroelectronics lwIP 2.1.2
2025-07-24 15:04:54,438 [INFO] ThirdParty:1030 - CMSIS Pack Vendor :STMicroelectronics X-CUBE-SFXS2LP1 4.0.0
2025-07-24 15:04:54,438 [INFO] ThirdParty:1030 - CMSIS Pack Vendor :STMicroelectronics X-CUBE-BLE2 3.3.0
2025-07-24 15:04:54,439 [INFO] ThirdParty:1030 - CMSIS Pack Vendor :STMicroelectronics X-CUBE-TOF1 3.4.2
2025-07-24 15:04:54,439 [INFO] ThirdParty:1030 - CMSIS Pack Vendor :STMicroelectronics X-CUBE-TOF1 3.4.3
2025-07-24 15:04:54,439 [INFO] ThirdParty:1030 - CMSIS Pack Vendor :STMicroelectronics PDM2PCM 3.2.0
2025-07-24 15:04:54,439 [INFO] ThirdParty:841 - exiting critical section [change project]
2025-07-24 15:04:55,021 [INFO] PinOutPanel:1589 - setPackage(No Configuration,No Configuration)
2025-07-24 15:04:55,024 [INFO] PinOutPanel:1589 - setPackage(STM32F103RBTx,LQFP64)
2025-07-24 15:04:55,901 [INFO] UtilMem:75 - Before build in PCC Used Memory: 697498944 Bytes (1073741824)
2025-07-24 15:04:57,316 [INFO] UtilMem:75 - After build in PCC Used Memory: 739964224 Bytes (1073741824)
2025-07-24 15:04:57,436 [INFO] IPUIPlugin:80 - create IPUIPlugin
2025-07-24 15:04:57,437 [INFO] IPUIPlugin:80 - create IPUIPlugin
2025-07-24 15:04:57,440 [INFO] IPUIPlugin:80 - create IPUIPlugin
2025-07-24 15:04:57,441 [INFO] IPUIPlugin:80 - create IPUIPlugin
2025-07-24 15:04:57,445 [INFO] IPUIPlugin:80 - create IPUIPlugin
2025-07-24 15:04:57,445 [INFO] IPUIPlugin:80 - create IPUIPlugin
2025-07-24 15:04:57,446 [INFO] IPUIPlugin:80 - create IPUIPlugin
2025-07-24 15:04:57,447 [INFO] IPUIPlugin:80 - create IPUIPlugin
2025-07-24 15:04:57,450 [INFO] IPUIPlugin:80 - create IPUIPlugin
2025-07-24 15:04:57,450 [INFO] IPUIPlugin:80 - create IPUIPlugin
2025-07-24 15:04:57,450 [INFO] IPUIPlugin:80 - create IPUIPlugin
2025-07-24 15:04:57,451 [INFO] IPUIPlugin:80 - create IPUIPlugin
2025-07-24 15:04:57,451 [INFO] IPUIPlugin:80 - create IPUIPlugin
2025-07-24 15:04:57,453 [INFO] IPUIPlugin:80 - create IPUIPlugin
2025-07-24 15:04:57,454 [INFO] IPUIPlugin:80 - create IPUIPlugin
2025-07-24 15:04:57,455 [INFO] IPUIPlugin:80 - create IPUIPlugin
2025-07-24 15:04:57,456 [INFO] IPUIPlugin:80 - create IPUIPlugin
2025-07-24 15:04:57,458 [INFO] IPUIPlugin:80 - create IPUIPlugin
2025-07-24 15:04:57,463 [INFO] IPUIPlugin:80 - create IPUIPlugin
2025-07-24 15:04:57,464 [INFO] IPUIPlugin:80 - create IPUIPlugin
2025-07-24 15:04:57,465 [INFO] IPUIPlugin:80 - create IPUIPlugin
2025-07-24 15:04:57,465 [INFO] IPUIPlugin:80 - create IPUIPlugin
2025-07-24 15:04:57,466 [INFO] IPUIPlugin:80 - create IPUIPlugin
2025-07-24 15:04:57,466 [INFO] IPUIPlugin:80 - create IPUIPlugin
2025-07-24 15:04:57,467 [INFO] IPUIPlugin:80 - create IPUIPlugin
2025-07-24 15:04:57,467 [INFO] IPUIPlugin:80 - create IPUIPlugin
2025-07-24 15:04:57,468 [INFO] IPUIPlugin:80 - create IPUIPlugin
2025-07-24 15:04:57,704 [INFO] CADModel:165 - CPN selected for project levelSTM32F103RBT6
2025-07-24 15:04:57,704 [INFO] CADModel:114 - Register for checkConnection events
2025-07-24 15:04:57,867 [INFO] OpenFileManager:363 - Restore cursor
2025-07-24 15:06:27,680 [INFO] UtilMem:75 - End SaveConfig() Used Memory: 865931768 Bytes (1073741824)
2025-07-24 15:06:28,246 [INFO] UtilMem:75 - End SaveConfig() Used Memory: 886903288 Bytes (1073741824)
2025-07-24 15:06:30,431 [INFO] UtilMem:75 - End SaveConfig() Used Memory: 999627256 Bytes (1073741824)
2025-07-24 15:06:31,225 [INFO] BlockDiagram:2766 - set Specific Code input for plugin: NVIC
2025-07-24 15:06:31,226 [INFO] BlockDiagram:2766 - set Specific Code input for plugin: USART
2025-07-24 15:06:31,226 [INFO] BlockDiagram:2766 - set Specific Code input for plugin: SYS
2025-07-24 15:06:31,226 [INFO] BlockDiagram:2766 - set Specific Code input for plugin: GPIO
2025-07-24 15:06:31,226 [INFO] BlockDiagram:2766 - set Specific Code input for plugin: RCC
2025-07-24 15:06:31,231 [INFO] CodeGenerator:896 - code generatio: config db path: C:\ST\STM32CubeIDE_1.17.0\STM32CubeIDE\plugins\com.st.stm32cube.common.mx_6.13.0.202411220809\\db\
2025-07-24 15:06:31,492 [INFO] CodeEngine:255 - oldGeneratedFile, C:\Users\Santiago\Desktop\Compu de santi\Proyectos personales\Binarios\Workspace\MdeE\MXTmpFiles\license.tmp_save
2025-07-24 15:06:32,367 [INFO] CodeEngine:279 - Generated code: C:\Users\Santiago\Desktop\Compu de santi\Proyectos personales\Binarios\Workspace\MdeE\MXTmpFiles\license.tmp
2025-07-24 15:06:32,731 [INFO] CodeEngine:255 - oldGeneratedFile, C:\Users\Santiago\Desktop\Compu de santi\Proyectos personales\Binarios\Workspace\MdeE\MXTmpFiles\gpio.tmp_save
2025-07-24 15:06:33,250 [INFO] CodeEngine:279 - Generated code: C:\Users\Santiago\Desktop\Compu de santi\Proyectos personales\Binarios\Workspace\MdeE\MXTmpFiles\gpio.tmp
2025-07-24 15:06:33,662 [INFO] CodeEngine:255 - oldGeneratedFile, C:\Users\Santiago\Desktop\Compu de santi\Proyectos personales\Binarios\Workspace\MdeE\Core\Src\stm32f1xx_it.c_save
2025-07-24 15:06:34,326 [INFO] CodeEngine:279 - Generated code: C:\Users\Santiago\Desktop\Compu de santi\Proyectos personales\Binarios\Workspace\MdeE\Core\Src\stm32f1xx_it.c
2025-07-24 15:06:34,366 [INFO] CodeEngine:255 - oldGeneratedFile, C:\Users\Santiago\Desktop\Compu de santi\Proyectos personales\Binarios\Workspace\MdeE\Core\Inc\stm32f1xx_it.h_save
2025-07-24 15:06:34,579 [INFO] CodeEngine:279 - Generated code: C:\Users\Santiago\Desktop\Compu de santi\Proyectos personales\Binarios\Workspace\MdeE\Core\Inc\stm32f1xx_it.h
2025-07-24 15:06:34,640 [INFO] CodeEngine:255 - oldGeneratedFile, C:\Users\Santiago\Desktop\Compu de santi\Proyectos personales\Binarios\Workspace\MdeE\Core\Src\stm32f1xx_hal_msp.c_save
2025-07-24 15:06:34,886 [INFO] CodeEngine:279 - Generated code: C:\Users\Santiago\Desktop\Compu de santi\Proyectos personales\Binarios\Workspace\MdeE\Core\Src\stm32f1xx_hal_msp.c
2025-07-24 15:06:34,898 [INFO] CodeEngine:255 - oldGeneratedFile, C:\Users\Santiago\Desktop\Compu de santi\Proyectos personales\Binarios\Workspace\MdeE\MXTmpFiles\system.tmp_save
2025-07-24 15:06:35,016 [INFO] CodeEngine:279 - Generated code: C:\Users\Santiago\Desktop\Compu de santi\Proyectos personales\Binarios\Workspace\MdeE\MXTmpFiles\system.tmp
2025-07-24 15:06:35,067 [INFO] CodeEngine:311 - oldGeneratedFile, C:\Users\Santiago\Desktop\Compu de santi\Proyectos personales\Binarios\Workspace\MdeE\Core\Inc\stm32f1xx_hal_conf.h_save
2025-07-24 15:06:35,320 [INFO] CodeEngine:335 - Generated code: C:\Users\Santiago\Desktop\Compu de santi\Proyectos personales\Binarios\Workspace\MdeE\Core\Inc\stm32f1xx_hal_conf.h
2025-07-24 15:06:35,412 [INFO] ApiDbMcu:508 - Load IP Config File for USART2
2025-07-24 15:06:35,416 [INFO] ApiDbMcu:508 - Load IP Config File for RCC
2025-07-24 15:06:35,485 [INFO] CodeEngine:255 - oldGeneratedFile, C:\Users\Santiago\Desktop\Compu de santi\Proyectos personales\Binarios\Workspace\MdeE\Core\Inc\main.h_save
2025-07-24 15:06:35,857 [INFO] CodeEngine:279 - Generated code: C:\Users\Santiago\Desktop\Compu de santi\Proyectos personales\Binarios\Workspace\MdeE\Core\Inc\main.h
2025-07-24 15:06:35,899 [INFO] CodeEngine:255 - oldGeneratedFile, C:\Users\Santiago\Desktop\Compu de santi\Proyectos personales\Binarios\Workspace\MdeE\Core\Src\main.c_save
2025-07-24 15:06:36,195 [INFO] CodeEngine:279 - Generated code: C:\Users\Santiago\Desktop\Compu de santi\Proyectos personales\Binarios\Workspace\MdeE\Core\Src\main.c
2025-07-24 15:06:36,828 [INFO] ProjectBuilder:3289 - Time for Copy HAL[1] : 302mS.
2025-07-24 15:06:36,834 [INFO] ProjectBuilder:4876 - Project Generator version: 4.5.0-RC5
2025-07-24 15:06:36,966 [INFO] ConfigFileManager:1579 - The Die is : DIE410
2025-07-24 15:06:36,970 [INFO] ApiDbMcu:508 - Load IP Config File for FATFS
2025-07-24 15:06:36,977 [INFO] ApiDbMcu:508 - Load IP Config File for FREERTOS
2025-07-24 15:06:36,982 [INFO] ApiDbMcu:508 - Load IP Config File for USB_DEVICE
2025-07-24 15:06:41,669 [INFO] ProjectBuilder:5154 - Time for Generating toolchain IDE Files: 4835mS.
2025-07-24 15:06:41,673 [INFO] ProjectBuilder:3146 - Time for Copy CMSIS : 3mS.
2025-07-24 15:06:41,683 [INFO] ProjectBuilder:3146 - Time for Copy CMSIS : 0mS.
2025-07-24 16:46:57,656 [INFO] WebApp:190 - Connection lost
2025-07-24 16:46:58,040 [INFO] WebApp:187 - Connection restablished
2025-07-24 16:49:23,850 [INFO] MainUpdater:2872 - connection check result : 10
2025-07-24 16:49:23,851 [INFO] MainUpdater:2872 - connection check result : 10
2025-07-24 16:49:24,101 [INFO] MicroXplorer:468 - Change Database Path : 
2025-07-24 16:49:24,101 [INFO] MicroXplorer:498 - Change Database Version : DB.6.0.130
2025-07-24 16:49:24,251 [ERROR] ProjectManagerView:394 - 
java.lang.NullPointerException: Cannot invoke "javax.swing.JTextField.getText()" because the return value of "java.util.List.get(int)" is null
	at com.st.microxplorer.plugins.projectmanager.gui.ProjectChoiceTab$9.caretUpdate(ProjectChoiceTab.java:2616) ~[filemanager.jar:?]
	at javax.swing.text.JTextComponent.fireCaretUpdate(JTextComponent.java:408) ~[?:?]
	at javax.swing.text.JTextComponent$MutableCaretEvent.fire(JTextComponent.java:4484) ~[?:?]
	at javax.swing.text.JTextComponent$MutableCaretEvent.stateChanged(JTextComponent.java:4506) ~[?:?]
	at javax.swing.text.DefaultCaret.fireStateChanged(DefaultCaret.java:857) ~[?:?]
	at javax.swing.text.DefaultCaret.changeCaretPosition(DefaultCaret.java:1343) ~[?:?]
	at javax.swing.text.DefaultCaret.handleSetDot(DefaultCaret.java:1242) ~[?:?]
	at javax.swing.text.DefaultCaret.setDot(DefaultCaret.java:1223) ~[?:?]
	at javax.swing.text.DefaultCaret$Handler.insertUpdate(DefaultCaret.java:1819) ~[?:?]
	at javax.swing.text.AbstractDocument.fireInsertUpdate(AbstractDocument.java:227) ~[?:?]
	at javax.swing.text.AbstractDocument.handleInsertString(AbstractDocument.java:781) ~[?:?]
	at javax.swing.text.AbstractDocument.insertString(AbstractDocument.java:740) ~[?:?]
	at javax.swing.text.PlainDocument.insertString(PlainDocument.java:131) ~[?:?]
	at javax.swing.text.AbstractDocument.replace(AbstractDocument.java:699) ~[?:?]
	at javax.swing.text.JTextComponent.setText(JTextComponent.java:1725) ~[?:?]
	at com.st.microxplorer.plugins.projectmanager.gui.ProjectChoiceTab.createHeapStackFields(ProjectChoiceTab.java:975) ~[filemanager.jar:?]
	at com.st.microxplorer.plugins.projectmanager.gui.ProjectChoiceTab.buildLinkSettingsPanel(ProjectChoiceTab.java:3666) ~[filemanager.jar:?]
	at com.st.microxplorer.plugins.projectmanager.gui.ProjectChoiceTab.defineWindowsFields(ProjectChoiceTab.java:1934) ~[filemanager.jar:?]
	at com.st.microxplorer.plugins.projectmanager.gui.ProjectChoiceTab.updateSettings(ProjectChoiceTab.java:553) ~[filemanager.jar:?]
	at com.st.microxplorer.plugins.projectmanager.gui.ProjectSettingsPanel.UpdateDialog(ProjectSettingsPanel.java:245) ~[filemanager.jar:?]
	at com.st.microxplorer.plugins.projectmanager.ProjectManagerView.propertyChange(ProjectManagerView.java:391) ~[filemanager.jar:?]
	at java.beans.PropertyChangeSupport.fire(PropertyChangeSupport.java:343) ~[?:?]
	at java.beans.PropertyChangeSupport.firePropertyChange(PropertyChangeSupport.java:335) ~[?:?]
	at java.beans.PropertyChangeSupport.firePropertyChange(PropertyChangeSupport.java:268) ~[?:?]
	at com.st.microxplorer.util.MXPropertyChangeSupport.firePropertyChange(MXPropertyChangeSupport.java:54) ~[STM32CubeMX.jar:?]
	at com.st.microxplorer.mxsystem.MxSystem.closeConfig(MxSystem.java:899) ~[STM32CubeMX.jar:?]
	at com.st.microxplorer.maingui.MainPanel.closeConfig(MainPanel.java:789) ~[STM32CubeMX.jar:?]
	at com.st.microxplorer.plugins.filemanager.engine.OpenFileManager.loadConfigurationFile(OpenFileManager.java:265) ~[filemanager.jar:?]
	at com.st.microxplorer.plugins.filemanager.engine.MainFileManager.userLoadConfig(MainFileManager.java:340) ~[filemanager.jar:?]
	at com.st.microxplorer.plugins.filemanager.engine.MainFileManager.userLoadConfig(MainFileManager.java:318) ~[filemanager.jar:?]
	at com.st.microxplorer.plugins.filemanager.FileManagerView.getSpecificTask(FileManagerView.java:246) ~[filemanager.jar:?]
	at com.st.stm32cube.common.mx.editor.CubeMxEditor.getMxTabbedPaneInstance(CubeMxEditor.java:1198) ~[com.st.stm32cube.common.mx_6.13.0.202411220809/:?]
	at com.st.stm32cube.common.mx.editor.CubeMxEditor$12$1.createSwingComponent(CubeMxEditor.java:1068) ~[com.st.stm32cube.common.mx_6.13.0.202411220809/:?]
	at com.st.stm32cube.common.mx.oss.core.awtswtbridge.EmbeddedSwingComposite.doComponentCreation(EmbeddedSwingComposite.java:492) ~[com.st.stm32cube.common.mx.oss_6.13.0.202411220809/:?]
	at com.st.stm32cube.common.mx.oss.core.awtswtbridge.EmbeddedSwingComposite$4.run(EmbeddedSwingComposite.java:291) ~[com.st.stm32cube.common.mx.oss_6.13.0.202411220809/:?]
	at com.st.stm32cube.common.mx.oss.core.awtswtbridge.AwtEnvironment$2.run(AwtEnvironment.java:166) ~[com.st.stm32cube.common.mx.oss_6.13.0.202411220809/:?]
	at java.awt.event.InvocationEvent.dispatch(InvocationEvent.java:318) ~[?:?]
	at java.awt.EventQueue.dispatchEventImpl(EventQueue.java:773) ~[?:?]
	at java.awt.EventQueue$4.run(EventQueue.java:720) ~[?:?]
	at java.awt.EventQueue$4.run(EventQueue.java:714) ~[?:?]
	at java.security.AccessController.doPrivileged(AccessController.java:400) ~[?:?]
	at java.security.ProtectionDomain$JavaSecurityAccessImpl.doIntersectionPrivilege(ProtectionDomain.java:87) ~[?:?]
	at java.awt.EventQueue.dispatchEvent(EventQueue.java:742) ~[?:?]
	at java.awt.EventDispatchThread.pumpOneEventForFilters(EventDispatchThread.java:203) ~[?:?]
	at java.awt.EventDispatchThread.pumpEventsForFilter(EventDispatchThread.java:124) ~[?:?]
	at java.awt.EventDispatchThread.pumpEventsForHierarchy(EventDispatchThread.java:113) ~[?:?]
	at java.awt.EventDispatchThread.pumpEvents(EventDispatchThread.java:109) ~[?:?]
	at java.awt.EventDispatchThread.pumpEvents(EventDispatchThread.java:101) ~[?:?]
	at java.awt.EventDispatchThread.run(EventDispatchThread.java:90) ~[?:?]
2025-07-24 16:49:24,263 [WARN] ThirdParty:871 - waiting for thirdparty lock release [close project]
2025-07-24 16:49:24,263 [INFO] ThirdParty:873 - entering critical section [close project]
2025-07-24 16:49:24,264 [INFO] ThirdParty:883 - exiting critical section [close project]
2025-07-24 16:49:24,281 [INFO] PinOutPanel:1589 - setPackage(No Configuration,No Configuration)
2025-07-24 16:49:24,332 [INFO] UtilMem:75 - Begin LoadConfig() Used Memory: 739424288 Bytes (1073741824)
2025-07-24 16:49:24,333 [INFO] MicroXplorer:468 - Change Database Path : 
2025-07-24 16:49:24,335 [INFO] MicroXplorer:498 - Change Database Version : DB.6.0.130
2025-07-24 16:49:24,336 [INFO] OpenFileManager:332 - Change cursor
2025-07-24 16:49:24,415 [INFO] RulesReader:64 - Compatibility file has been processed (297 Rules)
2025-07-24 16:49:24,426 [INFO] Mcu:2035 - Initializing MCU STM32F103R(8-B)Tx STM32F103RBTx STM32F103RBT6
2025-07-24 16:49:26,334 [INFO] Context:748 - Trying to add GPIOservice into a context  which must be forbidden
2025-07-24 16:49:27,128 [INFO] RtosManager:555 - Registered RTOS mode: class=CMSIS, group=RTOS, mode=CMSIS_V1, owner=FREERTOS
2025-07-24 16:49:27,128 [INFO] RtosManager:555 - Registered RTOS mode: class=CMSIS, group=RTOS2, mode=CMSIS_V2, owner=FREERTOS
2025-07-24 16:49:27,128 [INFO] RtosManager:555 - Registered RTOS mode: class=RTOS, group=Core, mode=CMSIS_V1, owner=FREERTOS
2025-07-24 16:49:27,129 [INFO] RtosManager:555 - Registered RTOS mode: class=RTOS, group=Core, mode=CMSIS_V2, owner=FREERTOS
2025-07-24 16:49:27,129 [WARN] ModelIntegratedComponent:184 - Missing modes for component STMicroelectronics:FreeRTOS:0.0.1:STMicroelectronics:RTOS:FreeRTOS:Core:::10.2.0:
2025-07-24 16:49:27,151 [WARN] ModelIntegratedComponent:63 - No mode defined for component null
2025-07-24 16:49:27,151 [WARN] ModelIntegratedComponent:63 - No mode defined for component null
2025-07-24 16:49:27,151 [WARN] ModelIntegratedComponent:63 - No mode defined for component null
2025-07-24 16:49:27,151 [WARN] ModelIntegratedComponent:63 - No mode defined for component null
2025-07-24 16:49:27,151 [WARN] ModelIntegratedComponent:63 - No mode defined for component null
2025-07-24 16:49:27,152 [WARN] ModelIntegratedComponent:63 - No mode defined for component null
2025-07-24 16:49:27,152 [WARN] ModelIntegratedComponent:63 - No mode defined for component null
2025-07-24 16:49:27,152 [WARN] ModelIntegratedComponent:63 - No mode defined for component null
2025-07-24 16:49:27,152 [WARN] ModelIntegratedComponent:63 - No mode defined for component null
2025-07-24 16:49:27,152 [WARN] ModelIntegratedComponent:63 - No mode defined for component null
2025-07-24 16:49:27,152 [WARN] ModelIntegratedComponent:63 - No mode defined for component null
2025-07-24 16:49:27,152 [WARN] ModelIntegratedComponent:63 - No mode defined for component null
2025-07-24 16:49:27,153 [WARN] ModelIntegratedComponent:63 - No mode defined for component null
2025-07-24 16:49:27,153 [WARN] ModelIntegratedComponent:63 - No mode defined for component null
2025-07-24 16:49:27,153 [WARN] ModelIntegratedComponent:63 - No mode defined for component null
2025-07-24 16:49:27,153 [WARN] ModelIntegratedComponent:63 - No mode defined for component null
2025-07-24 16:49:27,153 [WARN] ModelIntegratedComponent:63 - No mode defined for component null
2025-07-24 16:49:27,153 [WARN] ModelIntegratedComponent:63 - No mode defined for component null
2025-07-24 16:49:27,153 [WARN] ModelIntegratedComponent:63 - No mode defined for component null
2025-07-24 16:49:27,153 [WARN] ModelIntegratedComponent:63 - No mode defined for component null
2025-07-24 16:49:27,154 [WARN] ModelIntegratedComponent:63 - No mode defined for component null
2025-07-24 16:49:27,154 [WARN] ModelIntegratedComponent:63 - No mode defined for component null
2025-07-24 16:49:27,158 [WARN] ModelIntegratedComponent:63 - No mode defined for component null
2025-07-24 16:49:27,159 [WARN] ModelIntegratedComponent:63 - No mode defined for component null
2025-07-24 16:49:27,159 [WARN] ModelIntegratedComponent:63 - No mode defined for component null
2025-07-24 16:49:27,159 [WARN] ModelIntegratedComponent:63 - No mode defined for component null
2025-07-24 16:49:27,159 [WARN] ModelIntegratedComponent:63 - No mode defined for component null
2025-07-24 16:49:27,160 [WARN] ModelIntegratedComponent:63 - No mode defined for component null
2025-07-24 16:49:27,160 [WARN] ModelIntegratedComponent:63 - No mode defined for component null
2025-07-24 16:49:27,160 [WARN] ModelIntegratedComponent:63 - No mode defined for component null
2025-07-24 16:49:27,160 [WARN] ModelIntegratedComponent:63 - No mode defined for component null
2025-07-24 16:49:27,160 [WARN] ModelIntegratedComponent:63 - No mode defined for component null
2025-07-24 16:49:27,160 [WARN] ModelIntegratedComponent:63 - No mode defined for component null
2025-07-24 16:49:27,161 [WARN] ModelIntegratedComponent:63 - No mode defined for component null
2025-07-24 16:49:27,161 [WARN] ModelIntegratedComponent:63 - No mode defined for component null
2025-07-24 16:49:27,161 [WARN] ModelPack:524 - Component already loaded: STMicroelectronics:HAL Drivers:0.0.0:STMicroelectronics:Device:STMicro_Driver:XSPI:HAL::0.0.1:HAL_XSPI
2025-07-24 16:49:27,410 [INFO] ThirdPartyModel:298 - Start build external matchings
2025-07-24 16:49:29,596 [INFO] ThirdPartyModel:316 - End build external matchings
2025-07-24 16:49:29,668 [INFO] ImportTextPane:218 - (OptionalMessage_ERROR) IP (RCC) : Parameter (ADCFreqValue) has invalid value (32000000)
2025-07-24 16:49:29,670 [INFO] ImportTextPane:218 - (OptionalMessage_ERROR) IP (RCC) : Invalid parameter (FamilyName)
2025-07-24 16:49:29,671 [INFO] ImportTextPane:218 - (OptionalMessage_ERROR) IP (RCC) : Parameter (MCOFreq_Value) has invalid value (64000000)
2025-07-24 16:49:29,675 [INFO] ImportTextPane:218 - (OptionalMessage_ERROR) IP (RCC) : Parameter (USBFreq_Value) has invalid value (64000000)
2025-07-24 16:49:30,117 [INFO] UtilMem:75 - End LoadConfig() Used Memory: 798521784 Bytes (1073741824)
2025-07-24 16:49:30,186 [WARN] ThirdParty:833 - waiting for thirdparty lock release [change project]
2025-07-24 16:49:30,187 [INFO] ThirdParty:835 - entering critical section [change project]
2025-07-24 16:49:30,187 [INFO] ThirdParty:1030 - CMSIS Pack Vendor :STMicroelectronics X-CUBE-PM33A1 1.0.0
2025-07-24 16:49:30,187 [INFO] ThirdParty:1030 - CMSIS Pack Vendor :STMicroelectronics USBPD 4.1
2025-07-24 16:49:30,187 [INFO] ThirdParty:1030 - CMSIS Pack Vendor :STMicroelectronics X-CUBE-AZRTOS-H7 3.3.0
2025-07-24 16:49:30,187 [INFO] ThirdParty:1030 - CMSIS Pack Vendor :STMicroelectronics X-CUBE-NFC9 1.0.0
2025-07-24 16:49:30,188 [INFO] ThirdParty:1030 - CMSIS Pack Vendor :STMicroelectronics USB_HOST 2.0.0
2025-07-24 16:49:30,188 [INFO] ThirdParty:1030 - CMSIS Pack Vendor :STMicroelectronics FP-SNS-MOTENVWB1 1.4.0
2025-07-24 16:49:30,188 [INFO] ThirdParty:1030 - CMSIS Pack Vendor :STMicroelectronics X-CUBE-AZRTOS-F4 1.1.0
2025-07-24 16:49:30,191 [INFO] ThirdParty:1030 - CMSIS Pack Vendor :STMicroelectronics LIBJPEG 8.0.0
2025-07-24 16:49:30,193 [INFO] ThirdParty:1030 - CMSIS Pack Vendor :STMicroelectronics FP-ATR-ASTRA1 2.0.2
2025-07-24 16:49:30,193 [INFO] ThirdParty:1030 - CMSIS Pack Vendor :STMicroelectronics X-CUBE-BLE1 7.1.0
2025-07-24 16:49:30,193 [INFO] ThirdParty:1030 - CMSIS Pack Vendor :Avnet-IotConnect X-CUBE-IoTC-DA16k-PMOD 1.0.0
2025-07-24 16:49:30,193 [INFO] ThirdParty:1030 - CMSIS Pack Vendor :STMicroelectronics X-CUBE-SMBUS 2.1.0
2025-07-24 16:49:30,193 [INFO] ThirdParty:1030 - CMSIS Pack Vendor :STMicroelectronics X-CUBE-WB05N 1.1.0
2025-07-24 16:49:30,194 [INFO] ThirdParty:1030 - CMSIS Pack Vendor :wolfSSL I-CUBE-wolfMQTT 1.19.2
2025-07-24 16:49:30,194 [INFO] ThirdParty:1030 - CMSIS Pack Vendor :STMicroelectronics USB_DEVICE 3.0.0
2025-07-24 16:49:30,194 [INFO] ThirdParty:1030 - CMSIS Pack Vendor :STMicroelectronics X-CUBE-ISPU 2.1.0
2025-07-24 16:49:30,194 [INFO] ThirdParty:1030 - CMSIS Pack Vendor :STMicroelectronics X-CUBE-EEPRMA1 5.2.0
2025-07-24 16:49:30,194 [INFO] ThirdParty:1030 - CMSIS Pack Vendor :STMicroelectronics X-CUBE-BLEMGR 4.1.0
2025-07-24 16:49:30,194 [INFO] ThirdParty:1030 - CMSIS Pack Vendor :STMicroelectronics X-CUBE-AZRTOS-WB 2.0.0
2025-07-24 16:49:30,195 [INFO] ThirdParty:1030 - CMSIS Pack Vendor :STMicroelectronics X-CUBE-ST60 1.0.0
2025-07-24 16:49:30,195 [INFO] ThirdParty:1030 - CMSIS Pack Vendor :STMicroelectronics X-CUBE-GNSS1 7.0.1
2025-07-24 16:49:30,195 [INFO] ThirdParty:1030 - CMSIS Pack Vendor :STMicroelectronics X-CUBE-NFC12 1.0.0
2025-07-24 16:49:30,195 [INFO] ThirdParty:1030 - CMSIS Pack Vendor :STMicroelectronics X-CUBE-AZRTOS-F7 1.1.0
2025-07-24 16:49:30,195 [INFO] ThirdParty:1030 - CMSIS Pack Vendor :STMicroelectronics X-CUBE-AZRTOS-L5 2.0.0
2025-07-24 16:49:30,195 [INFO] ThirdParty:1030 - CMSIS Pack Vendor :STMicroelectronics X-CUBE-TOUCHGFX 4.25.0
2025-07-24 16:49:30,195 [INFO] ThirdParty:1030 - CMSIS Pack Vendor :STMicroelectronics USB_DEVICE 2.0.0
2025-07-24 16:49:30,196 [INFO] ThirdParty:1030 - CMSIS Pack Vendor :STMicroelectronics X-CUBE-NFC6 3.1.0
2025-07-24 16:49:30,196 [INFO] ThirdParty:1030 - CMSIS Pack Vendor :STMicroelectronics X-CUBE-AI 10.1.0
2025-07-24 16:49:30,196 [INFO] ThirdParty:1030 - CMSIS Pack Vendor :STMicroelectronics FP-SNS-STBOX1 2.0.0
2025-07-24 16:49:30,196 [INFO] ThirdParty:1030 - CMSIS Pack Vendor :STMicroelectronics X-CUBE-MEMS1 11.2.0
2025-07-24 16:49:30,196 [INFO] ThirdParty:1030 - CMSIS Pack Vendor :STMicroelectronics FreeRTOS 0.0.1
2025-07-24 16:49:30,196 [INFO] ThirdParty:1030 - CMSIS Pack Vendor :STMicroelectronics X-CUBE-AZRTOS-G0 1.1.0
2025-07-24 16:49:30,196 [INFO] ThirdParty:1030 - CMSIS Pack Vendor :STMicroelectronics X-CUBE-SAFEA1 1.2.2
2025-07-24 16:49:30,197 [INFO] ThirdParty:1030 - CMSIS Pack Vendor :STMicroelectronics X-CUBE-NFC4 3.0.0
2025-07-24 16:49:30,197 [INFO] ThirdParty:1030 - CMSIS Pack Vendor :STMicroelectronics X-CUBE-DPower 1.2.0
2025-07-24 16:49:30,197 [INFO] ThirdParty:1030 - CMSIS Pack Vendor :STMicroelectronics X-CUBE-SUBG2 5.0.0
2025-07-24 16:49:30,197 [INFO] ThirdParty:1030 - CMSIS Pack Vendor :STMicroelectronics X-CUBE-AZRTOS-H7RS 1.1.0
2025-07-24 16:49:30,197 [INFO] ThirdParty:1030 - CMSIS Pack Vendor :STMicroelectronics STM32_WPAN 1.0.0
2025-07-24 16:49:30,198 [INFO] ThirdParty:1030 - CMSIS Pack Vendor :EmbeddedOffice I-CUBE-FS-RTOS 1.0.1
2025-07-24 16:49:30,198 [INFO] ThirdParty:1030 - CMSIS Pack Vendor :STMicroelectronics lwIP 2.0.3
2025-07-24 16:49:30,198 [INFO] ThirdParty:1030 - CMSIS Pack Vendor :Cesanta I-CUBE-Mongoose 7.13.0
2025-07-24 16:49:30,198 [INFO] ThirdParty:1030 - CMSIS Pack Vendor :STMicroelectronics USB_HOST 1.0.0
2025-07-24 16:49:30,198 [INFO] ThirdParty:1030 - CMSIS Pack Vendor :Infineon AIROC-Wi-Fi-Bluetooth-STM32 1.7.0
2025-07-24 16:49:30,198 [INFO] ThirdParty:1030 - CMSIS Pack Vendor :STMicroelectronics X-CUBE-AZRTOS-G4 2.0.0
2025-07-24 16:49:30,198 [INFO] ThirdParty:1030 - CMSIS Pack Vendor :STMicroelectronics X-CUBE-WB05N 2.0.0
2025-07-24 16:49:30,199 [INFO] ThirdParty:1030 - CMSIS Pack Vendor :STMicroelectronics PDM2PCM 3.1.0
2025-07-24 16:49:30,199 [INFO] ThirdParty:1030 - CMSIS Pack Vendor :STMicroelectronics PDM2PCM 3.3.0
2025-07-24 16:49:30,199 [INFO] ThirdParty:1030 - CMSIS Pack Vendor :wolfSSL I-CUBE-wolfTPM 3.8.0
2025-07-24 16:49:30,199 [INFO] ThirdParty:1030 - CMSIS Pack Vendor :STMicroelectronics X-CUBE-AZRTOS-H7 3.4.0
2025-07-24 16:49:30,199 [INFO] ThirdParty:1030 - CMSIS Pack Vendor :STMicroelectronics X-CUBE-DISPLAY 3.0.0
2025-07-24 16:49:30,199 [INFO] ThirdParty:1030 - CMSIS Pack Vendor :wolfSSL I-CUBE-wolfSSH 1.4.20
2025-07-24 16:49:30,200 [INFO] ThirdParty:1030 - CMSIS Pack Vendor :STMicroelectronics X-CUBE-NFC7 2.0.0
2025-07-24 16:49:30,200 [INFO] ThirdParty:1030 - CMSIS Pack Vendor :STMicroelectronics X-CUBE-TCPP 4.2.0
2025-07-24 16:49:30,200 [INFO] ThirdParty:1030 - CMSIS Pack Vendor :RealThread X-CUBE-RT-Thread_Nano 4.1.1
2025-07-24 16:49:30,200 [INFO] ThirdParty:1030 - CMSIS Pack Vendor :STMicroelectronics FP-ATR-SIGFOX1 3.2.0
2025-07-24 16:49:30,200 [INFO] ThirdParty:1030 - CMSIS Pack Vendor :STMicroelectronics X-CUBE-NFC10 1.0.0
2025-07-24 16:49:30,200 [INFO] ThirdParty:1030 - CMSIS Pack Vendor :STMicroelectronics X-CUBE-BLEMGR 4.0.0
2025-07-24 16:49:30,201 [INFO] ThirdParty:1030 - CMSIS Pack Vendor :STMicroelectronics X-CUBE-EEPRMA1 5.1.0
2025-07-24 16:49:30,201 [INFO] ThirdParty:1030 - CMSIS Pack Vendor :STMicroelectronics X-CUBE-FREERTOS 1.3.1
2025-07-24 16:49:30,201 [INFO] ThirdParty:1030 - CMSIS Pack Vendor :STMicroelectronics HAL Drivers 0.0.0
2025-07-24 16:49:30,201 [INFO] ThirdParty:1030 - CMSIS Pack Vendor :STMicroelectronics MBEDTLS 2.16.2
2025-07-24 16:49:30,201 [INFO] ThirdParty:1030 - CMSIS Pack Vendor :STMicroelectronics X-CUBE-IPS 3.1.0
2025-07-24 16:49:30,201 [INFO] ThirdParty:1030 - CMSIS Pack Vendor :STMicroelectronics X-CUBE-ALS 1.0.2
2025-07-24 16:49:30,201 [INFO] ThirdParty:1030 - CMSIS Pack Vendor :emotas I-CUBE-CANOPEN 1.3.0
2025-07-24 16:49:30,201 [INFO] ThirdParty:1030 - CMSIS Pack Vendor :STMicroelectronics X-CUBE-FREERTOS 1.3.0
2025-07-24 16:49:30,201 [INFO] ThirdParty:1030 - CMSIS Pack Vendor :STMicroelectronics X-CUBE-NFC7 1.0.1
2025-07-24 16:49:30,202 [INFO] ThirdParty:1030 - CMSIS Pack Vendor :STMicroelectronics MBEDTLS 2.14.1
2025-07-24 16:49:30,202 [INFO] ThirdParty:1030 - CMSIS Pack Vendor :wolfSSL I-CUBE-wolfSSL 5.7.6
2025-07-24 16:49:30,202 [INFO] ThirdParty:1030 - CMSIS Pack Vendor :ITTIA_DB I-CUBE-ITTIADB 8.9.0
2025-07-24 16:49:30,202 [INFO] ThirdParty:1030 - CMSIS Pack Vendor :portGmbH I-Cube-SoM-uGOAL 1.1.0
2025-07-24 16:49:30,202 [INFO] ThirdParty:1030 - CMSIS Pack Vendor :quantropi X-CUBE-qispace-sdk-base 2.0.0
2025-07-24 16:49:30,202 [INFO] ThirdParty:1030 - CMSIS Pack Vendor :STMicroelectronics X-CUBE-AI 10.0.0
2025-07-24 16:49:30,202 [INFO] ThirdParty:1030 - CMSIS Pack Vendor :STMicroelectronics X-CUBE-ST67W61 1.0.0
2025-07-24 16:49:30,202 [INFO] ThirdParty:1030 - CMSIS Pack Vendor :STMicroelectronics FP-SNS-STAIOTCFT 1.0.0
2025-07-24 16:49:30,203 [INFO] ThirdParty:1030 - CMSIS Pack Vendor :STMicroelectronics ThreadX 1.0.0
2025-07-24 16:49:30,203 [INFO] ThirdParty:1030 - CMSIS Pack Vendor :STMicroelectronics FP-SNS-SMARTAG2 1.2.0
2025-07-24 16:49:30,203 [INFO] ThirdParty:1030 - CMSIS Pack Vendor :STMicroelectronics FP-SNS-FLIGHT1 5.1.0
2025-07-24 16:49:30,203 [INFO] ThirdParty:1030 - CMSIS Pack Vendor :STMicroelectronics X-CUBE-MEMS1 11.1.0
2025-07-24 16:49:30,203 [INFO] ThirdParty:1030 - CMSIS Pack Vendor :STMicroelectronics X-CUBE-AZRTOS-WL 2.0.0
2025-07-24 16:49:30,203 [INFO] ThirdParty:1030 - CMSIS Pack Vendor :SEGGER I-CUBE-embOS 1.3.1
2025-07-24 16:49:30,203 [INFO] ThirdParty:1030 - CMSIS Pack Vendor :STMicroelectronics X-CUBE-ALGOBUILD 1.4.0
2025-07-24 16:49:30,203 [INFO] ThirdParty:1030 - CMSIS Pack Vendor :STMicroelectronics X-CUBE-DPower 1.3.0
2025-07-24 16:49:30,203 [INFO] ThirdParty:1030 - CMSIS Pack Vendor :STMicroelectronics X-CUBE-MEMS1 11.3.0
2025-07-24 16:49:30,203 [INFO] ThirdParty:1030 - CMSIS Pack Vendor :STMicroelectronics FP-SNS-MOTENV1 5.0.0
2025-07-24 16:49:30,203 [INFO] ThirdParty:1030 - CMSIS Pack Vendor :STMicroelectronics USB_DEVICE 1.0.0
2025-07-24 16:49:30,204 [INFO] ThirdParty:1030 - CMSIS Pack Vendor :STMicroelectronics X-CUBE-AZRTOS-L4 2.0.0
2025-07-24 16:49:30,204 [INFO] ThirdParty:1030 - CMSIS Pack Vendor :STMicroelectronics ThreadX 0.0.2
2025-07-24 16:49:30,204 [INFO] ThirdParty:1030 - CMSIS Pack Vendor :WES I-CUBE-Cesium 1.3.0
2025-07-24 16:49:30,204 [INFO] ThirdParty:1030 - CMSIS Pack Vendor :STMicroelectronics lwIP 2.1.2
2025-07-24 16:49:30,204 [INFO] ThirdParty:1030 - CMSIS Pack Vendor :STMicroelectronics X-CUBE-SFXS2LP1 4.0.0
2025-07-24 16:49:30,204 [INFO] ThirdParty:1030 - CMSIS Pack Vendor :STMicroelectronics X-CUBE-BLE2 3.3.0
2025-07-24 16:49:30,204 [INFO] ThirdParty:1030 - CMSIS Pack Vendor :STMicroelectronics X-CUBE-TOF1 3.4.2
2025-07-24 16:49:30,204 [INFO] ThirdParty:1030 - CMSIS Pack Vendor :STMicroelectronics X-CUBE-TOF1 3.4.3
2025-07-24 16:49:30,204 [INFO] ThirdParty:1030 - CMSIS Pack Vendor :STMicroelectronics PDM2PCM 3.2.0
2025-07-24 16:49:30,210 [INFO] ThirdParty:841 - exiting critical section [change project]
2025-07-24 16:49:30,783 [INFO] PinOutPanel:1589 - setPackage(No Configuration,No Configuration)
2025-07-24 16:49:30,786 [INFO] PinOutPanel:1589 - setPackage(STM32F103RBTx,LQFP64)
2025-07-24 16:49:31,819 [INFO] UtilMem:75 - Before build in PCC Used Memory: 875617936 Bytes (1073741824)
2025-07-24 16:49:32,508 [INFO] UtilMem:75 - After build in PCC Used Memory: 922248496 Bytes (1073741824)
2025-07-24 16:49:32,559 [INFO] IPUIPlugin:80 - create IPUIPlugin
2025-07-24 16:49:32,559 [INFO] IPUIPlugin:80 - create IPUIPlugin
2025-07-24 16:49:32,559 [INFO] IPUIPlugin:80 - create IPUIPlugin
2025-07-24 16:49:32,560 [INFO] IPUIPlugin:80 - create IPUIPlugin
2025-07-24 16:49:32,561 [INFO] IPUIPlugin:80 - create IPUIPlugin
2025-07-24 16:49:32,561 [INFO] IPUIPlugin:80 - create IPUIPlugin
2025-07-24 16:49:32,562 [INFO] IPUIPlugin:80 - create IPUIPlugin
2025-07-24 16:49:32,562 [INFO] IPUIPlugin:80 - create IPUIPlugin
2025-07-24 16:49:32,563 [INFO] IPUIPlugin:80 - create IPUIPlugin
2025-07-24 16:49:32,566 [INFO] IPUIPlugin:80 - create IPUIPlugin
2025-07-24 16:49:32,567 [INFO] IPUIPlugin:80 - create IPUIPlugin
2025-07-24 16:49:32,567 [INFO] IPUIPlugin:80 - create IPUIPlugin
2025-07-24 16:49:32,568 [INFO] IPUIPlugin:80 - create IPUIPlugin
2025-07-24 16:49:32,568 [INFO] IPUIPlugin:80 - create IPUIPlugin
2025-07-24 16:49:32,569 [INFO] IPUIPlugin:80 - create IPUIPlugin
2025-07-24 16:49:32,570 [INFO] IPUIPlugin:80 - create IPUIPlugin
2025-07-24 16:49:32,574 [INFO] IPUIPlugin:80 - create IPUIPlugin
2025-07-24 16:49:32,575 [INFO] IPUIPlugin:80 - create IPUIPlugin
2025-07-24 16:49:32,575 [INFO] IPUIPlugin:80 - create IPUIPlugin
2025-07-24 16:49:32,576 [INFO] IPUIPlugin:80 - create IPUIPlugin
2025-07-24 16:49:32,576 [INFO] IPUIPlugin:80 - create IPUIPlugin
2025-07-24 16:49:32,577 [INFO] IPUIPlugin:80 - create IPUIPlugin
2025-07-24 16:49:32,579 [INFO] IPUIPlugin:80 - create IPUIPlugin
2025-07-24 16:49:32,580 [INFO] IPUIPlugin:80 - create IPUIPlugin
2025-07-24 16:49:32,580 [INFO] IPUIPlugin:80 - create IPUIPlugin
2025-07-24 16:49:32,581 [INFO] IPUIPlugin:80 - create IPUIPlugin
2025-07-24 16:49:32,584 [INFO] IPUIPlugin:80 - create IPUIPlugin
2025-07-24 16:49:32,703 [INFO] CADModel:165 - CPN selected for project levelSTM32F103RBT6
2025-07-24 16:49:32,703 [INFO] CADModel:114 - Register for checkConnection events
2025-07-24 16:49:32,798 [INFO] OpenFileManager:363 - Restore cursor
2025-07-24 16:49:38,741 [INFO] Gpio:277 - dependency for GPIO [RCC, SYS, USART2]
2025-07-24 16:49:59,529 [INFO] MainUpdater:2872 - connection check result : 10
2025-07-24 16:49:59,529 [INFO] MainUpdater:2872 - connection check result : 10
2025-07-24 16:50:00,006 [INFO] MicroXplorer:468 - Change Database Path : 
2025-07-24 16:50:00,007 [INFO] MicroXplorer:498 - Change Database Version : DB.6.0.130
2025-07-24 16:50:00,046 [ERROR] ProjectManagerView:394 - 
java.lang.NullPointerException: Cannot invoke "javax.swing.JTextField.getText()" because the return value of "java.util.List.get(int)" is null
	at com.st.microxplorer.plugins.projectmanager.gui.ProjectChoiceTab$9.caretUpdate(ProjectChoiceTab.java:2616) ~[filemanager.jar:?]
	at javax.swing.text.JTextComponent.fireCaretUpdate(JTextComponent.java:408) ~[?:?]
	at javax.swing.text.JTextComponent$MutableCaretEvent.fire(JTextComponent.java:4484) ~[?:?]
	at javax.swing.text.JTextComponent$MutableCaretEvent.stateChanged(JTextComponent.java:4506) ~[?:?]
	at javax.swing.text.DefaultCaret.fireStateChanged(DefaultCaret.java:857) ~[?:?]
	at javax.swing.text.DefaultCaret.changeCaretPosition(DefaultCaret.java:1343) ~[?:?]
	at javax.swing.text.DefaultCaret.handleSetDot(DefaultCaret.java:1242) ~[?:?]
	at javax.swing.text.DefaultCaret.setDot(DefaultCaret.java:1223) ~[?:?]
	at javax.swing.text.DefaultCaret$Handler.insertUpdate(DefaultCaret.java:1819) ~[?:?]
	at javax.swing.text.AbstractDocument.fireInsertUpdate(AbstractDocument.java:227) ~[?:?]
	at javax.swing.text.AbstractDocument.handleInsertString(AbstractDocument.java:781) ~[?:?]
	at javax.swing.text.AbstractDocument.insertString(AbstractDocument.java:740) ~[?:?]
	at javax.swing.text.PlainDocument.insertString(PlainDocument.java:131) ~[?:?]
	at javax.swing.text.AbstractDocument.replace(AbstractDocument.java:699) ~[?:?]
	at javax.swing.text.JTextComponent.setText(JTextComponent.java:1725) ~[?:?]
	at com.st.microxplorer.plugins.projectmanager.gui.ProjectChoiceTab.createHeapStackFields(ProjectChoiceTab.java:975) ~[filemanager.jar:?]
	at com.st.microxplorer.plugins.projectmanager.gui.ProjectChoiceTab.buildLinkSettingsPanel(ProjectChoiceTab.java:3666) ~[filemanager.jar:?]
	at com.st.microxplorer.plugins.projectmanager.gui.ProjectChoiceTab.defineWindowsFields(ProjectChoiceTab.java:1934) ~[filemanager.jar:?]
	at com.st.microxplorer.plugins.projectmanager.gui.ProjectChoiceTab.updateSettings(ProjectChoiceTab.java:553) ~[filemanager.jar:?]
	at com.st.microxplorer.plugins.projectmanager.gui.ProjectSettingsPanel.UpdateDialog(ProjectSettingsPanel.java:245) ~[filemanager.jar:?]
	at com.st.microxplorer.plugins.projectmanager.ProjectManagerView.propertyChange(ProjectManagerView.java:391) ~[filemanager.jar:?]
	at java.beans.PropertyChangeSupport.fire(PropertyChangeSupport.java:343) ~[?:?]
	at java.beans.PropertyChangeSupport.firePropertyChange(PropertyChangeSupport.java:335) ~[?:?]
	at java.beans.PropertyChangeSupport.firePropertyChange(PropertyChangeSupport.java:268) ~[?:?]
	at com.st.microxplorer.util.MXPropertyChangeSupport.firePropertyChange(MXPropertyChangeSupport.java:54) ~[STM32CubeMX.jar:?]
	at com.st.microxplorer.mxsystem.MxSystem.closeConfig(MxSystem.java:899) ~[STM32CubeMX.jar:?]
	at com.st.microxplorer.maingui.MainPanel.closeConfig(MainPanel.java:789) ~[STM32CubeMX.jar:?]
	at com.st.microxplorer.plugins.filemanager.engine.OpenFileManager.loadConfigurationFile(OpenFileManager.java:265) ~[filemanager.jar:?]
	at com.st.microxplorer.plugins.filemanager.engine.MainFileManager.userLoadConfig(MainFileManager.java:340) ~[filemanager.jar:?]
	at com.st.microxplorer.plugins.filemanager.engine.MainFileManager.userLoadConfig(MainFileManager.java:318) ~[filemanager.jar:?]
	at com.st.microxplorer.plugins.filemanager.FileManagerView.getSpecificTask(FileManagerView.java:246) ~[filemanager.jar:?]
	at com.st.stm32cube.common.mx.editor.CubeMxEditor.getMxTabbedPaneInstance(CubeMxEditor.java:1198) ~[com.st.stm32cube.common.mx_6.13.0.202411220809/:?]
	at com.st.stm32cube.common.mx.editor.CubeMxEditor$12$1.createSwingComponent(CubeMxEditor.java:1068) ~[com.st.stm32cube.common.mx_6.13.0.202411220809/:?]
	at com.st.stm32cube.common.mx.oss.core.awtswtbridge.EmbeddedSwingComposite.doComponentCreation(EmbeddedSwingComposite.java:492) ~[com.st.stm32cube.common.mx.oss_6.13.0.202411220809/:?]
	at com.st.stm32cube.common.mx.oss.core.awtswtbridge.EmbeddedSwingComposite$4.run(EmbeddedSwingComposite.java:291) ~[com.st.stm32cube.common.mx.oss_6.13.0.202411220809/:?]
	at com.st.stm32cube.common.mx.oss.core.awtswtbridge.AwtEnvironment$2.run(AwtEnvironment.java:166) ~[com.st.stm32cube.common.mx.oss_6.13.0.202411220809/:?]
	at java.awt.event.InvocationEvent.dispatch(InvocationEvent.java:318) ~[?:?]
	at java.awt.EventQueue.dispatchEventImpl(EventQueue.java:773) ~[?:?]
	at java.awt.EventQueue$4.run(EventQueue.java:720) ~[?:?]
	at java.awt.EventQueue$4.run(EventQueue.java:714) ~[?:?]
	at java.security.AccessController.doPrivileged(AccessController.java:400) ~[?:?]
	at java.security.ProtectionDomain$JavaSecurityAccessImpl.doIntersectionPrivilege(ProtectionDomain.java:87) ~[?:?]
	at java.awt.EventQueue.dispatchEvent(EventQueue.java:742) ~[?:?]
	at java.awt.EventDispatchThread.pumpOneEventForFilters(EventDispatchThread.java:203) ~[?:?]
	at java.awt.EventDispatchThread.pumpEventsForFilter(EventDispatchThread.java:124) ~[?:?]
	at java.awt.EventDispatchThread.pumpEventsForHierarchy(EventDispatchThread.java:113) ~[?:?]
	at java.awt.EventDispatchThread.pumpEvents(EventDispatchThread.java:109) ~[?:?]
	at java.awt.EventDispatchThread.pumpEvents(EventDispatchThread.java:101) ~[?:?]
	at java.awt.EventDispatchThread.run(EventDispatchThread.java:90) ~[?:?]
2025-07-24 16:50:00,049 [WARN] ThirdParty:871 - waiting for thirdparty lock release [close project]
2025-07-24 16:50:00,049 [INFO] ThirdParty:873 - entering critical section [close project]
2025-07-24 16:50:00,049 [INFO] ThirdParty:883 - exiting critical section [close project]
2025-07-24 16:50:00,051 [INFO] PinOutPanel:1589 - setPackage(No Configuration,No Configuration)
2025-07-24 16:50:00,067 [INFO] UtilMem:75 - Begin LoadConfig() Used Memory: 996696600 Bytes (1073741824)
2025-07-24 16:50:00,069 [INFO] MicroXplorer:468 - Change Database Path : 
2025-07-24 16:50:00,069 [INFO] MicroXplorer:498 - Change Database Version : DB.6.0.130
2025-07-24 16:50:00,069 [INFO] OpenFileManager:332 - Change cursor
2025-07-24 16:50:00,089 [INFO] Mcu:2035 - Initializing MCU STM32F103R(8-B)Tx STM32F103RBTx STM32F103RBT6
2025-07-24 16:50:01,159 [INFO] Context:748 - Trying to add GPIOservice into a context  which must be forbidden
2025-07-24 16:50:01,635 [INFO] RtosManager:555 - Registered RTOS mode: class=CMSIS, group=RTOS, mode=CMSIS_V1, owner=FREERTOS
2025-07-24 16:50:01,635 [INFO] RtosManager:555 - Registered RTOS mode: class=CMSIS, group=RTOS2, mode=CMSIS_V2, owner=FREERTOS
2025-07-24 16:50:01,636 [INFO] RtosManager:555 - Registered RTOS mode: class=RTOS, group=Core, mode=CMSIS_V1, owner=FREERTOS
2025-07-24 16:50:01,636 [INFO] RtosManager:555 - Registered RTOS mode: class=RTOS, group=Core, mode=CMSIS_V2, owner=FREERTOS
2025-07-24 16:50:01,636 [WARN] ModelIntegratedComponent:184 - Missing modes for component STMicroelectronics:FreeRTOS:0.0.1:STMicroelectronics:RTOS:FreeRTOS:Core:::10.2.0:
2025-07-24 16:50:01,651 [WARN] ModelIntegratedComponent:63 - No mode defined for component null
2025-07-24 16:50:01,651 [WARN] ModelIntegratedComponent:63 - No mode defined for component null
2025-07-24 16:50:01,651 [WARN] ModelIntegratedComponent:63 - No mode defined for component null
2025-07-24 16:50:01,651 [WARN] ModelIntegratedComponent:63 - No mode defined for component null
2025-07-24 16:50:01,651 [WARN] ModelIntegratedComponent:63 - No mode defined for component null
2025-07-24 16:50:01,651 [WARN] ModelIntegratedComponent:63 - No mode defined for component null
2025-07-24 16:50:01,651 [WARN] ModelIntegratedComponent:63 - No mode defined for component null
2025-07-24 16:50:01,652 [WARN] ModelIntegratedComponent:63 - No mode defined for component null
2025-07-24 16:50:01,652 [WARN] ModelIntegratedComponent:63 - No mode defined for component null
2025-07-24 16:50:01,652 [WARN] ModelIntegratedComponent:63 - No mode defined for component null
2025-07-24 16:50:01,652 [WARN] ModelIntegratedComponent:63 - No mode defined for component null
2025-07-24 16:50:01,652 [WARN] ModelIntegratedComponent:63 - No mode defined for component null
2025-07-24 16:50:01,652 [WARN] ModelIntegratedComponent:63 - No mode defined for component null
2025-07-24 16:50:01,652 [WARN] ModelIntegratedComponent:63 - No mode defined for component null
2025-07-24 16:50:01,652 [WARN] ModelIntegratedComponent:63 - No mode defined for component null
2025-07-24 16:50:01,652 [WARN] ModelIntegratedComponent:63 - No mode defined for component null
2025-07-24 16:50:01,652 [WARN] ModelIntegratedComponent:63 - No mode defined for component null
2025-07-24 16:50:01,653 [WARN] ModelIntegratedComponent:63 - No mode defined for component null
2025-07-24 16:50:01,653 [WARN] ModelIntegratedComponent:63 - No mode defined for component null
2025-07-24 16:50:01,653 [WARN] ModelIntegratedComponent:63 - No mode defined for component null
2025-07-24 16:50:01,653 [WARN] ModelIntegratedComponent:63 - No mode defined for component null
2025-07-24 16:50:01,653 [WARN] ModelIntegratedComponent:63 - No mode defined for component null
2025-07-24 16:50:01,653 [WARN] ModelIntegratedComponent:63 - No mode defined for component null
2025-07-24 16:50:01,653 [WARN] ModelIntegratedComponent:63 - No mode defined for component null
2025-07-24 16:50:01,658 [WARN] ModelIntegratedComponent:63 - No mode defined for component null
2025-07-24 16:50:01,659 [WARN] ModelIntegratedComponent:63 - No mode defined for component null
2025-07-24 16:50:01,659 [WARN] ModelIntegratedComponent:63 - No mode defined for component null
2025-07-24 16:50:01,659 [WARN] ModelIntegratedComponent:63 - No mode defined for component null
2025-07-24 16:50:01,662 [WARN] ModelIntegratedComponent:63 - No mode defined for component null
2025-07-24 16:50:01,662 [WARN] ModelIntegratedComponent:63 - No mode defined for component null
2025-07-24 16:50:01,662 [WARN] ModelIntegratedComponent:63 - No mode defined for component null
2025-07-24 16:50:01,662 [WARN] ModelIntegratedComponent:63 - No mode defined for component null
2025-07-24 16:50:01,662 [WARN] ModelIntegratedComponent:63 - No mode defined for component null
2025-07-24 16:50:01,662 [WARN] ModelIntegratedComponent:63 - No mode defined for component null
2025-07-24 16:50:01,663 [WARN] ModelIntegratedComponent:63 - No mode defined for component null
2025-07-24 16:50:01,663 [WARN] ModelPack:524 - Component already loaded: STMicroelectronics:HAL Drivers:0.0.0:STMicroelectronics:Device:STMicro_Driver:XSPI:HAL::0.0.1:HAL_XSPI
2025-07-24 16:50:01,874 [INFO] ThirdPartyModel:298 - Start build external matchings
2025-07-24 16:50:03,200 [INFO] ThirdPartyModel:316 - End build external matchings
2025-07-24 16:50:03,245 [INFO] ImportTextPane:218 - (OptionalMessage_ERROR) IP (RCC) : Parameter (ADCFreqValue) has invalid value (32000000)
2025-07-24 16:50:03,245 [INFO] ImportTextPane:218 - (OptionalMessage_ERROR) IP (RCC) : Invalid parameter (FamilyName)
2025-07-24 16:50:03,245 [INFO] ImportTextPane:218 - (OptionalMessage_ERROR) IP (RCC) : Parameter (MCOFreq_Value) has invalid value (64000000)
2025-07-24 16:50:03,246 [INFO] ImportTextPane:218 - (OptionalMessage_ERROR) IP (RCC) : Parameter (USBFreq_Value) has invalid value (64000000)
2025-07-24 16:50:03,520 [INFO] UtilMem:75 - End LoadConfig() Used Memory: 818866120 Bytes (1073741824)
2025-07-24 16:50:03,579 [WARN] ThirdParty:833 - waiting for thirdparty lock release [change project]
2025-07-24 16:50:03,579 [INFO] ThirdParty:835 - entering critical section [change project]
2025-07-24 16:50:03,580 [INFO] ThirdParty:1030 - CMSIS Pack Vendor :STMicroelectronics X-CUBE-PM33A1 1.0.0
2025-07-24 16:50:03,580 [INFO] ThirdParty:1030 - CMSIS Pack Vendor :STMicroelectronics USBPD 4.1
2025-07-24 16:50:03,580 [INFO] ThirdParty:1030 - CMSIS Pack Vendor :STMicroelectronics X-CUBE-AZRTOS-H7 3.3.0
2025-07-24 16:50:03,580 [INFO] ThirdParty:1030 - CMSIS Pack Vendor :STMicroelectronics X-CUBE-NFC9 1.0.0
2025-07-24 16:50:03,580 [INFO] ThirdParty:1030 - CMSIS Pack Vendor :STMicroelectronics USB_HOST 2.0.0
2025-07-24 16:50:03,580 [INFO] ThirdParty:1030 - CMSIS Pack Vendor :STMicroelectronics FP-SNS-MOTENVWB1 1.4.0
2025-07-24 16:50:03,580 [INFO] ThirdParty:1030 - CMSIS Pack Vendor :STMicroelectronics X-CUBE-AZRTOS-F4 1.1.0
2025-07-24 16:50:03,580 [INFO] ThirdParty:1030 - CMSIS Pack Vendor :STMicroelectronics LIBJPEG 8.0.0
2025-07-24 16:50:03,580 [INFO] ThirdParty:1030 - CMSIS Pack Vendor :STMicroelectronics FP-ATR-ASTRA1 2.0.2
2025-07-24 16:50:03,580 [INFO] ThirdParty:1030 - CMSIS Pack Vendor :STMicroelectronics X-CUBE-BLE1 7.1.0
2025-07-24 16:50:03,580 [INFO] ThirdParty:1030 - CMSIS Pack Vendor :Avnet-IotConnect X-CUBE-IoTC-DA16k-PMOD 1.0.0
2025-07-24 16:50:03,580 [INFO] ThirdParty:1030 - CMSIS Pack Vendor :STMicroelectronics X-CUBE-SMBUS 2.1.0
2025-07-24 16:50:03,580 [INFO] ThirdParty:1030 - CMSIS Pack Vendor :STMicroelectronics X-CUBE-WB05N 1.1.0
2025-07-24 16:50:03,580 [INFO] ThirdParty:1030 - CMSIS Pack Vendor :wolfSSL I-CUBE-wolfMQTT 1.19.2
2025-07-24 16:50:03,580 [INFO] ThirdParty:1030 - CMSIS Pack Vendor :STMicroelectronics USB_DEVICE 3.0.0
2025-07-24 16:50:03,580 [INFO] ThirdParty:1030 - CMSIS Pack Vendor :STMicroelectronics X-CUBE-ISPU 2.1.0
2025-07-24 16:50:03,580 [INFO] ThirdParty:1030 - CMSIS Pack Vendor :STMicroelectronics X-CUBE-EEPRMA1 5.2.0
2025-07-24 16:50:03,580 [INFO] ThirdParty:1030 - CMSIS Pack Vendor :STMicroelectronics X-CUBE-BLEMGR 4.1.0
2025-07-24 16:50:03,580 [INFO] ThirdParty:1030 - CMSIS Pack Vendor :STMicroelectronics X-CUBE-AZRTOS-WB 2.0.0
2025-07-24 16:50:03,580 [INFO] ThirdParty:1030 - CMSIS Pack Vendor :STMicroelectronics X-CUBE-ST60 1.0.0
2025-07-24 16:50:03,580 [INFO] ThirdParty:1030 - CMSIS Pack Vendor :STMicroelectronics X-CUBE-GNSS1 7.0.1
2025-07-24 16:50:03,580 [INFO] ThirdParty:1030 - CMSIS Pack Vendor :STMicroelectronics X-CUBE-NFC12 1.0.0
2025-07-24 16:50:03,580 [INFO] ThirdParty:1030 - CMSIS Pack Vendor :STMicroelectronics X-CUBE-AZRTOS-F7 1.1.0
2025-07-24 16:50:03,580 [INFO] ThirdParty:1030 - CMSIS Pack Vendor :STMicroelectronics X-CUBE-AZRTOS-L5 2.0.0
2025-07-24 16:50:03,581 [INFO] ThirdParty:1030 - CMSIS Pack Vendor :STMicroelectronics X-CUBE-TOUCHGFX 4.25.0
2025-07-24 16:50:03,581 [INFO] ThirdParty:1030 - CMSIS Pack Vendor :STMicroelectronics USB_DEVICE 2.0.0
2025-07-24 16:50:03,581 [INFO] ThirdParty:1030 - CMSIS Pack Vendor :STMicroelectronics X-CUBE-NFC6 3.1.0
2025-07-24 16:50:03,581 [INFO] ThirdParty:1030 - CMSIS Pack Vendor :STMicroelectronics X-CUBE-AI 10.1.0
2025-07-24 16:50:03,581 [INFO] ThirdParty:1030 - CMSIS Pack Vendor :STMicroelectronics FP-SNS-STBOX1 2.0.0
2025-07-24 16:50:03,581 [INFO] ThirdParty:1030 - CMSIS Pack Vendor :STMicroelectronics X-CUBE-MEMS1 11.2.0
2025-07-24 16:50:03,581 [INFO] ThirdParty:1030 - CMSIS Pack Vendor :STMicroelectronics FreeRTOS 0.0.1
2025-07-24 16:50:03,581 [INFO] ThirdParty:1030 - CMSIS Pack Vendor :STMicroelectronics X-CUBE-AZRTOS-G0 1.1.0
2025-07-24 16:50:03,581 [INFO] ThirdParty:1030 - CMSIS Pack Vendor :STMicroelectronics X-CUBE-SAFEA1 1.2.2
2025-07-24 16:50:03,582 [INFO] ThirdParty:1030 - CMSIS Pack Vendor :STMicroelectronics X-CUBE-NFC4 3.0.0
2025-07-24 16:50:03,582 [INFO] ThirdParty:1030 - CMSIS Pack Vendor :STMicroelectronics X-CUBE-DPower 1.2.0
2025-07-24 16:50:03,582 [INFO] ThirdParty:1030 - CMSIS Pack Vendor :STMicroelectronics X-CUBE-SUBG2 5.0.0
2025-07-24 16:50:03,582 [INFO] ThirdParty:1030 - CMSIS Pack Vendor :STMicroelectronics X-CUBE-AZRTOS-H7RS 1.1.0
2025-07-24 16:50:03,582 [INFO] ThirdParty:1030 - CMSIS Pack Vendor :STMicroelectronics STM32_WPAN 1.0.0
2025-07-24 16:50:03,582 [INFO] ThirdParty:1030 - CMSIS Pack Vendor :EmbeddedOffice I-CUBE-FS-RTOS 1.0.1
2025-07-24 16:50:03,582 [INFO] ThirdParty:1030 - CMSIS Pack Vendor :STMicroelectronics lwIP 2.0.3
2025-07-24 16:50:03,582 [INFO] ThirdParty:1030 - CMSIS Pack Vendor :Cesanta I-CUBE-Mongoose 7.13.0
2025-07-24 16:50:03,582 [INFO] ThirdParty:1030 - CMSIS Pack Vendor :STMicroelectronics USB_HOST 1.0.0
2025-07-24 16:50:03,582 [INFO] ThirdParty:1030 - CMSIS Pack Vendor :Infineon AIROC-Wi-Fi-Bluetooth-STM32 1.7.0
2025-07-24 16:50:03,583 [INFO] ThirdParty:1030 - CMSIS Pack Vendor :STMicroelectronics X-CUBE-AZRTOS-G4 2.0.0
2025-07-24 16:50:03,583 [INFO] ThirdParty:1030 - CMSIS Pack Vendor :STMicroelectronics X-CUBE-WB05N 2.0.0
2025-07-24 16:50:03,583 [INFO] ThirdParty:1030 - CMSIS Pack Vendor :STMicroelectronics PDM2PCM 3.1.0
2025-07-24 16:50:03,583 [INFO] ThirdParty:1030 - CMSIS Pack Vendor :STMicroelectronics PDM2PCM 3.3.0
2025-07-24 16:50:03,583 [INFO] ThirdParty:1030 - CMSIS Pack Vendor :wolfSSL I-CUBE-wolfTPM 3.8.0
2025-07-24 16:50:03,583 [INFO] ThirdParty:1030 - CMSIS Pack Vendor :STMicroelectronics X-CUBE-AZRTOS-H7 3.4.0
2025-07-24 16:50:03,583 [INFO] ThirdParty:1030 - CMSIS Pack Vendor :STMicroelectronics X-CUBE-DISPLAY 3.0.0
2025-07-24 16:50:03,583 [INFO] ThirdParty:1030 - CMSIS Pack Vendor :wolfSSL I-CUBE-wolfSSH 1.4.20
2025-07-24 16:50:03,583 [INFO] ThirdParty:1030 - CMSIS Pack Vendor :STMicroelectronics X-CUBE-NFC7 2.0.0
2025-07-24 16:50:03,583 [INFO] ThirdParty:1030 - CMSIS Pack Vendor :STMicroelectronics X-CUBE-TCPP 4.2.0
2025-07-24 16:50:03,583 [INFO] ThirdParty:1030 - CMSIS Pack Vendor :RealThread X-CUBE-RT-Thread_Nano 4.1.1
2025-07-24 16:50:03,583 [INFO] ThirdParty:1030 - CMSIS Pack Vendor :STMicroelectronics FP-ATR-SIGFOX1 3.2.0
2025-07-24 16:50:03,583 [INFO] ThirdParty:1030 - CMSIS Pack Vendor :STMicroelectronics X-CUBE-NFC10 1.0.0
2025-07-24 16:50:03,583 [INFO] ThirdParty:1030 - CMSIS Pack Vendor :STMicroelectronics X-CUBE-BLEMGR 4.0.0
2025-07-24 16:50:03,583 [INFO] ThirdParty:1030 - CMSIS Pack Vendor :STMicroelectronics X-CUBE-EEPRMA1 5.1.0
2025-07-24 16:50:03,583 [INFO] ThirdParty:1030 - CMSIS Pack Vendor :STMicroelectronics X-CUBE-FREERTOS 1.3.1
2025-07-24 16:50:03,583 [INFO] ThirdParty:1030 - CMSIS Pack Vendor :STMicroelectronics HAL Drivers 0.0.0
2025-07-24 16:50:03,583 [INFO] ThirdParty:1030 - CMSIS Pack Vendor :STMicroelectronics MBEDTLS 2.16.2
2025-07-24 16:50:03,585 [INFO] ThirdParty:1030 - CMSIS Pack Vendor :STMicroelectronics X-CUBE-IPS 3.1.0
2025-07-24 16:50:03,585 [INFO] ThirdParty:1030 - CMSIS Pack Vendor :STMicroelectronics X-CUBE-ALS 1.0.2
2025-07-24 16:50:03,585 [INFO] ThirdParty:1030 - CMSIS Pack Vendor :emotas I-CUBE-CANOPEN 1.3.0
2025-07-24 16:50:03,585 [INFO] ThirdParty:1030 - CMSIS Pack Vendor :STMicroelectronics X-CUBE-FREERTOS 1.3.0
2025-07-24 16:50:03,585 [INFO] ThirdParty:1030 - CMSIS Pack Vendor :STMicroelectronics X-CUBE-NFC7 1.0.1
2025-07-24 16:50:03,585 [INFO] ThirdParty:1030 - CMSIS Pack Vendor :STMicroelectronics MBEDTLS 2.14.1
2025-07-24 16:50:03,585 [INFO] ThirdParty:1030 - CMSIS Pack Vendor :wolfSSL I-CUBE-wolfSSL 5.7.6
2025-07-24 16:50:03,585 [INFO] ThirdParty:1030 - CMSIS Pack Vendor :ITTIA_DB I-CUBE-ITTIADB 8.9.0
2025-07-24 16:50:03,585 [INFO] ThirdParty:1030 - CMSIS Pack Vendor :portGmbH I-Cube-SoM-uGOAL 1.1.0
2025-07-24 16:50:03,585 [INFO] ThirdParty:1030 - CMSIS Pack Vendor :quantropi X-CUBE-qispace-sdk-base 2.0.0
2025-07-24 16:50:03,585 [INFO] ThirdParty:1030 - CMSIS Pack Vendor :STMicroelectronics X-CUBE-AI 10.0.0
2025-07-24 16:50:03,585 [INFO] ThirdParty:1030 - CMSIS Pack Vendor :STMicroelectronics X-CUBE-ST67W61 1.0.0
2025-07-24 16:50:03,586 [INFO] ThirdParty:1030 - CMSIS Pack Vendor :STMicroelectronics FP-SNS-STAIOTCFT 1.0.0
2025-07-24 16:50:03,586 [INFO] ThirdParty:1030 - CMSIS Pack Vendor :STMicroelectronics ThreadX 1.0.0
2025-07-24 16:50:03,586 [INFO] ThirdParty:1030 - CMSIS Pack Vendor :STMicroelectronics FP-SNS-SMARTAG2 1.2.0
2025-07-24 16:50:03,586 [INFO] ThirdParty:1030 - CMSIS Pack Vendor :STMicroelectronics FP-SNS-FLIGHT1 5.1.0
2025-07-24 16:50:03,586 [INFO] ThirdParty:1030 - CMSIS Pack Vendor :STMicroelectronics X-CUBE-MEMS1 11.1.0
2025-07-24 16:50:03,586 [INFO] ThirdParty:1030 - CMSIS Pack Vendor :STMicroelectronics X-CUBE-AZRTOS-WL 2.0.0
2025-07-24 16:50:03,586 [INFO] ThirdParty:1030 - CMSIS Pack Vendor :SEGGER I-CUBE-embOS 1.3.1
2025-07-24 16:50:03,586 [INFO] ThirdParty:1030 - CMSIS Pack Vendor :STMicroelectronics X-CUBE-ALGOBUILD 1.4.0
2025-07-24 16:50:03,586 [INFO] ThirdParty:1030 - CMSIS Pack Vendor :STMicroelectronics X-CUBE-DPower 1.3.0
2025-07-24 16:50:03,586 [INFO] ThirdParty:1030 - CMSIS Pack Vendor :STMicroelectronics X-CUBE-MEMS1 11.3.0
2025-07-24 16:50:03,586 [INFO] ThirdParty:1030 - CMSIS Pack Vendor :STMicroelectronics FP-SNS-MOTENV1 5.0.0
2025-07-24 16:50:03,587 [INFO] ThirdParty:1030 - CMSIS Pack Vendor :STMicroelectronics USB_DEVICE 1.0.0
2025-07-24 16:50:03,588 [INFO] ThirdParty:1030 - CMSIS Pack Vendor :STMicroelectronics X-CUBE-AZRTOS-L4 2.0.0
2025-07-24 16:50:03,589 [INFO] ThirdParty:1030 - CMSIS Pack Vendor :STMicroelectronics ThreadX 0.0.2
2025-07-24 16:50:03,589 [INFO] ThirdParty:1030 - CMSIS Pack Vendor :WES I-CUBE-Cesium 1.3.0
2025-07-24 16:50:03,589 [INFO] ThirdParty:1030 - CMSIS Pack Vendor :STMicroelectronics lwIP 2.1.2
2025-07-24 16:50:03,589 [INFO] ThirdParty:1030 - CMSIS Pack Vendor :STMicroelectronics X-CUBE-SFXS2LP1 4.0.0
2025-07-24 16:50:03,589 [INFO] ThirdParty:1030 - CMSIS Pack Vendor :STMicroelectronics X-CUBE-BLE2 3.3.0
2025-07-24 16:50:03,589 [INFO] ThirdParty:1030 - CMSIS Pack Vendor :STMicroelectronics X-CUBE-TOF1 3.4.2
2025-07-24 16:50:03,589 [INFO] ThirdParty:1030 - CMSIS Pack Vendor :STMicroelectronics X-CUBE-TOF1 3.4.3
2025-07-24 16:50:03,589 [INFO] ThirdParty:1030 - CMSIS Pack Vendor :STMicroelectronics PDM2PCM 3.2.0
2025-07-24 16:50:03,589 [INFO] ThirdParty:841 - exiting critical section [change project]
2025-07-24 16:50:03,814 [INFO] PinOutPanel:1589 - setPackage(No Configuration,No Configuration)
2025-07-24 16:50:03,815 [INFO] PinOutPanel:1589 - setPackage(STM32F103RBTx,LQFP64)
2025-07-24 16:50:04,233 [INFO] UtilMem:75 - Before build in PCC Used Memory: 743340856 Bytes (1073741824)
2025-07-24 16:50:04,801 [INFO] UtilMem:75 - After build in PCC Used Memory: 785283896 Bytes (1073741824)
2025-07-24 16:50:04,868 [INFO] IPUIPlugin:80 - create IPUIPlugin
2025-07-24 16:50:04,881 [INFO] IPUIPlugin:80 - create IPUIPlugin
2025-07-24 16:50:04,882 [INFO] IPUIPlugin:80 - create IPUIPlugin
2025-07-24 16:50:04,885 [INFO] IPUIPlugin:80 - create IPUIPlugin
2025-07-24 16:50:04,885 [INFO] IPUIPlugin:80 - create IPUIPlugin
2025-07-24 16:50:04,892 [INFO] IPUIPlugin:80 - create IPUIPlugin
2025-07-24 16:50:04,893 [INFO] IPUIPlugin:80 - create IPUIPlugin
2025-07-24 16:50:04,894 [INFO] IPUIPlugin:80 - create IPUIPlugin
2025-07-24 16:50:04,894 [INFO] IPUIPlugin:80 - create IPUIPlugin
2025-07-24 16:50:04,894 [INFO] IPUIPlugin:80 - create IPUIPlugin
2025-07-24 16:50:04,894 [INFO] IPUIPlugin:80 - create IPUIPlugin
2025-07-24 16:50:04,895 [INFO] IPUIPlugin:80 - create IPUIPlugin
2025-07-24 16:50:04,895 [INFO] IPUIPlugin:80 - create IPUIPlugin
2025-07-24 16:50:04,895 [INFO] IPUIPlugin:80 - create IPUIPlugin
2025-07-24 16:50:04,895 [INFO] IPUIPlugin:80 - create IPUIPlugin
2025-07-24 16:50:04,896 [INFO] IPUIPlugin:80 - create IPUIPlugin
2025-07-24 16:50:04,896 [INFO] IPUIPlugin:80 - create IPUIPlugin
2025-07-24 16:50:04,896 [INFO] IPUIPlugin:80 - create IPUIPlugin
2025-07-24 16:50:04,896 [INFO] IPUIPlugin:80 - create IPUIPlugin
2025-07-24 16:50:04,897 [INFO] IPUIPlugin:80 - create IPUIPlugin
2025-07-24 16:50:04,897 [INFO] IPUIPlugin:80 - create IPUIPlugin
2025-07-24 16:50:04,898 [INFO] IPUIPlugin:80 - create IPUIPlugin
2025-07-24 16:50:04,898 [INFO] IPUIPlugin:80 - create IPUIPlugin
2025-07-24 16:50:04,898 [INFO] IPUIPlugin:80 - create IPUIPlugin
2025-07-24 16:50:04,899 [INFO] IPUIPlugin:80 - create IPUIPlugin
2025-07-24 16:50:04,899 [INFO] IPUIPlugin:80 - create IPUIPlugin
2025-07-24 16:50:04,900 [INFO] IPUIPlugin:80 - create IPUIPlugin
2025-07-24 16:50:05,026 [INFO] CADModel:165 - CPN selected for project levelSTM32F103RBT6
2025-07-24 16:50:05,026 [INFO] CADModel:114 - Register for checkConnection events
2025-07-24 16:50:05,134 [INFO] OpenFileManager:363 - Restore cursor
2025-07-24 16:50:13,993 [INFO] Gpio:277 - dependency for GPIO [RCC, SYS, USART2]
2025-07-24 16:50:36,614 [INFO] MainUpdater:2872 - connection check result : 10
2025-07-24 16:50:36,614 [INFO] MainUpdater:2872 - connection check result : 10
2025-07-24 16:50:36,852 [INFO] MicroXplorer:468 - Change Database Path : 
2025-07-24 16:50:36,853 [INFO] MicroXplorer:498 - Change Database Version : DB.6.0.130
2025-07-24 16:50:36,868 [ERROR] ProjectManagerView:394 - 
java.lang.NullPointerException: Cannot invoke "javax.swing.JTextField.getText()" because the return value of "java.util.List.get(int)" is null
	at com.st.microxplorer.plugins.projectmanager.gui.ProjectChoiceTab$9.caretUpdate(ProjectChoiceTab.java:2616) ~[filemanager.jar:?]
	at javax.swing.text.JTextComponent.fireCaretUpdate(JTextComponent.java:408) ~[?:?]
	at javax.swing.text.JTextComponent$MutableCaretEvent.fire(JTextComponent.java:4484) ~[?:?]
	at javax.swing.text.JTextComponent$MutableCaretEvent.stateChanged(JTextComponent.java:4506) ~[?:?]
	at javax.swing.text.DefaultCaret.fireStateChanged(DefaultCaret.java:857) ~[?:?]
	at javax.swing.text.DefaultCaret.changeCaretPosition(DefaultCaret.java:1343) ~[?:?]
	at javax.swing.text.DefaultCaret.handleSetDot(DefaultCaret.java:1242) ~[?:?]
	at javax.swing.text.DefaultCaret.setDot(DefaultCaret.java:1223) ~[?:?]
	at javax.swing.text.DefaultCaret$Handler.insertUpdate(DefaultCaret.java:1819) ~[?:?]
	at javax.swing.text.AbstractDocument.fireInsertUpdate(AbstractDocument.java:227) ~[?:?]
	at javax.swing.text.AbstractDocument.handleInsertString(AbstractDocument.java:781) ~[?:?]
	at javax.swing.text.AbstractDocument.insertString(AbstractDocument.java:740) ~[?:?]
	at javax.swing.text.PlainDocument.insertString(PlainDocument.java:131) ~[?:?]
	at javax.swing.text.AbstractDocument.replace(AbstractDocument.java:699) ~[?:?]
	at javax.swing.text.JTextComponent.setText(JTextComponent.java:1725) ~[?:?]
	at com.st.microxplorer.plugins.projectmanager.gui.ProjectChoiceTab.createHeapStackFields(ProjectChoiceTab.java:975) ~[filemanager.jar:?]
	at com.st.microxplorer.plugins.projectmanager.gui.ProjectChoiceTab.buildLinkSettingsPanel(ProjectChoiceTab.java:3666) ~[filemanager.jar:?]
	at com.st.microxplorer.plugins.projectmanager.gui.ProjectChoiceTab.defineWindowsFields(ProjectChoiceTab.java:1934) ~[filemanager.jar:?]
	at com.st.microxplorer.plugins.projectmanager.gui.ProjectChoiceTab.updateSettings(ProjectChoiceTab.java:553) ~[filemanager.jar:?]
	at com.st.microxplorer.plugins.projectmanager.gui.ProjectSettingsPanel.UpdateDialog(ProjectSettingsPanel.java:245) ~[filemanager.jar:?]
	at com.st.microxplorer.plugins.projectmanager.ProjectManagerView.propertyChange(ProjectManagerView.java:391) ~[filemanager.jar:?]
	at java.beans.PropertyChangeSupport.fire(PropertyChangeSupport.java:343) ~[?:?]
	at java.beans.PropertyChangeSupport.firePropertyChange(PropertyChangeSupport.java:335) ~[?:?]
	at java.beans.PropertyChangeSupport.firePropertyChange(PropertyChangeSupport.java:268) ~[?:?]
	at com.st.microxplorer.util.MXPropertyChangeSupport.firePropertyChange(MXPropertyChangeSupport.java:54) ~[STM32CubeMX.jar:?]
	at com.st.microxplorer.mxsystem.MxSystem.closeConfig(MxSystem.java:899) ~[STM32CubeMX.jar:?]
	at com.st.microxplorer.maingui.MainPanel.closeConfig(MainPanel.java:789) ~[STM32CubeMX.jar:?]
	at com.st.microxplorer.plugins.filemanager.engine.OpenFileManager.loadConfigurationFile(OpenFileManager.java:265) ~[filemanager.jar:?]
	at com.st.microxplorer.plugins.filemanager.engine.MainFileManager.userLoadConfig(MainFileManager.java:340) ~[filemanager.jar:?]
	at com.st.microxplorer.plugins.filemanager.engine.MainFileManager.userLoadConfig(MainFileManager.java:318) ~[filemanager.jar:?]
	at com.st.microxplorer.plugins.filemanager.FileManagerView.getSpecificTask(FileManagerView.java:246) ~[filemanager.jar:?]
	at com.st.stm32cube.common.mx.editor.CubeMxEditor.getMxTabbedPaneInstance(CubeMxEditor.java:1198) ~[com.st.stm32cube.common.mx_6.13.0.202411220809/:?]
	at com.st.stm32cube.common.mx.editor.CubeMxEditor$12$1.createSwingComponent(CubeMxEditor.java:1068) ~[com.st.stm32cube.common.mx_6.13.0.202411220809/:?]
	at com.st.stm32cube.common.mx.oss.core.awtswtbridge.EmbeddedSwingComposite.doComponentCreation(EmbeddedSwingComposite.java:492) ~[com.st.stm32cube.common.mx.oss_6.13.0.202411220809/:?]
	at com.st.stm32cube.common.mx.oss.core.awtswtbridge.EmbeddedSwingComposite$4.run(EmbeddedSwingComposite.java:291) ~[com.st.stm32cube.common.mx.oss_6.13.0.202411220809/:?]
	at com.st.stm32cube.common.mx.oss.core.awtswtbridge.AwtEnvironment$2.run(AwtEnvironment.java:166) ~[com.st.stm32cube.common.mx.oss_6.13.0.202411220809/:?]
	at java.awt.event.InvocationEvent.dispatch(InvocationEvent.java:318) ~[?:?]
	at java.awt.EventQueue.dispatchEventImpl(EventQueue.java:773) ~[?:?]
	at java.awt.EventQueue$4.run(EventQueue.java:720) ~[?:?]
	at java.awt.EventQueue$4.run(EventQueue.java:714) ~[?:?]
	at java.security.AccessController.doPrivileged(AccessController.java:400) ~[?:?]
	at java.security.ProtectionDomain$JavaSecurityAccessImpl.doIntersectionPrivilege(ProtectionDomain.java:87) ~[?:?]
	at java.awt.EventQueue.dispatchEvent(EventQueue.java:742) ~[?:?]
	at java.awt.EventDispatchThread.pumpOneEventForFilters(EventDispatchThread.java:203) ~[?:?]
	at java.awt.EventDispatchThread.pumpEventsForFilter(EventDispatchThread.java:124) ~[?:?]
	at java.awt.EventDispatchThread.pumpEventsForHierarchy(EventDispatchThread.java:113) ~[?:?]
	at java.awt.EventDispatchThread.pumpEvents(EventDispatchThread.java:109) ~[?:?]
	at java.awt.EventDispatchThread.pumpEvents(EventDispatchThread.java:101) ~[?:?]
	at java.awt.EventDispatchThread.run(EventDispatchThread.java:90) ~[?:?]
2025-07-24 16:50:36,874 [WARN] ThirdParty:871 - waiting for thirdparty lock release [close project]
2025-07-24 16:50:36,874 [INFO] ThirdParty:873 - entering critical section [close project]
2025-07-24 16:50:36,875 [INFO] ThirdParty:883 - exiting critical section [close project]
2025-07-24 16:50:36,879 [INFO] PinOutPanel:1589 - setPackage(No Configuration,No Configuration)
2025-07-24 16:50:36,889 [INFO] UtilMem:75 - Begin LoadConfig() Used Memory: 909140504 Bytes (1073741824)
2025-07-24 16:50:36,891 [INFO] MicroXplorer:468 - Change Database Path : 
2025-07-24 16:50:36,892 [INFO] MicroXplorer:498 - Change Database Version : DB.6.0.130
2025-07-24 16:50:36,892 [INFO] OpenFileManager:332 - Change cursor
2025-07-24 16:50:36,910 [INFO] Mcu:2035 - Initializing MCU STM32F103R(8-B)Tx STM32F103RBTx STM32F103RBT6
2025-07-24 16:50:38,204 [INFO] Context:748 - Trying to add GPIOservice into a context  which must be forbidden
2025-07-24 16:50:38,515 [INFO] RtosManager:555 - Registered RTOS mode: class=CMSIS, group=RTOS, mode=CMSIS_V1, owner=FREERTOS
2025-07-24 16:50:38,515 [INFO] RtosManager:555 - Registered RTOS mode: class=CMSIS, group=RTOS2, mode=CMSIS_V2, owner=FREERTOS
2025-07-24 16:50:38,515 [INFO] RtosManager:555 - Registered RTOS mode: class=RTOS, group=Core, mode=CMSIS_V1, owner=FREERTOS
2025-07-24 16:50:38,515 [INFO] RtosManager:555 - Registered RTOS mode: class=RTOS, group=Core, mode=CMSIS_V2, owner=FREERTOS
2025-07-24 16:50:38,515 [WARN] ModelIntegratedComponent:184 - Missing modes for component STMicroelectronics:FreeRTOS:0.0.1:STMicroelectronics:RTOS:FreeRTOS:Core:::10.2.0:
2025-07-24 16:50:38,527 [WARN] ModelIntegratedComponent:63 - No mode defined for component null
2025-07-24 16:50:38,527 [WARN] ModelIntegratedComponent:63 - No mode defined for component null
2025-07-24 16:50:38,527 [WARN] ModelIntegratedComponent:63 - No mode defined for component null
2025-07-24 16:50:38,527 [WARN] ModelIntegratedComponent:63 - No mode defined for component null
2025-07-24 16:50:38,527 [WARN] ModelIntegratedComponent:63 - No mode defined for component null
2025-07-24 16:50:38,527 [WARN] ModelIntegratedComponent:63 - No mode defined for component null
2025-07-24 16:50:38,527 [WARN] ModelIntegratedComponent:63 - No mode defined for component null
2025-07-24 16:50:38,527 [WARN] ModelIntegratedComponent:63 - No mode defined for component null
2025-07-24 16:50:38,527 [WARN] ModelIntegratedComponent:63 - No mode defined for component null
2025-07-24 16:50:38,527 [WARN] ModelIntegratedComponent:63 - No mode defined for component null
2025-07-24 16:50:38,527 [WARN] ModelIntegratedComponent:63 - No mode defined for component null
2025-07-24 16:50:38,527 [WARN] ModelIntegratedComponent:63 - No mode defined for component null
2025-07-24 16:50:38,527 [WARN] ModelIntegratedComponent:63 - No mode defined for component null
2025-07-24 16:50:38,527 [WARN] ModelIntegratedComponent:63 - No mode defined for component null
2025-07-24 16:50:38,527 [WARN] ModelIntegratedComponent:63 - No mode defined for component null
2025-07-24 16:50:38,527 [WARN] ModelIntegratedComponent:63 - No mode defined for component null
2025-07-24 16:50:38,527 [WARN] ModelIntegratedComponent:63 - No mode defined for component null
2025-07-24 16:50:38,528 [WARN] ModelIntegratedComponent:63 - No mode defined for component null
2025-07-24 16:50:38,528 [WARN] ModelIntegratedComponent:63 - No mode defined for component null
2025-07-24 16:50:38,528 [WARN] ModelIntegratedComponent:63 - No mode defined for component null
2025-07-24 16:50:38,528 [WARN] ModelIntegratedComponent:63 - No mode defined for component null
2025-07-24 16:50:38,528 [WARN] ModelIntegratedComponent:63 - No mode defined for component null
2025-07-24 16:50:38,528 [WARN] ModelIntegratedComponent:63 - No mode defined for component null
2025-07-24 16:50:38,528 [WARN] ModelIntegratedComponent:63 - No mode defined for component null
2025-07-24 16:50:38,528 [WARN] ModelIntegratedComponent:63 - No mode defined for component null
2025-07-24 16:50:38,528 [WARN] ModelIntegratedComponent:63 - No mode defined for component null
2025-07-24 16:50:38,528 [WARN] ModelIntegratedComponent:63 - No mode defined for component null
2025-07-24 16:50:38,528 [WARN] ModelIntegratedComponent:63 - No mode defined for component null
2025-07-24 16:50:38,528 [WARN] ModelIntegratedComponent:63 - No mode defined for component null
2025-07-24 16:50:38,528 [WARN] ModelIntegratedComponent:63 - No mode defined for component null
2025-07-24 16:50:38,528 [WARN] ModelIntegratedComponent:63 - No mode defined for component null
2025-07-24 16:50:38,528 [WARN] ModelIntegratedComponent:63 - No mode defined for component null
2025-07-24 16:50:38,528 [WARN] ModelIntegratedComponent:63 - No mode defined for component null
2025-07-24 16:50:38,528 [WARN] ModelIntegratedComponent:63 - No mode defined for component null
2025-07-24 16:50:38,528 [WARN] ModelIntegratedComponent:63 - No mode defined for component null
2025-07-24 16:50:38,529 [WARN] ModelPack:524 - Component already loaded: STMicroelectronics:HAL Drivers:0.0.0:STMicroelectronics:Device:STMicro_Driver:XSPI:HAL::0.0.1:HAL_XSPI
2025-07-24 16:50:38,822 [INFO] ThirdPartyModel:298 - Start build external matchings
2025-07-24 16:50:40,116 [INFO] ThirdPartyModel:316 - End build external matchings
2025-07-24 16:50:40,151 [INFO] ImportTextPane:218 - (OptionalMessage_ERROR) IP (RCC) : Parameter (ADCFreqValue) has invalid value (32000000)
2025-07-24 16:50:40,151 [INFO] ImportTextPane:218 - (OptionalMessage_ERROR) IP (RCC) : Invalid parameter (FamilyName)
2025-07-24 16:50:40,151 [INFO] ImportTextPane:218 - (OptionalMessage_ERROR) IP (RCC) : Parameter (MCOFreq_Value) has invalid value (64000000)
2025-07-24 16:50:40,151 [INFO] ImportTextPane:218 - (OptionalMessage_ERROR) IP (RCC) : Parameter (USBFreq_Value) has invalid value (64000000)
2025-07-24 16:50:40,630 [INFO] UtilMem:75 - End LoadConfig() Used Memory: 803279992 Bytes (1073741824)
2025-07-24 16:50:40,691 [WARN] ThirdParty:833 - waiting for thirdparty lock release [change project]
2025-07-24 16:50:40,691 [INFO] ThirdParty:835 - entering critical section [change project]
2025-07-24 16:50:40,691 [INFO] ThirdParty:1030 - CMSIS Pack Vendor :STMicroelectronics X-CUBE-PM33A1 1.0.0
2025-07-24 16:50:40,691 [INFO] ThirdParty:1030 - CMSIS Pack Vendor :STMicroelectronics USBPD 4.1
2025-07-24 16:50:40,691 [INFO] ThirdParty:1030 - CMSIS Pack Vendor :STMicroelectronics X-CUBE-AZRTOS-H7 3.3.0
2025-07-24 16:50:40,691 [INFO] ThirdParty:1030 - CMSIS Pack Vendor :STMicroelectronics X-CUBE-NFC9 1.0.0
2025-07-24 16:50:40,691 [INFO] ThirdParty:1030 - CMSIS Pack Vendor :STMicroelectronics USB_HOST 2.0.0
2025-07-24 16:50:40,691 [INFO] ThirdParty:1030 - CMSIS Pack Vendor :STMicroelectronics FP-SNS-MOTENVWB1 1.4.0
2025-07-24 16:50:40,691 [INFO] ThirdParty:1030 - CMSIS Pack Vendor :STMicroelectronics X-CUBE-AZRTOS-F4 1.1.0
2025-07-24 16:50:40,692 [INFO] ThirdParty:1030 - CMSIS Pack Vendor :STMicroelectronics LIBJPEG 8.0.0
2025-07-24 16:50:40,692 [INFO] ThirdParty:1030 - CMSIS Pack Vendor :STMicroelectronics FP-ATR-ASTRA1 2.0.2
2025-07-24 16:50:40,692 [INFO] ThirdParty:1030 - CMSIS Pack Vendor :STMicroelectronics X-CUBE-BLE1 7.1.0
2025-07-24 16:50:40,692 [INFO] ThirdParty:1030 - CMSIS Pack Vendor :Avnet-IotConnect X-CUBE-IoTC-DA16k-PMOD 1.0.0
2025-07-24 16:50:40,692 [INFO] ThirdParty:1030 - CMSIS Pack Vendor :STMicroelectronics X-CUBE-SMBUS 2.1.0
2025-07-24 16:50:40,692 [INFO] ThirdParty:1030 - CMSIS Pack Vendor :STMicroelectronics X-CUBE-WB05N 1.1.0
2025-07-24 16:50:40,692 [INFO] ThirdParty:1030 - CMSIS Pack Vendor :wolfSSL I-CUBE-wolfMQTT 1.19.2
2025-07-24 16:50:40,692 [INFO] ThirdParty:1030 - CMSIS Pack Vendor :STMicroelectronics USB_DEVICE 3.0.0
2025-07-24 16:50:40,692 [INFO] ThirdParty:1030 - CMSIS Pack Vendor :STMicroelectronics X-CUBE-ISPU 2.1.0
2025-07-24 16:50:40,692 [INFO] ThirdParty:1030 - CMSIS Pack Vendor :STMicroelectronics X-CUBE-EEPRMA1 5.2.0
2025-07-24 16:50:40,692 [INFO] ThirdParty:1030 - CMSIS Pack Vendor :STMicroelectronics X-CUBE-BLEMGR 4.1.0
2025-07-24 16:50:40,692 [INFO] ThirdParty:1030 - CMSIS Pack Vendor :STMicroelectronics X-CUBE-AZRTOS-WB 2.0.0
2025-07-24 16:50:40,692 [INFO] ThirdParty:1030 - CMSIS Pack Vendor :STMicroelectronics X-CUBE-ST60 1.0.0
2025-07-24 16:50:40,692 [INFO] ThirdParty:1030 - CMSIS Pack Vendor :STMicroelectronics X-CUBE-GNSS1 7.0.1
2025-07-24 16:50:40,693 [INFO] ThirdParty:1030 - CMSIS Pack Vendor :STMicroelectronics X-CUBE-NFC12 1.0.0
2025-07-24 16:50:40,693 [INFO] ThirdParty:1030 - CMSIS Pack Vendor :STMicroelectronics X-CUBE-AZRTOS-F7 1.1.0
2025-07-24 16:50:40,693 [INFO] ThirdParty:1030 - CMSIS Pack Vendor :STMicroelectronics X-CUBE-AZRTOS-L5 2.0.0
2025-07-24 16:50:40,693 [INFO] ThirdParty:1030 - CMSIS Pack Vendor :STMicroelectronics X-CUBE-TOUCHGFX 4.25.0
2025-07-24 16:50:40,693 [INFO] ThirdParty:1030 - CMSIS Pack Vendor :STMicroelectronics USB_DEVICE 2.0.0
2025-07-24 16:50:40,693 [INFO] ThirdParty:1030 - CMSIS Pack Vendor :STMicroelectronics X-CUBE-NFC6 3.1.0
2025-07-24 16:50:40,693 [INFO] ThirdParty:1030 - CMSIS Pack Vendor :STMicroelectronics X-CUBE-AI 10.1.0
2025-07-24 16:50:40,693 [INFO] ThirdParty:1030 - CMSIS Pack Vendor :STMicroelectronics FP-SNS-STBOX1 2.0.0
2025-07-24 16:50:40,693 [INFO] ThirdParty:1030 - CMSIS Pack Vendor :STMicroelectronics X-CUBE-MEMS1 11.2.0
2025-07-24 16:50:40,693 [INFO] ThirdParty:1030 - CMSIS Pack Vendor :STMicroelectronics FreeRTOS 0.0.1
2025-07-24 16:50:40,693 [INFO] ThirdParty:1030 - CMSIS Pack Vendor :STMicroelectronics X-CUBE-AZRTOS-G0 1.1.0
2025-07-24 16:50:40,693 [INFO] ThirdParty:1030 - CMSIS Pack Vendor :STMicroelectronics X-CUBE-SAFEA1 1.2.2
2025-07-24 16:50:40,694 [INFO] ThirdParty:1030 - CMSIS Pack Vendor :STMicroelectronics X-CUBE-NFC4 3.0.0
2025-07-24 16:50:40,694 [INFO] ThirdParty:1030 - CMSIS Pack Vendor :STMicroelectronics X-CUBE-DPower 1.2.0
2025-07-24 16:50:40,694 [INFO] ThirdParty:1030 - CMSIS Pack Vendor :STMicroelectronics X-CUBE-SUBG2 5.0.0
2025-07-24 16:50:40,694 [INFO] ThirdParty:1030 - CMSIS Pack Vendor :STMicroelectronics X-CUBE-AZRTOS-H7RS 1.1.0
2025-07-24 16:50:40,694 [INFO] ThirdParty:1030 - CMSIS Pack Vendor :STMicroelectronics STM32_WPAN 1.0.0
2025-07-24 16:50:40,694 [INFO] ThirdParty:1030 - CMSIS Pack Vendor :EmbeddedOffice I-CUBE-FS-RTOS 1.0.1
2025-07-24 16:50:40,694 [INFO] ThirdParty:1030 - CMSIS Pack Vendor :STMicroelectronics lwIP 2.0.3
2025-07-24 16:50:40,694 [INFO] ThirdParty:1030 - CMSIS Pack Vendor :Cesanta I-CUBE-Mongoose 7.13.0
2025-07-24 16:50:40,694 [INFO] ThirdParty:1030 - CMSIS Pack Vendor :STMicroelectronics USB_HOST 1.0.0
2025-07-24 16:50:40,694 [INFO] ThirdParty:1030 - CMSIS Pack Vendor :Infineon AIROC-Wi-Fi-Bluetooth-STM32 1.7.0
2025-07-24 16:50:40,694 [INFO] ThirdParty:1030 - CMSIS Pack Vendor :STMicroelectronics X-CUBE-AZRTOS-G4 2.0.0
2025-07-24 16:50:40,694 [INFO] ThirdParty:1030 - CMSIS Pack Vendor :STMicroelectronics X-CUBE-WB05N 2.0.0
2025-07-24 16:50:40,694 [INFO] ThirdParty:1030 - CMSIS Pack Vendor :STMicroelectronics PDM2PCM 3.1.0
2025-07-24 16:50:40,694 [INFO] ThirdParty:1030 - CMSIS Pack Vendor :STMicroelectronics PDM2PCM 3.3.0
2025-07-24 16:50:40,694 [INFO] ThirdParty:1030 - CMSIS Pack Vendor :wolfSSL I-CUBE-wolfTPM 3.8.0
2025-07-24 16:50:40,694 [INFO] ThirdParty:1030 - CMSIS Pack Vendor :STMicroelectronics X-CUBE-AZRTOS-H7 3.4.0
2025-07-24 16:50:40,695 [INFO] ThirdParty:1030 - CMSIS Pack Vendor :STMicroelectronics X-CUBE-DISPLAY 3.0.0
2025-07-24 16:50:40,695 [INFO] ThirdParty:1030 - CMSIS Pack Vendor :wolfSSL I-CUBE-wolfSSH 1.4.20
2025-07-24 16:50:40,695 [INFO] ThirdParty:1030 - CMSIS Pack Vendor :STMicroelectronics X-CUBE-NFC7 2.0.0
2025-07-24 16:50:40,695 [INFO] ThirdParty:1030 - CMSIS Pack Vendor :STMicroelectronics X-CUBE-TCPP 4.2.0
2025-07-24 16:50:40,695 [INFO] ThirdParty:1030 - CMSIS Pack Vendor :RealThread X-CUBE-RT-Thread_Nano 4.1.1
2025-07-24 16:50:40,695 [INFO] ThirdParty:1030 - CMSIS Pack Vendor :STMicroelectronics FP-ATR-SIGFOX1 3.2.0
2025-07-24 16:50:40,695 [INFO] ThirdParty:1030 - CMSIS Pack Vendor :STMicroelectronics X-CUBE-NFC10 1.0.0
2025-07-24 16:50:40,695 [INFO] ThirdParty:1030 - CMSIS Pack Vendor :STMicroelectronics X-CUBE-BLEMGR 4.0.0
2025-07-24 16:50:40,695 [INFO] ThirdParty:1030 - CMSIS Pack Vendor :STMicroelectronics X-CUBE-EEPRMA1 5.1.0
2025-07-24 16:50:40,695 [INFO] ThirdParty:1030 - CMSIS Pack Vendor :STMicroelectronics X-CUBE-FREERTOS 1.3.1
2025-07-24 16:50:40,695 [INFO] ThirdParty:1030 - CMSIS Pack Vendor :STMicroelectronics HAL Drivers 0.0.0
2025-07-24 16:50:40,695 [INFO] ThirdParty:1030 - CMSIS Pack Vendor :STMicroelectronics MBEDTLS 2.16.2
2025-07-24 16:50:40,695 [INFO] ThirdParty:1030 - CMSIS Pack Vendor :STMicroelectronics X-CUBE-IPS 3.1.0
2025-07-24 16:50:40,695 [INFO] ThirdParty:1030 - CMSIS Pack Vendor :STMicroelectronics X-CUBE-ALS 1.0.2
2025-07-24 16:50:40,696 [INFO] ThirdParty:1030 - CMSIS Pack Vendor :emotas I-CUBE-CANOPEN 1.3.0
2025-07-24 16:50:40,696 [INFO] ThirdParty:1030 - CMSIS Pack Vendor :STMicroelectronics X-CUBE-FREERTOS 1.3.0
2025-07-24 16:50:40,696 [INFO] ThirdParty:1030 - CMSIS Pack Vendor :STMicroelectronics X-CUBE-NFC7 1.0.1
2025-07-24 16:50:40,696 [INFO] ThirdParty:1030 - CMSIS Pack Vendor :STMicroelectronics MBEDTLS 2.14.1
2025-07-24 16:50:40,696 [INFO] ThirdParty:1030 - CMSIS Pack Vendor :wolfSSL I-CUBE-wolfSSL 5.7.6
2025-07-24 16:50:40,696 [INFO] ThirdParty:1030 - CMSIS Pack Vendor :ITTIA_DB I-CUBE-ITTIADB 8.9.0
2025-07-24 16:50:40,696 [INFO] ThirdParty:1030 - CMSIS Pack Vendor :portGmbH I-Cube-SoM-uGOAL 1.1.0
2025-07-24 16:50:40,696 [INFO] ThirdParty:1030 - CMSIS Pack Vendor :quantropi X-CUBE-qispace-sdk-base 2.0.0
2025-07-24 16:50:40,696 [INFO] ThirdParty:1030 - CMSIS Pack Vendor :STMicroelectronics X-CUBE-AI 10.0.0
2025-07-24 16:50:40,696 [INFO] ThirdParty:1030 - CMSIS Pack Vendor :STMicroelectronics X-CUBE-ST67W61 1.0.0
2025-07-24 16:50:40,697 [INFO] ThirdParty:1030 - CMSIS Pack Vendor :STMicroelectronics FP-SNS-STAIOTCFT 1.0.0
2025-07-24 16:50:40,697 [INFO] ThirdParty:1030 - CMSIS Pack Vendor :STMicroelectronics ThreadX 1.0.0
2025-07-24 16:50:40,697 [INFO] ThirdParty:1030 - CMSIS Pack Vendor :STMicroelectronics FP-SNS-SMARTAG2 1.2.0
2025-07-24 16:50:40,697 [INFO] ThirdParty:1030 - CMSIS Pack Vendor :STMicroelectronics FP-SNS-FLIGHT1 5.1.0
2025-07-24 16:50:40,697 [INFO] ThirdParty:1030 - CMSIS Pack Vendor :STMicroelectronics X-CUBE-MEMS1 11.1.0
2025-07-24 16:50:40,697 [INFO] ThirdParty:1030 - CMSIS Pack Vendor :STMicroelectronics X-CUBE-AZRTOS-WL 2.0.0
2025-07-24 16:50:40,697 [INFO] ThirdParty:1030 - CMSIS Pack Vendor :SEGGER I-CUBE-embOS 1.3.1
2025-07-24 16:50:40,697 [INFO] ThirdParty:1030 - CMSIS Pack Vendor :STMicroelectronics X-CUBE-ALGOBUILD 1.4.0
2025-07-24 16:50:40,697 [INFO] ThirdParty:1030 - CMSIS Pack Vendor :STMicroelectronics X-CUBE-DPower 1.3.0
2025-07-24 16:50:40,697 [INFO] ThirdParty:1030 - CMSIS Pack Vendor :STMicroelectronics X-CUBE-MEMS1 11.3.0
2025-07-24 16:50:40,697 [INFO] ThirdParty:1030 - CMSIS Pack Vendor :STMicroelectronics FP-SNS-MOTENV1 5.0.0
2025-07-24 16:50:40,697 [INFO] ThirdParty:1030 - CMSIS Pack Vendor :STMicroelectronics USB_DEVICE 1.0.0
2025-07-24 16:50:40,697 [INFO] ThirdParty:1030 - CMSIS Pack Vendor :STMicroelectronics X-CUBE-AZRTOS-L4 2.0.0
2025-07-24 16:50:40,697 [INFO] ThirdParty:1030 - CMSIS Pack Vendor :STMicroelectronics ThreadX 0.0.2
2025-07-24 16:50:40,697 [INFO] ThirdParty:1030 - CMSIS Pack Vendor :WES I-CUBE-Cesium 1.3.0
2025-07-24 16:50:40,697 [INFO] ThirdParty:1030 - CMSIS Pack Vendor :STMicroelectronics lwIP 2.1.2
2025-07-24 16:50:40,697 [INFO] ThirdParty:1030 - CMSIS Pack Vendor :STMicroelectronics X-CUBE-SFXS2LP1 4.0.0
2025-07-24 16:50:40,697 [INFO] ThirdParty:1030 - CMSIS Pack Vendor :STMicroelectronics X-CUBE-BLE2 3.3.0
2025-07-24 16:50:40,697 [INFO] ThirdParty:1030 - CMSIS Pack Vendor :STMicroelectronics X-CUBE-TOF1 3.4.2
2025-07-24 16:50:40,697 [INFO] ThirdParty:1030 - CMSIS Pack Vendor :STMicroelectronics X-CUBE-TOF1 3.4.3
2025-07-24 16:50:40,697 [INFO] ThirdParty:1030 - CMSIS Pack Vendor :STMicroelectronics PDM2PCM 3.2.0
2025-07-24 16:50:40,698 [INFO] ThirdParty:841 - exiting critical section [change project]
2025-07-24 16:50:40,921 [INFO] PinOutPanel:1589 - setPackage(No Configuration,No Configuration)
2025-07-24 16:50:40,923 [INFO] PinOutPanel:1589 - setPackage(STM32F103RBTx,LQFP64)
2025-07-24 16:50:41,304 [INFO] UtilMem:75 - Before build in PCC Used Memory: 878205464 Bytes (1073741824)
2025-07-24 16:50:41,681 [INFO] UtilMem:75 - After build in PCC Used Memory: 920148504 Bytes (1073741824)
2025-07-24 16:50:41,727 [INFO] IPUIPlugin:80 - create IPUIPlugin
2025-07-24 16:50:41,727 [INFO] IPUIPlugin:80 - create IPUIPlugin
2025-07-24 16:50:41,727 [INFO] IPUIPlugin:80 - create IPUIPlugin
2025-07-24 16:50:41,728 [INFO] IPUIPlugin:80 - create IPUIPlugin
2025-07-24 16:50:41,728 [INFO] IPUIPlugin:80 - create IPUIPlugin
2025-07-24 16:50:41,728 [INFO] IPUIPlugin:80 - create IPUIPlugin
2025-07-24 16:50:41,728 [INFO] IPUIPlugin:80 - create IPUIPlugin
2025-07-24 16:50:41,728 [INFO] IPUIPlugin:80 - create IPUIPlugin
2025-07-24 16:50:41,728 [INFO] IPUIPlugin:80 - create IPUIPlugin
2025-07-24 16:50:41,728 [INFO] IPUIPlugin:80 - create IPUIPlugin
2025-07-24 16:50:41,729 [INFO] IPUIPlugin:80 - create IPUIPlugin
2025-07-24 16:50:41,729 [INFO] IPUIPlugin:80 - create IPUIPlugin
2025-07-24 16:50:41,729 [INFO] IPUIPlugin:80 - create IPUIPlugin
2025-07-24 16:50:41,730 [INFO] IPUIPlugin:80 - create IPUIPlugin
2025-07-24 16:50:41,730 [INFO] IPUIPlugin:80 - create IPUIPlugin
2025-07-24 16:50:41,730 [INFO] IPUIPlugin:80 - create IPUIPlugin
2025-07-24 16:50:41,731 [INFO] IPUIPlugin:80 - create IPUIPlugin
2025-07-24 16:50:41,731 [INFO] IPUIPlugin:80 - create IPUIPlugin
2025-07-24 16:50:41,731 [INFO] IPUIPlugin:80 - create IPUIPlugin
2025-07-24 16:50:41,732 [INFO] IPUIPlugin:80 - create IPUIPlugin
2025-07-24 16:50:41,732 [INFO] IPUIPlugin:80 - create IPUIPlugin
2025-07-24 16:50:41,733 [INFO] IPUIPlugin:80 - create IPUIPlugin
2025-07-24 16:50:41,733 [INFO] IPUIPlugin:80 - create IPUIPlugin
2025-07-24 16:50:41,734 [INFO] IPUIPlugin:80 - create IPUIPlugin
2025-07-24 16:50:41,734 [INFO] IPUIPlugin:80 - create IPUIPlugin
2025-07-24 16:50:41,735 [INFO] IPUIPlugin:80 - create IPUIPlugin
2025-07-24 16:50:41,737 [INFO] IPUIPlugin:80 - create IPUIPlugin
2025-07-24 16:50:41,866 [INFO] CADModel:165 - CPN selected for project levelSTM32F103RBT6
2025-07-24 16:50:41,866 [INFO] CADModel:114 - Register for checkConnection events
2025-07-24 16:50:41,964 [INFO] OpenFileManager:363 - Restore cursor
2025-07-24 16:50:46,488 [INFO] Gpio:277 - dependency for GPIO [RCC, SYS, USART2]
2025-07-24 17:11:02,083 [ERROR] LogOutputStream:75 - [STDERR_REDIRECT] 
2025-07-24 17:11:02,094 [ERROR] LogOutputStream:75 - [STDERR_REDIRECT] 
