2025-07-28 09:55:58,979 [INFO] Activator:176 - 


2025-07-28 09:55:58,995 [INFO] Activator:177 - !SESSION log4j initialized
2025-07-28 09:56:17,687 [INFO] LogOutputStream:77 - [STDOUT_REDIRECT] 
2025-07-28 09:56:39,198 [INFO] ApplicationProperties:184 - Using Application install path: C:\ST\STM32CubeIDE_1.17.0\STM32CubeIDE\plugins\com.st.stm32cube.common.mx_6.13.0.202411220809
2025-07-28 09:56:39,252 [INFO] DbMcusXml:78 - Set database path to: C:\ST\STM32CubeIDE_1.17.0\STM32CubeIDE\plugins\com.st.stm32cube.common.mx_6.13.0.202411220809\\db\/mcu/
2025-07-28 09:56:39,253 [INFO] ApiDb:274 - Set plugin database path to: C:\ST\STM32CubeIDE_1.17.0\STM32CubeIDE\plugins\com.st.stm32cube.common.mx_6.13.0.202411220809\\db\/plugins/boardmanager/
2025-07-28 09:56:39,255 [WARN] ApiDb:259 - Overriding images path with different value:  => C:\ST\STM32CubeIDE_1.17.0\STM32CubeIDE\plugins\com.st.stm32cube.common.mx_6.13.0.202411220809\\db\/plugins/mcufinder/images/
2025-07-28 09:56:39,296 [INFO] ApiDb:250 - Set database path to: C:\Users\Santiago\.stmcufinder\plugins\mcufinder//mcu/
2025-07-28 09:56:39,299 [INFO] DbMcusAds:125 - Set database path to: C:\Users\Santiago\.stmcufinder\plugins\mcufinder//mcu/
2025-07-28 09:56:39,328 [INFO] CrossReferenceDbSqlite:203 - Set database path to: C:\Users\Santiago\.stmcufinder\plugins\mcufinder//mcu/cs/
2025-07-28 09:56:39,849 [INFO] RulesReader:64 - Compatibility file has been processed (297 Rules)
2025-07-28 09:56:40,623 [INFO] DbMcusXml:78 - Set database path to: C:\ST\STM32CubeIDE_1.17.0\STM32CubeIDE\plugins\com.st.stm32cube.common.mx_6.13.0.202411220809\\db\/mcu/
2025-07-28 09:56:40,627 [INFO] ApiDb:274 - Set plugin database path to: C:\ST\STM32CubeIDE_1.17.0\STM32CubeIDE\plugins\com.st.stm32cube.common.mx_6.13.0.202411220809\\db\/plugins/boardmanager/
2025-07-28 09:56:40,628 [INFO] ApiDb:261 - Set plugin images path to: C:\ST\STM32CubeIDE_1.17.0\STM32CubeIDE\plugins\com.st.stm32cube.common.mx_6.13.0.202411220809\\db\/plugins/mcufinder/images/
2025-07-28 09:56:40,629 [WARN] DbFile:41 - Overriding database path with different value: C:\Users\Santiago\.stmcufinder\plugins\mcufinder/ => C:\Users\Santiago\.stmcufinder\plugins\mcufinder
2025-07-28 09:56:40,629 [INFO] ApiDb:250 - Set database path to: C:\Users\Santiago\.stmcufinder\plugins\mcufinder//mcu/
2025-07-28 09:56:40,630 [WARN] DbFile:41 - Overriding database path with different value: C:\Users\Santiago\.stmcufinder\plugins\mcufinder/ => C:\Users\Santiago\.stmcufinder\plugins\mcufinder
2025-07-28 09:56:40,630 [INFO] DbMcusAds:125 - Set database path to: C:\Users\Santiago\.stmcufinder\plugins\mcufinder//mcu/
2025-07-28 09:56:40,630 [WARN] DbFile:41 - Overriding database path with different value: C:\Users\Santiago\.stmcufinder\plugins\mcufinder/ => C:\Users\Santiago\.stmcufinder\plugins\mcufinder
2025-07-28 09:56:40,631 [WARN] DbFile:41 - Overriding database path with different value: C:\Users\Santiago\.stmcufinder\plugins\mcufinder/ => C:\Users\Santiago\.stmcufinder\plugins\mcufinder
2025-07-28 09:56:40,631 [INFO] CrossReferenceDbSqlite:203 - Set database path to: C:\Users\Santiago\.stmcufinder\plugins\mcufinder//mcu/cs/
2025-07-28 09:56:41,214 [INFO] MainPanel:272 - HeapMemory: 268435456
2025-07-28 09:56:41,663 [INFO] DbMcusXml:78 - Set database path to: C:\ST\STM32CubeIDE_1.17.0\STM32CubeIDE\plugins\com.st.stm32cube.common.mx_6.13.0.202411220809\\db\/mcu/
2025-07-28 09:56:41,665 [INFO] ApiDb:274 - Set plugin database path to: C:\ST\STM32CubeIDE_1.17.0\STM32CubeIDE\plugins\com.st.stm32cube.common.mx_6.13.0.202411220809\\db\/plugins/boardmanager/
2025-07-28 09:56:41,666 [INFO] ApiDb:261 - Set plugin images path to: C:\ST\STM32CubeIDE_1.17.0\STM32CubeIDE\plugins\com.st.stm32cube.common.mx_6.13.0.202411220809\\db\/plugins/mcufinder/images/
2025-07-28 09:56:41,667 [WARN] DbFile:41 - Overriding database path with different value: C:\Users\Santiago\.stmcufinder\plugins\mcufinder/ => C:\Users\Santiago\.stmcufinder\plugins\mcufinder
2025-07-28 09:56:41,668 [INFO] ApiDb:250 - Set database path to: C:\Users\Santiago\.stmcufinder\plugins\mcufinder//mcu/
2025-07-28 09:56:41,668 [WARN] DbFile:41 - Overriding database path with different value: C:\Users\Santiago\.stmcufinder\plugins\mcufinder/ => C:\Users\Santiago\.stmcufinder\plugins\mcufinder
2025-07-28 09:56:41,669 [INFO] DbMcusAds:125 - Set database path to: C:\Users\Santiago\.stmcufinder\plugins\mcufinder//mcu/
2025-07-28 09:56:41,669 [WARN] DbFile:41 - Overriding database path with different value: C:\Users\Santiago\.stmcufinder\plugins\mcufinder/ => C:\Users\Santiago\.stmcufinder\plugins\mcufinder
2025-07-28 09:56:41,669 [WARN] DbFile:41 - Overriding database path with different value: C:\Users\Santiago\.stmcufinder\plugins\mcufinder/ => C:\Users\Santiago\.stmcufinder\plugins\mcufinder
2025-07-28 09:56:41,669 [INFO] CrossReferenceDbSqlite:203 - Set database path to: C:\Users\Santiago\.stmcufinder\plugins\mcufinder//mcu/cs/
2025-07-28 09:56:41,753 [INFO] ApplicationProperties:184 - Using Application install path: C:\ST\STM32CubeIDE_1.17.0\STM32CubeIDE\plugins\com.st.stm32cube.common.mx_6.13.0.202411220809
2025-07-28 09:56:41,766 [INFO] PluginManage:196 - Search for loadable plugins [exclusion list=, ]
2025-07-28 09:56:41,774 [INFO] PluginManage:310 - Check plugin analytics
2025-07-28 09:56:43,286 [INFO] AnalyticsPlugin:253 - Accepted Software Licenses: 
2025-07-28 09:56:43,288 [INFO] AnalyticsPlugin:255 - Accepted CMSIS Pack Licenses: 
2025-07-28 09:56:43,293 [INFO] AnalyticsPlugin:257 - Accepted Firmware Licenses: 
2025-07-28 09:56:43,305 [INFO] PluginManage:359 - Loaded plugin analytics (category:tool,tabindex:-1)
2025-07-28 09:56:43,306 [INFO] PluginManage:310 - Check plugin cadmodel
2025-07-28 09:56:43,374 [INFO] CADModel:105 - Init CAD model plugin
2025-07-28 09:56:43,377 [INFO] PluginManage:359 - Loaded plugin cadmodel (category:power,tabindex:5)
2025-07-28 09:56:43,378 [INFO] PluginManage:310 - Check plugin clock
2025-07-28 09:56:43,477 [INFO] PluginManage:359 - Loaded plugin clock (category:base,tabindex:2)
2025-07-28 09:56:43,477 [INFO] PluginManage:310 - Check plugin ddr
2025-07-28 09:56:43,487 [INFO] PluginManage:359 - Loaded plugin ddr (category:tool,tabindex:6)
2025-07-28 09:56:43,491 [INFO] PluginManage:310 - Check plugin filemanager
2025-07-28 09:56:44,103 [INFO] PluginManage:359 - Loaded plugin filemanager (category:base,tabindex:10)
2025-07-28 09:56:44,104 [INFO] PluginManage:310 - Check plugin ipmanager
2025-07-28 09:56:44,152 [INFO] PluginManage:359 - Loaded plugin ipmanager (category:base,tabindex:5)
2025-07-28 09:56:44,153 [INFO] PluginManage:310 - Check plugin lpbam
2025-07-28 09:56:44,233 [INFO] PluginManage:359 - Loaded plugin lpbam (category:base,tabindex:0)
2025-07-28 09:56:44,234 [INFO] PluginManage:310 - Check plugin memorymap
2025-07-28 09:56:44,329 [INFO] PluginManage:359 - Loaded plugin memorymap (category:base,tabindex:4)
2025-07-28 09:56:44,330 [INFO] PluginManage:310 - Check plugin pinoutandconfiguration
2025-07-28 09:56:44,401 [INFO] PluginManage:359 - Loaded plugin pinoutandconfiguration (category:base,tabindex:1)
2025-07-28 09:56:44,402 [INFO] PluginManage:310 - Check plugin pinoutconfig
2025-07-28 09:56:44,959 [WARN] SupportedApi:132 - Cannot load RTOS API schema: s4s-elt-must-match.1: The content of 'definitions' must match (annotation?, (simpleType | complexType)?, (unique | key | keyref)*)). A problem was found starting at: attribute.
2025-07-28 09:56:45,655 [INFO] PluginManage:359 - Loaded plugin pinoutconfig (category:base,tabindex:0)
2025-07-28 09:56:45,656 [INFO] PluginManage:310 - Check plugin power
2025-07-28 09:56:45,746 [INFO] PluginManage:359 - Loaded plugin power (category:power,tabindex:4)
2025-07-28 09:56:45,747 [INFO] PluginManage:310 - Check plugin projectmanager
2025-07-28 09:56:45,824 [INFO] PluginManage:359 - Loaded plugin projectmanager (category:projectmanager,tabindex:4)
2025-07-28 09:56:45,825 [INFO] PluginManage:310 - Check plugin rif
2025-07-28 09:56:45,901 [INFO] PluginManage:359 - Loaded plugin rif (category:base,tabindex:3)
2025-07-28 09:56:45,902 [INFO] PluginManage:310 - Check plugin thirdparty
2025-07-28 09:56:47,208 [WARN] IntegrityCheckThread:84 - waiting for thirdparty lock release [integrity check]
2025-07-28 09:56:47,209 [INFO] PluginManage:359 - Loaded plugin thirdparty (category:base,tabindex:-1)
2025-07-28 09:56:47,210 [INFO] IntegrityCheckThread:86 - entering critical section [integrity check]
2025-07-28 09:56:47,210 [INFO] PluginManage:310 - Check plugin tools
2025-07-28 09:56:47,211 [INFO] ThirdPartyUpdaterWithRetryManager:70 - Updater plugin not ready yet. [1/15]
2025-07-28 09:56:47,395 [INFO] PluginManage:359 - Loaded plugin tools (category:base,tabindex:7)
2025-07-28 09:56:47,396 [INFO] PluginManage:310 - Check plugin tutovideos
2025-07-28 09:56:48,069 [INFO] PluginManage:359 - Loaded plugin tutovideos (category:base,tabindex:-1)
2025-07-28 09:56:48,070 [INFO] PluginManage:310 - Check plugin updater
2025-07-28 09:56:48,162 [INFO] PluginManage:359 - Loaded plugin updater (category:base,tabindex:12)
2025-07-28 09:56:48,163 [INFO] PluginManage:310 - Check plugin userauth
2025-07-28 09:56:48,180 [INFO] UserAuth:118 - Init User Auth plugin
2025-07-28 09:56:48,184 [INFO] PluginManage:359 - Loaded plugin userauth (category:base,tabindex:14)
2025-07-28 09:56:48,186 [INFO] PluginManage:283 - PluginManage : Loaded plugins [18]
2025-07-28 09:56:49,033 [INFO] PinOutPanel:1589 - setPackage(No Configuration,No Configuration)
2025-07-28 09:56:49,381 [INFO] CADModel:165 - CPN selected for project level
2025-07-28 09:56:49,382 [INFO] CADModel:114 - Register for checkConnection events
2025-07-28 09:56:49,487 [INFO] IPUIPlugin:80 - create IPUIPlugin
2025-07-28 09:56:49,493 [INFO] PluginManager:220 - loadIPPluginJar : add adc
2025-07-28 09:56:49,726 [INFO] IPUIPlugin:80 - create IPUIPlugin
2025-07-28 09:56:49,727 [INFO] PluginManager:220 - loadIPPluginJar : add aes
2025-07-28 09:56:49,932 [INFO] IPUIPlugin:80 - create IPUIPlugin
2025-07-28 09:56:49,934 [INFO] PluginManager:220 - loadIPPluginJar : add can
2025-07-28 09:56:50,055 [INFO] IPUIPlugin:80 - create IPUIPlugin
2025-07-28 09:56:50,056 [INFO] PluginManager:220 - loadIPPluginJar : add comp
2025-07-28 09:56:50,213 [INFO] ThirdPartyUpdaterWithRetryManager:70 - Updater plugin not ready yet. [2/15]
2025-07-28 09:56:50,243 [INFO] IPUIPlugin:80 - create IPUIPlugin
2025-07-28 09:56:50,243 [INFO] PluginManager:220 - loadIPPluginJar : add cryp
2025-07-28 09:56:50,295 [INFO] IPUIPlugin:80 - create IPUIPlugin
2025-07-28 09:56:50,295 [INFO] PluginManager:220 - loadIPPluginJar : add ddr_ctrl_phy
2025-07-28 09:56:50,460 [INFO] IPUIPlugin:80 - create IPUIPlugin
2025-07-28 09:56:50,461 [INFO] PluginManager:220 - loadIPPluginJar : add dfsdm
2025-07-28 09:56:50,521 [INFO] IPUIPlugin:80 - create IPUIPlugin
2025-07-28 09:56:50,525 [INFO] PluginManager:220 - loadIPPluginJar : add dma
2025-07-28 09:56:50,760 [INFO] IPUIPlugin:80 - create IPUIPlugin
2025-07-28 09:56:50,760 [INFO] PluginManager:220 - loadIPPluginJar : add dma3
2025-07-28 09:56:50,944 [INFO] IPUIPlugin:80 - create IPUIPlugin
2025-07-28 09:56:50,944 [INFO] PluginManager:220 - loadIPPluginJar : add extmemmanager
2025-07-28 09:56:51,063 [INFO] IPUIPlugin:80 - create IPUIPlugin
2025-07-28 09:56:51,064 [INFO] PluginManager:220 - loadIPPluginJar : add fatfs
2025-07-28 09:56:51,290 [INFO] IPUIPlugin:80 - create IPUIPlugin
2025-07-28 09:56:51,291 [INFO] PluginManager:220 - loadIPPluginJar : add fmc
2025-07-28 09:56:51,350 [INFO] IPUIPlugin:80 - create IPUIPlugin
2025-07-28 09:56:51,351 [INFO] PluginManager:220 - loadIPPluginJar : add freertos
2025-07-28 09:56:51,470 [INFO] IPUIPlugin:80 - create IPUIPlugin
2025-07-28 09:56:51,471 [INFO] PluginManager:220 - loadIPPluginJar : add genericplugin
2025-07-28 09:56:51,994 [INFO] IPUIPlugin:80 - create IPUIPlugin
2025-07-28 09:56:51,995 [INFO] PluginManager:220 - loadIPPluginJar : add gfxmmu
2025-07-28 09:56:52,688 [INFO] IPUIPlugin:80 - create IPUIPlugin
2025-07-28 09:56:52,689 [INFO] PluginManager:220 - loadIPPluginJar : add gic
2025-07-28 09:56:52,743 [INFO] IPUIPlugin:80 - create IPUIPlugin
2025-07-28 09:56:52,744 [INFO] PluginManager:220 - loadIPPluginJar : add gpio
2025-07-28 09:56:53,134 [INFO] IPUIPlugin:80 - create IPUIPlugin
2025-07-28 09:56:53,135 [INFO] PluginManager:220 - loadIPPluginJar : add gtzc
2025-07-28 09:56:53,214 [INFO] ThirdPartyUpdaterWithRetryManager:70 - Updater plugin not ready yet. [3/15]
2025-07-28 09:56:53,309 [INFO] IPUIPlugin:80 - create IPUIPlugin
2025-07-28 09:56:53,310 [INFO] PluginManager:220 - loadIPPluginJar : add hash
2025-07-28 09:56:53,554 [INFO] IPUIPlugin:80 - create IPUIPlugin
2025-07-28 09:56:53,555 [INFO] PluginManager:220 - loadIPPluginJar : add i2c
2025-07-28 09:56:53,718 [INFO] IPUIPlugin:80 - create IPUIPlugin
2025-07-28 09:56:53,719 [INFO] PluginManager:220 - loadIPPluginJar : add i2s
2025-07-28 09:56:53,835 [INFO] IPUIPlugin:80 - create IPUIPlugin
2025-07-28 09:56:53,836 [INFO] PluginManager:220 - loadIPPluginJar : add i3c
2025-07-28 09:56:54,185 [INFO] IPUIPlugin:80 - create IPUIPlugin
2025-07-28 09:56:54,185 [INFO] PluginManager:220 - loadIPPluginJar : add ipddr
2025-07-28 09:56:54,497 [INFO] IPUIPlugin:80 - create IPUIPlugin
2025-07-28 09:56:54,497 [INFO] PluginManager:220 - loadIPPluginJar : add linkedlist
2025-07-28 09:56:54,633 [INFO] IPUIPlugin:80 - create IPUIPlugin
2025-07-28 09:56:54,633 [INFO] PluginManager:220 - loadIPPluginJar : add lorawan
2025-07-28 09:56:54,753 [INFO] IPUIPlugin:80 - create IPUIPlugin
2025-07-28 09:56:54,753 [INFO] PluginManager:220 - loadIPPluginJar : add ltdc
2025-07-28 09:56:54,790 [INFO] IPUIPlugin:80 - create IPUIPlugin
2025-07-28 09:56:54,790 [INFO] PluginManager:220 - loadIPPluginJar : add mdma
2025-07-28 09:56:54,827 [INFO] IPUIPlugin:80 - create IPUIPlugin
2025-07-28 09:56:54,828 [INFO] PluginManager:220 - loadIPPluginJar : add nvic
2025-07-28 09:56:54,975 [INFO] IPUIPlugin:80 - create IPUIPlugin
2025-07-28 09:56:54,975 [INFO] PluginManager:220 - loadIPPluginJar : add opamp
2025-07-28 09:56:55,211 [INFO] IPUIPlugin:80 - create IPUIPlugin
2025-07-28 09:56:55,211 [INFO] PluginManager:220 - loadIPPluginJar : add openamp
2025-07-28 09:56:55,351 [INFO] IPUIPlugin:80 - create IPUIPlugin
2025-07-28 09:56:55,351 [INFO] PluginManager:220 - loadIPPluginJar : add pdm2pcm
2025-07-28 09:56:55,391 [INFO] IPUIPlugin:80 - create IPUIPlugin
2025-07-28 09:56:55,398 [INFO] PluginManager:220 - loadIPPluginJar : add plateformsettings
2025-07-28 09:56:55,471 [INFO] IPUIPlugin:80 - create IPUIPlugin
2025-07-28 09:56:55,471 [INFO] PluginManager:220 - loadIPPluginJar : add quadspi
2025-07-28 09:56:55,560 [INFO] IPUIPlugin:80 - create IPUIPlugin
2025-07-28 09:56:55,562 [INFO] PluginManager:220 - loadIPPluginJar : add radio
2025-07-28 09:56:55,596 [INFO] IPUIPlugin:80 - create IPUIPlugin
2025-07-28 09:56:55,596 [INFO] PluginManager:220 - loadIPPluginJar : add resmgrutility
2025-07-28 09:56:55,719 [INFO] IPUIPlugin:80 - create IPUIPlugin
2025-07-28 09:56:55,719 [INFO] PluginManager:220 - loadIPPluginJar : add sai
2025-07-28 09:56:55,836 [INFO] IPUIPlugin:80 - create IPUIPlugin
2025-07-28 09:56:55,837 [INFO] PluginManager:220 - loadIPPluginJar : add spi
2025-07-28 09:56:56,021 [INFO] IPUIPlugin:80 - create IPUIPlugin
2025-07-28 09:56:56,021 [INFO] PluginManager:220 - loadIPPluginJar : add stm32_wpan
2025-07-28 09:56:56,108 [INFO] IPUIPlugin:80 - create IPUIPlugin
2025-07-28 09:56:56,109 [INFO] PluginManager:220 - loadIPPluginJar : add tim
2025-07-28 09:56:56,216 [INFO] ThirdPartyUpdaterWithRetryManager:70 - Updater plugin not ready yet. [4/15]
2025-07-28 09:56:56,319 [INFO] IPUIPlugin:80 - create IPUIPlugin
2025-07-28 09:56:56,319 [INFO] PluginManager:220 - loadIPPluginJar : add touchsensing
2025-07-28 09:56:56,406 [INFO] IPUIPlugin:80 - create IPUIPlugin
2025-07-28 09:56:56,407 [INFO] PluginManager:220 - loadIPPluginJar : add tracer_emb
2025-07-28 09:56:56,502 [INFO] IPUIPlugin:80 - create IPUIPlugin
2025-07-28 09:56:56,503 [INFO] PluginManager:220 - loadIPPluginJar : add ts
2025-07-28 09:56:56,593 [INFO] IPUIPlugin:80 - create IPUIPlugin
2025-07-28 09:56:56,594 [INFO] PluginManager:220 - loadIPPluginJar : add tsc
2025-07-28 09:56:56,665 [INFO] IPUIPlugin:80 - create IPUIPlugin
2025-07-28 09:56:56,666 [INFO] PluginManager:220 - loadIPPluginJar : add ucpd
2025-07-28 09:56:56,831 [INFO] IPUIPlugin:80 - create IPUIPlugin
2025-07-28 09:56:56,832 [INFO] PluginManager:220 - loadIPPluginJar : add usart
2025-07-28 09:56:56,971 [INFO] IPUIPlugin:80 - create IPUIPlugin
2025-07-28 09:56:56,972 [INFO] PluginManager:220 - loadIPPluginJar : add usbx
2025-07-28 09:56:57,214 [FATAL] Updater:351 - Updater called before beeing initialized
2025-07-28 09:56:57,306 [INFO] RulesReader:64 - Compatibility file has been processed (297 Rules)
2025-07-28 09:56:57,335 [INFO] RulesReader:64 - Compatibility file has been processed (297 Rules)
2025-07-28 09:56:57,365 [INFO] CADModel:165 - CPN selected for project level
2025-07-28 09:56:57,366 [INFO] CADModel:114 - Register for checkConnection events
2025-07-28 09:56:57,367 [FATAL] Updater:351 - Updater called before beeing initialized
2025-07-28 09:56:57,367 [ERROR] CADModel:125 - Updater not yet initialized, retry later 
2025-07-28 09:56:57,759 [FATAL] Updater:351 - Updater called before beeing initialized
2025-07-28 09:56:57,764 [INFO] CADModel:165 - CPN selected for project level
2025-07-28 09:56:57,765 [INFO] CADModel:114 - Register for checkConnection events
2025-07-28 09:56:57,765 [FATAL] Updater:351 - Updater called before beeing initialized
2025-07-28 09:56:57,765 [ERROR] CADModel:125 - Updater not yet initialized, retry later 
2025-07-28 09:56:57,772 [FATAL] Updater:351 - Updater called before beeing initialized
2025-07-28 09:56:58,155 [FATAL] Updater:351 - Updater called before beeing initialized
2025-07-28 09:56:58,188 [INFO] DbMcusAds:53 - JSON generation date=Tue Jul 08 05:14:23 ART 2025 (1751962463524)
2025-07-28 09:56:58,188 [FATAL] Updater:351 - Updater called before beeing initialized
2025-07-28 09:56:58,270 [WARN] DetailPanel:346 - Failed to get advertising image, set to default
2025-07-28 09:56:58,995 [FATAL] Updater:351 - Updater called before beeing initialized
2025-07-28 09:56:59,002 [FATAL] Updater:351 - Updater called before beeing initialized
2025-07-28 09:56:59,002 [FATAL] Updater:351 - Updater called before beeing initialized
2025-07-28 09:56:59,003 [WARN] DetailPanel:346 - Failed to get advertising image, set to default
2025-07-28 09:56:59,005 [FATAL] Updater:351 - Updater called before beeing initialized
2025-07-28 09:56:59,179 [ERROR] Updater:1198 - MainUpdater not yet initialized. External WinMGr cannot be set.
2025-07-28 09:56:59,210 [INFO] Updater:1134 - Updater Version found : 6.13.0
2025-07-28 09:56:59,217 [INFO] ThirdPartyUpdaterWithRetryManager:70 - Updater plugin not ready yet. [5/15]
2025-07-28 09:56:59,243 [INFO] ApplicationProperties:184 - Using Application install path: C:\ST\STM32CubeIDE_1.17.0\STM32CubeIDE\plugins\com.st.stm32cube.common.mx_6.13.0.202411220809
2025-07-28 09:57:00,885 [ERROR] LogOutputStream:75 - [STDERR_REDIRECT] Jul 28, 2025 9:57:00 AM java.util.prefs.WindowsPreferences <init>
2025-07-28 09:57:00,888 [ERROR] LogOutputStream:75 - [STDERR_REDIRECT] WARNING: Could not open/create prefs root node Software\JavaSoft\Prefs at root 0xffffffff80000002. Windows RegCreateKeyEx(...) returned error code 5.
2025-07-28 09:57:00,889 [ERROR] LogOutputStream:75 - [STDERR_REDIRECT] 
2025-07-28 09:57:02,219 [FATAL] Updater:351 - Updater called before beeing initialized
2025-07-28 09:57:02,220 [ERROR] IntegrityCheckThread:130 - Cannot retrieve database content from updater: error 21
2025-07-28 09:57:02,220 [INFO] ThirdParty:978 - Integrity check success = false
2025-07-28 09:57:02,221 [INFO] IntegrityCheckThread:100 - exiting critical section [integrity check]
2025-07-28 09:57:02,221 [INFO] IntegrityCheckThread:103 - End integrity checks thread
2025-07-28 09:57:02,440 [INFO] MainUpdater:2872 - connection check result : 10
2025-07-28 09:57:02,443 [INFO] MainUpdater:289 - Updater Check For Update Now.
2025-07-28 09:57:02,443 [INFO] MicroXplorer:498 - Change Database Version : DB.6.0.130
2025-07-28 09:57:02,565 [INFO] McuFinderGlobals:63 - Set McuFinder mode to 2 (CubeIDE integrated)
2025-07-28 09:57:02,627 [INFO] UserAuth:486 - Internet connection configuration mode: 1
2025-07-28 09:57:02,808 [INFO] JxBrowserEngine:152 - Initiate JxBrowser Engine with user profile folder
2025-07-28 09:57:03,047 [INFO] CheckServerUpdateThread:120 - End of CheckServer Thread
2025-07-28 09:57:06,386 [INFO] WebApp:168 - Instantiating new browser for Auth
2025-07-28 09:57:08,385 [INFO] WebApp:449 - Apply proxy settings
2025-07-28 09:57:08,387 [INFO] WebApp:534 - Chromium requires no authentication
2025-07-28 09:57:08,413 [INFO] WebApp:477 - Direct internet connection detected
2025-07-28 09:57:08,479 [INFO] WebApp:880 - Register for checkConnection events
2025-07-28 09:57:08,480 [INFO] WebApp:449 - Apply proxy settings
2025-07-28 09:57:08,480 [INFO] WebApp:534 - Chromium requires no authentication
2025-07-28 09:57:08,482 [INFO] WebApp:477 - Direct internet connection detected
2025-07-28 09:57:09,015 [INFO] WebApp:221 - Starting web application
2025-07-28 09:57:09,016 [INFO] WebApp:579 - Web application path used C:\ST\STM32CubeIDE_1.17.0\STM32CubeIDE\plugins\com.st.stm32cube.common.mx_6.13.0.202411220809\db\plugins\mcufinder\reactClient1\index.html
2025-07-28 09:57:09,037 [INFO] WebApp:187 - Connection restablished
2025-07-28 09:57:09,931 [INFO] UserAuth:486 - Internet connection configuration mode: 1
2025-07-28 12:35:19,171 [INFO] WebApp:190 - Connection lost
2025-07-28 12:35:19,368 [INFO] WebApp:187 - Connection restablished
2025-07-28 12:59:53,847 [INFO] McuFinderGlobals:63 - Set McuFinder mode to 2 (CubeIDE integrated)
2025-07-28 12:59:53,898 [INFO] MainUpdater:2872 - connection check result : 10
2025-07-28 12:59:53,910 [INFO] MainUpdater:2872 - connection check result : 10
2025-07-28 12:59:54,280 [INFO] MicroXplorer:468 - Change Database Path : 
2025-07-28 12:59:54,282 [INFO] MicroXplorer:498 - Change Database Version : DB.6.0.130
2025-07-28 12:59:54,292 [WARN] ThirdParty:871 - waiting for thirdparty lock release [close project]
2025-07-28 12:59:54,293 [INFO] ThirdParty:873 - entering critical section [close project]
2025-07-28 12:59:54,346 [INFO] ThirdParty:883 - exiting critical section [close project]
2025-07-28 12:59:54,359 [INFO] PinOutPanel:1589 - setPackage(No Configuration,No Configuration)
2025-07-28 12:59:54,378 [INFO] UtilMem:75 - Begin LoadConfig() Used Memory: 594322536 Bytes (1073741824)
2025-07-28 12:59:54,384 [INFO] MicroXplorer:468 - Change Database Path : 
2025-07-28 12:59:54,384 [INFO] MicroXplorer:498 - Change Database Version : DB.6.0.130
2025-07-28 12:59:54,385 [INFO] OpenFileManager:332 - Change cursor
2025-07-28 12:59:54,490 [WARN] IntegrityCheckThread:84 - waiting for thirdparty lock release [integrity check]
2025-07-28 12:59:54,490 [INFO] IntegrityCheckThread:86 - entering critical section [integrity check]
2025-07-28 12:59:56,286 [WARN] PackLoader:240 - Cannot read IP mode file for STMicroelectronics.FP-SNS-MOTENVWB1.1.4.0
2025-07-28 12:59:56,554 [WARN] PackLoader:240 - Cannot read IP mode file for STMicroelectronics.FP-ATR-ASTRA1.2.0.2
2025-07-28 12:59:56,687 [WARN] PackLoader:240 - Cannot read IP mode file for STMicroelectronics.X-CUBE-SMBUS.2.1.0
2025-07-28 12:59:56,942 [WARN] PackLoader:240 - Cannot read IP mode file for STMicroelectronics.X-CUBE-WB05N.1.1.0
2025-07-28 12:59:57,105 [WARN] PackLoader:240 - Cannot read IP mode file for STMicroelectronics.X-CUBE-ST60.1.0.0
2025-07-28 12:59:57,901 [WARN] PackLoader:240 - Cannot read IP mode file for STMicroelectronics.X-CUBE-AZRTOS-F7.1.1.0
2025-07-28 12:59:58,133 [WARN] PackLoader:240 - Cannot read IP mode file for Infineon.AIROC-Wi-Fi-Bluetooth-STM32.1.7.0
2025-07-28 12:59:58,343 [WARN] PackLoader:240 - Cannot read IP mode file for STMicroelectronics.X-CUBE-AZRTOS-H7.3.4.0
2025-07-28 12:59:58,471 [WARN] PackLoader:240 - Cannot read IP mode file for STMicroelectronics.X-CUBE-DISPLAY.3.0.0
2025-07-28 12:59:58,524 [WARN] PackLoader:240 - Cannot read IP mode file for STMicroelectronics.X-CUBE-NFC10.1.0.0
2025-07-28 12:59:58,577 [WARN] PackLoader:240 - Cannot read IP mode file for STMicroelectronics.X-CUBE-BLEMGR.4.0.0
2025-07-28 12:59:58,627 [WARN] PackLoader:240 - Cannot read IP mode file for emotas.I-CUBE-CANOPEN.1.3.0
2025-07-28 12:59:58,674 [WARN] ConditionMgr:438 - getConditionDescription Invalid condition id : Cortex-A Device cause : null
2025-07-28 12:59:58,810 [WARN] ConditionMgr:1044 - genDependencies : Invalid condition id : Cortex-A Device cause : null
2025-07-28 12:59:58,821 [WARN] ConditionMgr:1044 - genDependencies : Invalid condition id : Cortex-A Device cause : null
2025-07-28 12:59:58,821 [WARN] ConditionMgr:1044 - genDependencies : Invalid condition id : Cortex-A Device cause : null
2025-07-28 12:59:58,858 [WARN] PackLoader:240 - Cannot read IP mode file for STMicroelectronics.X-CUBE-AI.10.0.0
2025-07-28 12:59:58,927 [WARN] PackLoader:240 - Cannot read IP mode file for STMicroelectronics.FP-SNS-SMARTAG2.1.2.0
2025-07-28 12:59:58,994 [WARN] PackLoader:240 - Cannot read IP mode file for STMicroelectronics.FP-SNS-FLIGHT1.5.1.0
2025-07-28 12:59:59,527 [WARN] PackLoader:240 - Cannot read IP mode file for STMicroelectronics.X-CUBE-MEMS1.11.1.0
2025-07-28 13:00:00,216 [INFO] LogOutputStream:77 - [STDOUT_REDIRECT] 1 : Invalid condition id : UX_CORESTACK_Condition cause : null
2025-07-28 13:00:00,217 [INFO] LogOutputStream:77 - [STDOUT_REDIRECT] 1 : Invalid condition id : UX_CORESTACK_Condition cause : null
2025-07-28 13:00:00,226 [INFO] LogOutputStream:77 - [STDOUT_REDIRECT] 1 : Invalid condition id : UX_CORESTACK_Condition cause : null
2025-07-28 13:00:00,233 [INFO] LogOutputStream:77 - [STDOUT_REDIRECT] 1 : Invalid condition id : UX_CORESTACK_Condition cause : null
2025-07-28 13:00:00,235 [INFO] LogOutputStream:77 - [STDOUT_REDIRECT] 1 : Invalid condition id : UX_CORESTACK_Condition cause : null
2025-07-28 13:00:00,241 [WARN] PackLoader:240 - Cannot read IP mode file for STMicroelectronics.X-CUBE-AZRTOS-WL.2.0.0
2025-07-28 13:00:00,306 [WARN] PackLoader:240 - Cannot read IP mode file for STMicroelectronics.FP-SNS-MOTENV1.5.0.0
2025-07-28 13:00:00,420 [WARN] PackLoader:240 - Cannot read IP mode file for WES.I-CUBE-Cesium.1.3.0
2025-07-28 13:00:00,466 [WARN] PackLoader:240 - Cannot read IP mode file for STMicroelectronics.X-CUBE-BLE2.3.3.0
2025-07-28 13:00:00,500 [WARN] PackLoader:240 - Cannot read IP mode file for STMicroelectronics.X-CUBE-NFC9.1.0.0
2025-07-28 13:00:00,537 [WARN] PackLoader:240 - Cannot read IP mode file for STMicroelectronics.X-CUBE-BLE1.7.1.0
2025-07-28 13:00:00,569 [WARN] PackLoader:240 - Cannot read IP mode file for wolfSSL.I-CUBE-wolfMQTT.1.19.2
2025-07-28 13:00:00,607 [WARN] PackLoader:240 - Cannot read IP mode file for STMicroelectronics.X-CUBE-EEPRMA1.5.2.0
2025-07-28 13:00:00,633 [WARN] PackLoader:240 - Cannot read IP mode file for STMicroelectronics.X-CUBE-AI.10.1.0
2025-07-28 13:00:00,876 [WARN] PackLoader:240 - Cannot read IP mode file for STMicroelectronics.X-CUBE-MEMS1.11.2.0
2025-07-28 13:00:01,167 [WARN] PackLoader:240 - Cannot read IP mode file for STMicroelectronics.X-CUBE-AZRTOS-G0.1.1.0
2025-07-28 13:00:01,203 [WARN] PackLoader:240 - Cannot read IP mode file for STMicroelectronics.X-CUBE-SAFEA1.1.2.2
2025-07-28 13:00:01,233 [WARN] PackLoader:240 - Cannot read IP mode file for STMicroelectronics.X-CUBE-NFC4.3.0.0
2025-07-28 13:00:01,272 [WARN] PackLoader:240 - Cannot read IP mode file for EmbeddedOffice.I-CUBE-FS-RTOS.1.0.1
2025-07-28 13:00:01,301 [WARN] PackLoader:240 - Cannot read IP mode file for STMicroelectronics.X-CUBE-WB05N.2.0.0
2025-07-28 13:00:01,326 [WARN] PackLoader:240 - Cannot read IP mode file for wolfSSL.I-CUBE-wolfTPM.3.8.0
2025-07-28 13:00:01,352 [WARN] PackLoader:240 - Cannot read IP mode file for STMicroelectronics.X-CUBE-TCPP.4.2.0
2025-07-28 13:00:01,384 [WARN] PackLoader:240 - Cannot read IP mode file for RealThread.X-CUBE-RT-Thread_Nano.4.1.1
2025-07-28 13:00:01,420 [WARN] PackLoader:240 - Cannot read IP mode file for STMicroelectronics.FP-ATR-SIGFOX1.3.2.0
2025-07-28 13:00:01,455 [WARN] PackLoader:240 - Cannot read IP mode file for STMicroelectronics.X-CUBE-EEPRMA1.5.1.0
2025-07-28 13:00:01,509 [WARN] PackLoader:240 - Cannot read IP mode file for wolfSSL.I-CUBE-wolfSSL.5.7.6
2025-07-28 13:00:01,569 [WARN] PackLoader:240 - Cannot read IP mode file for ITTIA_DB.I-CUBE-ITTIADB.8.9.0
2025-07-28 13:00:01,619 [WARN] PackLoader:240 - Cannot read IP mode file for STMicroelectronics.X-CUBE-ST67W61.1.0.0
2025-07-28 13:00:01,743 [WARN] PackLoader:240 - Cannot read IP mode file for SEGGER.I-CUBE-embOS.1.3.1
2025-07-28 13:00:02,101 [WARN] PackLoader:240 - Cannot read IP mode file for STMicroelectronics.X-CUBE-ALGOBUILD.1.4.0
2025-07-28 13:00:02,255 [WARN] PackLoader:240 - Cannot read IP mode file for STMicroelectronics.X-CUBE-MEMS1.11.3.0
2025-07-28 13:00:03,374 [WARN] PackLoader:240 - Cannot read IP mode file for STMicroelectronics.X-CUBE-PM33A1.1.0.0
2025-07-28 13:00:03,451 [WARN] PackLoader:240 - Cannot read IP mode file for STMicroelectronics.X-CUBE-AZRTOS-F4.1.1.0
2025-07-28 13:00:03,487 [WARN] PackLoader:240 - Cannot read IP mode file for Avnet-IotConnect.X-CUBE-IoTC-DA16k-PMOD.1.0.0
2025-07-28 13:00:03,521 [WARN] PackLoader:240 - Cannot read IP mode file for STMicroelectronics.X-CUBE-ISPU.2.1.0
2025-07-28 13:00:03,577 [WARN] PackLoader:240 - Cannot read IP mode file for STMicroelectronics.X-CUBE-NFC12.1.0.0
2025-07-28 13:00:03,694 [WARN] PackLoader:240 - Cannot read IP mode file for STMicroelectronics.X-CUBE-AZRTOS-L5.2.0.0
2025-07-28 13:00:03,750 [WARN] PackLoader:240 - Cannot read IP mode file for STMicroelectronics.X-CUBE-NFC6.3.1.0
2025-07-28 13:00:03,803 [WARN] PackLoader:240 - Cannot read IP mode file for STMicroelectronics.X-CUBE-DPower.1.2.0
2025-07-28 13:00:03,842 [WARN] PackLoader:240 - Cannot read IP mode file for STMicroelectronics.X-CUBE-FREERTOS.1.3.1
2025-07-28 13:00:03,872 [WARN] PackLoader:240 - Cannot read IP mode file for STMicroelectronics.X-CUBE-FREERTOS.1.3.0
2025-07-28 13:00:03,909 [WARN] PackLoader:240 - Cannot read IP mode file for STMicroelectronics.X-CUBE-NFC7.1.0.1
2025-07-28 13:00:03,954 [WARN] PackLoader:240 - Cannot read IP mode file for STMicroelectronics.FP-SNS-STAIOTCFT.1.0.0
2025-07-28 13:00:03,987 [WARN] PackLoader:240 - Cannot read IP mode file for STMicroelectronics.X-CUBE-DPower.1.3.0
2025-07-28 13:00:04,074 [WARN] ConditionMgr:438 - getConditionDescription Invalid condition id : LAN8742 Phy interface Condition cause : null
2025-07-28 13:00:04,077 [WARN] PackLoader:240 - Cannot read IP mode file for STMicroelectronics.X-CUBE-AZRTOS-L4.2.0.0
2025-07-28 13:00:04,084 [WARN] ConditionMgr:1044 - genDependencies : Invalid condition id : LAN8742 Phy interface Condition cause : null
2025-07-28 13:00:04,085 [WARN] ConditionMgr:1044 - genDependencies : Invalid condition id : LAN8742 Phy interface Condition cause : null
2025-07-28 13:00:04,086 [WARN] ConditionMgr:1044 - genDependencies : Invalid condition id : LAN8742 Phy interface Condition cause : null
2025-07-28 13:00:04,141 [WARN] PackLoader:240 - Cannot read IP mode file for STMicroelectronics.X-CUBE-SFXS2LP1.4.0.0
2025-07-28 13:00:04,255 [WARN] PackLoader:240 - Cannot read IP mode file for STMicroelectronics.X-CUBE-AZRTOS-H7.3.3.0
2025-07-28 13:00:04,320 [WARN] PackLoader:240 - Cannot read IP mode file for STMicroelectronics.X-CUBE-BLEMGR.4.1.0
2025-07-28 13:00:04,411 [WARN] ConditionMgr:438 - getConditionDescription Invalid condition id : UX DEVICE CLASS RTOS Condition cause : null
2025-07-28 13:00:04,425 [WARN] ConditionMgr:438 - getConditionDescription Invalid condition id : UX DEVICE CLASS RTOS Condition cause : null
2025-07-28 13:00:04,428 [WARN] PackLoader:240 - Cannot read IP mode file for STMicroelectronics.X-CUBE-AZRTOS-WB.2.0.0
2025-07-28 13:00:04,434 [WARN] ConditionMgr:1044 - genDependencies : Invalid condition id : UX DEVICE CLASS RTOS Condition cause : null
2025-07-28 13:00:04,434 [WARN] ConditionMgr:1044 - genDependencies : Invalid condition id : UX DEVICE CLASS RTOS Condition cause : null
2025-07-28 13:00:04,439 [WARN] ConditionMgr:1044 - genDependencies : Invalid condition id : UX DEVICE CLASS RTOS Condition cause : null
2025-07-28 13:00:04,439 [WARN] ConditionMgr:1044 - genDependencies : Invalid condition id : UX DEVICE CLASS RTOS Condition cause : null
2025-07-28 13:00:04,439 [WARN] ConditionMgr:1044 - genDependencies : Invalid condition id : UX DEVICE CLASS RTOS Condition cause : null
2025-07-28 13:00:04,542 [WARN] PackLoader:240 - Cannot read IP mode file for STMicroelectronics.X-CUBE-GNSS1.7.0.1
2025-07-28 13:00:04,605 [WARN] PackLoader:240 - Cannot read IP mode file for STMicroelectronics.X-CUBE-TOUCHGFX.4.25.0
2025-07-28 13:00:04,660 [WARN] PackLoader:240 - Cannot read IP mode file for STMicroelectronics.FP-SNS-STBOX1.2.0.0
2025-07-28 13:00:04,726 [WARN] PackLoader:240 - Cannot read IP mode file for STMicroelectronics.X-CUBE-SUBG2.5.0.0
2025-07-28 13:00:04,912 [WARN] PackLoader:240 - Cannot read IP mode file for STMicroelectronics.X-CUBE-AZRTOS-H7RS.1.1.0
2025-07-28 13:00:04,954 [WARN] PackLoader:240 - Cannot read IP mode file for Cesanta.I-CUBE-Mongoose.7.13.0
2025-07-28 13:00:05,005 [WARN] PackLoader:240 - Cannot read IP mode file for STMicroelectronics.X-CUBE-AZRTOS-G4.2.0.0
2025-07-28 13:00:05,035 [WARN] PackLoader:240 - Cannot read IP mode file for wolfSSL.I-CUBE-wolfSSH.1.4.20
2025-07-28 13:00:05,059 [WARN] PackLoader:240 - Cannot read IP mode file for STMicroelectronics.X-CUBE-NFC7.2.0.0
2025-07-28 13:00:05,093 [WARN] PackLoader:240 - Cannot read IP mode file for STMicroelectronics.X-CUBE-IPS.3.1.0
2025-07-28 13:00:05,141 [WARN] PackLoader:240 - Cannot read IP mode file for STMicroelectronics.X-CUBE-ALS.1.0.2
2025-07-28 13:00:05,175 [WARN] PackLoader:240 - Cannot read IP mode file for portGmbH.I-Cube-SoM-uGOAL.1.1.0
2025-07-28 13:00:05,235 [WARN] PackLoader:240 - Cannot read IP mode file for STMicroelectronics.X-CUBE-TOF1.3.4.2
2025-07-28 13:00:05,301 [WARN] PackLoader:240 - Cannot read IP mode file for STMicroelectronics.X-CUBE-TOF1.3.4.3
2025-07-28 13:00:05,433 [INFO] ThirdParty:978 - Integrity check success = true
2025-07-28 13:00:05,433 [INFO] IntegrityCheckThread:100 - exiting critical section [integrity check]
2025-07-28 13:00:05,436 [INFO] IntegrityCheckThread:103 - End integrity checks thread
2025-07-28 13:00:05,672 [INFO] Mcu:2035 - Initializing MCU STM32F103R(8-B)Tx STM32F103RBTx STM32F103RBT6
2025-07-28 13:00:08,327 [INFO] Context:748 - Trying to add GPIOservice into a context  which must be forbidden
2025-07-28 13:00:09,760 [INFO] RtosManager:555 - Registered RTOS mode: class=CMSIS, group=RTOS, mode=CMSIS_V1, owner=FREERTOS
2025-07-28 13:00:09,760 [INFO] RtosManager:555 - Registered RTOS mode: class=CMSIS, group=RTOS2, mode=CMSIS_V2, owner=FREERTOS
2025-07-28 13:00:09,760 [INFO] RtosManager:555 - Registered RTOS mode: class=RTOS, group=Core, mode=CMSIS_V1, owner=FREERTOS
2025-07-28 13:00:09,760 [INFO] RtosManager:555 - Registered RTOS mode: class=RTOS, group=Core, mode=CMSIS_V2, owner=FREERTOS
2025-07-28 13:00:09,760 [WARN] ModelIntegratedComponent:184 - Missing modes for component STMicroelectronics:FreeRTOS:0.0.1:STMicroelectronics:RTOS:FreeRTOS:Core:::10.2.0:
2025-07-28 13:00:09,844 [WARN] ModelIntegratedComponent:63 - No mode defined for component null
2025-07-28 13:00:09,844 [WARN] ModelIntegratedComponent:63 - No mode defined for component null
2025-07-28 13:00:09,844 [WARN] ModelIntegratedComponent:63 - No mode defined for component null
2025-07-28 13:00:09,844 [WARN] ModelIntegratedComponent:63 - No mode defined for component null
2025-07-28 13:00:09,844 [WARN] ModelIntegratedComponent:63 - No mode defined for component null
2025-07-28 13:00:09,844 [WARN] ModelIntegratedComponent:63 - No mode defined for component null
2025-07-28 13:00:09,844 [WARN] ModelIntegratedComponent:63 - No mode defined for component null
2025-07-28 13:00:09,844 [WARN] ModelIntegratedComponent:63 - No mode defined for component null
2025-07-28 13:00:09,845 [WARN] ModelIntegratedComponent:63 - No mode defined for component null
2025-07-28 13:00:09,845 [WARN] ModelIntegratedComponent:63 - No mode defined for component null
2025-07-28 13:00:09,845 [WARN] ModelIntegratedComponent:63 - No mode defined for component null
2025-07-28 13:00:09,845 [WARN] ModelIntegratedComponent:63 - No mode defined for component null
2025-07-28 13:00:09,851 [WARN] ModelIntegratedComponent:63 - No mode defined for component null
2025-07-28 13:00:09,851 [WARN] ModelIntegratedComponent:63 - No mode defined for component null
2025-07-28 13:00:09,851 [WARN] ModelIntegratedComponent:63 - No mode defined for component null
2025-07-28 13:00:09,852 [WARN] ModelIntegratedComponent:63 - No mode defined for component null
2025-07-28 13:00:09,852 [WARN] ModelIntegratedComponent:63 - No mode defined for component null
2025-07-28 13:00:09,852 [WARN] ModelIntegratedComponent:63 - No mode defined for component null
2025-07-28 13:00:09,852 [WARN] ModelIntegratedComponent:63 - No mode defined for component null
2025-07-28 13:00:09,852 [WARN] ModelIntegratedComponent:63 - No mode defined for component null
2025-07-28 13:00:09,852 [WARN] ModelIntegratedComponent:63 - No mode defined for component null
2025-07-28 13:00:09,852 [WARN] ModelIntegratedComponent:63 - No mode defined for component null
2025-07-28 13:00:09,852 [WARN] ModelIntegratedComponent:63 - No mode defined for component null
2025-07-28 13:00:09,852 [WARN] ModelIntegratedComponent:63 - No mode defined for component null
2025-07-28 13:00:09,852 [WARN] ModelIntegratedComponent:63 - No mode defined for component null
2025-07-28 13:00:09,853 [WARN] ModelIntegratedComponent:63 - No mode defined for component null
2025-07-28 13:00:09,853 [WARN] ModelIntegratedComponent:63 - No mode defined for component null
2025-07-28 13:00:09,853 [WARN] ModelIntegratedComponent:63 - No mode defined for component null
2025-07-28 13:00:09,853 [WARN] ModelIntegratedComponent:63 - No mode defined for component null
2025-07-28 13:00:09,853 [WARN] ModelIntegratedComponent:63 - No mode defined for component null
2025-07-28 13:00:09,853 [WARN] ModelIntegratedComponent:63 - No mode defined for component null
2025-07-28 13:00:09,854 [WARN] ModelIntegratedComponent:63 - No mode defined for component null
2025-07-28 13:00:09,854 [WARN] ModelIntegratedComponent:63 - No mode defined for component null
2025-07-28 13:00:09,854 [WARN] ModelIntegratedComponent:63 - No mode defined for component null
2025-07-28 13:00:09,855 [WARN] ModelIntegratedComponent:63 - No mode defined for component null
2025-07-28 13:00:09,855 [WARN] ModelPack:524 - Component already loaded: STMicroelectronics:HAL Drivers:0.0.0:STMicroelectronics:Device:STMicro_Driver:XSPI:HAL::0.0.1:HAL_XSPI
2025-07-28 13:00:10,181 [INFO] ThirdPartyModel:298 - Start build external matchings
2025-07-28 13:00:12,170 [INFO] ThirdPartyModel:316 - End build external matchings
2025-07-28 13:00:12,259 [INFO] ImportTextPane:218 - (OptionalMessage_ERROR) IP (RCC) : Parameter (ADCFreqValue) has invalid value (32000000)
2025-07-28 13:00:12,259 [INFO] ImportTextPane:218 - (OptionalMessage_ERROR) IP (RCC) : Invalid parameter (FamilyName)
2025-07-28 13:00:12,260 [INFO] ImportTextPane:218 - (OptionalMessage_ERROR) IP (RCC) : Parameter (MCOFreq_Value) has invalid value (64000000)
2025-07-28 13:00:12,261 [INFO] ImportTextPane:218 - (OptionalMessage_ERROR) IP (RCC) : Parameter (USBFreq_Value) has invalid value (64000000)
2025-07-28 13:00:13,300 [INFO] ApiDb:581 - Connected to CubeFinder SQLite database (C:\Users\Santiago\.stmcufinder\plugins\mcufinder\mcu\cube-finder-db.db)
2025-07-28 13:00:13,452 [INFO] ApiDb:668 - CubeFinder database Data Model version=2.1
2025-07-28 13:00:13,453 [INFO] ApiDb:669 - CubeFinder database Configuration version=3.0.39
2025-07-28 13:00:13,455 [INFO] ApiDb:670 - CubeFinder database generation date=2025-06-24 (1750757100)
2025-07-28 13:00:13,455 [INFO] ApiDb:671 - CubeFinder database FW Pack versions=[FP-ATR-ASTRA1_V2.0.0, FP-SNS-FLIGHT1_V5.1.0, FP-SNS-MOTENV1_V5.0.0, FP-SNS-MOTENVWB1_V1.4.0, FP-SNS-SMARTAG2_V1.2.0, FP-SNS-STBOX1_V2.0.0, STM32Cube_FW_C0_V1.4.0, STM32Cube_FW_F4_V1.28.2, STM32Cube_FW_F7_V1.17.3, STM32Cube_FW_G0_V1.6.2, STM32Cube_FW_G4_V1.6.1, STM32Cube_FW_H5_V1.5.0, STM32Cube_FW_H7RS_V1.2.0, STM32Cube_FW_H7_V1.12.1, STM32Cube_FW_L0_V1.12.2, STM32Cube_FW_L4_V1.18.1, STM32Cube_FW_L5_V1.5.1, STM32Cube_FW_N6_V1.2.0, STM32Cube_FW_U0_V1.3.0, STM32Cube_FW_U3_V1.2.0, STM32Cube_FW_U5_V1.8.0, STM32Cube_FW_WB0_V1.3.0, STM32Cube_FW_WBA_V1.7.0, STM32Cube_FW_WB_V1.23.0, STM32Cube_FW_WL3_V1.2.0, STM32Cube_FW_WL_V1.3.1, X-CUBE-ALGOBUILD_V1.4.0, X-CUBE-ALS_V1.0.2, X-CUBE-AZRTOS-F4_V1.1.0, X-CUBE-AZRTOS-F7_V1.1.0, X-CUBE-AZRTOS-G0_V1.1.0, X-CUBE-AZRTOS-G4_V2.0.0, X-CUBE-AZRTOS-H7RS_V1.1.0, X-CUBE-AZRTOS-H7_V3.3.0, X-CUBE-AZRTOS-L4_V2.0.0, X-CUBE-AZRTOS-L5_V2.0.0, X-CUBE-AZRTOS-WB_V2.0.0, X-CUBE-AZRTOS-WL_V2.0.0, X-CUBE-BLE1_V7.1.0, X-CUBE-BLE2_V3.3.0, X-CUBE-BLEMGR_V4.0.0, X-CUBE-EEPRMA1_V5.1.0, X-CUBE-FREERTOS_V1.3.1, X-CUBE-GNSS1_V6.0.0, X-CUBE-MEMS1_V11.3.0, X-CUBE-NFC4_V3.0.0, X-CUBE-NFC7_V2.0.0, X-CUBE-SFXS2LP1_V4.0.0, X-CUBE-SUBG2_V5.0.0, X-CUBE-TOF1_V3.4.3]
2025-07-28 13:00:13,645 [INFO] DbBoardsSqlite:226 - include board P-NUCLEO-WB55-NUCLEO as a kit item of type 'Nucleo-64'
2025-07-28 13:00:13,648 [INFO] DbBoardsSqlite:226 - include board P-NUCLEO-WB55-USBDONGLE as a kit item of type 'Nucleo USB Dongle'
2025-07-28 13:00:13,650 [INFO] DbBoardsSqlite:226 - include board STEVAL-IDP005V1 as a kit item of type 'Evaluation Board'
2025-07-28 13:00:13,650 [INFO] DbBoardsSqlite:226 - include board STEVAL-IDP005V2 as a kit item of type 'Evaluation Board'
2025-07-28 13:00:15,021 [INFO] ApiDb:240 - Found 858 in-development CPN: [B-G473E-ZEST1S, B-WB1M-WPAN1, B-WBA5M-WPAN, B-WL5M-SUBG1, NUCLEO-C031C6, NUCLEO-C051C8, NUCLEO-C071RB, NUCLEO-C092RC, NUCLEO-H503RB, NUCLEO-H533RE, NUCLEO-H563ZI, NUCLEO-H7S3L8, NUCLEO-N657X0-Q, NUCLEO-U031R8, NUCLEO-U083RC, NUCLEO-U385RG-Q, NUCLEO-U545RE-Q, NUCLEO-U5A5ZJ-Q, NUCLEO-WB05KZ, NUCLEO-WB07CC, NUCLEO-WB09KE, NUCLEO-WBA52CG, NUCLEO-WBA55CG, NUCLEO-WL33CC1, NUCLEO-WL33CC2, STEVAL-PROTEUS1, STEVAL-SMARTAG2, STEVAL-STWINBX1, STM320518-EVAL, STM32C0116-DK, STM32C011D6Y3TR, STM32C011D6Y6TR, STM32C011F4P3, STM32C011F4P6, STM32C011F4U3, STM32C011F4U6TR, STM32C011F6P3, STM32C011F6P6, STM32C011F6U3, STM32C011F6U6TR, STM32C011J4M3, STM32C011J4M6, STM32C011J6M3, STM32C011J6M6, STM32C0316-DK, STM32C031C4T3, STM32C031C4T6, STM32C031C4U3, STM32C031C4U6, STM32C031C6T3, STM32C031C6T6, STM32C031C6U3, STM32C031C6U6, STM32C031F4P3, STM32C031F4P6, STM32C031F6P3, STM32C031F6P6, STM32C031G4U3, STM32C031G4U6, STM32C031G6U3, STM32C031G6U6, STM32C031K4T3, STM32C031K4T6, STM32C031K4U3, STM32C031K4U6, STM32C031K6T3, STM32C031K6T6, STM32C031K6U3, STM32C031K6U6, STM32C051C6T6, STM32C051C6U6, STM32C051C8T6, STM32C051C8U6, STM32C051D8Y6TR, STM32C051F6P6, STM32C051F8P6, STM32C051G6U6, STM32C051G8U6, STM32C051K6T6, STM32C051K6U6, STM32C051K8T6, STM32C071C8T6, STM32C071C8T6N, STM32C071C8U6, STM32C071C8U6N, STM32C071CBT6, STM32C071CBT6N, STM32C071CBU6, STM32C071CBU6N, STM32C071F8P6, STM32C071F8P6N, STM32C071FBP6, STM32C071FBP6N, STM32C071FBY6TR, STM32C071G8U6, STM32C071G8U6N, STM32C071GBU6, STM32C071GBU6N, STM32C071K8T6, STM32C071K8T6N, STM32C071K8U6, STM32C071K8U6N, STM32C071KBT6, STM32C071KBT6N, STM32C071KBU6, STM32C071KBU6N, STM32C071R8T6, STM32C071R8T6N, STM32C071RBI6N, STM32C071RBT6, STM32C071RBT6N, STM32C091CBT6, STM32C091CBU6, STM32C091CCT6, STM32C091CCU6, STM32C091ECY6TR, STM32C091FBP6, STM32C091FCP6, STM32C091GBU6, STM32C091GCU6, STM32C091KBT6, STM32C091KBU6, STM32C091KCT6, STM32C091KCU6, STM32C091RBT6, STM32C091RCI6, STM32C091RCT6, STM32C092CBT6, STM32C092CBU6, STM32C092CCT6, STM32C092CCU6, STM32C092ECY6TR, STM32C092FBP6, STM32C092FCP6, STM32C092GBU6, STM32C092GCU6, STM32C092KBT6, STM32C092KBU6, STM32C092KCT6, STM32C092KCU6, STM32C092RBT6, STM32C092RCI6, STM32C092RCT6, STM32G071K8TXN, STM32G071K8UXN, STM32G081GBU6N, STM32G081KBT6N, STM32G081KBUXN, STM32G0B1CCT6N, STM32G0B1KCT6, STM32G0B1NEY6TR, STM32G0B1RCT6N, STM32G0C1CCT6, STM32G0C1CCT6N, STM32G0C1CCU6N, STM32G0C1CET6N, STM32G0C1CEU6N, STM32G0C1KCT6, STM32G0C1NEY6TR, STM32G0C1RCI6N, STM32G0C1RCT6N, STM32G0C1REI6N, STM32G0C1RET6N, STM32G0C1VCI6, STM32G0C1VEI6, STM32G411C6T3, STM32G411C6T6, STM32G411C6U3, STM32G411C6U6, STM32G411C8T3, STM32G411C8T6, STM32G411C8U3, STM32G411C8U6, STM32G411CBT3, STM32G411CBT6, STM32G411CBU3, STM32G411CBU6, STM32G411CCT3, STM32G411CCT6, STM32G411CCU3, STM32G411CCU6, STM32G411K6T3, STM32G411K6T6, STM32G411K6U3, STM32G411K6U6, STM32G411K8T3, STM32G411K8T6, STM32G411K8U3, STM32G411K8U6, STM32G411KBT3, STM32G411KBT6, STM32G411KBU3, STM32G411KBU6, STM32G411M6T3, STM32G411M6T6, STM32G411M8T3, STM32G411M8T6, STM32G411MBT3, STM32G411MBT6, STM32G411MCT3, STM32G411MCT6, STM32G411R6T3, STM32G411R6T6, STM32G411R8T3, STM32G411R8T6, STM32G411RBT3, STM32G411RBT6, STM32G411RCT3, STM32G411RCT6, STM32G414CBT3, STM32G414CBT6, STM32G414CBU3, STM32G414CBU6, STM32G414CCT3, STM32G414CCT6, STM32G414CCU3, STM32G414CCU6, STM32G414MBT3, STM32G414MBT6, STM32G414MCT3, STM32G414MCT6, STM32G414RBT3, STM32G414RBT6, STM32G414RCT3, STM32G414RCT6, STM32G414VBT3, STM32G414VBT6, STM32G414VCT3, STM32G414VCT6, STM32G431CBT3Z, STM32G431RBT3Z, STM32G471CCT6, STM32G471CCU6, STM32G471CET3, STM32G471CET6, STM32G471CEU3, STM32G471CEU6, STM32G471MCT6, STM32G471MET3, STM32G471MET6, STM32G471MEY6TR, STM32G471QCT6, STM32G471QET3, STM32G471RCT6, STM32G471RET3, STM32G471RET6, STM32G471VCH6, STM32G471VCI6, STM32G471VCT6, STM32G471VEH3, STM32G471VEH6, STM32G471VEI3, STM32G471VEI6, STM32G471VET3, STM32G471VET6, STM32G473QET3Z, STM32G473RET3Z, STM32G474CCT6, STM32G491RET3Z, STM32H503CBT6, STM32H503CBU6, STM32H503EBY6TR, STM32H503KBU6, STM32H503RBT6, STM32H523CCT6, STM32H523CCU6, STM32H523CET6, STM32H523CEU6, STM32H523HEY6TR, STM32H523RCT6, STM32H523RET6, STM32H523VCI6, STM32H523VCT6, STM32H523VEI6, STM32H523VET6, STM32H523ZCJ6, STM32H523ZCT6, STM32H523ZEJ6, STM32H523ZET6, STM32H533CET6, STM32H533CEU6, STM32H533HEY6TR, STM32H533RET6, STM32H533VEI6, STM32H533VET6, STM32H533ZEJ6, STM32H533ZET6, STM32H562AGI6, STM32H562AII6, STM32H562IGK6, STM32H562IGT6, STM32H562IIK6, STM32H562IIT6, STM32H562RGT6, STM32H562RGV6, STM32H562RIT6, STM32H562RIV6, STM32H562VGT6, STM32H562VIT6, STM32H562ZGT6, STM32H562ZIT6, STM32H563AGI6, STM32H563AII3Q, STM32H563AII6, STM32H563IGK6, STM32H563IGT6, STM32H563IIK3Q, STM32H563IIK6, STM32H563IIT3Q, STM32H563IIT6, STM32H563MIY3QTR, STM32H563RGT6, STM32H563RGV6, STM32H563RIT6, STM32H563RIV6, STM32H563VGT6, STM32H563VIT3Q, STM32H563VIT6, STM32H563ZGT6, STM32H563ZIT3Q, STM32H563ZIT6, STM32H573AII3Q, STM32H573AII6, STM32H573I-DK, STM32H573IIK3Q, STM32H573IIK6, STM32H573IIT3Q, STM32H573IIT6, STM32H573MIY3QTR, STM32H573RIT6, STM32H573RIV6, STM32H573VIT3Q, STM32H573VIT6, STM32H573ZIT3Q, STM32H573ZIT6, STM32H7R3A8I6, STM32H7R3I8K6, STM32H7R3I8T6, STM32H7R3L8H6, STM32H7R3L8H6H, STM32H7R3R8V6, STM32H7R3V8H6, STM32H7R3V8T6, STM32H7R3V8Y6TR, STM32H7R3Z8J6, STM32H7R3Z8T6, STM32H7R7A8I6, STM32H7R7I8K6, STM32H7R7I8T6, STM32H7R7L8H6, STM32H7R7L8H6H, STM32H7R7Z8J6, STM32H7S3A8I6, STM32H7S3I8K6, STM32H7S3I8T6, STM32H7S3L8H6, STM32H7S3L8H6H, STM32H7S3R8V6, STM32H7S3V8H6, STM32H7S3V8T6, STM32H7S3V8Y6TR, STM32H7S3Z8J6, STM32H7S3Z8T6, STM32H7S78-DK, STM32H7S7A8I6, STM32H7S7I8K6, STM32H7S7I8T6, STM32H7S7L8H6, STM32H7S7L8H6H, STM32H7S7Z8J6, STM32L4R5QGI6STR, STM32MP131AAE3, STM32MP131AAF3, STM32MP131AAG3, STM32MP131CAE3, STM32MP131CAF3, STM32MP131CAG3, STM32MP131DAE7, STM32MP131DAF7, STM32MP131DAG7, STM32MP131FAE7, STM32MP131FAF7, STM32MP131FAG7, STM32MP133AAE3, STM32MP133AAF3, STM32MP133AAG3, STM32MP133CAE3, STM32MP133CAF3, STM32MP133CAG3, STM32MP133DAE7, STM32MP133DAF7, STM32MP133DAG7, STM32MP133FAE7, STM32MP133FAF7, STM32MP133FAG7, STM32MP135AAE3, STM32MP135AAF3, STM32MP135AAG3, STM32MP135CAE3, STM32MP135CAF3, STM32MP135CAG3, STM32MP135DAE7, STM32MP135DAF7, STM32MP135DAG7, STM32MP135F-DK, STM32MP135FAE7, STM32MP135FAF7, STM32MP135FAF7T, STM32MP135FAF7U, STM32MP135FAG7, STM32MP231AAJ3, STM32MP231AAK3, STM32MP231AAL3, STM32MP231CAJ3, STM32MP231CAK3, STM32MP231CAL3, STM32MP231DAJ3, STM32MP231DAK3, STM32MP231DAL3, STM32MP231FAJ3, STM32MP231FAK3, STM32MP231FAL3, STM32MP233AAJ3, STM32MP233AAK3, STM32MP233AAL3, STM32MP233CAJ3, STM32MP233CAK3, STM32MP233CAL3, STM32MP233DAJ3, STM32MP233DAK3, STM32MP233DAL3, STM32MP233FAJ3, STM32MP233FAK3, STM32MP233FAL3, STM32MP235AAJ3, STM32MP235AAK3, STM32MP235AAL3, STM32MP235CAJ3, STM32MP235CAK3, STM32MP235CAL3, STM32MP235DAJ3, STM32MP235DAK3, STM32MP235DAL3, STM32MP235FAJ3, STM32MP235FAK3, STM32MP235FAL3, STM32MP251AAI3, STM32MP251AAJ3, STM32MP251AAK3, STM32MP251AAL3, STM32MP251CAI3, STM32MP251CAJ3, STM32MP251CAK3, STM32MP251CAL3, STM32MP251DAI3, STM32MP251DAJ3, STM32MP251DAK3, STM32MP251DAL3, STM32MP251FAI3, STM32MP251FAJ3, STM32MP251FAK3, STM32MP251FAL3, STM32MP253AAI3, STM32MP253AAJ3, STM32MP253AAK3, STM32MP253AAL3, STM32MP253CAI3, STM32MP253CAJ3, STM32MP253CAK3, STM32MP253CAL3, STM32MP253DAI3, STM32MP253DAJ3, STM32MP253DAK3, STM32MP253DAL3, STM32MP253FAI3, STM32MP253FAJ3, STM32MP253FAK3, STM32MP253FAL3, STM32MP255AAI3, STM32MP255AAJ3, STM32MP255AAK3, STM32MP255AAL3, STM32MP255CAI3, STM32MP255CAJ3, STM32MP255CAK3, STM32MP255CAL3, STM32MP255DAI3, STM32MP255DAJ3, STM32MP255DAK3, STM32MP255DAL3, STM32MP255FAI3, STM32MP255FAJ3, STM32MP255FAK3, STM32MP255FAL3, STM32MP257AAI3, STM32MP257AAJ3, STM32MP257AAK3, STM32MP257AAL3, STM32MP257CAI3, STM32MP257CAJ3, STM32MP257CAK3, STM32MP257CAL3, STM32MP257DAI3, STM32MP257DAJ3, STM32MP257DAK3, STM32MP257DAL3, STM32MP257F-DK, STM32MP257F-EV1, STM32MP257FAI3, STM32MP257FAJ3, STM32MP257FAK3, STM32MP257FAL3, STM32N645A0H3Q, STM32N645B0H3Q, STM32N645I0H3Q, STM32N645L0H3Q, STM32N645X0H3Q, STM32N645Z0H3Q, STM32N647A0H3Q, STM32N647B0H3Q, STM32N647I0H3Q, STM32N647L0H3Q, STM32N647X0H3Q, STM32N647Z0H3Q, STM32N655A0H3Q, STM32N655B0H3Q, STM32N655I0H3Q, STM32N655L0H3Q, STM32N655X0H3Q, STM32N655Z0H3Q, STM32N6570-DK, STM32N657A0H3Q, STM32N657B0H3Q, STM32N657I0H3Q, STM32N657L0H3Q, STM32N657X0H3Q, STM32N657Z0H3Q, STM32U031C6T6, STM32U031C6U6, STM32U031C8T6, STM32U031C8U6, STM32U031F4P6, STM32U031F6P6, STM32U031F8P6, STM32U031G6Y6TR, STM32U031G8Y6TR, STM32U031K4U6, STM32U031K6U6, STM32U031K8U6, STM32U031R6I6, STM32U031R6T6, STM32U031R8I6, STM32U031R8T6, STM32U073C8T6, STM32U073C8U6, STM32U073CBT6, STM32U073CBU6, STM32U073CCT6, STM32U073CCU6, STM32U073H8Y6TR, STM32U073HBY6TR, STM32U073HCY6TR, STM32U073K8U6, STM32U073KBU6, STM32U073KCU6, STM32U073M8I6, STM32U073M8T6, STM32U073MBI6, STM32U073MBT6, STM32U073MCI6, STM32U073MCT6, STM32U073R8I6, STM32U073R8T6, STM32U073RBI6, STM32U073RBT6, STM32U073RCI6, STM32U073RCT6, STM32U083C-DK, STM32U083CCT6, STM32U083CCU6, STM32U083HCY6TR, STM32U083KCU6, STM32U083MCI6, STM32U083MCT6, STM32U083RCI6, STM32U083RCT6, STM32U375CET6, STM32U375CET6Q, STM32U375CEU6, STM32U375CEU6Q, STM32U375CEY6QTR, STM32U375CGT6, STM32U375CGT6Q, STM32U375CGU6, STM32U375CGU6Q, STM32U375CGY6QTR, STM32U375KEU6, STM32U375KGU6, STM32U375REI6, STM32U375REI6Q, STM32U375RET6, STM32U375RET6Q, STM32U375REY6GTR, STM32U375REY6QTR, STM32U375RGI6, STM32U375RGI6Q, STM32U375RGT6, STM32U375RGT6Q, STM32U375RGY6GTR, STM32U375RGY6QTR, STM32U375VEI6, STM32U375VEI6Q, STM32U375VET6, STM32U375VET6Q, STM32U375VGI6, STM32U375VGI6Q, STM32U375VGT6, STM32U375VGT6Q, STM32U385CGT6, STM32U385CGT6Q, STM32U385CGU6, STM32U385CGU6Q, STM32U385CGY6QTR, STM32U385KGU6, STM32U385RGI6, STM32U385RGI6Q, STM32U385RGT6, STM32U385RGT6Q, STM32U385RGY6GTR, STM32U385RGY6QTR, STM32U385VGI6, STM32U385VGI6Q, STM32U385VGT6, STM32U385VGT6Q, STM32U535CBT6, STM32U535CBT6Q, STM32U535CBU6, STM32U535CBU6Q, STM32U535CCT6, STM32U535CCT6Q, STM32U535CCU6, STM32U535CCU6Q, STM32U535CET6, STM32U535CET6Q, STM32U535CEU6, STM32U535CEU6Q, STM32U535JEY6QTR, STM32U535NCY6QTR, STM32U535NEY6QTR, STM32U535RBI6, STM32U535RBI6Q, STM32U535RBT6, STM32U535RBT6Q, STM32U535RCI6, STM32U535RCI6Q, STM32U535RCT6, STM32U535RCT6Q, STM32U535REI6, STM32U535REI6Q, STM32U535RET6, STM32U535RET6Q, STM32U535VCI6, STM32U535VCI6Q, STM32U535VCT6, STM32U535VCT6Q, STM32U535VEI6, STM32U535VEI6Q, STM32U535VET6, STM32U535VET6Q, STM32U545CET6, STM32U545CET6Q, STM32U545CEU6, STM32U545CEU6Q, STM32U545JEY6QTR, STM32U545NEY6QTR, STM32U545REI6, STM32U545REI6Q, STM32U545RET6, STM32U545RET6Q, STM32U545VEI6, STM32U545VEI6Q, STM32U545VET6, STM32U545VET6Q, STM32U595AIH6, STM32U595AIH6Q, STM32U595AJH6, STM32U595AJH6Q, STM32U595QII6, STM32U595QII6Q, STM32U595QJI6, STM32U595QJI6Q, STM32U595RIT6, STM32U595RIT6Q, STM32U595RJT6, STM32U595RJT6Q, STM32U595VIT6, STM32U595VIT6Q, STM32U595VJT6, STM32U595VJT6Q, STM32U595ZIT6, STM32U595ZIT6Q, STM32U595ZIY6QTR, STM32U595ZJT6, STM32U595ZJT6Q, STM32U595ZJY6QTR, STM32U599BJY6QTR, STM32U599NIH6Q, STM32U599NJH6Q, STM32U599VIT6Q, STM32U599VJT6, STM32U599VJT6Q, STM32U599ZIT6Q, STM32U599ZIY6QTR, STM32U599ZJT6Q, STM32U599ZJY6QTR, STM32U5A5AJH6, STM32U5A5AJH6Q, STM32U5A5QII3Q , STM32U5A5QJI6, STM32U5A5QJI6Q, STM32U5A5RJT6, STM32U5A5RJT6Q, STM32U5A5VJT6, STM32U5A5VJT6Q, STM32U5A5ZJT6, STM32U5A5ZJT6Q, STM32U5A5ZJY6QTR, STM32U5A9BJY6QTR, STM32U5A9J-DK, STM32U5A9NJH6Q, STM32U5A9VJT6Q, STM32U5A9ZJT6Q, STM32U5A9ZJY6QTR, STM32U5F7VIT6, STM32U5F7VIT6Q, STM32U5F7VJT6, STM32U5F7VJT6Q, STM32U5F9BJY6QTR, STM32U5F9NJH6Q, STM32U5F9VIT6Q, STM32U5F9VJT6Q, STM32U5F9ZIJ6QTR, STM32U5F9ZIT6Q, STM32U5F9ZJJ6QTR, STM32U5F9ZJT6Q, STM32U5G7VJT6, STM32U5G7VJT6Q, STM32U5G9BJY6QTR, STM32U5G9J-DK1, STM32U5G9J-DK2, STM32U5G9NJH6Q, STM32U5G9VJT6Q, STM32U5G9ZJJ6QTR, STM32U5G9ZJT6Q, STM32WB05KZV6TR, STM32WB05KZV7TR, STM32WB05TZF6TR, STM32WB05TZF7TR, STM32WB06CCF6TR, STM32WB06CCF7TR, STM32WB06CCV6TR, STM32WB06CCV7TR, STM32WB06KCV6TR, STM32WB06KCV7TR, STM32WB07CCF6TR, STM32WB07CCF7TR, STM32WB07CCV6TR, STM32WB07CCV7TR, STM32WB07KCV6TR, STM32WB07KCV7TR, STM32WB09KEV6TR, STM32WB09KEV7TR, STM32WB09TEF6TR, STM32WB09TEF7TR, STM32WB1MMCH6, STM32WBA50KGU6, STM32WBA50KGU6TR, STM32WBA52CEU6, STM32WBA52CEU6TR, STM32WBA52CEU7, STM32WBA52CEU7TR, STM32WBA52CGU6, STM32WBA52CGU6TR, STM32WBA52CGU6U, STM32WBA52CGU7, STM32WBA52CGU7TR, STM32WBA52KEU6, STM32WBA52KEU6TR, STM32WBA52KGU6, STM32WBA52KGU6TR, STM32WBA54CEU6, STM32WBA54CEU6TR, STM32WBA54CEU7, STM32WBA54CEU7TR, STM32WBA54CGU6, STM32WBA54CGU6TR, STM32WBA54CGU7, STM32WBA54CGU7TR, STM32WBA54KEU6, STM32WBA54KEU6TR, STM32WBA54KEU7, STM32WBA54KEU7TR, STM32WBA54KGU6, STM32WBA54KGU6TR, STM32WBA54KGU7, STM32WBA54KGU7TR, STM32WBA55CEU6, STM32WBA55CEU6TR, STM32WBA55CEU7, STM32WBA55CEU7TR, STM32WBA55CGU6, STM32WBA55CGU6TR, STM32WBA55CGU6U, STM32WBA55CGU7, STM32WBA55CGU7TR, STM32WBA55G-DK1, STM32WBA55HEF6, STM32WBA55HEF7, STM32WBA55HGF6, STM32WBA55HGF7, STM32WBA55UEI6, STM32WBA55UEI6TR, STM32WBA55UEI7, STM32WBA55UEI7TR, STM32WBA55UGI6, STM32WBA55UGI6TR, STM32WBA55UGI7, STM32WBA55UGI7TR, STM32WBA5MJGH6TR, STM32WBA5MJGH6U, STM32WL33C8V6, STM32WL33C8V6TR, STM32WL33C8V7, STM32WL33C8V7TR, STM32WL33CBV6, STM32WL33CBV6TR, STM32WL33CBV7, STM32WL33CBV7TR, STM32WL33CCV6, STM32WL33CCV6TR, STM32WL33CCV7, STM32WL33CCV7A, STM32WL33CCV7ATR, STM32WL33CCV7TR, STM32WL33K8V6, STM32WL33K8V6TR, STM32WL33K8V7, STM32WL33K8V7TR, STM32WL33KBV6, STM32WL33KBV6TR, STM32WL33KBV7, STM32WL33KBV7TR, STM32WL33KCV6, STM32WL33KCV6TR, STM32WL33KCV7, STM32WL33KCV7TR, STM32WL5MOCH6, STM32WL5MOCH6TR]
2025-07-28 13:00:15,038 [INFO] ApiDb:668 - CubeFinder database Data Model version=2.1
2025-07-28 13:00:15,038 [INFO] ApiDb:669 - CubeFinder database Configuration version=3.0.39
2025-07-28 13:00:15,039 [INFO] ApiDb:670 - CubeFinder database generation date=2025-06-24 (1750757100)
2025-07-28 13:00:15,039 [INFO] ApiDb:671 - CubeFinder database FW Pack versions=[FP-ATR-ASTRA1_V2.0.0, FP-SNS-FLIGHT1_V5.1.0, FP-SNS-MOTENV1_V5.0.0, FP-SNS-MOTENVWB1_V1.4.0, FP-SNS-SMARTAG2_V1.2.0, FP-SNS-STBOX1_V2.0.0, STM32Cube_FW_C0_V1.4.0, STM32Cube_FW_F4_V1.28.2, STM32Cube_FW_F7_V1.17.3, STM32Cube_FW_G0_V1.6.2, STM32Cube_FW_G4_V1.6.1, STM32Cube_FW_H5_V1.5.0, STM32Cube_FW_H7RS_V1.2.0, STM32Cube_FW_H7_V1.12.1, STM32Cube_FW_L0_V1.12.2, STM32Cube_FW_L4_V1.18.1, STM32Cube_FW_L5_V1.5.1, STM32Cube_FW_N6_V1.2.0, STM32Cube_FW_U0_V1.3.0, STM32Cube_FW_U3_V1.2.0, STM32Cube_FW_U5_V1.8.0, STM32Cube_FW_WB0_V1.3.0, STM32Cube_FW_WBA_V1.7.0, STM32Cube_FW_WB_V1.23.0, STM32Cube_FW_WL3_V1.2.0, STM32Cube_FW_WL_V1.3.1, X-CUBE-ALGOBUILD_V1.4.0, X-CUBE-ALS_V1.0.2, X-CUBE-AZRTOS-F4_V1.1.0, X-CUBE-AZRTOS-F7_V1.1.0, X-CUBE-AZRTOS-G0_V1.1.0, X-CUBE-AZRTOS-G4_V2.0.0, X-CUBE-AZRTOS-H7RS_V1.1.0, X-CUBE-AZRTOS-H7_V3.3.0, X-CUBE-AZRTOS-L4_V2.0.0, X-CUBE-AZRTOS-L5_V2.0.0, X-CUBE-AZRTOS-WB_V2.0.0, X-CUBE-AZRTOS-WL_V2.0.0, X-CUBE-BLE1_V7.1.0, X-CUBE-BLE2_V3.3.0, X-CUBE-BLEMGR_V4.0.0, X-CUBE-EEPRMA1_V5.1.0, X-CUBE-FREERTOS_V1.3.1, X-CUBE-GNSS1_V6.0.0, X-CUBE-MEMS1_V11.3.0, X-CUBE-NFC4_V3.0.0, X-CUBE-NFC7_V2.0.0, X-CUBE-SFXS2LP1_V4.0.0, X-CUBE-SUBG2_V5.0.0, X-CUBE-TOF1_V3.4.3]
2025-07-28 13:00:21,848 [INFO] ApiDb:240 - Found 858 in-development CPN: [B-G473E-ZEST1S, B-WB1M-WPAN1, B-WBA5M-WPAN, B-WL5M-SUBG1, NUCLEO-C031C6, NUCLEO-C051C8, NUCLEO-C071RB, NUCLEO-C092RC, NUCLEO-H503RB, NUCLEO-H533RE, NUCLEO-H563ZI, NUCLEO-H7S3L8, NUCLEO-N657X0-Q, NUCLEO-U031R8, NUCLEO-U083RC, NUCLEO-U385RG-Q, NUCLEO-U545RE-Q, NUCLEO-U5A5ZJ-Q, NUCLEO-WB05KZ, NUCLEO-WB07CC, NUCLEO-WB09KE, NUCLEO-WBA52CG, NUCLEO-WBA55CG, NUCLEO-WL33CC1, NUCLEO-WL33CC2, STEVAL-PROTEUS1, STEVAL-SMARTAG2, STEVAL-STWINBX1, STM320518-EVAL, STM32C0116-DK, STM32C011D6Y3TR, STM32C011D6Y6TR, STM32C011F4P3, STM32C011F4P6, STM32C011F4U3, STM32C011F4U6TR, STM32C011F6P3, STM32C011F6P6, STM32C011F6U3, STM32C011F6U6TR, STM32C011J4M3, STM32C011J4M6, STM32C011J6M3, STM32C011J6M6, STM32C0316-DK, STM32C031C4T3, STM32C031C4T6, STM32C031C4U3, STM32C031C4U6, STM32C031C6T3, STM32C031C6T6, STM32C031C6U3, STM32C031C6U6, STM32C031F4P3, STM32C031F4P6, STM32C031F6P3, STM32C031F6P6, STM32C031G4U3, STM32C031G4U6, STM32C031G6U3, STM32C031G6U6, STM32C031K4T3, STM32C031K4T6, STM32C031K4U3, STM32C031K4U6, STM32C031K6T3, STM32C031K6T6, STM32C031K6U3, STM32C031K6U6, STM32C051C6T6, STM32C051C6U6, STM32C051C8T6, STM32C051C8U6, STM32C051D8Y6TR, STM32C051F6P6, STM32C051F8P6, STM32C051G6U6, STM32C051G8U6, STM32C051K6T6, STM32C051K6U6, STM32C051K8T6, STM32C071C8T6, STM32C071C8T6N, STM32C071C8U6, STM32C071C8U6N, STM32C071CBT6, STM32C071CBT6N, STM32C071CBU6, STM32C071CBU6N, STM32C071F8P6, STM32C071F8P6N, STM32C071FBP6, STM32C071FBP6N, STM32C071FBY6TR, STM32C071G8U6, STM32C071G8U6N, STM32C071GBU6, STM32C071GBU6N, STM32C071K8T6, STM32C071K8T6N, STM32C071K8U6, STM32C071K8U6N, STM32C071KBT6, STM32C071KBT6N, STM32C071KBU6, STM32C071KBU6N, STM32C071R8T6, STM32C071R8T6N, STM32C071RBI6N, STM32C071RBT6, STM32C071RBT6N, STM32C091CBT6, STM32C091CBU6, STM32C091CCT6, STM32C091CCU6, STM32C091ECY6TR, STM32C091FBP6, STM32C091FCP6, STM32C091GBU6, STM32C091GCU6, STM32C091KBT6, STM32C091KBU6, STM32C091KCT6, STM32C091KCU6, STM32C091RBT6, STM32C091RCI6, STM32C091RCT6, STM32C092CBT6, STM32C092CBU6, STM32C092CCT6, STM32C092CCU6, STM32C092ECY6TR, STM32C092FBP6, STM32C092FCP6, STM32C092GBU6, STM32C092GCU6, STM32C092KBT6, STM32C092KBU6, STM32C092KCT6, STM32C092KCU6, STM32C092RBT6, STM32C092RCI6, STM32C092RCT6, STM32G071K8TXN, STM32G071K8UXN, STM32G081GBU6N, STM32G081KBT6N, STM32G081KBUXN, STM32G0B1CCT6N, STM32G0B1KCT6, STM32G0B1NEY6TR, STM32G0B1RCT6N, STM32G0C1CCT6, STM32G0C1CCT6N, STM32G0C1CCU6N, STM32G0C1CET6N, STM32G0C1CEU6N, STM32G0C1KCT6, STM32G0C1NEY6TR, STM32G0C1RCI6N, STM32G0C1RCT6N, STM32G0C1REI6N, STM32G0C1RET6N, STM32G0C1VCI6, STM32G0C1VEI6, STM32G411C6T3, STM32G411C6T6, STM32G411C6U3, STM32G411C6U6, STM32G411C8T3, STM32G411C8T6, STM32G411C8U3, STM32G411C8U6, STM32G411CBT3, STM32G411CBT6, STM32G411CBU3, STM32G411CBU6, STM32G411CCT3, STM32G411CCT6, STM32G411CCU3, STM32G411CCU6, STM32G411K6T3, STM32G411K6T6, STM32G411K6U3, STM32G411K6U6, STM32G411K8T3, STM32G411K8T6, STM32G411K8U3, STM32G411K8U6, STM32G411KBT3, STM32G411KBT6, STM32G411KBU3, STM32G411KBU6, STM32G411M6T3, STM32G411M6T6, STM32G411M8T3, STM32G411M8T6, STM32G411MBT3, STM32G411MBT6, STM32G411MCT3, STM32G411MCT6, STM32G411R6T3, STM32G411R6T6, STM32G411R8T3, STM32G411R8T6, STM32G411RBT3, STM32G411RBT6, STM32G411RCT3, STM32G411RCT6, STM32G414CBT3, STM32G414CBT6, STM32G414CBU3, STM32G414CBU6, STM32G414CCT3, STM32G414CCT6, STM32G414CCU3, STM32G414CCU6, STM32G414MBT3, STM32G414MBT6, STM32G414MCT3, STM32G414MCT6, STM32G414RBT3, STM32G414RBT6, STM32G414RCT3, STM32G414RCT6, STM32G414VBT3, STM32G414VBT6, STM32G414VCT3, STM32G414VCT6, STM32G431CBT3Z, STM32G431RBT3Z, STM32G471CCT6, STM32G471CCU6, STM32G471CET3, STM32G471CET6, STM32G471CEU3, STM32G471CEU6, STM32G471MCT6, STM32G471MET3, STM32G471MET6, STM32G471MEY6TR, STM32G471QCT6, STM32G471QET3, STM32G471RCT6, STM32G471RET3, STM32G471RET6, STM32G471VCH6, STM32G471VCI6, STM32G471VCT6, STM32G471VEH3, STM32G471VEH6, STM32G471VEI3, STM32G471VEI6, STM32G471VET3, STM32G471VET6, STM32G473QET3Z, STM32G473RET3Z, STM32G474CCT6, STM32G491RET3Z, STM32H503CBT6, STM32H503CBU6, STM32H503EBY6TR, STM32H503KBU6, STM32H503RBT6, STM32H523CCT6, STM32H523CCU6, STM32H523CET6, STM32H523CEU6, STM32H523HEY6TR, STM32H523RCT6, STM32H523RET6, STM32H523VCI6, STM32H523VCT6, STM32H523VEI6, STM32H523VET6, STM32H523ZCJ6, STM32H523ZCT6, STM32H523ZEJ6, STM32H523ZET6, STM32H533CET6, STM32H533CEU6, STM32H533HEY6TR, STM32H533RET6, STM32H533VEI6, STM32H533VET6, STM32H533ZEJ6, STM32H533ZET6, STM32H562AGI6, STM32H562AII6, STM32H562IGK6, STM32H562IGT6, STM32H562IIK6, STM32H562IIT6, STM32H562RGT6, STM32H562RGV6, STM32H562RIT6, STM32H562RIV6, STM32H562VGT6, STM32H562VIT6, STM32H562ZGT6, STM32H562ZIT6, STM32H563AGI6, STM32H563AII3Q, STM32H563AII6, STM32H563IGK6, STM32H563IGT6, STM32H563IIK3Q, STM32H563IIK6, STM32H563IIT3Q, STM32H563IIT6, STM32H563MIY3QTR, STM32H563RGT6, STM32H563RGV6, STM32H563RIT6, STM32H563RIV6, STM32H563VGT6, STM32H563VIT3Q, STM32H563VIT6, STM32H563ZGT6, STM32H563ZIT3Q, STM32H563ZIT6, STM32H573AII3Q, STM32H573AII6, STM32H573I-DK, STM32H573IIK3Q, STM32H573IIK6, STM32H573IIT3Q, STM32H573IIT6, STM32H573MIY3QTR, STM32H573RIT6, STM32H573RIV6, STM32H573VIT3Q, STM32H573VIT6, STM32H573ZIT3Q, STM32H573ZIT6, STM32H7R3A8I6, STM32H7R3I8K6, STM32H7R3I8T6, STM32H7R3L8H6, STM32H7R3L8H6H, STM32H7R3R8V6, STM32H7R3V8H6, STM32H7R3V8T6, STM32H7R3V8Y6TR, STM32H7R3Z8J6, STM32H7R3Z8T6, STM32H7R7A8I6, STM32H7R7I8K6, STM32H7R7I8T6, STM32H7R7L8H6, STM32H7R7L8H6H, STM32H7R7Z8J6, STM32H7S3A8I6, STM32H7S3I8K6, STM32H7S3I8T6, STM32H7S3L8H6, STM32H7S3L8H6H, STM32H7S3R8V6, STM32H7S3V8H6, STM32H7S3V8T6, STM32H7S3V8Y6TR, STM32H7S3Z8J6, STM32H7S3Z8T6, STM32H7S78-DK, STM32H7S7A8I6, STM32H7S7I8K6, STM32H7S7I8T6, STM32H7S7L8H6, STM32H7S7L8H6H, STM32H7S7Z8J6, STM32L4R5QGI6STR, STM32MP131AAE3, STM32MP131AAF3, STM32MP131AAG3, STM32MP131CAE3, STM32MP131CAF3, STM32MP131CAG3, STM32MP131DAE7, STM32MP131DAF7, STM32MP131DAG7, STM32MP131FAE7, STM32MP131FAF7, STM32MP131FAG7, STM32MP133AAE3, STM32MP133AAF3, STM32MP133AAG3, STM32MP133CAE3, STM32MP133CAF3, STM32MP133CAG3, STM32MP133DAE7, STM32MP133DAF7, STM32MP133DAG7, STM32MP133FAE7, STM32MP133FAF7, STM32MP133FAG7, STM32MP135AAE3, STM32MP135AAF3, STM32MP135AAG3, STM32MP135CAE3, STM32MP135CAF3, STM32MP135CAG3, STM32MP135DAE7, STM32MP135DAF7, STM32MP135DAG7, STM32MP135F-DK, STM32MP135FAE7, STM32MP135FAF7, STM32MP135FAF7T, STM32MP135FAF7U, STM32MP135FAG7, STM32MP231AAJ3, STM32MP231AAK3, STM32MP231AAL3, STM32MP231CAJ3, STM32MP231CAK3, STM32MP231CAL3, STM32MP231DAJ3, STM32MP231DAK3, STM32MP231DAL3, STM32MP231FAJ3, STM32MP231FAK3, STM32MP231FAL3, STM32MP233AAJ3, STM32MP233AAK3, STM32MP233AAL3, STM32MP233CAJ3, STM32MP233CAK3, STM32MP233CAL3, STM32MP233DAJ3, STM32MP233DAK3, STM32MP233DAL3, STM32MP233FAJ3, STM32MP233FAK3, STM32MP233FAL3, STM32MP235AAJ3, STM32MP235AAK3, STM32MP235AAL3, STM32MP235CAJ3, STM32MP235CAK3, STM32MP235CAL3, STM32MP235DAJ3, STM32MP235DAK3, STM32MP235DAL3, STM32MP235FAJ3, STM32MP235FAK3, STM32MP235FAL3, STM32MP251AAI3, STM32MP251AAJ3, STM32MP251AAK3, STM32MP251AAL3, STM32MP251CAI3, STM32MP251CAJ3, STM32MP251CAK3, STM32MP251CAL3, STM32MP251DAI3, STM32MP251DAJ3, STM32MP251DAK3, STM32MP251DAL3, STM32MP251FAI3, STM32MP251FAJ3, STM32MP251FAK3, STM32MP251FAL3, STM32MP253AAI3, STM32MP253AAJ3, STM32MP253AAK3, STM32MP253AAL3, STM32MP253CAI3, STM32MP253CAJ3, STM32MP253CAK3, STM32MP253CAL3, STM32MP253DAI3, STM32MP253DAJ3, STM32MP253DAK3, STM32MP253DAL3, STM32MP253FAI3, STM32MP253FAJ3, STM32MP253FAK3, STM32MP253FAL3, STM32MP255AAI3, STM32MP255AAJ3, STM32MP255AAK3, STM32MP255AAL3, STM32MP255CAI3, STM32MP255CAJ3, STM32MP255CAK3, STM32MP255CAL3, STM32MP255DAI3, STM32MP255DAJ3, STM32MP255DAK3, STM32MP255DAL3, STM32MP255FAI3, STM32MP255FAJ3, STM32MP255FAK3, STM32MP255FAL3, STM32MP257AAI3, STM32MP257AAJ3, STM32MP257AAK3, STM32MP257AAL3, STM32MP257CAI3, STM32MP257CAJ3, STM32MP257CAK3, STM32MP257CAL3, STM32MP257DAI3, STM32MP257DAJ3, STM32MP257DAK3, STM32MP257DAL3, STM32MP257F-DK, STM32MP257F-EV1, STM32MP257FAI3, STM32MP257FAJ3, STM32MP257FAK3, STM32MP257FAL3, STM32N645A0H3Q, STM32N645B0H3Q, STM32N645I0H3Q, STM32N645L0H3Q, STM32N645X0H3Q, STM32N645Z0H3Q, STM32N647A0H3Q, STM32N647B0H3Q, STM32N647I0H3Q, STM32N647L0H3Q, STM32N647X0H3Q, STM32N647Z0H3Q, STM32N655A0H3Q, STM32N655B0H3Q, STM32N655I0H3Q, STM32N655L0H3Q, STM32N655X0H3Q, STM32N655Z0H3Q, STM32N6570-DK, STM32N657A0H3Q, STM32N657B0H3Q, STM32N657I0H3Q, STM32N657L0H3Q, STM32N657X0H3Q, STM32N657Z0H3Q, STM32U031C6T6, STM32U031C6U6, STM32U031C8T6, STM32U031C8U6, STM32U031F4P6, STM32U031F6P6, STM32U031F8P6, STM32U031G6Y6TR, STM32U031G8Y6TR, STM32U031K4U6, STM32U031K6U6, STM32U031K8U6, STM32U031R6I6, STM32U031R6T6, STM32U031R8I6, STM32U031R8T6, STM32U073C8T6, STM32U073C8U6, STM32U073CBT6, STM32U073CBU6, STM32U073CCT6, STM32U073CCU6, STM32U073H8Y6TR, STM32U073HBY6TR, STM32U073HCY6TR, STM32U073K8U6, STM32U073KBU6, STM32U073KCU6, STM32U073M8I6, STM32U073M8T6, STM32U073MBI6, STM32U073MBT6, STM32U073MCI6, STM32U073MCT6, STM32U073R8I6, STM32U073R8T6, STM32U073RBI6, STM32U073RBT6, STM32U073RCI6, STM32U073RCT6, STM32U083C-DK, STM32U083CCT6, STM32U083CCU6, STM32U083HCY6TR, STM32U083KCU6, STM32U083MCI6, STM32U083MCT6, STM32U083RCI6, STM32U083RCT6, STM32U375CET6, STM32U375CET6Q, STM32U375CEU6, STM32U375CEU6Q, STM32U375CEY6QTR, STM32U375CGT6, STM32U375CGT6Q, STM32U375CGU6, STM32U375CGU6Q, STM32U375CGY6QTR, STM32U375KEU6, STM32U375KGU6, STM32U375REI6, STM32U375REI6Q, STM32U375RET6, STM32U375RET6Q, STM32U375REY6GTR, STM32U375REY6QTR, STM32U375RGI6, STM32U375RGI6Q, STM32U375RGT6, STM32U375RGT6Q, STM32U375RGY6GTR, STM32U375RGY6QTR, STM32U375VEI6, STM32U375VEI6Q, STM32U375VET6, STM32U375VET6Q, STM32U375VGI6, STM32U375VGI6Q, STM32U375VGT6, STM32U375VGT6Q, STM32U385CGT6, STM32U385CGT6Q, STM32U385CGU6, STM32U385CGU6Q, STM32U385CGY6QTR, STM32U385KGU6, STM32U385RGI6, STM32U385RGI6Q, STM32U385RGT6, STM32U385RGT6Q, STM32U385RGY6GTR, STM32U385RGY6QTR, STM32U385VGI6, STM32U385VGI6Q, STM32U385VGT6, STM32U385VGT6Q, STM32U535CBT6, STM32U535CBT6Q, STM32U535CBU6, STM32U535CBU6Q, STM32U535CCT6, STM32U535CCT6Q, STM32U535CCU6, STM32U535CCU6Q, STM32U535CET6, STM32U535CET6Q, STM32U535CEU6, STM32U535CEU6Q, STM32U535JEY6QTR, STM32U535NCY6QTR, STM32U535NEY6QTR, STM32U535RBI6, STM32U535RBI6Q, STM32U535RBT6, STM32U535RBT6Q, STM32U535RCI6, STM32U535RCI6Q, STM32U535RCT6, STM32U535RCT6Q, STM32U535REI6, STM32U535REI6Q, STM32U535RET6, STM32U535RET6Q, STM32U535VCI6, STM32U535VCI6Q, STM32U535VCT6, STM32U535VCT6Q, STM32U535VEI6, STM32U535VEI6Q, STM32U535VET6, STM32U535VET6Q, STM32U545CET6, STM32U545CET6Q, STM32U545CEU6, STM32U545CEU6Q, STM32U545JEY6QTR, STM32U545NEY6QTR, STM32U545REI6, STM32U545REI6Q, STM32U545RET6, STM32U545RET6Q, STM32U545VEI6, STM32U545VEI6Q, STM32U545VET6, STM32U545VET6Q, STM32U595AIH6, STM32U595AIH6Q, STM32U595AJH6, STM32U595AJH6Q, STM32U595QII6, STM32U595QII6Q, STM32U595QJI6, STM32U595QJI6Q, STM32U595RIT6, STM32U595RIT6Q, STM32U595RJT6, STM32U595RJT6Q, STM32U595VIT6, STM32U595VIT6Q, STM32U595VJT6, STM32U595VJT6Q, STM32U595ZIT6, STM32U595ZIT6Q, STM32U595ZIY6QTR, STM32U595ZJT6, STM32U595ZJT6Q, STM32U595ZJY6QTR, STM32U599BJY6QTR, STM32U599NIH6Q, STM32U599NJH6Q, STM32U599VIT6Q, STM32U599VJT6, STM32U599VJT6Q, STM32U599ZIT6Q, STM32U599ZIY6QTR, STM32U599ZJT6Q, STM32U599ZJY6QTR, STM32U5A5AJH6, STM32U5A5AJH6Q, STM32U5A5QII3Q , STM32U5A5QJI6, STM32U5A5QJI6Q, STM32U5A5RJT6, STM32U5A5RJT6Q, STM32U5A5VJT6, STM32U5A5VJT6Q, STM32U5A5ZJT6, STM32U5A5ZJT6Q, STM32U5A5ZJY6QTR, STM32U5A9BJY6QTR, STM32U5A9J-DK, STM32U5A9NJH6Q, STM32U5A9VJT6Q, STM32U5A9ZJT6Q, STM32U5A9ZJY6QTR, STM32U5F7VIT6, STM32U5F7VIT6Q, STM32U5F7VJT6, STM32U5F7VJT6Q, STM32U5F9BJY6QTR, STM32U5F9NJH6Q, STM32U5F9VIT6Q, STM32U5F9VJT6Q, STM32U5F9ZIJ6QTR, STM32U5F9ZIT6Q, STM32U5F9ZJJ6QTR, STM32U5F9ZJT6Q, STM32U5G7VJT6, STM32U5G7VJT6Q, STM32U5G9BJY6QTR, STM32U5G9J-DK1, STM32U5G9J-DK2, STM32U5G9NJH6Q, STM32U5G9VJT6Q, STM32U5G9ZJJ6QTR, STM32U5G9ZJT6Q, STM32WB05KZV6TR, STM32WB05KZV7TR, STM32WB05TZF6TR, STM32WB05TZF7TR, STM32WB06CCF6TR, STM32WB06CCF7TR, STM32WB06CCV6TR, STM32WB06CCV7TR, STM32WB06KCV6TR, STM32WB06KCV7TR, STM32WB07CCF6TR, STM32WB07CCF7TR, STM32WB07CCV6TR, STM32WB07CCV7TR, STM32WB07KCV6TR, STM32WB07KCV7TR, STM32WB09KEV6TR, STM32WB09KEV7TR, STM32WB09TEF6TR, STM32WB09TEF7TR, STM32WB1MMCH6, STM32WBA50KGU6, STM32WBA50KGU6TR, STM32WBA52CEU6, STM32WBA52CEU6TR, STM32WBA52CEU7, STM32WBA52CEU7TR, STM32WBA52CGU6, STM32WBA52CGU6TR, STM32WBA52CGU6U, STM32WBA52CGU7, STM32WBA52CGU7TR, STM32WBA52KEU6, STM32WBA52KEU6TR, STM32WBA52KGU6, STM32WBA52KGU6TR, STM32WBA54CEU6, STM32WBA54CEU6TR, STM32WBA54CEU7, STM32WBA54CEU7TR, STM32WBA54CGU6, STM32WBA54CGU6TR, STM32WBA54CGU7, STM32WBA54CGU7TR, STM32WBA54KEU6, STM32WBA54KEU6TR, STM32WBA54KEU7, STM32WBA54KEU7TR, STM32WBA54KGU6, STM32WBA54KGU6TR, STM32WBA54KGU7, STM32WBA54KGU7TR, STM32WBA55CEU6, STM32WBA55CEU6TR, STM32WBA55CEU7, STM32WBA55CEU7TR, STM32WBA55CGU6, STM32WBA55CGU6TR, STM32WBA55CGU6U, STM32WBA55CGU7, STM32WBA55CGU7TR, STM32WBA55G-DK1, STM32WBA55HEF6, STM32WBA55HEF7, STM32WBA55HGF6, STM32WBA55HGF7, STM32WBA55UEI6, STM32WBA55UEI6TR, STM32WBA55UEI7, STM32WBA55UEI7TR, STM32WBA55UGI6, STM32WBA55UGI6TR, STM32WBA55UGI7, STM32WBA55UGI7TR, STM32WBA5MJGH6TR, STM32WBA5MJGH6U, STM32WL33C8V6, STM32WL33C8V6TR, STM32WL33C8V7, STM32WL33C8V7TR, STM32WL33CBV6, STM32WL33CBV6TR, STM32WL33CBV7, STM32WL33CBV7TR, STM32WL33CCV6, STM32WL33CCV6TR, STM32WL33CCV7, STM32WL33CCV7A, STM32WL33CCV7ATR, STM32WL33CCV7TR, STM32WL33K8V6, STM32WL33K8V6TR, STM32WL33K8V7, STM32WL33K8V7TR, STM32WL33KBV6, STM32WL33KBV6TR, STM32WL33KBV7, STM32WL33KBV7TR, STM32WL33KCV6, STM32WL33KCV6TR, STM32WL33KCV7, STM32WL33KCV7TR, STM32WL5MOCH6, STM32WL5MOCH6TR]
2025-07-28 13:00:21,856 [INFO] DbMcus:218 - Found 4736 MCUs, 4736 are supported
2025-07-28 13:00:21,857 [INFO] ApiDb:423 - Load user favorites file C:\Users\Santiago/.stm32cubeide/favorites.mcus.txt: 0 item(s)
2025-07-28 13:00:21,858 [INFO] ApiDb:427 - User favorites MCUs=[]
2025-07-28 13:00:21,858 [INFO] DbMcus:224 - Set 0 / 0 favorites MCUs
2025-07-28 13:00:23,269 [INFO] BoardInfo:889 - No configuration file found for board NUCLEO-WBA65RI
2025-07-28 13:00:23,271 [INFO] DbBoards:161 - Board is not supported: NUCLEO-WBA65RI
2025-07-28 13:00:23,301 [INFO] BoardInfo:889 - No configuration file found for board P-NUCLEO-WB55
2025-07-28 13:00:23,304 [INFO] DbBoards:161 - Kit is not supported: P-NUCLEO-WB55
2025-07-28 13:00:23,319 [INFO] BoardInfo:889 - No configuration file found for board STEVAL-BFA001V1B
2025-07-28 13:00:23,321 [INFO] DbBoards:161 - Kit is not supported: STEVAL-BFA001V1B
2025-07-28 13:00:23,322 [INFO] BoardInfo:889 - No configuration file found for board STEVAL-BFA001V2B
2025-07-28 13:00:23,325 [INFO] DbBoards:161 - Kit is not supported: STEVAL-BFA001V2B
2025-07-28 13:00:23,955 [INFO] BoardInfo:889 - No configuration file found for board STM32WBA65I-DK1
2025-07-28 13:00:23,958 [INFO] DbBoards:161 - Board is not supported: STM32WBA65I-DK1
2025-07-28 13:00:23,958 [INFO] DbBoards:168 - Found 211 boards, 206 are supported
2025-07-28 13:00:23,959 [INFO] DbBoards:169 - Found 211 boards, 42 of them is supported for  Bsp
2025-07-28 13:00:23,968 [INFO] ApiDb:423 - Load user favorites file C:\Users\Santiago/.stm32cubeide/favorites.boards.txt: 0 item(s)
2025-07-28 13:00:23,968 [INFO] ApiDb:427 - User favorites Boards=[]
2025-07-28 13:00:23,968 [INFO] DbBoards:198 - Set 0 / 0 favorites Boards
2025-07-28 13:00:24,021 [INFO] UtilMem:75 - End LoadConfig() Used Memory: 885845320 Bytes (1073741824)
2025-07-28 13:00:24,321 [WARN] ThirdParty:833 - waiting for thirdparty lock release [change project]
2025-07-28 13:00:24,321 [INFO] ThirdParty:835 - entering critical section [change project]
2025-07-28 13:00:24,321 [INFO] ThirdParty:1030 - CMSIS Pack Vendor :STMicroelectronics X-CUBE-PM33A1 1.0.0
2025-07-28 13:00:24,321 [INFO] ThirdParty:1030 - CMSIS Pack Vendor :STMicroelectronics USBPD 4.1
2025-07-28 13:00:24,321 [INFO] ThirdParty:1030 - CMSIS Pack Vendor :STMicroelectronics X-CUBE-AZRTOS-H7 3.3.0
2025-07-28 13:00:24,321 [INFO] ThirdParty:1030 - CMSIS Pack Vendor :STMicroelectronics X-CUBE-NFC9 1.0.0
2025-07-28 13:00:24,321 [INFO] ThirdParty:1030 - CMSIS Pack Vendor :STMicroelectronics USB_HOST 2.0.0
2025-07-28 13:00:24,323 [INFO] ThirdParty:1030 - CMSIS Pack Vendor :STMicroelectronics FP-SNS-MOTENVWB1 1.4.0
2025-07-28 13:00:24,323 [INFO] ThirdParty:1030 - CMSIS Pack Vendor :STMicroelectronics X-CUBE-AZRTOS-F4 1.1.0
2025-07-28 13:00:24,323 [INFO] ThirdParty:1030 - CMSIS Pack Vendor :STMicroelectronics LIBJPEG 8.0.0
2025-07-28 13:00:24,323 [INFO] ThirdParty:1030 - CMSIS Pack Vendor :STMicroelectronics FP-ATR-ASTRA1 2.0.2
2025-07-28 13:00:24,323 [INFO] ThirdParty:1030 - CMSIS Pack Vendor :STMicroelectronics X-CUBE-BLE1 7.1.0
2025-07-28 13:00:24,323 [INFO] ThirdParty:1030 - CMSIS Pack Vendor :Avnet-IotConnect X-CUBE-IoTC-DA16k-PMOD 1.0.0
2025-07-28 13:00:24,323 [INFO] ThirdParty:1030 - CMSIS Pack Vendor :STMicroelectronics X-CUBE-SMBUS 2.1.0
2025-07-28 13:00:24,323 [INFO] ThirdParty:1030 - CMSIS Pack Vendor :STMicroelectronics X-CUBE-WB05N 1.1.0
2025-07-28 13:00:24,323 [INFO] ThirdParty:1030 - CMSIS Pack Vendor :wolfSSL I-CUBE-wolfMQTT 1.19.2
2025-07-28 13:00:24,323 [INFO] ThirdParty:1030 - CMSIS Pack Vendor :STMicroelectronics USB_DEVICE 3.0.0
2025-07-28 13:00:24,323 [INFO] ThirdParty:1030 - CMSIS Pack Vendor :STMicroelectronics X-CUBE-ISPU 2.1.0
2025-07-28 13:00:24,323 [INFO] ThirdParty:1030 - CMSIS Pack Vendor :STMicroelectronics X-CUBE-EEPRMA1 5.2.0
2025-07-28 13:00:24,323 [INFO] ThirdParty:1030 - CMSIS Pack Vendor :STMicroelectronics X-CUBE-BLEMGR 4.1.0
2025-07-28 13:00:24,323 [INFO] ThirdParty:1030 - CMSIS Pack Vendor :STMicroelectronics X-CUBE-AZRTOS-WB 2.0.0
2025-07-28 13:00:24,323 [INFO] ThirdParty:1030 - CMSIS Pack Vendor :STMicroelectronics X-CUBE-ST60 1.0.0
2025-07-28 13:00:24,323 [INFO] ThirdParty:1030 - CMSIS Pack Vendor :STMicroelectronics X-CUBE-GNSS1 7.0.1
2025-07-28 13:00:24,323 [INFO] ThirdParty:1030 - CMSIS Pack Vendor :STMicroelectronics X-CUBE-NFC12 1.0.0
2025-07-28 13:00:24,324 [INFO] ThirdParty:1030 - CMSIS Pack Vendor :STMicroelectronics X-CUBE-AZRTOS-F7 1.1.0
2025-07-28 13:00:24,324 [INFO] ThirdParty:1030 - CMSIS Pack Vendor :STMicroelectronics X-CUBE-AZRTOS-L5 2.0.0
2025-07-28 13:00:24,324 [INFO] ThirdParty:1030 - CMSIS Pack Vendor :STMicroelectronics X-CUBE-TOUCHGFX 4.25.0
2025-07-28 13:00:24,324 [INFO] ThirdParty:1030 - CMSIS Pack Vendor :STMicroelectronics USB_DEVICE 2.0.0
2025-07-28 13:00:24,324 [INFO] ThirdParty:1030 - CMSIS Pack Vendor :STMicroelectronics X-CUBE-NFC6 3.1.0
2025-07-28 13:00:24,324 [INFO] ThirdParty:1030 - CMSIS Pack Vendor :STMicroelectronics X-CUBE-AI 10.1.0
2025-07-28 13:00:24,324 [INFO] ThirdParty:1030 - CMSIS Pack Vendor :STMicroelectronics FP-SNS-STBOX1 2.0.0
2025-07-28 13:00:24,324 [INFO] ThirdParty:1030 - CMSIS Pack Vendor :STMicroelectronics X-CUBE-MEMS1 11.2.0
2025-07-28 13:00:24,324 [INFO] ThirdParty:1030 - CMSIS Pack Vendor :STMicroelectronics FreeRTOS 0.0.1
2025-07-28 13:00:24,324 [INFO] ThirdParty:1030 - CMSIS Pack Vendor :STMicroelectronics X-CUBE-AZRTOS-G0 1.1.0
2025-07-28 13:00:24,324 [INFO] ThirdParty:1030 - CMSIS Pack Vendor :STMicroelectronics X-CUBE-SAFEA1 1.2.2
2025-07-28 13:00:24,324 [INFO] ThirdParty:1030 - CMSIS Pack Vendor :STMicroelectronics X-CUBE-NFC4 3.0.0
2025-07-28 13:00:24,324 [INFO] ThirdParty:1030 - CMSIS Pack Vendor :STMicroelectronics X-CUBE-DPower 1.2.0
2025-07-28 13:00:24,324 [INFO] ThirdParty:1030 - CMSIS Pack Vendor :STMicroelectronics X-CUBE-SUBG2 5.0.0
2025-07-28 13:00:24,324 [INFO] ThirdParty:1030 - CMSIS Pack Vendor :STMicroelectronics X-CUBE-AZRTOS-H7RS 1.1.0
2025-07-28 13:00:24,324 [INFO] ThirdParty:1030 - CMSIS Pack Vendor :STMicroelectronics STM32_WPAN 1.0.0
2025-07-28 13:00:24,324 [INFO] ThirdParty:1030 - CMSIS Pack Vendor :EmbeddedOffice I-CUBE-FS-RTOS 1.0.1
2025-07-28 13:00:24,324 [INFO] ThirdParty:1030 - CMSIS Pack Vendor :STMicroelectronics lwIP 2.0.3
2025-07-28 13:00:24,325 [INFO] ThirdParty:1030 - CMSIS Pack Vendor :Cesanta I-CUBE-Mongoose 7.13.0
2025-07-28 13:00:24,325 [INFO] ThirdParty:1030 - CMSIS Pack Vendor :STMicroelectronics USB_HOST 1.0.0
2025-07-28 13:00:24,325 [INFO] ThirdParty:1030 - CMSIS Pack Vendor :Infineon AIROC-Wi-Fi-Bluetooth-STM32 1.7.0
2025-07-28 13:00:24,325 [INFO] ThirdParty:1030 - CMSIS Pack Vendor :STMicroelectronics X-CUBE-AZRTOS-G4 2.0.0
2025-07-28 13:00:24,325 [INFO] ThirdParty:1030 - CMSIS Pack Vendor :STMicroelectronics X-CUBE-WB05N 2.0.0
2025-07-28 13:00:24,325 [INFO] ThirdParty:1030 - CMSIS Pack Vendor :STMicroelectronics PDM2PCM 3.1.0
2025-07-28 13:00:24,325 [INFO] ThirdParty:1030 - CMSIS Pack Vendor :STMicroelectronics PDM2PCM 3.3.0
2025-07-28 13:00:24,325 [INFO] ThirdParty:1030 - CMSIS Pack Vendor :wolfSSL I-CUBE-wolfTPM 3.8.0
2025-07-28 13:00:24,325 [INFO] ThirdParty:1030 - CMSIS Pack Vendor :STMicroelectronics X-CUBE-AZRTOS-H7 3.4.0
2025-07-28 13:00:24,325 [INFO] ThirdParty:1030 - CMSIS Pack Vendor :STMicroelectronics X-CUBE-DISPLAY 3.0.0
2025-07-28 13:00:24,325 [INFO] ThirdParty:1030 - CMSIS Pack Vendor :wolfSSL I-CUBE-wolfSSH 1.4.20
2025-07-28 13:00:24,325 [INFO] ThirdParty:1030 - CMSIS Pack Vendor :STMicroelectronics X-CUBE-NFC7 2.0.0
2025-07-28 13:00:24,325 [INFO] ThirdParty:1030 - CMSIS Pack Vendor :STMicroelectronics X-CUBE-TCPP 4.2.0
2025-07-28 13:00:24,325 [INFO] ThirdParty:1030 - CMSIS Pack Vendor :RealThread X-CUBE-RT-Thread_Nano 4.1.1
2025-07-28 13:00:24,325 [INFO] ThirdParty:1030 - CMSIS Pack Vendor :STMicroelectronics FP-ATR-SIGFOX1 3.2.0
2025-07-28 13:00:24,325 [INFO] ThirdParty:1030 - CMSIS Pack Vendor :STMicroelectronics X-CUBE-NFC10 1.0.0
2025-07-28 13:00:24,325 [INFO] ThirdParty:1030 - CMSIS Pack Vendor :STMicroelectronics X-CUBE-BLEMGR 4.0.0
2025-07-28 13:00:24,325 [INFO] ThirdParty:1030 - CMSIS Pack Vendor :STMicroelectronics X-CUBE-EEPRMA1 5.1.0
2025-07-28 13:00:24,326 [INFO] ThirdParty:1030 - CMSIS Pack Vendor :STMicroelectronics X-CUBE-FREERTOS 1.3.1
2025-07-28 13:00:24,326 [INFO] ThirdParty:1030 - CMSIS Pack Vendor :STMicroelectronics HAL Drivers 0.0.0
2025-07-28 13:00:24,326 [INFO] ThirdParty:1030 - CMSIS Pack Vendor :STMicroelectronics MBEDTLS 2.16.2
2025-07-28 13:00:24,326 [INFO] ThirdParty:1030 - CMSIS Pack Vendor :STMicroelectronics X-CUBE-IPS 3.1.0
2025-07-28 13:00:24,326 [INFO] ThirdParty:1030 - CMSIS Pack Vendor :STMicroelectronics X-CUBE-ALS 1.0.2
2025-07-28 13:00:24,326 [INFO] ThirdParty:1030 - CMSIS Pack Vendor :emotas I-CUBE-CANOPEN 1.3.0
2025-07-28 13:00:24,326 [INFO] ThirdParty:1030 - CMSIS Pack Vendor :STMicroelectronics X-CUBE-FREERTOS 1.3.0
2025-07-28 13:00:24,326 [INFO] ThirdParty:1030 - CMSIS Pack Vendor :STMicroelectronics X-CUBE-NFC7 1.0.1
2025-07-28 13:00:24,326 [INFO] ThirdParty:1030 - CMSIS Pack Vendor :STMicroelectronics MBEDTLS 2.14.1
2025-07-28 13:00:24,326 [INFO] ThirdParty:1030 - CMSIS Pack Vendor :wolfSSL I-CUBE-wolfSSL 5.7.6
2025-07-28 13:00:24,326 [INFO] ThirdParty:1030 - CMSIS Pack Vendor :ITTIA_DB I-CUBE-ITTIADB 8.9.0
2025-07-28 13:00:24,326 [INFO] ThirdParty:1030 - CMSIS Pack Vendor :portGmbH I-Cube-SoM-uGOAL 1.1.0
2025-07-28 13:00:24,326 [INFO] ThirdParty:1030 - CMSIS Pack Vendor :quantropi X-CUBE-qispace-sdk-base 2.0.0
2025-07-28 13:00:24,326 [INFO] ThirdParty:1030 - CMSIS Pack Vendor :STMicroelectronics X-CUBE-AI 10.0.0
2025-07-28 13:00:24,327 [INFO] ThirdParty:1030 - CMSIS Pack Vendor :STMicroelectronics X-CUBE-ST67W61 1.0.0
2025-07-28 13:00:24,327 [INFO] ThirdParty:1030 - CMSIS Pack Vendor :STMicroelectronics FP-SNS-STAIOTCFT 1.0.0
2025-07-28 13:00:24,327 [INFO] ThirdParty:1030 - CMSIS Pack Vendor :STMicroelectronics ThreadX 1.0.0
2025-07-28 13:00:24,327 [INFO] ThirdParty:1030 - CMSIS Pack Vendor :STMicroelectronics FP-SNS-SMARTAG2 1.2.0
2025-07-28 13:00:24,327 [INFO] ThirdParty:1030 - CMSIS Pack Vendor :STMicroelectronics FP-SNS-FLIGHT1 5.1.0
2025-07-28 13:00:24,327 [INFO] ThirdParty:1030 - CMSIS Pack Vendor :STMicroelectronics X-CUBE-MEMS1 11.1.0
2025-07-28 13:00:24,327 [INFO] ThirdParty:1030 - CMSIS Pack Vendor :STMicroelectronics X-CUBE-AZRTOS-WL 2.0.0
2025-07-28 13:00:24,327 [INFO] ThirdParty:1030 - CMSIS Pack Vendor :SEGGER I-CUBE-embOS 1.3.1
2025-07-28 13:00:24,327 [INFO] ThirdParty:1030 - CMSIS Pack Vendor :STMicroelectronics X-CUBE-ALGOBUILD 1.4.0
2025-07-28 13:00:24,327 [INFO] ThirdParty:1030 - CMSIS Pack Vendor :STMicroelectronics X-CUBE-DPower 1.3.0
2025-07-28 13:00:24,328 [INFO] ThirdParty:1030 - CMSIS Pack Vendor :STMicroelectronics X-CUBE-MEMS1 11.3.0
2025-07-28 13:00:24,328 [INFO] ThirdParty:1030 - CMSIS Pack Vendor :STMicroelectronics FP-SNS-MOTENV1 5.0.0
2025-07-28 13:00:24,330 [INFO] ThirdParty:1030 - CMSIS Pack Vendor :STMicroelectronics USB_DEVICE 1.0.0
2025-07-28 13:00:24,331 [INFO] ThirdParty:1030 - CMSIS Pack Vendor :STMicroelectronics X-CUBE-AZRTOS-L4 2.0.0
2025-07-28 13:00:24,331 [INFO] ThirdParty:1030 - CMSIS Pack Vendor :STMicroelectronics ThreadX 0.0.2
2025-07-28 13:00:24,331 [INFO] ThirdParty:1030 - CMSIS Pack Vendor :WES I-CUBE-Cesium 1.3.0
2025-07-28 13:00:24,331 [INFO] ThirdParty:1030 - CMSIS Pack Vendor :STMicroelectronics lwIP 2.1.2
2025-07-28 13:00:24,331 [INFO] ThirdParty:1030 - CMSIS Pack Vendor :STMicroelectronics X-CUBE-SFXS2LP1 4.0.0
2025-07-28 13:00:24,331 [INFO] ThirdParty:1030 - CMSIS Pack Vendor :STMicroelectronics X-CUBE-BLE2 3.3.0
2025-07-28 13:00:24,331 [INFO] ThirdParty:1030 - CMSIS Pack Vendor :STMicroelectronics X-CUBE-TOF1 3.4.2
2025-07-28 13:00:24,332 [INFO] ThirdParty:1030 - CMSIS Pack Vendor :STMicroelectronics X-CUBE-TOF1 3.4.3
2025-07-28 13:00:24,332 [INFO] ThirdParty:1030 - CMSIS Pack Vendor :STMicroelectronics PDM2PCM 3.2.0
2025-07-28 13:00:24,332 [INFO] ThirdParty:841 - exiting critical section [change project]
2025-07-28 13:00:26,050 [INFO] PinOutPanel:1589 - setPackage(No Configuration,No Configuration)
2025-07-28 13:00:26,070 [INFO] PinOutPanel:1589 - setPackage(STM32F103RBTx,LQFP64)
2025-07-28 13:00:27,770 [INFO] UtilMem:75 - Before build in PCC Used Memory: 647558200 Bytes (1073741824)
2025-07-28 13:00:31,186 [INFO] UtilMem:75 - After build in PCC Used Memory: 742978616 Bytes (1073741824)
2025-07-28 13:00:31,306 [INFO] IPUIPlugin:80 - create IPUIPlugin
2025-07-28 13:00:31,307 [INFO] IPUIPlugin:80 - create IPUIPlugin
2025-07-28 13:00:31,308 [INFO] IPUIPlugin:80 - create IPUIPlugin
2025-07-28 13:00:31,308 [INFO] IPUIPlugin:80 - create IPUIPlugin
2025-07-28 13:00:31,309 [INFO] IPUIPlugin:80 - create IPUIPlugin
2025-07-28 13:00:31,309 [INFO] IPUIPlugin:80 - create IPUIPlugin
2025-07-28 13:00:31,310 [INFO] IPUIPlugin:80 - create IPUIPlugin
2025-07-28 13:00:31,310 [INFO] IPUIPlugin:80 - create IPUIPlugin
2025-07-28 13:00:31,310 [INFO] IPUIPlugin:80 - create IPUIPlugin
2025-07-28 13:00:31,316 [INFO] IPUIPlugin:80 - create IPUIPlugin
2025-07-28 13:00:31,316 [INFO] IPUIPlugin:80 - create IPUIPlugin
2025-07-28 13:00:31,319 [INFO] IPUIPlugin:80 - create IPUIPlugin
2025-07-28 13:00:31,320 [INFO] IPUIPlugin:80 - create IPUIPlugin
2025-07-28 13:00:31,320 [INFO] IPUIPlugin:80 - create IPUIPlugin
2025-07-28 13:00:31,321 [INFO] IPUIPlugin:80 - create IPUIPlugin
2025-07-28 13:00:31,321 [INFO] IPUIPlugin:80 - create IPUIPlugin
2025-07-28 13:00:31,322 [INFO] IPUIPlugin:80 - create IPUIPlugin
2025-07-28 13:00:31,323 [INFO] IPUIPlugin:80 - create IPUIPlugin
2025-07-28 13:00:31,324 [INFO] IPUIPlugin:80 - create IPUIPlugin
2025-07-28 13:00:31,324 [INFO] IPUIPlugin:80 - create IPUIPlugin
2025-07-28 13:00:31,324 [INFO] IPUIPlugin:80 - create IPUIPlugin
2025-07-28 13:00:31,325 [INFO] IPUIPlugin:80 - create IPUIPlugin
2025-07-28 13:00:31,326 [INFO] IPUIPlugin:80 - create IPUIPlugin
2025-07-28 13:00:31,326 [INFO] IPUIPlugin:80 - create IPUIPlugin
2025-07-28 13:00:31,327 [INFO] IPUIPlugin:80 - create IPUIPlugin
2025-07-28 13:00:31,327 [INFO] IPUIPlugin:80 - create IPUIPlugin
2025-07-28 13:00:31,332 [INFO] IPUIPlugin:80 - create IPUIPlugin
2025-07-28 13:00:31,950 [INFO] CADModel:165 - CPN selected for project levelSTM32F103RBT6
2025-07-28 13:00:31,950 [INFO] CADModel:114 - Register for checkConnection events
2025-07-28 13:00:31,999 [INFO] OpenFileManager:363 - Restore cursor
2025-07-28 13:05:20,918 [INFO] MainUpdater:2872 - connection check result : 10
2025-07-28 13:05:20,919 [INFO] MainUpdater:2872 - connection check result : 10
2025-07-28 13:05:23,092 [INFO] MicroXplorer:468 - Change Database Path : 
2025-07-28 13:05:23,093 [INFO] MicroXplorer:498 - Change Database Version : DB.6.0.130
2025-07-28 13:05:23,229 [ERROR] ProjectManagerView:394 - 
java.lang.NullPointerException: Cannot invoke "javax.swing.JTextField.getText()" because the return value of "java.util.List.get(int)" is null
	at com.st.microxplorer.plugins.projectmanager.gui.ProjectChoiceTab$9.caretUpdate(ProjectChoiceTab.java:2616) ~[filemanager.jar:?]
	at javax.swing.text.JTextComponent.fireCaretUpdate(JTextComponent.java:408) ~[?:?]
	at javax.swing.text.JTextComponent$MutableCaretEvent.fire(JTextComponent.java:4484) ~[?:?]
	at javax.swing.text.JTextComponent$MutableCaretEvent.stateChanged(JTextComponent.java:4506) ~[?:?]
	at javax.swing.text.DefaultCaret.fireStateChanged(DefaultCaret.java:857) ~[?:?]
	at javax.swing.text.DefaultCaret.changeCaretPosition(DefaultCaret.java:1343) ~[?:?]
	at javax.swing.text.DefaultCaret.handleSetDot(DefaultCaret.java:1242) ~[?:?]
	at javax.swing.text.DefaultCaret.setDot(DefaultCaret.java:1223) ~[?:?]
	at javax.swing.text.DefaultCaret$Handler.insertUpdate(DefaultCaret.java:1819) ~[?:?]
	at javax.swing.text.AbstractDocument.fireInsertUpdate(AbstractDocument.java:227) ~[?:?]
	at javax.swing.text.AbstractDocument.handleInsertString(AbstractDocument.java:781) ~[?:?]
	at javax.swing.text.AbstractDocument.insertString(AbstractDocument.java:740) ~[?:?]
	at javax.swing.text.PlainDocument.insertString(PlainDocument.java:131) ~[?:?]
	at javax.swing.text.AbstractDocument.replace(AbstractDocument.java:699) ~[?:?]
	at javax.swing.text.JTextComponent.setText(JTextComponent.java:1725) ~[?:?]
	at com.st.microxplorer.plugins.projectmanager.gui.ProjectChoiceTab.createHeapStackFields(ProjectChoiceTab.java:975) ~[filemanager.jar:?]
	at com.st.microxplorer.plugins.projectmanager.gui.ProjectChoiceTab.buildLinkSettingsPanel(ProjectChoiceTab.java:3666) ~[filemanager.jar:?]
	at com.st.microxplorer.plugins.projectmanager.gui.ProjectChoiceTab.defineWindowsFields(ProjectChoiceTab.java:1934) ~[filemanager.jar:?]
	at com.st.microxplorer.plugins.projectmanager.gui.ProjectChoiceTab.updateSettings(ProjectChoiceTab.java:553) ~[filemanager.jar:?]
	at com.st.microxplorer.plugins.projectmanager.gui.ProjectSettingsPanel.UpdateDialog(ProjectSettingsPanel.java:245) ~[filemanager.jar:?]
	at com.st.microxplorer.plugins.projectmanager.ProjectManagerView.propertyChange(ProjectManagerView.java:391) ~[filemanager.jar:?]
	at java.beans.PropertyChangeSupport.fire(PropertyChangeSupport.java:343) ~[?:?]
	at java.beans.PropertyChangeSupport.firePropertyChange(PropertyChangeSupport.java:335) ~[?:?]
	at java.beans.PropertyChangeSupport.firePropertyChange(PropertyChangeSupport.java:268) ~[?:?]
	at com.st.microxplorer.util.MXPropertyChangeSupport.firePropertyChange(MXPropertyChangeSupport.java:54) ~[STM32CubeMX.jar:?]
	at com.st.microxplorer.mxsystem.MxSystem.closeConfig(MxSystem.java:899) ~[STM32CubeMX.jar:?]
	at com.st.microxplorer.maingui.MainPanel.closeConfig(MainPanel.java:789) ~[STM32CubeMX.jar:?]
	at com.st.microxplorer.plugins.filemanager.engine.OpenFileManager.loadConfigurationFile(OpenFileManager.java:265) ~[filemanager.jar:?]
	at com.st.microxplorer.plugins.filemanager.engine.MainFileManager.userLoadConfig(MainFileManager.java:340) ~[filemanager.jar:?]
	at com.st.microxplorer.plugins.filemanager.engine.MainFileManager.userLoadConfig(MainFileManager.java:318) ~[filemanager.jar:?]
	at com.st.microxplorer.plugins.filemanager.FileManagerView.getSpecificTask(FileManagerView.java:246) ~[filemanager.jar:?]
	at com.st.stm32cube.common.mx.editor.CubeMxEditor.getMxTabbedPaneInstance(CubeMxEditor.java:1198) ~[com.st.stm32cube.common.mx_6.13.0.202411220809/:?]
	at com.st.stm32cube.common.mx.editor.CubeMxEditor$12$1.createSwingComponent(CubeMxEditor.java:1068) ~[com.st.stm32cube.common.mx_6.13.0.202411220809/:?]
	at com.st.stm32cube.common.mx.oss.core.awtswtbridge.EmbeddedSwingComposite.doComponentCreation(EmbeddedSwingComposite.java:492) ~[com.st.stm32cube.common.mx.oss_6.13.0.202411220809/:?]
	at com.st.stm32cube.common.mx.oss.core.awtswtbridge.EmbeddedSwingComposite$4.run(EmbeddedSwingComposite.java:291) ~[com.st.stm32cube.common.mx.oss_6.13.0.202411220809/:?]
	at com.st.stm32cube.common.mx.oss.core.awtswtbridge.AwtEnvironment$2.run(AwtEnvironment.java:166) ~[com.st.stm32cube.common.mx.oss_6.13.0.202411220809/:?]
	at java.awt.event.InvocationEvent.dispatch(InvocationEvent.java:318) ~[?:?]
	at java.awt.EventQueue.dispatchEventImpl(EventQueue.java:773) ~[?:?]
	at java.awt.EventQueue$4.run(EventQueue.java:720) ~[?:?]
	at java.awt.EventQueue$4.run(EventQueue.java:714) ~[?:?]
	at java.security.AccessController.doPrivileged(AccessController.java:400) ~[?:?]
	at java.security.ProtectionDomain$JavaSecurityAccessImpl.doIntersectionPrivilege(ProtectionDomain.java:87) ~[?:?]
	at java.awt.EventQueue.dispatchEvent(EventQueue.java:742) ~[?:?]
	at java.awt.EventDispatchThread.pumpOneEventForFilters(EventDispatchThread.java:203) ~[?:?]
	at java.awt.EventDispatchThread.pumpEventsForFilter(EventDispatchThread.java:124) ~[?:?]
	at java.awt.EventDispatchThread.pumpEventsForHierarchy(EventDispatchThread.java:113) ~[?:?]
	at java.awt.EventDispatchThread.pumpEvents(EventDispatchThread.java:109) ~[?:?]
	at java.awt.EventDispatchThread.pumpEvents(EventDispatchThread.java:101) ~[?:?]
	at java.awt.EventDispatchThread.run(EventDispatchThread.java:90) ~[?:?]
2025-07-28 13:05:23,282 [WARN] ThirdParty:871 - waiting for thirdparty lock release [close project]
2025-07-28 13:05:23,284 [INFO] ThirdParty:873 - entering critical section [close project]
2025-07-28 13:05:23,284 [INFO] ThirdParty:883 - exiting critical section [close project]
2025-07-28 13:05:23,290 [INFO] PinOutPanel:1589 - setPackage(No Configuration,No Configuration)
2025-07-28 13:05:23,321 [INFO] UtilMem:75 - Begin LoadConfig() Used Memory: 663904368 Bytes (1073741824)
2025-07-28 13:05:23,324 [INFO] MicroXplorer:468 - Change Database Path : 
2025-07-28 13:05:23,326 [INFO] MicroXplorer:498 - Change Database Version : DB.6.0.130
2025-07-28 13:05:23,326 [INFO] OpenFileManager:332 - Change cursor
2025-07-28 13:05:23,378 [INFO] Mcu:2035 - Initializing MCU STM32F103R(8-B)Tx STM32F103RBTx STM32F103RBT6
2025-07-28 13:05:25,491 [INFO] Context:748 - Trying to add GPIOservice into a context  which must be forbidden
2025-07-28 13:05:26,260 [INFO] RtosManager:555 - Registered RTOS mode: class=CMSIS, group=RTOS, mode=CMSIS_V1, owner=FREERTOS
2025-07-28 13:05:26,260 [INFO] RtosManager:555 - Registered RTOS mode: class=CMSIS, group=RTOS2, mode=CMSIS_V2, owner=FREERTOS
2025-07-28 13:05:26,260 [INFO] RtosManager:555 - Registered RTOS mode: class=RTOS, group=Core, mode=CMSIS_V1, owner=FREERTOS
2025-07-28 13:05:26,260 [INFO] RtosManager:555 - Registered RTOS mode: class=RTOS, group=Core, mode=CMSIS_V2, owner=FREERTOS
2025-07-28 13:05:26,261 [WARN] ModelIntegratedComponent:184 - Missing modes for component STMicroelectronics:FreeRTOS:0.0.1:STMicroelectronics:RTOS:FreeRTOS:Core:::10.2.0:
2025-07-28 13:05:26,288 [WARN] ModelIntegratedComponent:63 - No mode defined for component null
2025-07-28 13:05:26,288 [WARN] ModelIntegratedComponent:63 - No mode defined for component null
2025-07-28 13:05:26,288 [WARN] ModelIntegratedComponent:63 - No mode defined for component null
2025-07-28 13:05:26,288 [WARN] ModelIntegratedComponent:63 - No mode defined for component null
2025-07-28 13:05:26,288 [WARN] ModelIntegratedComponent:63 - No mode defined for component null
2025-07-28 13:05:26,288 [WARN] ModelIntegratedComponent:63 - No mode defined for component null
2025-07-28 13:05:26,289 [WARN] ModelIntegratedComponent:63 - No mode defined for component null
2025-07-28 13:05:26,290 [WARN] ModelIntegratedComponent:63 - No mode defined for component null
2025-07-28 13:05:26,290 [WARN] ModelIntegratedComponent:63 - No mode defined for component null
2025-07-28 13:05:26,291 [WARN] ModelIntegratedComponent:63 - No mode defined for component null
2025-07-28 13:05:26,291 [WARN] ModelIntegratedComponent:63 - No mode defined for component null
2025-07-28 13:05:26,291 [WARN] ModelIntegratedComponent:63 - No mode defined for component null
2025-07-28 13:05:26,291 [WARN] ModelIntegratedComponent:63 - No mode defined for component null
2025-07-28 13:05:26,291 [WARN] ModelIntegratedComponent:63 - No mode defined for component null
2025-07-28 13:05:26,292 [WARN] ModelIntegratedComponent:63 - No mode defined for component null
2025-07-28 13:05:26,292 [WARN] ModelIntegratedComponent:63 - No mode defined for component null
2025-07-28 13:05:26,292 [WARN] ModelIntegratedComponent:63 - No mode defined for component null
2025-07-28 13:05:26,292 [WARN] ModelIntegratedComponent:63 - No mode defined for component null
2025-07-28 13:05:26,292 [WARN] ModelIntegratedComponent:63 - No mode defined for component null
2025-07-28 13:05:26,293 [WARN] ModelIntegratedComponent:63 - No mode defined for component null
2025-07-28 13:05:26,293 [WARN] ModelIntegratedComponent:63 - No mode defined for component null
2025-07-28 13:05:26,293 [WARN] ModelIntegratedComponent:63 - No mode defined for component null
2025-07-28 13:05:26,293 [WARN] ModelIntegratedComponent:63 - No mode defined for component null
2025-07-28 13:05:26,294 [WARN] ModelIntegratedComponent:63 - No mode defined for component null
2025-07-28 13:05:26,294 [WARN] ModelIntegratedComponent:63 - No mode defined for component null
2025-07-28 13:05:26,295 [WARN] ModelIntegratedComponent:63 - No mode defined for component null
2025-07-28 13:05:26,295 [WARN] ModelIntegratedComponent:63 - No mode defined for component null
2025-07-28 13:05:26,295 [WARN] ModelIntegratedComponent:63 - No mode defined for component null
2025-07-28 13:05:26,296 [WARN] ModelIntegratedComponent:63 - No mode defined for component null
2025-07-28 13:05:26,296 [WARN] ModelIntegratedComponent:63 - No mode defined for component null
2025-07-28 13:05:26,296 [WARN] ModelIntegratedComponent:63 - No mode defined for component null
2025-07-28 13:05:26,296 [WARN] ModelIntegratedComponent:63 - No mode defined for component null
2025-07-28 13:05:26,297 [WARN] ModelIntegratedComponent:63 - No mode defined for component null
2025-07-28 13:05:26,297 [WARN] ModelIntegratedComponent:63 - No mode defined for component null
2025-07-28 13:05:26,297 [WARN] ModelIntegratedComponent:63 - No mode defined for component null
2025-07-28 13:05:26,297 [WARN] ModelPack:524 - Component already loaded: STMicroelectronics:HAL Drivers:0.0.0:STMicroelectronics:Device:STMicro_Driver:XSPI:HAL::0.0.1:HAL_XSPI
2025-07-28 13:05:26,545 [INFO] ThirdPartyModel:298 - Start build external matchings
2025-07-28 13:05:28,565 [INFO] ThirdPartyModel:316 - End build external matchings
2025-07-28 13:05:28,653 [INFO] ImportTextPane:218 - (OptionalMessage_ERROR) IP (RCC) : Parameter (ADCFreqValue) has invalid value (32000000)
2025-07-28 13:05:28,654 [INFO] ImportTextPane:218 - (OptionalMessage_ERROR) IP (RCC) : Invalid parameter (FamilyName)
2025-07-28 13:05:28,654 [INFO] ImportTextPane:218 - (OptionalMessage_ERROR) IP (RCC) : Parameter (MCOFreq_Value) has invalid value (64000000)
2025-07-28 13:05:28,655 [INFO] ImportTextPane:218 - (OptionalMessage_ERROR) IP (RCC) : Parameter (USBFreq_Value) has invalid value (64000000)
2025-07-28 13:05:29,038 [INFO] UtilMem:75 - End LoadConfig() Used Memory: 946470544 Bytes (1073741824)
2025-07-28 13:05:29,093 [WARN] ThirdParty:833 - waiting for thirdparty lock release [change project]
2025-07-28 13:05:29,094 [INFO] ThirdParty:835 - entering critical section [change project]
2025-07-28 13:05:29,095 [INFO] ThirdParty:1030 - CMSIS Pack Vendor :STMicroelectronics X-CUBE-PM33A1 1.0.0
2025-07-28 13:05:29,096 [INFO] ThirdParty:1030 - CMSIS Pack Vendor :STMicroelectronics USBPD 4.1
2025-07-28 13:05:29,096 [INFO] ThirdParty:1030 - CMSIS Pack Vendor :STMicroelectronics X-CUBE-AZRTOS-H7 3.3.0
2025-07-28 13:05:29,096 [INFO] ThirdParty:1030 - CMSIS Pack Vendor :STMicroelectronics X-CUBE-NFC9 1.0.0
2025-07-28 13:05:29,096 [INFO] ThirdParty:1030 - CMSIS Pack Vendor :STMicroelectronics USB_HOST 2.0.0
2025-07-28 13:05:29,096 [INFO] ThirdParty:1030 - CMSIS Pack Vendor :STMicroelectronics FP-SNS-MOTENVWB1 1.4.0
2025-07-28 13:05:29,097 [INFO] ThirdParty:1030 - CMSIS Pack Vendor :STMicroelectronics X-CUBE-AZRTOS-F4 1.1.0
2025-07-28 13:05:29,097 [INFO] ThirdParty:1030 - CMSIS Pack Vendor :STMicroelectronics LIBJPEG 8.0.0
2025-07-28 13:05:29,097 [INFO] ThirdParty:1030 - CMSIS Pack Vendor :STMicroelectronics FP-ATR-ASTRA1 2.0.2
2025-07-28 13:05:29,097 [INFO] ThirdParty:1030 - CMSIS Pack Vendor :STMicroelectronics X-CUBE-BLE1 7.1.0
2025-07-28 13:05:29,098 [INFO] ThirdParty:1030 - CMSIS Pack Vendor :Avnet-IotConnect X-CUBE-IoTC-DA16k-PMOD 1.0.0
2025-07-28 13:05:29,098 [INFO] ThirdParty:1030 - CMSIS Pack Vendor :STMicroelectronics X-CUBE-SMBUS 2.1.0
2025-07-28 13:05:29,098 [INFO] ThirdParty:1030 - CMSIS Pack Vendor :STMicroelectronics X-CUBE-WB05N 1.1.0
2025-07-28 13:05:29,098 [INFO] ThirdParty:1030 - CMSIS Pack Vendor :wolfSSL I-CUBE-wolfMQTT 1.19.2
2025-07-28 13:05:29,098 [INFO] ThirdParty:1030 - CMSIS Pack Vendor :STMicroelectronics USB_DEVICE 3.0.0
2025-07-28 13:05:29,099 [INFO] ThirdParty:1030 - CMSIS Pack Vendor :STMicroelectronics X-CUBE-ISPU 2.1.0
2025-07-28 13:05:29,099 [INFO] ThirdParty:1030 - CMSIS Pack Vendor :STMicroelectronics X-CUBE-EEPRMA1 5.2.0
2025-07-28 13:05:29,103 [INFO] ThirdParty:1030 - CMSIS Pack Vendor :STMicroelectronics X-CUBE-BLEMGR 4.1.0
2025-07-28 13:05:29,104 [INFO] ThirdParty:1030 - CMSIS Pack Vendor :STMicroelectronics X-CUBE-AZRTOS-WB 2.0.0
2025-07-28 13:05:29,105 [INFO] ThirdParty:1030 - CMSIS Pack Vendor :STMicroelectronics X-CUBE-ST60 1.0.0
2025-07-28 13:05:29,105 [INFO] ThirdParty:1030 - CMSIS Pack Vendor :STMicroelectronics X-CUBE-GNSS1 7.0.1
2025-07-28 13:05:29,105 [INFO] ThirdParty:1030 - CMSIS Pack Vendor :STMicroelectronics X-CUBE-NFC12 1.0.0
2025-07-28 13:05:29,105 [INFO] ThirdParty:1030 - CMSIS Pack Vendor :STMicroelectronics X-CUBE-AZRTOS-F7 1.1.0
2025-07-28 13:05:29,106 [INFO] ThirdParty:1030 - CMSIS Pack Vendor :STMicroelectronics X-CUBE-AZRTOS-L5 2.0.0
2025-07-28 13:05:29,106 [INFO] ThirdParty:1030 - CMSIS Pack Vendor :STMicroelectronics X-CUBE-TOUCHGFX 4.25.0
2025-07-28 13:05:29,106 [INFO] ThirdParty:1030 - CMSIS Pack Vendor :STMicroelectronics USB_DEVICE 2.0.0
2025-07-28 13:05:29,106 [INFO] ThirdParty:1030 - CMSIS Pack Vendor :STMicroelectronics X-CUBE-NFC6 3.1.0
2025-07-28 13:05:29,106 [INFO] ThirdParty:1030 - CMSIS Pack Vendor :STMicroelectronics X-CUBE-AI 10.1.0
2025-07-28 13:05:29,106 [INFO] ThirdParty:1030 - CMSIS Pack Vendor :STMicroelectronics FP-SNS-STBOX1 2.0.0
2025-07-28 13:05:29,106 [INFO] ThirdParty:1030 - CMSIS Pack Vendor :STMicroelectronics X-CUBE-MEMS1 11.2.0
2025-07-28 13:05:29,107 [INFO] ThirdParty:1030 - CMSIS Pack Vendor :STMicroelectronics FreeRTOS 0.0.1
2025-07-28 13:05:29,107 [INFO] ThirdParty:1030 - CMSIS Pack Vendor :STMicroelectronics X-CUBE-AZRTOS-G0 1.1.0
2025-07-28 13:05:29,107 [INFO] ThirdParty:1030 - CMSIS Pack Vendor :STMicroelectronics X-CUBE-SAFEA1 1.2.2
2025-07-28 13:05:29,107 [INFO] ThirdParty:1030 - CMSIS Pack Vendor :STMicroelectronics X-CUBE-NFC4 3.0.0
2025-07-28 13:05:29,108 [INFO] ThirdParty:1030 - CMSIS Pack Vendor :STMicroelectronics X-CUBE-DPower 1.2.0
2025-07-28 13:05:29,108 [INFO] ThirdParty:1030 - CMSIS Pack Vendor :STMicroelectronics X-CUBE-SUBG2 5.0.0
2025-07-28 13:05:29,108 [INFO] ThirdParty:1030 - CMSIS Pack Vendor :STMicroelectronics X-CUBE-AZRTOS-H7RS 1.1.0
2025-07-28 13:05:29,108 [INFO] ThirdParty:1030 - CMSIS Pack Vendor :STMicroelectronics STM32_WPAN 1.0.0
2025-07-28 13:05:29,108 [INFO] ThirdParty:1030 - CMSIS Pack Vendor :EmbeddedOffice I-CUBE-FS-RTOS 1.0.1
2025-07-28 13:05:29,108 [INFO] ThirdParty:1030 - CMSIS Pack Vendor :STMicroelectronics lwIP 2.0.3
2025-07-28 13:05:29,108 [INFO] ThirdParty:1030 - CMSIS Pack Vendor :Cesanta I-CUBE-Mongoose 7.13.0
2025-07-28 13:05:29,109 [INFO] ThirdParty:1030 - CMSIS Pack Vendor :STMicroelectronics USB_HOST 1.0.0
2025-07-28 13:05:29,109 [INFO] ThirdParty:1030 - CMSIS Pack Vendor :Infineon AIROC-Wi-Fi-Bluetooth-STM32 1.7.0
2025-07-28 13:05:29,109 [INFO] ThirdParty:1030 - CMSIS Pack Vendor :STMicroelectronics X-CUBE-AZRTOS-G4 2.0.0
2025-07-28 13:05:29,109 [INFO] ThirdParty:1030 - CMSIS Pack Vendor :STMicroelectronics X-CUBE-WB05N 2.0.0
2025-07-28 13:05:29,110 [INFO] ThirdParty:1030 - CMSIS Pack Vendor :STMicroelectronics PDM2PCM 3.1.0
2025-07-28 13:05:29,110 [INFO] ThirdParty:1030 - CMSIS Pack Vendor :STMicroelectronics PDM2PCM 3.3.0
2025-07-28 13:05:29,110 [INFO] ThirdParty:1030 - CMSIS Pack Vendor :wolfSSL I-CUBE-wolfTPM 3.8.0
2025-07-28 13:05:29,110 [INFO] ThirdParty:1030 - CMSIS Pack Vendor :STMicroelectronics X-CUBE-AZRTOS-H7 3.4.0
2025-07-28 13:05:29,113 [INFO] ThirdParty:1030 - CMSIS Pack Vendor :STMicroelectronics X-CUBE-DISPLAY 3.0.0
2025-07-28 13:05:29,113 [INFO] ThirdParty:1030 - CMSIS Pack Vendor :wolfSSL I-CUBE-wolfSSH 1.4.20
2025-07-28 13:05:29,114 [INFO] ThirdParty:1030 - CMSIS Pack Vendor :STMicroelectronics X-CUBE-NFC7 2.0.0
2025-07-28 13:05:29,114 [INFO] ThirdParty:1030 - CMSIS Pack Vendor :STMicroelectronics X-CUBE-TCPP 4.2.0
2025-07-28 13:05:29,114 [INFO] ThirdParty:1030 - CMSIS Pack Vendor :RealThread X-CUBE-RT-Thread_Nano 4.1.1
2025-07-28 13:05:29,114 [INFO] ThirdParty:1030 - CMSIS Pack Vendor :STMicroelectronics FP-ATR-SIGFOX1 3.2.0
2025-07-28 13:05:29,115 [INFO] ThirdParty:1030 - CMSIS Pack Vendor :STMicroelectronics X-CUBE-NFC10 1.0.0
2025-07-28 13:05:29,115 [INFO] ThirdParty:1030 - CMSIS Pack Vendor :STMicroelectronics X-CUBE-BLEMGR 4.0.0
2025-07-28 13:05:29,115 [INFO] ThirdParty:1030 - CMSIS Pack Vendor :STMicroelectronics X-CUBE-EEPRMA1 5.1.0
2025-07-28 13:05:29,115 [INFO] ThirdParty:1030 - CMSIS Pack Vendor :STMicroelectronics X-CUBE-FREERTOS 1.3.1
2025-07-28 13:05:29,121 [INFO] ThirdParty:1030 - CMSIS Pack Vendor :STMicroelectronics HAL Drivers 0.0.0
2025-07-28 13:05:29,122 [INFO] ThirdParty:1030 - CMSIS Pack Vendor :STMicroelectronics MBEDTLS 2.16.2
2025-07-28 13:05:29,122 [INFO] ThirdParty:1030 - CMSIS Pack Vendor :STMicroelectronics X-CUBE-IPS 3.1.0
2025-07-28 13:05:29,123 [INFO] ThirdParty:1030 - CMSIS Pack Vendor :STMicroelectronics X-CUBE-ALS 1.0.2
2025-07-28 13:05:29,123 [INFO] ThirdParty:1030 - CMSIS Pack Vendor :emotas I-CUBE-CANOPEN 1.3.0
2025-07-28 13:05:29,123 [INFO] ThirdParty:1030 - CMSIS Pack Vendor :STMicroelectronics X-CUBE-FREERTOS 1.3.0
2025-07-28 13:05:29,123 [INFO] ThirdParty:1030 - CMSIS Pack Vendor :STMicroelectronics X-CUBE-NFC7 1.0.1
2025-07-28 13:05:29,124 [INFO] ThirdParty:1030 - CMSIS Pack Vendor :STMicroelectronics MBEDTLS 2.14.1
2025-07-28 13:05:29,124 [INFO] ThirdParty:1030 - CMSIS Pack Vendor :wolfSSL I-CUBE-wolfSSL 5.7.6
2025-07-28 13:05:29,125 [INFO] ThirdParty:1030 - CMSIS Pack Vendor :ITTIA_DB I-CUBE-ITTIADB 8.9.0
2025-07-28 13:05:29,125 [INFO] ThirdParty:1030 - CMSIS Pack Vendor :portGmbH I-Cube-SoM-uGOAL 1.1.0
2025-07-28 13:05:29,125 [INFO] ThirdParty:1030 - CMSIS Pack Vendor :quantropi X-CUBE-qispace-sdk-base 2.0.0
2025-07-28 13:05:29,125 [INFO] ThirdParty:1030 - CMSIS Pack Vendor :STMicroelectronics X-CUBE-AI 10.0.0
2025-07-28 13:05:29,125 [INFO] ThirdParty:1030 - CMSIS Pack Vendor :STMicroelectronics X-CUBE-ST67W61 1.0.0
2025-07-28 13:05:29,125 [INFO] ThirdParty:1030 - CMSIS Pack Vendor :STMicroelectronics FP-SNS-STAIOTCFT 1.0.0
2025-07-28 13:05:29,125 [INFO] ThirdParty:1030 - CMSIS Pack Vendor :STMicroelectronics ThreadX 1.0.0
2025-07-28 13:05:29,126 [INFO] ThirdParty:1030 - CMSIS Pack Vendor :STMicroelectronics FP-SNS-SMARTAG2 1.2.0
2025-07-28 13:05:29,126 [INFO] ThirdParty:1030 - CMSIS Pack Vendor :STMicroelectronics FP-SNS-FLIGHT1 5.1.0
2025-07-28 13:05:29,126 [INFO] ThirdParty:1030 - CMSIS Pack Vendor :STMicroelectronics X-CUBE-MEMS1 11.1.0
2025-07-28 13:05:29,126 [INFO] ThirdParty:1030 - CMSIS Pack Vendor :STMicroelectronics X-CUBE-AZRTOS-WL 2.0.0
2025-07-28 13:05:29,126 [INFO] ThirdParty:1030 - CMSIS Pack Vendor :SEGGER I-CUBE-embOS 1.3.1
2025-07-28 13:05:29,126 [INFO] ThirdParty:1030 - CMSIS Pack Vendor :STMicroelectronics X-CUBE-ALGOBUILD 1.4.0
2025-07-28 13:05:29,126 [INFO] ThirdParty:1030 - CMSIS Pack Vendor :STMicroelectronics X-CUBE-DPower 1.3.0
2025-07-28 13:05:29,126 [INFO] ThirdParty:1030 - CMSIS Pack Vendor :STMicroelectronics X-CUBE-MEMS1 11.3.0
2025-07-28 13:05:29,126 [INFO] ThirdParty:1030 - CMSIS Pack Vendor :STMicroelectronics FP-SNS-MOTENV1 5.0.0
2025-07-28 13:05:29,127 [INFO] ThirdParty:1030 - CMSIS Pack Vendor :STMicroelectronics USB_DEVICE 1.0.0
2025-07-28 13:05:29,127 [INFO] ThirdParty:1030 - CMSIS Pack Vendor :STMicroelectronics X-CUBE-AZRTOS-L4 2.0.0
2025-07-28 13:05:29,127 [INFO] ThirdParty:1030 - CMSIS Pack Vendor :STMicroelectronics ThreadX 0.0.2
2025-07-28 13:05:29,127 [INFO] ThirdParty:1030 - CMSIS Pack Vendor :WES I-CUBE-Cesium 1.3.0
2025-07-28 13:05:29,127 [INFO] ThirdParty:1030 - CMSIS Pack Vendor :STMicroelectronics lwIP 2.1.2
2025-07-28 13:05:29,127 [INFO] ThirdParty:1030 - CMSIS Pack Vendor :STMicroelectronics X-CUBE-SFXS2LP1 4.0.0
2025-07-28 13:05:29,128 [INFO] ThirdParty:1030 - CMSIS Pack Vendor :STMicroelectronics X-CUBE-BLE2 3.3.0
2025-07-28 13:05:29,128 [INFO] ThirdParty:1030 - CMSIS Pack Vendor :STMicroelectronics X-CUBE-TOF1 3.4.2
2025-07-28 13:05:29,128 [INFO] ThirdParty:1030 - CMSIS Pack Vendor :STMicroelectronics X-CUBE-TOF1 3.4.3
2025-07-28 13:05:29,128 [INFO] ThirdParty:1030 - CMSIS Pack Vendor :STMicroelectronics PDM2PCM 3.2.0
2025-07-28 13:05:29,128 [INFO] ThirdParty:841 - exiting critical section [change project]
2025-07-28 13:05:29,522 [INFO] PinOutPanel:1589 - setPackage(No Configuration,No Configuration)
2025-07-28 13:05:29,526 [INFO] PinOutPanel:1589 - setPackage(STM32F103RBTx,LQFP64)
2025-07-28 13:05:30,378 [INFO] UtilMem:75 - Before build in PCC Used Memory: 684723568 Bytes (1073741824)
2025-07-28 13:05:31,584 [INFO] UtilMem:75 - After build in PCC Used Memory: 725618032 Bytes (1073741824)
2025-07-28 13:05:31,786 [INFO] IPUIPlugin:80 - create IPUIPlugin
2025-07-28 13:05:31,787 [INFO] IPUIPlugin:80 - create IPUIPlugin
2025-07-28 13:05:31,787 [INFO] IPUIPlugin:80 - create IPUIPlugin
2025-07-28 13:05:31,788 [INFO] IPUIPlugin:80 - create IPUIPlugin
2025-07-28 13:05:31,793 [INFO] IPUIPlugin:80 - create IPUIPlugin
2025-07-28 13:05:31,794 [INFO] IPUIPlugin:80 - create IPUIPlugin
2025-07-28 13:05:31,795 [INFO] IPUIPlugin:80 - create IPUIPlugin
2025-07-28 13:05:31,795 [INFO] IPUIPlugin:80 - create IPUIPlugin
2025-07-28 13:05:31,795 [INFO] IPUIPlugin:80 - create IPUIPlugin
2025-07-28 13:05:31,795 [INFO] IPUIPlugin:80 - create IPUIPlugin
2025-07-28 13:05:31,796 [INFO] IPUIPlugin:80 - create IPUIPlugin
2025-07-28 13:05:31,796 [INFO] IPUIPlugin:80 - create IPUIPlugin
2025-07-28 13:05:31,797 [INFO] IPUIPlugin:80 - create IPUIPlugin
2025-07-28 13:05:31,798 [INFO] IPUIPlugin:80 - create IPUIPlugin
2025-07-28 13:05:31,798 [INFO] IPUIPlugin:80 - create IPUIPlugin
2025-07-28 13:05:31,799 [INFO] IPUIPlugin:80 - create IPUIPlugin
2025-07-28 13:05:31,799 [INFO] IPUIPlugin:80 - create IPUIPlugin
2025-07-28 13:05:31,799 [INFO] IPUIPlugin:80 - create IPUIPlugin
2025-07-28 13:05:31,803 [INFO] IPUIPlugin:80 - create IPUIPlugin
2025-07-28 13:05:31,804 [INFO] IPUIPlugin:80 - create IPUIPlugin
2025-07-28 13:05:31,804 [INFO] IPUIPlugin:80 - create IPUIPlugin
2025-07-28 13:05:31,805 [INFO] IPUIPlugin:80 - create IPUIPlugin
2025-07-28 13:05:31,805 [INFO] IPUIPlugin:80 - create IPUIPlugin
2025-07-28 13:05:31,808 [INFO] IPUIPlugin:80 - create IPUIPlugin
2025-07-28 13:05:31,808 [INFO] IPUIPlugin:80 - create IPUIPlugin
2025-07-28 13:05:31,809 [INFO] IPUIPlugin:80 - create IPUIPlugin
2025-07-28 13:05:31,809 [INFO] IPUIPlugin:80 - create IPUIPlugin
2025-07-28 13:05:31,827 [WARN] IP:2251 - I2C_Coeff_DF not found: check if there is a RefParameter without a condition.
2025-07-28 13:05:31,827 [WARN] IP:2251 - Analog_Filter not found: check if there is a RefParameter without a condition.
2025-07-28 13:05:32,030 [INFO] CADModel:165 - CPN selected for project levelSTM32F103RBT6
2025-07-28 13:05:32,030 [INFO] CADModel:114 - Register for checkConnection events
2025-07-28 13:05:32,073 [INFO] OpenFileManager:363 - Restore cursor
2025-07-28 13:05:32,474 [WARN] IP:2251 - I2C_Coeff_DF not found: check if there is a RefParameter without a condition.
2025-07-28 13:05:32,474 [WARN] IP:2251 - Analog_Filter not found: check if there is a RefParameter without a condition.
2025-07-28 13:05:32,475 [WARN] IP:2251 - I2C_Coeff_DF not found: check if there is a RefParameter without a condition.
2025-07-28 13:05:32,475 [WARN] IP:2251 - Analog_Filter not found: check if there is a RefParameter without a condition.
2025-07-28 13:06:51,603 [INFO] MainUpdater:2872 - connection check result : 10
2025-07-28 13:06:51,604 [INFO] MainUpdater:2872 - connection check result : 10
2025-07-28 13:06:52,967 [INFO] MicroXplorer:468 - Change Database Path : 
2025-07-28 13:06:52,968 [INFO] MicroXplorer:498 - Change Database Version : DB.6.0.130
2025-07-28 13:06:53,001 [ERROR] ProjectManagerView:394 - 
java.lang.NullPointerException: Cannot invoke "javax.swing.JTextField.getText()" because the return value of "java.util.List.get(int)" is null
	at com.st.microxplorer.plugins.projectmanager.gui.ProjectChoiceTab$9.caretUpdate(ProjectChoiceTab.java:2616) ~[filemanager.jar:?]
	at javax.swing.text.JTextComponent.fireCaretUpdate(JTextComponent.java:408) ~[?:?]
	at javax.swing.text.JTextComponent$MutableCaretEvent.fire(JTextComponent.java:4484) ~[?:?]
	at javax.swing.text.JTextComponent$MutableCaretEvent.stateChanged(JTextComponent.java:4506) ~[?:?]
	at javax.swing.text.DefaultCaret.fireStateChanged(DefaultCaret.java:857) ~[?:?]
	at javax.swing.text.DefaultCaret.changeCaretPosition(DefaultCaret.java:1343) ~[?:?]
	at javax.swing.text.DefaultCaret.handleSetDot(DefaultCaret.java:1242) ~[?:?]
	at javax.swing.text.DefaultCaret.setDot(DefaultCaret.java:1223) ~[?:?]
	at javax.swing.text.DefaultCaret$Handler.insertUpdate(DefaultCaret.java:1819) ~[?:?]
	at javax.swing.text.AbstractDocument.fireInsertUpdate(AbstractDocument.java:227) ~[?:?]
	at javax.swing.text.AbstractDocument.handleInsertString(AbstractDocument.java:781) ~[?:?]
	at javax.swing.text.AbstractDocument.insertString(AbstractDocument.java:740) ~[?:?]
	at javax.swing.text.PlainDocument.insertString(PlainDocument.java:131) ~[?:?]
	at javax.swing.text.AbstractDocument.replace(AbstractDocument.java:699) ~[?:?]
	at javax.swing.text.JTextComponent.setText(JTextComponent.java:1725) ~[?:?]
	at com.st.microxplorer.plugins.projectmanager.gui.ProjectChoiceTab.createHeapStackFields(ProjectChoiceTab.java:975) ~[filemanager.jar:?]
	at com.st.microxplorer.plugins.projectmanager.gui.ProjectChoiceTab.buildLinkSettingsPanel(ProjectChoiceTab.java:3666) ~[filemanager.jar:?]
	at com.st.microxplorer.plugins.projectmanager.gui.ProjectChoiceTab.defineWindowsFields(ProjectChoiceTab.java:1934) ~[filemanager.jar:?]
	at com.st.microxplorer.plugins.projectmanager.gui.ProjectChoiceTab.updateSettings(ProjectChoiceTab.java:553) ~[filemanager.jar:?]
	at com.st.microxplorer.plugins.projectmanager.gui.ProjectSettingsPanel.UpdateDialog(ProjectSettingsPanel.java:245) ~[filemanager.jar:?]
	at com.st.microxplorer.plugins.projectmanager.ProjectManagerView.propertyChange(ProjectManagerView.java:391) ~[filemanager.jar:?]
	at java.beans.PropertyChangeSupport.fire(PropertyChangeSupport.java:343) ~[?:?]
	at java.beans.PropertyChangeSupport.firePropertyChange(PropertyChangeSupport.java:335) ~[?:?]
	at java.beans.PropertyChangeSupport.firePropertyChange(PropertyChangeSupport.java:268) ~[?:?]
	at com.st.microxplorer.util.MXPropertyChangeSupport.firePropertyChange(MXPropertyChangeSupport.java:54) ~[STM32CubeMX.jar:?]
	at com.st.microxplorer.mxsystem.MxSystem.closeConfig(MxSystem.java:899) ~[STM32CubeMX.jar:?]
	at com.st.microxplorer.maingui.MainPanel.closeConfig(MainPanel.java:789) ~[STM32CubeMX.jar:?]
	at com.st.microxplorer.plugins.filemanager.engine.OpenFileManager.loadConfigurationFile(OpenFileManager.java:265) ~[filemanager.jar:?]
	at com.st.microxplorer.plugins.filemanager.engine.MainFileManager.userLoadConfig(MainFileManager.java:340) ~[filemanager.jar:?]
	at com.st.microxplorer.plugins.filemanager.engine.MainFileManager.userLoadConfig(MainFileManager.java:318) ~[filemanager.jar:?]
	at com.st.microxplorer.plugins.filemanager.FileManagerView.getSpecificTask(FileManagerView.java:246) ~[filemanager.jar:?]
	at com.st.stm32cube.common.mx.editor.CubeMxEditor.getMxTabbedPaneInstance(CubeMxEditor.java:1198) ~[com.st.stm32cube.common.mx_6.13.0.202411220809/:?]
	at com.st.stm32cube.common.mx.editor.CubeMxEditor$12$1.createSwingComponent(CubeMxEditor.java:1068) ~[com.st.stm32cube.common.mx_6.13.0.202411220809/:?]
	at com.st.stm32cube.common.mx.oss.core.awtswtbridge.EmbeddedSwingComposite.doComponentCreation(EmbeddedSwingComposite.java:492) ~[com.st.stm32cube.common.mx.oss_6.13.0.202411220809/:?]
	at com.st.stm32cube.common.mx.oss.core.awtswtbridge.EmbeddedSwingComposite$4.run(EmbeddedSwingComposite.java:291) ~[com.st.stm32cube.common.mx.oss_6.13.0.202411220809/:?]
	at com.st.stm32cube.common.mx.oss.core.awtswtbridge.AwtEnvironment$2.run(AwtEnvironment.java:166) ~[com.st.stm32cube.common.mx.oss_6.13.0.202411220809/:?]
	at java.awt.event.InvocationEvent.dispatch(InvocationEvent.java:318) ~[?:?]
	at java.awt.EventQueue.dispatchEventImpl(EventQueue.java:773) ~[?:?]
	at java.awt.EventQueue$4.run(EventQueue.java:720) ~[?:?]
	at java.awt.EventQueue$4.run(EventQueue.java:714) ~[?:?]
	at java.security.AccessController.doPrivileged(AccessController.java:400) ~[?:?]
	at java.security.ProtectionDomain$JavaSecurityAccessImpl.doIntersectionPrivilege(ProtectionDomain.java:87) ~[?:?]
	at java.awt.EventQueue.dispatchEvent(EventQueue.java:742) ~[?:?]
	at java.awt.EventDispatchThread.pumpOneEventForFilters(EventDispatchThread.java:203) ~[?:?]
	at java.awt.EventDispatchThread.pumpEventsForFilter(EventDispatchThread.java:124) ~[?:?]
	at java.awt.EventDispatchThread.pumpEventsForHierarchy(EventDispatchThread.java:113) ~[?:?]
	at java.awt.EventDispatchThread.pumpEvents(EventDispatchThread.java:109) ~[?:?]
	at java.awt.EventDispatchThread.pumpEvents(EventDispatchThread.java:101) ~[?:?]
	at java.awt.EventDispatchThread.run(EventDispatchThread.java:90) ~[?:?]
2025-07-28 13:06:53,004 [WARN] ThirdParty:871 - waiting for thirdparty lock release [close project]
2025-07-28 13:06:53,004 [INFO] ThirdParty:873 - entering critical section [close project]
2025-07-28 13:06:53,004 [INFO] ThirdParty:883 - exiting critical section [close project]
2025-07-28 13:06:53,006 [INFO] PinOutPanel:1589 - setPackage(No Configuration,No Configuration)
2025-07-28 13:06:53,010 [INFO] UtilMem:75 - Begin LoadConfig() Used Memory: 685099000 Bytes (1073741824)
2025-07-28 13:06:53,011 [INFO] MicroXplorer:468 - Change Database Path : 
2025-07-28 13:06:53,011 [INFO] MicroXplorer:498 - Change Database Version : DB.6.0.130
2025-07-28 13:06:53,011 [INFO] OpenFileManager:332 - Change cursor
2025-07-28 13:06:53,024 [INFO] Mcu:2035 - Initializing MCU STM32F103R(8-B)Tx STM32F103RBTx STM32F103RBT6
2025-07-28 13:06:54,428 [INFO] Context:748 - Trying to add GPIOservice into a context  which must be forbidden
2025-07-28 13:06:54,855 [INFO] RtosManager:555 - Registered RTOS mode: class=CMSIS, group=RTOS, mode=CMSIS_V1, owner=FREERTOS
2025-07-28 13:06:54,856 [INFO] RtosManager:555 - Registered RTOS mode: class=CMSIS, group=RTOS2, mode=CMSIS_V2, owner=FREERTOS
2025-07-28 13:06:54,856 [INFO] RtosManager:555 - Registered RTOS mode: class=RTOS, group=Core, mode=CMSIS_V1, owner=FREERTOS
2025-07-28 13:06:54,856 [INFO] RtosManager:555 - Registered RTOS mode: class=RTOS, group=Core, mode=CMSIS_V2, owner=FREERTOS
2025-07-28 13:06:54,856 [WARN] ModelIntegratedComponent:184 - Missing modes for component STMicroelectronics:FreeRTOS:0.0.1:STMicroelectronics:RTOS:FreeRTOS:Core:::10.2.0:
2025-07-28 13:06:54,876 [WARN] ModelIntegratedComponent:63 - No mode defined for component null
2025-07-28 13:06:54,876 [WARN] ModelIntegratedComponent:63 - No mode defined for component null
2025-07-28 13:06:54,876 [WARN] ModelIntegratedComponent:63 - No mode defined for component null
2025-07-28 13:06:54,876 [WARN] ModelIntegratedComponent:63 - No mode defined for component null
2025-07-28 13:06:54,876 [WARN] ModelIntegratedComponent:63 - No mode defined for component null
2025-07-28 13:06:54,877 [WARN] ModelIntegratedComponent:63 - No mode defined for component null
2025-07-28 13:06:54,877 [WARN] ModelIntegratedComponent:63 - No mode defined for component null
2025-07-28 13:06:54,877 [WARN] ModelIntegratedComponent:63 - No mode defined for component null
2025-07-28 13:06:54,877 [WARN] ModelIntegratedComponent:63 - No mode defined for component null
2025-07-28 13:06:54,877 [WARN] ModelIntegratedComponent:63 - No mode defined for component null
2025-07-28 13:06:54,877 [WARN] ModelIntegratedComponent:63 - No mode defined for component null
2025-07-28 13:06:54,877 [WARN] ModelIntegratedComponent:63 - No mode defined for component null
2025-07-28 13:06:54,877 [WARN] ModelIntegratedComponent:63 - No mode defined for component null
2025-07-28 13:06:54,878 [WARN] ModelIntegratedComponent:63 - No mode defined for component null
2025-07-28 13:06:54,878 [WARN] ModelIntegratedComponent:63 - No mode defined for component null
2025-07-28 13:06:54,878 [WARN] ModelIntegratedComponent:63 - No mode defined for component null
2025-07-28 13:06:54,878 [WARN] ModelIntegratedComponent:63 - No mode defined for component null
2025-07-28 13:06:54,878 [WARN] ModelIntegratedComponent:63 - No mode defined for component null
2025-07-28 13:06:54,878 [WARN] ModelIntegratedComponent:63 - No mode defined for component null
2025-07-28 13:06:54,878 [WARN] ModelIntegratedComponent:63 - No mode defined for component null
2025-07-28 13:06:54,878 [WARN] ModelIntegratedComponent:63 - No mode defined for component null
2025-07-28 13:06:54,878 [WARN] ModelIntegratedComponent:63 - No mode defined for component null
2025-07-28 13:06:54,878 [WARN] ModelIntegratedComponent:63 - No mode defined for component null
2025-07-28 13:06:54,879 [WARN] ModelIntegratedComponent:63 - No mode defined for component null
2025-07-28 13:06:54,879 [WARN] ModelIntegratedComponent:63 - No mode defined for component null
2025-07-28 13:06:54,879 [WARN] ModelIntegratedComponent:63 - No mode defined for component null
2025-07-28 13:06:54,881 [WARN] ModelIntegratedComponent:63 - No mode defined for component null
2025-07-28 13:06:54,881 [WARN] ModelIntegratedComponent:63 - No mode defined for component null
2025-07-28 13:06:54,881 [WARN] ModelIntegratedComponent:63 - No mode defined for component null
2025-07-28 13:06:54,881 [WARN] ModelIntegratedComponent:63 - No mode defined for component null
2025-07-28 13:06:54,881 [WARN] ModelIntegratedComponent:63 - No mode defined for component null
2025-07-28 13:06:54,881 [WARN] ModelIntegratedComponent:63 - No mode defined for component null
2025-07-28 13:06:54,881 [WARN] ModelIntegratedComponent:63 - No mode defined for component null
2025-07-28 13:06:54,882 [WARN] ModelIntegratedComponent:63 - No mode defined for component null
2025-07-28 13:06:54,882 [WARN] ModelIntegratedComponent:63 - No mode defined for component null
2025-07-28 13:06:54,882 [WARN] ModelPack:524 - Component already loaded: STMicroelectronics:HAL Drivers:0.0.0:STMicroelectronics:Device:STMicro_Driver:XSPI:HAL::0.0.1:HAL_XSPI
2025-07-28 13:06:55,101 [INFO] ThirdPartyModel:298 - Start build external matchings
2025-07-28 13:06:56,375 [INFO] ThirdPartyModel:316 - End build external matchings
2025-07-28 13:06:56,412 [INFO] ImportTextPane:218 - (OptionalMessage_ERROR) IP (RCC) : Parameter (ADCFreqValue) has invalid value (32000000)
2025-07-28 13:06:56,416 [INFO] ImportTextPane:218 - (OptionalMessage_ERROR) IP (RCC) : Invalid parameter (FamilyName)
2025-07-28 13:06:56,416 [INFO] ImportTextPane:218 - (OptionalMessage_ERROR) IP (RCC) : Parameter (MCOFreq_Value) has invalid value (64000000)
2025-07-28 13:06:56,417 [INFO] ImportTextPane:218 - (OptionalMessage_ERROR) IP (RCC) : Parameter (USBFreq_Value) has invalid value (64000000)
2025-07-28 13:06:56,775 [INFO] UtilMem:75 - End LoadConfig() Used Memory: 817844992 Bytes (1073741824)
2025-07-28 13:06:56,857 [WARN] ThirdParty:833 - waiting for thirdparty lock release [change project]
2025-07-28 13:06:56,858 [INFO] ThirdParty:835 - entering critical section [change project]
2025-07-28 13:06:56,858 [INFO] ThirdParty:1030 - CMSIS Pack Vendor :STMicroelectronics X-CUBE-PM33A1 1.0.0
2025-07-28 13:06:56,858 [INFO] ThirdParty:1030 - CMSIS Pack Vendor :STMicroelectronics USBPD 4.1
2025-07-28 13:06:56,858 [INFO] ThirdParty:1030 - CMSIS Pack Vendor :STMicroelectronics X-CUBE-AZRTOS-H7 3.3.0
2025-07-28 13:06:56,858 [INFO] ThirdParty:1030 - CMSIS Pack Vendor :STMicroelectronics X-CUBE-NFC9 1.0.0
2025-07-28 13:06:56,859 [INFO] ThirdParty:1030 - CMSIS Pack Vendor :STMicroelectronics USB_HOST 2.0.0
2025-07-28 13:06:56,859 [INFO] ThirdParty:1030 - CMSIS Pack Vendor :STMicroelectronics FP-SNS-MOTENVWB1 1.4.0
2025-07-28 13:06:56,859 [INFO] ThirdParty:1030 - CMSIS Pack Vendor :STMicroelectronics X-CUBE-AZRTOS-F4 1.1.0
2025-07-28 13:06:56,859 [INFO] ThirdParty:1030 - CMSIS Pack Vendor :STMicroelectronics LIBJPEG 8.0.0
2025-07-28 13:06:56,859 [INFO] ThirdParty:1030 - CMSIS Pack Vendor :STMicroelectronics FP-ATR-ASTRA1 2.0.2
2025-07-28 13:06:56,859 [INFO] ThirdParty:1030 - CMSIS Pack Vendor :STMicroelectronics X-CUBE-BLE1 7.1.0
2025-07-28 13:06:56,860 [INFO] ThirdParty:1030 - CMSIS Pack Vendor :Avnet-IotConnect X-CUBE-IoTC-DA16k-PMOD 1.0.0
2025-07-28 13:06:56,860 [INFO] ThirdParty:1030 - CMSIS Pack Vendor :STMicroelectronics X-CUBE-SMBUS 2.1.0
2025-07-28 13:06:56,860 [INFO] ThirdParty:1030 - CMSIS Pack Vendor :STMicroelectronics X-CUBE-WB05N 1.1.0
2025-07-28 13:06:56,860 [INFO] ThirdParty:1030 - CMSIS Pack Vendor :wolfSSL I-CUBE-wolfMQTT 1.19.2
2025-07-28 13:06:56,860 [INFO] ThirdParty:1030 - CMSIS Pack Vendor :STMicroelectronics USB_DEVICE 3.0.0
2025-07-28 13:06:56,860 [INFO] ThirdParty:1030 - CMSIS Pack Vendor :STMicroelectronics X-CUBE-ISPU 2.1.0
2025-07-28 13:06:56,860 [INFO] ThirdParty:1030 - CMSIS Pack Vendor :STMicroelectronics X-CUBE-EEPRMA1 5.2.0
2025-07-28 13:06:56,860 [INFO] ThirdParty:1030 - CMSIS Pack Vendor :STMicroelectronics X-CUBE-BLEMGR 4.1.0
2025-07-28 13:06:56,860 [INFO] ThirdParty:1030 - CMSIS Pack Vendor :STMicroelectronics X-CUBE-AZRTOS-WB 2.0.0
2025-07-28 13:06:56,861 [INFO] ThirdParty:1030 - CMSIS Pack Vendor :STMicroelectronics X-CUBE-ST60 1.0.0
2025-07-28 13:06:56,861 [INFO] ThirdParty:1030 - CMSIS Pack Vendor :STMicroelectronics X-CUBE-GNSS1 7.0.1
2025-07-28 13:06:56,862 [INFO] ThirdParty:1030 - CMSIS Pack Vendor :STMicroelectronics X-CUBE-NFC12 1.0.0
2025-07-28 13:06:56,862 [INFO] ThirdParty:1030 - CMSIS Pack Vendor :STMicroelectronics X-CUBE-AZRTOS-F7 1.1.0
2025-07-28 13:06:56,865 [INFO] ThirdParty:1030 - CMSIS Pack Vendor :STMicroelectronics X-CUBE-AZRTOS-L5 2.0.0
2025-07-28 13:06:56,866 [INFO] ThirdParty:1030 - CMSIS Pack Vendor :STMicroelectronics X-CUBE-TOUCHGFX 4.25.0
2025-07-28 13:06:56,866 [INFO] ThirdParty:1030 - CMSIS Pack Vendor :STMicroelectronics USB_DEVICE 2.0.0
2025-07-28 13:06:56,866 [INFO] ThirdParty:1030 - CMSIS Pack Vendor :STMicroelectronics X-CUBE-NFC6 3.1.0
2025-07-28 13:06:56,866 [INFO] ThirdParty:1030 - CMSIS Pack Vendor :STMicroelectronics X-CUBE-AI 10.1.0
2025-07-28 13:06:56,866 [INFO] ThirdParty:1030 - CMSIS Pack Vendor :STMicroelectronics FP-SNS-STBOX1 2.0.0
2025-07-28 13:06:56,866 [INFO] ThirdParty:1030 - CMSIS Pack Vendor :STMicroelectronics X-CUBE-MEMS1 11.2.0
2025-07-28 13:06:56,867 [INFO] ThirdParty:1030 - CMSIS Pack Vendor :STMicroelectronics FreeRTOS 0.0.1
2025-07-28 13:06:56,867 [INFO] ThirdParty:1030 - CMSIS Pack Vendor :STMicroelectronics X-CUBE-AZRTOS-G0 1.1.0
2025-07-28 13:06:56,867 [INFO] ThirdParty:1030 - CMSIS Pack Vendor :STMicroelectronics X-CUBE-SAFEA1 1.2.2
2025-07-28 13:06:56,867 [INFO] ThirdParty:1030 - CMSIS Pack Vendor :STMicroelectronics X-CUBE-NFC4 3.0.0
2025-07-28 13:06:56,867 [INFO] ThirdParty:1030 - CMSIS Pack Vendor :STMicroelectronics X-CUBE-DPower 1.2.0
2025-07-28 13:06:56,867 [INFO] ThirdParty:1030 - CMSIS Pack Vendor :STMicroelectronics X-CUBE-SUBG2 5.0.0
2025-07-28 13:06:56,867 [INFO] ThirdParty:1030 - CMSIS Pack Vendor :STMicroelectronics X-CUBE-AZRTOS-H7RS 1.1.0
2025-07-28 13:06:56,867 [INFO] ThirdParty:1030 - CMSIS Pack Vendor :STMicroelectronics STM32_WPAN 1.0.0
2025-07-28 13:06:56,867 [INFO] ThirdParty:1030 - CMSIS Pack Vendor :EmbeddedOffice I-CUBE-FS-RTOS 1.0.1
2025-07-28 13:06:56,867 [INFO] ThirdParty:1030 - CMSIS Pack Vendor :STMicroelectronics lwIP 2.0.3
2025-07-28 13:06:56,867 [INFO] ThirdParty:1030 - CMSIS Pack Vendor :Cesanta I-CUBE-Mongoose 7.13.0
2025-07-28 13:06:56,867 [INFO] ThirdParty:1030 - CMSIS Pack Vendor :STMicroelectronics USB_HOST 1.0.0
2025-07-28 13:06:56,868 [INFO] ThirdParty:1030 - CMSIS Pack Vendor :Infineon AIROC-Wi-Fi-Bluetooth-STM32 1.7.0
2025-07-28 13:06:56,868 [INFO] ThirdParty:1030 - CMSIS Pack Vendor :STMicroelectronics X-CUBE-AZRTOS-G4 2.0.0
2025-07-28 13:06:56,868 [INFO] ThirdParty:1030 - CMSIS Pack Vendor :STMicroelectronics X-CUBE-WB05N 2.0.0
2025-07-28 13:06:56,868 [INFO] ThirdParty:1030 - CMSIS Pack Vendor :STMicroelectronics PDM2PCM 3.1.0
2025-07-28 13:06:56,868 [INFO] ThirdParty:1030 - CMSIS Pack Vendor :STMicroelectronics PDM2PCM 3.3.0
2025-07-28 13:06:56,868 [INFO] ThirdParty:1030 - CMSIS Pack Vendor :wolfSSL I-CUBE-wolfTPM 3.8.0
2025-07-28 13:06:56,868 [INFO] ThirdParty:1030 - CMSIS Pack Vendor :STMicroelectronics X-CUBE-AZRTOS-H7 3.4.0
2025-07-28 13:06:56,868 [INFO] ThirdParty:1030 - CMSIS Pack Vendor :STMicroelectronics X-CUBE-DISPLAY 3.0.0
2025-07-28 13:06:56,868 [INFO] ThirdParty:1030 - CMSIS Pack Vendor :wolfSSL I-CUBE-wolfSSH 1.4.20
2025-07-28 13:06:56,869 [INFO] ThirdParty:1030 - CMSIS Pack Vendor :STMicroelectronics X-CUBE-NFC7 2.0.0
2025-07-28 13:06:56,869 [INFO] ThirdParty:1030 - CMSIS Pack Vendor :STMicroelectronics X-CUBE-TCPP 4.2.0
2025-07-28 13:06:56,869 [INFO] ThirdParty:1030 - CMSIS Pack Vendor :RealThread X-CUBE-RT-Thread_Nano 4.1.1
2025-07-28 13:06:56,869 [INFO] ThirdParty:1030 - CMSIS Pack Vendor :STMicroelectronics FP-ATR-SIGFOX1 3.2.0
2025-07-28 13:06:56,869 [INFO] ThirdParty:1030 - CMSIS Pack Vendor :STMicroelectronics X-CUBE-NFC10 1.0.0
2025-07-28 13:06:56,869 [INFO] ThirdParty:1030 - CMSIS Pack Vendor :STMicroelectronics X-CUBE-BLEMGR 4.0.0
2025-07-28 13:06:56,869 [INFO] ThirdParty:1030 - CMSIS Pack Vendor :STMicroelectronics X-CUBE-EEPRMA1 5.1.0
2025-07-28 13:06:56,869 [INFO] ThirdParty:1030 - CMSIS Pack Vendor :STMicroelectronics X-CUBE-FREERTOS 1.3.1
2025-07-28 13:06:56,869 [INFO] ThirdParty:1030 - CMSIS Pack Vendor :STMicroelectronics HAL Drivers 0.0.0
2025-07-28 13:06:56,869 [INFO] ThirdParty:1030 - CMSIS Pack Vendor :STMicroelectronics MBEDTLS 2.16.2
2025-07-28 13:06:56,869 [INFO] ThirdParty:1030 - CMSIS Pack Vendor :STMicroelectronics X-CUBE-IPS 3.1.0
2025-07-28 13:06:56,869 [INFO] ThirdParty:1030 - CMSIS Pack Vendor :STMicroelectronics X-CUBE-ALS 1.0.2
2025-07-28 13:06:56,870 [INFO] ThirdParty:1030 - CMSIS Pack Vendor :emotas I-CUBE-CANOPEN 1.3.0
2025-07-28 13:06:56,870 [INFO] ThirdParty:1030 - CMSIS Pack Vendor :STMicroelectronics X-CUBE-FREERTOS 1.3.0
2025-07-28 13:06:56,870 [INFO] ThirdParty:1030 - CMSIS Pack Vendor :STMicroelectronics X-CUBE-NFC7 1.0.1
2025-07-28 13:06:56,870 [INFO] ThirdParty:1030 - CMSIS Pack Vendor :STMicroelectronics MBEDTLS 2.14.1
2025-07-28 13:06:56,870 [INFO] ThirdParty:1030 - CMSIS Pack Vendor :wolfSSL I-CUBE-wolfSSL 5.7.6
2025-07-28 13:06:56,870 [INFO] ThirdParty:1030 - CMSIS Pack Vendor :ITTIA_DB I-CUBE-ITTIADB 8.9.0
2025-07-28 13:06:56,870 [INFO] ThirdParty:1030 - CMSIS Pack Vendor :portGmbH I-Cube-SoM-uGOAL 1.1.0
2025-07-28 13:06:56,870 [INFO] ThirdParty:1030 - CMSIS Pack Vendor :quantropi X-CUBE-qispace-sdk-base 2.0.0
2025-07-28 13:06:56,870 [INFO] ThirdParty:1030 - CMSIS Pack Vendor :STMicroelectronics X-CUBE-AI 10.0.0
2025-07-28 13:06:56,870 [INFO] ThirdParty:1030 - CMSIS Pack Vendor :STMicroelectronics X-CUBE-ST67W61 1.0.0
2025-07-28 13:06:56,870 [INFO] ThirdParty:1030 - CMSIS Pack Vendor :STMicroelectronics FP-SNS-STAIOTCFT 1.0.0
2025-07-28 13:06:56,871 [INFO] ThirdParty:1030 - CMSIS Pack Vendor :STMicroelectronics ThreadX 1.0.0
2025-07-28 13:06:56,871 [INFO] ThirdParty:1030 - CMSIS Pack Vendor :STMicroelectronics FP-SNS-SMARTAG2 1.2.0
2025-07-28 13:06:56,871 [INFO] ThirdParty:1030 - CMSIS Pack Vendor :STMicroelectronics FP-SNS-FLIGHT1 5.1.0
2025-07-28 13:06:56,871 [INFO] ThirdParty:1030 - CMSIS Pack Vendor :STMicroelectronics X-CUBE-MEMS1 11.1.0
2025-07-28 13:06:56,871 [INFO] ThirdParty:1030 - CMSIS Pack Vendor :STMicroelectronics X-CUBE-AZRTOS-WL 2.0.0
2025-07-28 13:06:56,871 [INFO] ThirdParty:1030 - CMSIS Pack Vendor :SEGGER I-CUBE-embOS 1.3.1
2025-07-28 13:06:56,871 [INFO] ThirdParty:1030 - CMSIS Pack Vendor :STMicroelectronics X-CUBE-ALGOBUILD 1.4.0
2025-07-28 13:06:56,872 [INFO] ThirdParty:1030 - CMSIS Pack Vendor :STMicroelectronics X-CUBE-DPower 1.3.0
2025-07-28 13:06:56,872 [INFO] ThirdParty:1030 - CMSIS Pack Vendor :STMicroelectronics X-CUBE-MEMS1 11.3.0
2025-07-28 13:06:56,872 [INFO] ThirdParty:1030 - CMSIS Pack Vendor :STMicroelectronics FP-SNS-MOTENV1 5.0.0
2025-07-28 13:06:56,872 [INFO] ThirdParty:1030 - CMSIS Pack Vendor :STMicroelectronics USB_DEVICE 1.0.0
2025-07-28 13:06:56,873 [INFO] ThirdParty:1030 - CMSIS Pack Vendor :STMicroelectronics X-CUBE-AZRTOS-L4 2.0.0
2025-07-28 13:06:56,873 [INFO] ThirdParty:1030 - CMSIS Pack Vendor :STMicroelectronics ThreadX 0.0.2
2025-07-28 13:06:56,873 [INFO] ThirdParty:1030 - CMSIS Pack Vendor :WES I-CUBE-Cesium 1.3.0
2025-07-28 13:06:56,873 [INFO] ThirdParty:1030 - CMSIS Pack Vendor :STMicroelectronics lwIP 2.1.2
2025-07-28 13:06:56,873 [INFO] ThirdParty:1030 - CMSIS Pack Vendor :STMicroelectronics X-CUBE-SFXS2LP1 4.0.0
2025-07-28 13:06:56,873 [INFO] ThirdParty:1030 - CMSIS Pack Vendor :STMicroelectronics X-CUBE-BLE2 3.3.0
2025-07-28 13:06:56,873 [INFO] ThirdParty:1030 - CMSIS Pack Vendor :STMicroelectronics X-CUBE-TOF1 3.4.2
2025-07-28 13:06:56,874 [INFO] ThirdParty:1030 - CMSIS Pack Vendor :STMicroelectronics X-CUBE-TOF1 3.4.3
2025-07-28 13:06:56,875 [INFO] ThirdParty:1030 - CMSIS Pack Vendor :STMicroelectronics PDM2PCM 3.2.0
2025-07-28 13:06:56,876 [INFO] ThirdParty:841 - exiting critical section [change project]
2025-07-28 13:06:57,127 [INFO] PinOutPanel:1589 - setPackage(No Configuration,No Configuration)
2025-07-28 13:06:57,128 [INFO] PinOutPanel:1589 - setPackage(STM32F103RBTx,LQFP64)
2025-07-28 13:06:57,391 [INFO] UtilMem:75 - Before build in PCC Used Memory: 891034584 Bytes (1073741824)
2025-07-28 13:06:57,764 [INFO] UtilMem:75 - After build in PCC Used Memory: 932977592 Bytes (1073741824)
2025-07-28 13:06:57,801 [INFO] IPUIPlugin:80 - create IPUIPlugin
2025-07-28 13:06:57,802 [INFO] IPUIPlugin:80 - create IPUIPlugin
2025-07-28 13:06:57,802 [INFO] IPUIPlugin:80 - create IPUIPlugin
2025-07-28 13:06:57,802 [INFO] IPUIPlugin:80 - create IPUIPlugin
2025-07-28 13:06:57,802 [INFO] IPUIPlugin:80 - create IPUIPlugin
2025-07-28 13:06:57,802 [INFO] IPUIPlugin:80 - create IPUIPlugin
2025-07-28 13:06:57,802 [INFO] IPUIPlugin:80 - create IPUIPlugin
2025-07-28 13:06:57,803 [INFO] IPUIPlugin:80 - create IPUIPlugin
2025-07-28 13:06:57,803 [INFO] IPUIPlugin:80 - create IPUIPlugin
2025-07-28 13:06:57,803 [INFO] IPUIPlugin:80 - create IPUIPlugin
2025-07-28 13:06:57,803 [INFO] IPUIPlugin:80 - create IPUIPlugin
2025-07-28 13:06:57,804 [INFO] IPUIPlugin:80 - create IPUIPlugin
2025-07-28 13:06:57,804 [INFO] IPUIPlugin:80 - create IPUIPlugin
2025-07-28 13:06:57,804 [INFO] IPUIPlugin:80 - create IPUIPlugin
2025-07-28 13:06:57,804 [INFO] IPUIPlugin:80 - create IPUIPlugin
2025-07-28 13:06:57,805 [INFO] IPUIPlugin:80 - create IPUIPlugin
2025-07-28 13:06:57,805 [INFO] IPUIPlugin:80 - create IPUIPlugin
2025-07-28 13:06:57,805 [INFO] IPUIPlugin:80 - create IPUIPlugin
2025-07-28 13:06:57,806 [INFO] IPUIPlugin:80 - create IPUIPlugin
2025-07-28 13:06:57,806 [INFO] IPUIPlugin:80 - create IPUIPlugin
2025-07-28 13:06:57,806 [INFO] IPUIPlugin:80 - create IPUIPlugin
2025-07-28 13:06:57,806 [INFO] IPUIPlugin:80 - create IPUIPlugin
2025-07-28 13:06:57,807 [INFO] IPUIPlugin:80 - create IPUIPlugin
2025-07-28 13:06:57,807 [INFO] IPUIPlugin:80 - create IPUIPlugin
2025-07-28 13:06:57,807 [INFO] IPUIPlugin:80 - create IPUIPlugin
2025-07-28 13:06:57,807 [INFO] IPUIPlugin:80 - create IPUIPlugin
2025-07-28 13:06:57,808 [INFO] IPUIPlugin:80 - create IPUIPlugin
2025-07-28 13:06:57,898 [INFO] CADModel:165 - CPN selected for project levelSTM32F103RBT6
2025-07-28 13:06:57,899 [INFO] CADModel:114 - Register for checkConnection events
2025-07-28 13:06:58,003 [INFO] OpenFileManager:363 - Restore cursor
2025-07-28 13:08:57,727 [WARN] IP:2251 - I2C_Coeff_DF not found: check if there is a RefParameter without a condition.
2025-07-28 13:08:57,728 [WARN] IP:2251 - Analog_Filter not found: check if there is a RefParameter without a condition.
2025-07-28 13:08:57,754 [WARN] IP:2251 - I2C_Coeff_DF not found: check if there is a RefParameter without a condition.
2025-07-28 13:08:57,754 [WARN] IP:2251 - Analog_Filter not found: check if there is a RefParameter without a condition.
2025-07-28 13:08:57,754 [WARN] IP:2251 - I2C_Coeff_DF not found: check if there is a RefParameter without a condition.
2025-07-28 13:08:57,754 [WARN] IP:2251 - Analog_Filter not found: check if there is a RefParameter without a condition.
2025-07-28 13:08:58,030 [WARN] IP:2251 - I2C_Coeff_DF not found: check if there is a RefParameter without a condition.
2025-07-28 13:08:58,030 [WARN] IP:2251 - Analog_Filter not found: check if there is a RefParameter without a condition.
2025-07-28 13:08:58,035 [WARN] IP:2251 - I2C_Coeff_DF not found: check if there is a RefParameter without a condition.
2025-07-28 13:08:58,035 [WARN] IP:2251 - Analog_Filter not found: check if there is a RefParameter without a condition.
2025-07-28 13:13:32,331 [INFO] UtilMem:75 - End SaveConfig() Used Memory: 726567176 Bytes (1073741824)
2025-07-28 13:13:39,819 [WARN] IP:2251 - I2C_Coeff_DF not found: check if there is a RefParameter without a condition.
2025-07-28 13:13:39,819 [WARN] IP:2251 - Analog_Filter not found: check if there is a RefParameter without a condition.
2025-07-28 13:13:39,820 [WARN] IP:2251 - I2C_Coeff_DF not found: check if there is a RefParameter without a condition.
2025-07-28 13:13:39,820 [WARN] IP:2251 - Analog_Filter not found: check if there is a RefParameter without a condition.
2025-07-28 13:13:39,951 [WARN] IP:2251 - I2C_Coeff_DF not found: check if there is a RefParameter without a condition.
2025-07-28 13:13:39,951 [WARN] IP:2251 - Analog_Filter not found: check if there is a RefParameter without a condition.
2025-07-28 13:14:21,643 [INFO] NvicIntPanel:101 - NVIC parent = com.st.microxplorer.plugins.ip.nvic.MultiNvicIntPanel[,0,0,0x0,invalid,layout=javax.swing.BoxLayout,alignmentX=0.0,alignmentY=0.0,border=,flags=9,maximumSize=,minimumSize=,preferredSize=]
2025-07-28 13:14:31,213 [INFO] NvicIntPanel:101 - NVIC parent = com.st.microxplorer.plugins.ip.nvic.MultiNvicIntPanel[,0,0,0x0,invalid,layout=javax.swing.BoxLayout,alignmentX=0.0,alignmentY=0.0,border=,flags=9,maximumSize=,minimumSize=,preferredSize=]
2025-07-28 13:14:31,341 [INFO] NvicIntPanel:101 - NVIC parent = com.st.microxplorer.plugins.ip.nvic.MultiNvicIntPanel[,0,0,0x0,invalid,layout=javax.swing.BoxLayout,alignmentX=0.0,alignmentY=0.0,border=,flags=9,maximumSize=,minimumSize=,preferredSize=]
2025-07-28 13:14:32,768 [INFO] UtilMem:75 - End SaveConfig() Used Memory: 673070776 Bytes (1073741824)
2025-07-28 13:14:33,522 [INFO] UtilMem:75 - End SaveConfig() Used Memory: 692993720 Bytes (1073741824)
2025-07-28 13:14:37,769 [INFO] UtilMem:75 - End SaveConfig() Used Memory: 805717688 Bytes (1073741824)
2025-07-28 13:14:39,106 [INFO] BlockDiagram:2766 - set Specific Code input for plugin: NVIC
2025-07-28 13:14:39,106 [INFO] BlockDiagram:2766 - set Specific Code input for plugin: USART
2025-07-28 13:14:39,106 [INFO] BlockDiagram:2766 - set Specific Code input for plugin: TIM1_8F1
2025-07-28 13:14:39,107 [INFO] BlockDiagram:2766 - set Specific Code input for plugin: SYS
2025-07-28 13:14:39,108 [INFO] BlockDiagram:2766 - set Specific Code input for plugin: GPIO
2025-07-28 13:14:39,108 [INFO] BlockDiagram:2766 - set Specific Code input for plugin: RCC
2025-07-28 13:14:39,108 [INFO] BlockDiagram:2766 - set Specific Code input for plugin: I2C
2025-07-28 13:14:39,112 [INFO] CodeGenerator:896 - code generatio: config db path: C:\ST\STM32CubeIDE_1.17.0\STM32CubeIDE\plugins\com.st.stm32cube.common.mx_6.13.0.202411220809\\db\
2025-07-28 13:14:39,120 [WARN] IP:2251 - I2C_Coeff_DF not found: check if there is a RefParameter without a condition.
2025-07-28 13:14:39,120 [WARN] IP:2251 - Analog_Filter not found: check if there is a RefParameter without a condition.
2025-07-28 13:14:39,647 [INFO] CodeEngine:255 - oldGeneratedFile, C:\Users\Santiago\Desktop\facu\2025c1\TPF_TDSE\Pruebas_workspace\MdeE\MXTmpFiles\license.tmp_save
2025-07-28 13:14:41,079 [INFO] CodeEngine:279 - Generated code: C:\Users\Santiago\Desktop\facu\2025c1\TPF_TDSE\Pruebas_workspace\MdeE\MXTmpFiles\license.tmp
2025-07-28 13:14:41,454 [INFO] CodeEngine:255 - oldGeneratedFile, C:\Users\Santiago\Desktop\facu\2025c1\TPF_TDSE\Pruebas_workspace\MdeE\MXTmpFiles\gpio.tmp_save
2025-07-28 13:14:41,851 [INFO] CodeEngine:279 - Generated code: C:\Users\Santiago\Desktop\facu\2025c1\TPF_TDSE\Pruebas_workspace\MdeE\MXTmpFiles\gpio.tmp
2025-07-28 13:14:42,763 [INFO] CodeEngine:255 - oldGeneratedFile, C:\Users\Santiago\Desktop\facu\2025c1\TPF_TDSE\Pruebas_workspace\MdeE\Core\Src\stm32f1xx_it.c_save
2025-07-28 13:14:43,275 [INFO] CodeEngine:279 - Generated code: C:\Users\Santiago\Desktop\facu\2025c1\TPF_TDSE\Pruebas_workspace\MdeE\Core\Src\stm32f1xx_it.c
2025-07-28 13:14:43,358 [INFO] CodeEngine:255 - oldGeneratedFile, C:\Users\Santiago\Desktop\facu\2025c1\TPF_TDSE\Pruebas_workspace\MdeE\Core\Inc\stm32f1xx_it.h_save
2025-07-28 13:14:43,626 [INFO] CodeEngine:279 - Generated code: C:\Users\Santiago\Desktop\facu\2025c1\TPF_TDSE\Pruebas_workspace\MdeE\Core\Inc\stm32f1xx_it.h
2025-07-28 13:14:43,734 [INFO] CodeEngine:255 - oldGeneratedFile, C:\Users\Santiago\Desktop\facu\2025c1\TPF_TDSE\Pruebas_workspace\MdeE\Core\Src\stm32f1xx_hal_msp.c_save
2025-07-28 13:14:44,232 [INFO] CodeEngine:279 - Generated code: C:\Users\Santiago\Desktop\facu\2025c1\TPF_TDSE\Pruebas_workspace\MdeE\Core\Src\stm32f1xx_hal_msp.c
2025-07-28 13:14:44,267 [INFO] CodeEngine:255 - oldGeneratedFile, C:\Users\Santiago\Desktop\facu\2025c1\TPF_TDSE\Pruebas_workspace\MdeE\MXTmpFiles\system.tmp_save
2025-07-28 13:14:44,475 [INFO] CodeEngine:279 - Generated code: C:\Users\Santiago\Desktop\facu\2025c1\TPF_TDSE\Pruebas_workspace\MdeE\MXTmpFiles\system.tmp
2025-07-28 13:14:44,572 [INFO] CodeEngine:311 - oldGeneratedFile, C:\Users\Santiago\Desktop\facu\2025c1\TPF_TDSE\Pruebas_workspace\MdeE\Core\Inc\stm32f1xx_hal_conf.h_save
2025-07-28 13:14:44,847 [INFO] CodeEngine:335 - Generated code: C:\Users\Santiago\Desktop\facu\2025c1\TPF_TDSE\Pruebas_workspace\MdeE\Core\Inc\stm32f1xx_hal_conf.h
2025-07-28 13:14:44,953 [INFO] ApiDbMcu:508 - Load IP Config File for I2C1
2025-07-28 13:14:45,006 [INFO] ApiDbMcu:508 - Load IP Config File for TIM2
2025-07-28 13:14:45,015 [INFO] ApiDbMcu:508 - Load IP Config File for USART2
2025-07-28 13:14:45,020 [INFO] ApiDbMcu:508 - Load IP Config File for RCC
2025-07-28 13:14:45,026 [WARN] IPConfigManager:3618 - IP not found : TIM
2025-07-28 13:14:45,033 [WARN] CodeGenerator:4152 - IP not found : null
2025-07-28 13:14:45,138 [INFO] CodeEngine:255 - oldGeneratedFile, C:\Users\Santiago\Desktop\facu\2025c1\TPF_TDSE\Pruebas_workspace\MdeE\Core\Inc\main.h_save
2025-07-28 13:14:45,504 [INFO] CodeEngine:279 - Generated code: C:\Users\Santiago\Desktop\facu\2025c1\TPF_TDSE\Pruebas_workspace\MdeE\Core\Inc\main.h
2025-07-28 13:14:45,578 [INFO] CodeEngine:255 - oldGeneratedFile, C:\Users\Santiago\Desktop\facu\2025c1\TPF_TDSE\Pruebas_workspace\MdeE\Core\Src\main.c_save
2025-07-28 13:14:45,996 [INFO] CodeEngine:279 - Generated code: C:\Users\Santiago\Desktop\facu\2025c1\TPF_TDSE\Pruebas_workspace\MdeE\Core\Src\main.c
2025-07-28 13:14:47,040 [INFO] ProjectBuilder:3289 - Time for Copy HAL[1] : 420mS.
2025-07-28 13:14:47,056 [INFO] ProjectBuilder:4876 - Project Generator version: 4.5.0-RC5
2025-07-28 13:14:47,342 [INFO] ConfigFileManager:1579 - The Die is : DIE410
2025-07-28 13:14:47,400 [INFO] ApiDbMcu:508 - Load IP Config File for FATFS
2025-07-28 13:14:47,440 [INFO] ApiDbMcu:508 - Load IP Config File for FREERTOS
2025-07-28 13:14:47,497 [INFO] ApiDbMcu:508 - Load IP Config File for USB_DEVICE
2025-07-28 13:14:49,697 [INFO] LogOutputStream:77 - [STDOUT_REDIRECT] 
2025-07-28 13:14:58,382 [INFO] ProjectBuilder:5154 - Time for Generating toolchain IDE Files: 11292mS.
2025-07-28 13:14:58,385 [INFO] ProjectBuilder:3146 - Time for Copy CMSIS : 2mS.
2025-07-28 13:14:58,390 [INFO] ProjectBuilder:3146 - Time for Copy CMSIS : 1mS.
2025-07-28 13:15:27,273 [INFO] MainUpdater:2872 - connection check result : 10
2025-07-28 13:15:27,274 [INFO] MainUpdater:2872 - connection check result : 10
2025-07-28 13:15:27,682 [INFO] MicroXplorer:468 - Change Database Path : 
2025-07-28 13:15:27,682 [INFO] MicroXplorer:498 - Change Database Version : DB.6.0.130
2025-07-28 13:15:27,716 [ERROR] ProjectManagerView:394 - 
java.lang.NullPointerException: Cannot invoke "javax.swing.JTextField.getText()" because the return value of "java.util.List.get(int)" is null
	at com.st.microxplorer.plugins.projectmanager.gui.ProjectChoiceTab$9.caretUpdate(ProjectChoiceTab.java:2616) ~[filemanager.jar:?]
	at javax.swing.text.JTextComponent.fireCaretUpdate(JTextComponent.java:408) ~[?:?]
	at javax.swing.text.JTextComponent$MutableCaretEvent.fire(JTextComponent.java:4484) ~[?:?]
	at javax.swing.text.JTextComponent$MutableCaretEvent.stateChanged(JTextComponent.java:4506) ~[?:?]
	at javax.swing.text.DefaultCaret.fireStateChanged(DefaultCaret.java:857) ~[?:?]
	at javax.swing.text.DefaultCaret.changeCaretPosition(DefaultCaret.java:1343) ~[?:?]
	at javax.swing.text.DefaultCaret.handleSetDot(DefaultCaret.java:1242) ~[?:?]
	at javax.swing.text.DefaultCaret.setDot(DefaultCaret.java:1223) ~[?:?]
	at javax.swing.text.DefaultCaret$Handler.insertUpdate(DefaultCaret.java:1819) ~[?:?]
	at javax.swing.text.AbstractDocument.fireInsertUpdate(AbstractDocument.java:227) ~[?:?]
	at javax.swing.text.AbstractDocument.handleInsertString(AbstractDocument.java:781) ~[?:?]
	at javax.swing.text.AbstractDocument.insertString(AbstractDocument.java:740) ~[?:?]
	at javax.swing.text.PlainDocument.insertString(PlainDocument.java:131) ~[?:?]
	at javax.swing.text.AbstractDocument.replace(AbstractDocument.java:699) ~[?:?]
	at javax.swing.text.JTextComponent.setText(JTextComponent.java:1725) ~[?:?]
	at com.st.microxplorer.plugins.projectmanager.gui.ProjectChoiceTab.createHeapStackFields(ProjectChoiceTab.java:975) ~[filemanager.jar:?]
	at com.st.microxplorer.plugins.projectmanager.gui.ProjectChoiceTab.buildLinkSettingsPanel(ProjectChoiceTab.java:3666) ~[filemanager.jar:?]
	at com.st.microxplorer.plugins.projectmanager.gui.ProjectChoiceTab.defineWindowsFields(ProjectChoiceTab.java:1934) ~[filemanager.jar:?]
	at com.st.microxplorer.plugins.projectmanager.gui.ProjectChoiceTab.updateSettings(ProjectChoiceTab.java:553) ~[filemanager.jar:?]
	at com.st.microxplorer.plugins.projectmanager.gui.ProjectSettingsPanel.UpdateDialog(ProjectSettingsPanel.java:245) ~[filemanager.jar:?]
	at com.st.microxplorer.plugins.projectmanager.ProjectManagerView.propertyChange(ProjectManagerView.java:391) ~[filemanager.jar:?]
	at java.beans.PropertyChangeSupport.fire(PropertyChangeSupport.java:343) ~[?:?]
	at java.beans.PropertyChangeSupport.firePropertyChange(PropertyChangeSupport.java:335) ~[?:?]
	at java.beans.PropertyChangeSupport.firePropertyChange(PropertyChangeSupport.java:268) ~[?:?]
	at com.st.microxplorer.util.MXPropertyChangeSupport.firePropertyChange(MXPropertyChangeSupport.java:54) ~[STM32CubeMX.jar:?]
	at com.st.microxplorer.mxsystem.MxSystem.closeConfig(MxSystem.java:899) ~[STM32CubeMX.jar:?]
	at com.st.microxplorer.maingui.MainPanel.closeConfig(MainPanel.java:789) ~[STM32CubeMX.jar:?]
	at com.st.microxplorer.plugins.filemanager.engine.OpenFileManager.loadConfigurationFile(OpenFileManager.java:265) ~[filemanager.jar:?]
	at com.st.microxplorer.plugins.filemanager.engine.MainFileManager.userLoadConfig(MainFileManager.java:340) ~[filemanager.jar:?]
	at com.st.microxplorer.plugins.filemanager.engine.MainFileManager.userLoadConfig(MainFileManager.java:318) ~[filemanager.jar:?]
	at com.st.microxplorer.plugins.filemanager.FileManagerView.getSpecificTask(FileManagerView.java:246) ~[filemanager.jar:?]
	at com.st.stm32cube.common.mx.editor.CubeMxEditor.getMxTabbedPaneInstance(CubeMxEditor.java:1198) ~[com.st.stm32cube.common.mx_6.13.0.202411220809/:?]
	at com.st.stm32cube.common.mx.editor.CubeMxEditor$12$1.createSwingComponent(CubeMxEditor.java:1068) ~[com.st.stm32cube.common.mx_6.13.0.202411220809/:?]
	at com.st.stm32cube.common.mx.oss.core.awtswtbridge.EmbeddedSwingComposite.doComponentCreation(EmbeddedSwingComposite.java:492) ~[com.st.stm32cube.common.mx.oss_6.13.0.202411220809/:?]
	at com.st.stm32cube.common.mx.oss.core.awtswtbridge.EmbeddedSwingComposite$4.run(EmbeddedSwingComposite.java:291) ~[com.st.stm32cube.common.mx.oss_6.13.0.202411220809/:?]
	at com.st.stm32cube.common.mx.oss.core.awtswtbridge.AwtEnvironment$2.run(AwtEnvironment.java:166) ~[com.st.stm32cube.common.mx.oss_6.13.0.202411220809/:?]
	at java.awt.event.InvocationEvent.dispatch(InvocationEvent.java:318) ~[?:?]
	at java.awt.EventQueue.dispatchEventImpl(EventQueue.java:773) ~[?:?]
	at java.awt.EventQueue$4.run(EventQueue.java:720) ~[?:?]
	at java.awt.EventQueue$4.run(EventQueue.java:714) ~[?:?]
	at java.security.AccessController.doPrivileged(AccessController.java:400) ~[?:?]
	at java.security.ProtectionDomain$JavaSecurityAccessImpl.doIntersectionPrivilege(ProtectionDomain.java:87) ~[?:?]
	at java.awt.EventQueue.dispatchEvent(EventQueue.java:742) ~[?:?]
	at java.awt.EventDispatchThread.pumpOneEventForFilters(EventDispatchThread.java:203) ~[?:?]
	at java.awt.EventDispatchThread.pumpEventsForFilter(EventDispatchThread.java:124) ~[?:?]
	at java.awt.EventDispatchThread.pumpEventsForHierarchy(EventDispatchThread.java:113) ~[?:?]
	at java.awt.EventDispatchThread.pumpEvents(EventDispatchThread.java:109) ~[?:?]
	at java.awt.EventDispatchThread.pumpEvents(EventDispatchThread.java:101) ~[?:?]
	at java.awt.EventDispatchThread.run(EventDispatchThread.java:90) ~[?:?]
2025-07-28 13:15:27,718 [WARN] ThirdParty:871 - waiting for thirdparty lock release [close project]
2025-07-28 13:15:27,718 [INFO] ThirdParty:873 - entering critical section [close project]
2025-07-28 13:15:27,720 [INFO] ThirdParty:883 - exiting critical section [close project]
2025-07-28 13:15:27,722 [INFO] PinOutPanel:1589 - setPackage(No Configuration,No Configuration)
2025-07-28 13:15:27,736 [INFO] UtilMem:75 - Begin LoadConfig() Used Memory: 909339992 Bytes (1073741824)
2025-07-28 13:15:27,738 [INFO] MicroXplorer:468 - Change Database Path : 
2025-07-28 13:15:27,738 [INFO] MicroXplorer:498 - Change Database Version : DB.6.0.130
2025-07-28 13:15:27,738 [INFO] OpenFileManager:332 - Change cursor
2025-07-28 13:15:27,815 [INFO] RulesReader:64 - Compatibility file has been processed (297 Rules)
2025-07-28 13:15:27,820 [INFO] Mcu:2035 - Initializing MCU STM32F103R(8-B)Tx STM32F103RBTx STM32F103RBT6
2025-07-28 13:15:29,104 [INFO] Context:748 - Trying to add GPIOservice into a context  which must be forbidden
2025-07-28 13:15:29,819 [INFO] RtosManager:555 - Registered RTOS mode: class=CMSIS, group=RTOS, mode=CMSIS_V1, owner=FREERTOS
2025-07-28 13:15:29,820 [INFO] RtosManager:555 - Registered RTOS mode: class=CMSIS, group=RTOS2, mode=CMSIS_V2, owner=FREERTOS
2025-07-28 13:15:29,820 [INFO] RtosManager:555 - Registered RTOS mode: class=RTOS, group=Core, mode=CMSIS_V1, owner=FREERTOS
2025-07-28 13:15:29,820 [INFO] RtosManager:555 - Registered RTOS mode: class=RTOS, group=Core, mode=CMSIS_V2, owner=FREERTOS
2025-07-28 13:15:29,820 [WARN] ModelIntegratedComponent:184 - Missing modes for component STMicroelectronics:FreeRTOS:0.0.1:STMicroelectronics:RTOS:FreeRTOS:Core:::10.2.0:
2025-07-28 13:15:29,840 [WARN] ModelIntegratedComponent:63 - No mode defined for component null
2025-07-28 13:15:29,840 [WARN] ModelIntegratedComponent:63 - No mode defined for component null
2025-07-28 13:15:29,840 [WARN] ModelIntegratedComponent:63 - No mode defined for component null
2025-07-28 13:15:29,841 [WARN] ModelIntegratedComponent:63 - No mode defined for component null
2025-07-28 13:15:29,841 [WARN] ModelIntegratedComponent:63 - No mode defined for component null
2025-07-28 13:15:29,841 [WARN] ModelIntegratedComponent:63 - No mode defined for component null
2025-07-28 13:15:29,841 [WARN] ModelIntegratedComponent:63 - No mode defined for component null
2025-07-28 13:15:29,841 [WARN] ModelIntegratedComponent:63 - No mode defined for component null
2025-07-28 13:15:29,841 [WARN] ModelIntegratedComponent:63 - No mode defined for component null
2025-07-28 13:15:29,841 [WARN] ModelIntegratedComponent:63 - No mode defined for component null
2025-07-28 13:15:29,841 [WARN] ModelIntegratedComponent:63 - No mode defined for component null
2025-07-28 13:15:29,843 [WARN] ModelIntegratedComponent:63 - No mode defined for component null
2025-07-28 13:15:29,844 [WARN] ModelIntegratedComponent:63 - No mode defined for component null
2025-07-28 13:15:29,844 [WARN] ModelIntegratedComponent:63 - No mode defined for component null
2025-07-28 13:15:29,847 [WARN] ModelIntegratedComponent:63 - No mode defined for component null
2025-07-28 13:15:29,847 [WARN] ModelIntegratedComponent:63 - No mode defined for component null
2025-07-28 13:15:29,847 [WARN] ModelIntegratedComponent:63 - No mode defined for component null
2025-07-28 13:15:29,847 [WARN] ModelIntegratedComponent:63 - No mode defined for component null
2025-07-28 13:15:29,847 [WARN] ModelIntegratedComponent:63 - No mode defined for component null
2025-07-28 13:15:29,848 [WARN] ModelIntegratedComponent:63 - No mode defined for component null
2025-07-28 13:15:29,848 [WARN] ModelIntegratedComponent:63 - No mode defined for component null
2025-07-28 13:15:29,848 [WARN] ModelIntegratedComponent:63 - No mode defined for component null
2025-07-28 13:15:29,848 [WARN] ModelIntegratedComponent:63 - No mode defined for component null
2025-07-28 13:15:29,848 [WARN] ModelIntegratedComponent:63 - No mode defined for component null
2025-07-28 13:15:29,848 [WARN] ModelIntegratedComponent:63 - No mode defined for component null
2025-07-28 13:15:29,848 [WARN] ModelIntegratedComponent:63 - No mode defined for component null
2025-07-28 13:15:29,848 [WARN] ModelIntegratedComponent:63 - No mode defined for component null
2025-07-28 13:15:29,848 [WARN] ModelIntegratedComponent:63 - No mode defined for component null
2025-07-28 13:15:29,848 [WARN] ModelIntegratedComponent:63 - No mode defined for component null
2025-07-28 13:15:29,848 [WARN] ModelIntegratedComponent:63 - No mode defined for component null
2025-07-28 13:15:29,848 [WARN] ModelIntegratedComponent:63 - No mode defined for component null
2025-07-28 13:15:29,849 [WARN] ModelIntegratedComponent:63 - No mode defined for component null
2025-07-28 13:15:29,849 [WARN] ModelIntegratedComponent:63 - No mode defined for component null
2025-07-28 13:15:29,849 [WARN] ModelIntegratedComponent:63 - No mode defined for component null
2025-07-28 13:15:29,849 [WARN] ModelIntegratedComponent:63 - No mode defined for component null
2025-07-28 13:15:29,849 [WARN] ModelPack:524 - Component already loaded: STMicroelectronics:HAL Drivers:0.0.0:STMicroelectronics:Device:STMicro_Driver:XSPI:HAL::0.0.1:HAL_XSPI
2025-07-28 13:15:30,121 [INFO] ThirdPartyModel:298 - Start build external matchings
2025-07-28 13:15:31,840 [INFO] ThirdPartyModel:316 - End build external matchings
2025-07-28 13:15:31,932 [INFO] ImportTextPane:218 - (OptionalMessage_ERROR) IP (RCC) : Parameter (ADCFreqValue) has invalid value (32000000)
2025-07-28 13:15:31,933 [INFO] ImportTextPane:218 - (OptionalMessage_ERROR) IP (RCC) : Invalid parameter (FamilyName)
2025-07-28 13:15:31,933 [INFO] ImportTextPane:218 - (OptionalMessage_ERROR) IP (RCC) : Parameter (MCOFreq_Value) has invalid value (64000000)
2025-07-28 13:15:31,933 [INFO] ImportTextPane:218 - (OptionalMessage_ERROR) IP (RCC) : Parameter (USBFreq_Value) has invalid value (64000000)
2025-07-28 13:15:32,232 [INFO] UtilMem:75 - End LoadConfig() Used Memory: 818610496 Bytes (1073741824)
2025-07-28 13:15:32,294 [WARN] ThirdParty:833 - waiting for thirdparty lock release [change project]
2025-07-28 13:15:32,294 [INFO] ThirdParty:835 - entering critical section [change project]
2025-07-28 13:15:32,295 [INFO] ThirdParty:1030 - CMSIS Pack Vendor :STMicroelectronics X-CUBE-PM33A1 1.0.0
2025-07-28 13:15:32,295 [INFO] ThirdParty:1030 - CMSIS Pack Vendor :STMicroelectronics USBPD 4.1
2025-07-28 13:15:32,295 [INFO] ThirdParty:1030 - CMSIS Pack Vendor :STMicroelectronics X-CUBE-AZRTOS-H7 3.3.0
2025-07-28 13:15:32,295 [INFO] ThirdParty:1030 - CMSIS Pack Vendor :STMicroelectronics X-CUBE-NFC9 1.0.0
2025-07-28 13:15:32,295 [INFO] ThirdParty:1030 - CMSIS Pack Vendor :STMicroelectronics USB_HOST 2.0.0
2025-07-28 13:15:32,296 [INFO] ThirdParty:1030 - CMSIS Pack Vendor :STMicroelectronics FP-SNS-MOTENVWB1 1.4.0
2025-07-28 13:15:32,296 [INFO] ThirdParty:1030 - CMSIS Pack Vendor :STMicroelectronics X-CUBE-AZRTOS-F4 1.1.0
2025-07-28 13:15:32,296 [INFO] ThirdParty:1030 - CMSIS Pack Vendor :STMicroelectronics LIBJPEG 8.0.0
2025-07-28 13:15:32,296 [INFO] ThirdParty:1030 - CMSIS Pack Vendor :STMicroelectronics FP-ATR-ASTRA1 2.0.2
2025-07-28 13:15:32,296 [INFO] ThirdParty:1030 - CMSIS Pack Vendor :STMicroelectronics X-CUBE-BLE1 7.1.0
2025-07-28 13:15:32,296 [INFO] ThirdParty:1030 - CMSIS Pack Vendor :Avnet-IotConnect X-CUBE-IoTC-DA16k-PMOD 1.0.0
2025-07-28 13:15:32,296 [INFO] ThirdParty:1030 - CMSIS Pack Vendor :STMicroelectronics X-CUBE-SMBUS 2.1.0
2025-07-28 13:15:32,296 [INFO] ThirdParty:1030 - CMSIS Pack Vendor :STMicroelectronics X-CUBE-WB05N 1.1.0
2025-07-28 13:15:32,296 [INFO] ThirdParty:1030 - CMSIS Pack Vendor :wolfSSL I-CUBE-wolfMQTT 1.19.2
2025-07-28 13:15:32,296 [INFO] ThirdParty:1030 - CMSIS Pack Vendor :STMicroelectronics USB_DEVICE 3.0.0
2025-07-28 13:15:32,296 [INFO] ThirdParty:1030 - CMSIS Pack Vendor :STMicroelectronics X-CUBE-ISPU 2.1.0
2025-07-28 13:15:32,297 [INFO] ThirdParty:1030 - CMSIS Pack Vendor :STMicroelectronics X-CUBE-EEPRMA1 5.2.0
2025-07-28 13:15:32,297 [INFO] ThirdParty:1030 - CMSIS Pack Vendor :STMicroelectronics X-CUBE-BLEMGR 4.1.0
2025-07-28 13:15:32,297 [INFO] ThirdParty:1030 - CMSIS Pack Vendor :STMicroelectronics X-CUBE-AZRTOS-WB 2.0.0
2025-07-28 13:15:32,297 [INFO] ThirdParty:1030 - CMSIS Pack Vendor :STMicroelectronics X-CUBE-ST60 1.0.0
2025-07-28 13:15:32,297 [INFO] ThirdParty:1030 - CMSIS Pack Vendor :STMicroelectronics X-CUBE-GNSS1 7.0.1
2025-07-28 13:15:32,297 [INFO] ThirdParty:1030 - CMSIS Pack Vendor :STMicroelectronics X-CUBE-NFC12 1.0.0
2025-07-28 13:15:32,297 [INFO] ThirdParty:1030 - CMSIS Pack Vendor :STMicroelectronics X-CUBE-AZRTOS-F7 1.1.0
2025-07-28 13:15:32,297 [INFO] ThirdParty:1030 - CMSIS Pack Vendor :STMicroelectronics X-CUBE-AZRTOS-L5 2.0.0
2025-07-28 13:15:32,297 [INFO] ThirdParty:1030 - CMSIS Pack Vendor :STMicroelectronics X-CUBE-TOUCHGFX 4.25.0
2025-07-28 13:15:32,298 [INFO] ThirdParty:1030 - CMSIS Pack Vendor :STMicroelectronics USB_DEVICE 2.0.0
2025-07-28 13:15:32,298 [INFO] ThirdParty:1030 - CMSIS Pack Vendor :STMicroelectronics X-CUBE-NFC6 3.1.0
2025-07-28 13:15:32,298 [INFO] ThirdParty:1030 - CMSIS Pack Vendor :STMicroelectronics X-CUBE-AI 10.1.0
2025-07-28 13:15:32,298 [INFO] ThirdParty:1030 - CMSIS Pack Vendor :STMicroelectronics FP-SNS-STBOX1 2.0.0
2025-07-28 13:15:32,298 [INFO] ThirdParty:1030 - CMSIS Pack Vendor :STMicroelectronics X-CUBE-MEMS1 11.2.0
2025-07-28 13:15:32,298 [INFO] ThirdParty:1030 - CMSIS Pack Vendor :STMicroelectronics FreeRTOS 0.0.1
2025-07-28 13:15:32,298 [INFO] ThirdParty:1030 - CMSIS Pack Vendor :STMicroelectronics X-CUBE-AZRTOS-G0 1.1.0
2025-07-28 13:15:32,299 [INFO] ThirdParty:1030 - CMSIS Pack Vendor :STMicroelectronics X-CUBE-SAFEA1 1.2.2
2025-07-28 13:15:32,299 [INFO] ThirdParty:1030 - CMSIS Pack Vendor :STMicroelectronics X-CUBE-NFC4 3.0.0
2025-07-28 13:15:32,299 [INFO] ThirdParty:1030 - CMSIS Pack Vendor :STMicroelectronics X-CUBE-DPower 1.2.0
2025-07-28 13:15:32,300 [INFO] ThirdParty:1030 - CMSIS Pack Vendor :STMicroelectronics X-CUBE-SUBG2 5.0.0
2025-07-28 13:15:32,300 [INFO] ThirdParty:1030 - CMSIS Pack Vendor :STMicroelectronics X-CUBE-AZRTOS-H7RS 1.1.0
2025-07-28 13:15:32,300 [INFO] ThirdParty:1030 - CMSIS Pack Vendor :STMicroelectronics STM32_WPAN 1.0.0
2025-07-28 13:15:32,300 [INFO] ThirdParty:1030 - CMSIS Pack Vendor :EmbeddedOffice I-CUBE-FS-RTOS 1.0.1
2025-07-28 13:15:32,300 [INFO] ThirdParty:1030 - CMSIS Pack Vendor :STMicroelectronics lwIP 2.0.3
2025-07-28 13:15:32,300 [INFO] ThirdParty:1030 - CMSIS Pack Vendor :Cesanta I-CUBE-Mongoose 7.13.0
2025-07-28 13:15:32,301 [INFO] ThirdParty:1030 - CMSIS Pack Vendor :STMicroelectronics USB_HOST 1.0.0
2025-07-28 13:15:32,301 [INFO] ThirdParty:1030 - CMSIS Pack Vendor :Infineon AIROC-Wi-Fi-Bluetooth-STM32 1.7.0
2025-07-28 13:15:32,301 [INFO] ThirdParty:1030 - CMSIS Pack Vendor :STMicroelectronics X-CUBE-AZRTOS-G4 2.0.0
2025-07-28 13:15:32,302 [INFO] ThirdParty:1030 - CMSIS Pack Vendor :STMicroelectronics X-CUBE-WB05N 2.0.0
2025-07-28 13:15:32,302 [INFO] ThirdParty:1030 - CMSIS Pack Vendor :STMicroelectronics PDM2PCM 3.1.0
2025-07-28 13:15:32,302 [INFO] ThirdParty:1030 - CMSIS Pack Vendor :STMicroelectronics PDM2PCM 3.3.0
2025-07-28 13:15:32,302 [INFO] ThirdParty:1030 - CMSIS Pack Vendor :wolfSSL I-CUBE-wolfTPM 3.8.0
2025-07-28 13:15:32,302 [INFO] ThirdParty:1030 - CMSIS Pack Vendor :STMicroelectronics X-CUBE-AZRTOS-H7 3.4.0
2025-07-28 13:15:32,302 [INFO] ThirdParty:1030 - CMSIS Pack Vendor :STMicroelectronics X-CUBE-DISPLAY 3.0.0
2025-07-28 13:15:32,303 [INFO] ThirdParty:1030 - CMSIS Pack Vendor :wolfSSL I-CUBE-wolfSSH 1.4.20
2025-07-28 13:15:32,303 [INFO] ThirdParty:1030 - CMSIS Pack Vendor :STMicroelectronics X-CUBE-NFC7 2.0.0
2025-07-28 13:15:32,303 [INFO] ThirdParty:1030 - CMSIS Pack Vendor :STMicroelectronics X-CUBE-TCPP 4.2.0
2025-07-28 13:15:32,303 [INFO] ThirdParty:1030 - CMSIS Pack Vendor :RealThread X-CUBE-RT-Thread_Nano 4.1.1
2025-07-28 13:15:32,303 [INFO] ThirdParty:1030 - CMSIS Pack Vendor :STMicroelectronics FP-ATR-SIGFOX1 3.2.0
2025-07-28 13:15:32,303 [INFO] ThirdParty:1030 - CMSIS Pack Vendor :STMicroelectronics X-CUBE-NFC10 1.0.0
2025-07-28 13:15:32,303 [INFO] ThirdParty:1030 - CMSIS Pack Vendor :STMicroelectronics X-CUBE-BLEMGR 4.0.0
2025-07-28 13:15:32,303 [INFO] ThirdParty:1030 - CMSIS Pack Vendor :STMicroelectronics X-CUBE-EEPRMA1 5.1.0
2025-07-28 13:15:32,303 [INFO] ThirdParty:1030 - CMSIS Pack Vendor :STMicroelectronics X-CUBE-FREERTOS 1.3.1
2025-07-28 13:15:32,303 [INFO] ThirdParty:1030 - CMSIS Pack Vendor :STMicroelectronics HAL Drivers 0.0.0
2025-07-28 13:15:32,304 [INFO] ThirdParty:1030 - CMSIS Pack Vendor :STMicroelectronics MBEDTLS 2.16.2
2025-07-28 13:15:32,304 [INFO] ThirdParty:1030 - CMSIS Pack Vendor :STMicroelectronics X-CUBE-IPS 3.1.0
2025-07-28 13:15:32,304 [INFO] ThirdParty:1030 - CMSIS Pack Vendor :STMicroelectronics X-CUBE-ALS 1.0.2
2025-07-28 13:15:32,304 [INFO] ThirdParty:1030 - CMSIS Pack Vendor :emotas I-CUBE-CANOPEN 1.3.0
2025-07-28 13:15:32,304 [INFO] ThirdParty:1030 - CMSIS Pack Vendor :STMicroelectronics X-CUBE-FREERTOS 1.3.0
2025-07-28 13:15:32,304 [INFO] ThirdParty:1030 - CMSIS Pack Vendor :STMicroelectronics X-CUBE-NFC7 1.0.1
2025-07-28 13:15:32,304 [INFO] ThirdParty:1030 - CMSIS Pack Vendor :STMicroelectronics MBEDTLS 2.14.1
2025-07-28 13:15:32,304 [INFO] ThirdParty:1030 - CMSIS Pack Vendor :wolfSSL I-CUBE-wolfSSL 5.7.6
2025-07-28 13:15:32,304 [INFO] ThirdParty:1030 - CMSIS Pack Vendor :ITTIA_DB I-CUBE-ITTIADB 8.9.0
2025-07-28 13:15:32,304 [INFO] ThirdParty:1030 - CMSIS Pack Vendor :portGmbH I-Cube-SoM-uGOAL 1.1.0
2025-07-28 13:15:32,305 [INFO] ThirdParty:1030 - CMSIS Pack Vendor :quantropi X-CUBE-qispace-sdk-base 2.0.0
2025-07-28 13:15:32,305 [INFO] ThirdParty:1030 - CMSIS Pack Vendor :STMicroelectronics X-CUBE-AI 10.0.0
2025-07-28 13:15:32,305 [INFO] ThirdParty:1030 - CMSIS Pack Vendor :STMicroelectronics X-CUBE-ST67W61 1.0.0
2025-07-28 13:15:32,305 [INFO] ThirdParty:1030 - CMSIS Pack Vendor :STMicroelectronics FP-SNS-STAIOTCFT 1.0.0
2025-07-28 13:15:32,305 [INFO] ThirdParty:1030 - CMSIS Pack Vendor :STMicroelectronics ThreadX 1.0.0
2025-07-28 13:15:32,305 [INFO] ThirdParty:1030 - CMSIS Pack Vendor :STMicroelectronics FP-SNS-SMARTAG2 1.2.0
2025-07-28 13:15:32,305 [INFO] ThirdParty:1030 - CMSIS Pack Vendor :STMicroelectronics FP-SNS-FLIGHT1 5.1.0
2025-07-28 13:15:32,306 [INFO] ThirdParty:1030 - CMSIS Pack Vendor :STMicroelectronics X-CUBE-MEMS1 11.1.0
2025-07-28 13:15:32,306 [INFO] ThirdParty:1030 - CMSIS Pack Vendor :STMicroelectronics X-CUBE-AZRTOS-WL 2.0.0
2025-07-28 13:15:32,306 [INFO] ThirdParty:1030 - CMSIS Pack Vendor :SEGGER I-CUBE-embOS 1.3.1
2025-07-28 13:15:32,306 [INFO] ThirdParty:1030 - CMSIS Pack Vendor :STMicroelectronics X-CUBE-ALGOBUILD 1.4.0
2025-07-28 13:15:32,311 [INFO] ThirdParty:1030 - CMSIS Pack Vendor :STMicroelectronics X-CUBE-DPower 1.3.0
2025-07-28 13:15:32,311 [INFO] ThirdParty:1030 - CMSIS Pack Vendor :STMicroelectronics X-CUBE-MEMS1 11.3.0
2025-07-28 13:15:32,312 [INFO] ThirdParty:1030 - CMSIS Pack Vendor :STMicroelectronics FP-SNS-MOTENV1 5.0.0
2025-07-28 13:15:32,312 [INFO] ThirdParty:1030 - CMSIS Pack Vendor :STMicroelectronics USB_DEVICE 1.0.0
2025-07-28 13:15:32,312 [INFO] ThirdParty:1030 - CMSIS Pack Vendor :STMicroelectronics X-CUBE-AZRTOS-L4 2.0.0
2025-07-28 13:15:32,312 [INFO] ThirdParty:1030 - CMSIS Pack Vendor :STMicroelectronics ThreadX 0.0.2
2025-07-28 13:15:32,313 [INFO] ThirdParty:1030 - CMSIS Pack Vendor :WES I-CUBE-Cesium 1.3.0
2025-07-28 13:15:32,313 [INFO] ThirdParty:1030 - CMSIS Pack Vendor :STMicroelectronics lwIP 2.1.2
2025-07-28 13:15:32,313 [INFO] ThirdParty:1030 - CMSIS Pack Vendor :STMicroelectronics X-CUBE-SFXS2LP1 4.0.0
2025-07-28 13:15:32,313 [INFO] ThirdParty:1030 - CMSIS Pack Vendor :STMicroelectronics X-CUBE-BLE2 3.3.0
2025-07-28 13:15:32,313 [INFO] ThirdParty:1030 - CMSIS Pack Vendor :STMicroelectronics X-CUBE-TOF1 3.4.2
2025-07-28 13:15:32,313 [INFO] ThirdParty:1030 - CMSIS Pack Vendor :STMicroelectronics X-CUBE-TOF1 3.4.3
2025-07-28 13:15:32,313 [INFO] ThirdParty:1030 - CMSIS Pack Vendor :STMicroelectronics PDM2PCM 3.2.0
2025-07-28 13:15:32,313 [INFO] ThirdParty:841 - exiting critical section [change project]
2025-07-28 13:15:32,484 [INFO] PinOutPanel:1589 - setPackage(No Configuration,No Configuration)
2025-07-28 13:15:32,485 [INFO] PinOutPanel:1589 - setPackage(STM32F103RBTx,LQFP64)
2025-07-28 13:15:33,199 [INFO] UtilMem:75 - Before build in PCC Used Memory: 732906320 Bytes (1073741824)
2025-07-28 13:15:34,103 [INFO] UtilMem:75 - After build in PCC Used Memory: 775897936 Bytes (1073741824)
2025-07-28 13:15:34,143 [INFO] IPUIPlugin:80 - create IPUIPlugin
2025-07-28 13:15:34,144 [INFO] IPUIPlugin:80 - create IPUIPlugin
2025-07-28 13:15:34,144 [INFO] IPUIPlugin:80 - create IPUIPlugin
2025-07-28 13:15:34,147 [INFO] IPUIPlugin:80 - create IPUIPlugin
2025-07-28 13:15:34,147 [INFO] IPUIPlugin:80 - create IPUIPlugin
2025-07-28 13:15:34,148 [INFO] IPUIPlugin:80 - create IPUIPlugin
2025-07-28 13:15:34,148 [INFO] IPUIPlugin:80 - create IPUIPlugin
2025-07-28 13:15:34,148 [INFO] IPUIPlugin:80 - create IPUIPlugin
2025-07-28 13:15:34,149 [INFO] IPUIPlugin:80 - create IPUIPlugin
2025-07-28 13:15:34,149 [INFO] IPUIPlugin:80 - create IPUIPlugin
2025-07-28 13:15:34,149 [INFO] IPUIPlugin:80 - create IPUIPlugin
2025-07-28 13:15:34,150 [INFO] IPUIPlugin:80 - create IPUIPlugin
2025-07-28 13:15:34,151 [INFO] IPUIPlugin:80 - create IPUIPlugin
2025-07-28 13:15:34,152 [INFO] IPUIPlugin:80 - create IPUIPlugin
2025-07-28 13:15:34,153 [INFO] IPUIPlugin:80 - create IPUIPlugin
2025-07-28 13:15:34,153 [INFO] IPUIPlugin:80 - create IPUIPlugin
2025-07-28 13:15:34,153 [INFO] IPUIPlugin:80 - create IPUIPlugin
2025-07-28 13:15:34,154 [INFO] IPUIPlugin:80 - create IPUIPlugin
2025-07-28 13:15:34,154 [INFO] IPUIPlugin:80 - create IPUIPlugin
2025-07-28 13:15:34,155 [INFO] IPUIPlugin:80 - create IPUIPlugin
2025-07-28 13:15:34,155 [INFO] IPUIPlugin:80 - create IPUIPlugin
2025-07-28 13:15:34,156 [INFO] IPUIPlugin:80 - create IPUIPlugin
2025-07-28 13:15:34,160 [INFO] IPUIPlugin:80 - create IPUIPlugin
2025-07-28 13:15:34,161 [INFO] IPUIPlugin:80 - create IPUIPlugin
2025-07-28 13:15:34,162 [INFO] IPUIPlugin:80 - create IPUIPlugin
2025-07-28 13:15:34,163 [INFO] IPUIPlugin:80 - create IPUIPlugin
2025-07-28 13:15:34,163 [INFO] IPUIPlugin:80 - create IPUIPlugin
2025-07-28 13:15:34,336 [INFO] CADModel:165 - CPN selected for project levelSTM32F103RBT6
2025-07-28 13:15:34,336 [INFO] CADModel:114 - Register for checkConnection events
2025-07-28 13:15:34,419 [INFO] OpenFileManager:363 - Restore cursor
2025-07-28 13:15:38,906 [INFO] NvicIntPanel:101 - NVIC parent = com.st.microxplorer.plugins.ip.nvic.MultiNvicIntPanel[,0,0,0x0,invalid,layout=javax.swing.BoxLayout,alignmentX=0.0,alignmentY=0.0,border=,flags=9,maximumSize=,minimumSize=,preferredSize=]
2025-07-28 13:16:02,668 [INFO] MainUpdater:2872 - connection check result : 10
2025-07-28 13:16:02,669 [INFO] MainUpdater:2872 - connection check result : 10
2025-07-28 13:16:03,146 [INFO] MicroXplorer:468 - Change Database Path : 
2025-07-28 13:16:03,147 [INFO] MicroXplorer:498 - Change Database Version : DB.6.0.130
2025-07-28 13:16:03,157 [ERROR] ProjectManagerView:394 - 
java.lang.NullPointerException: Cannot invoke "javax.swing.JTextField.getText()" because the return value of "java.util.List.get(int)" is null
	at com.st.microxplorer.plugins.projectmanager.gui.ProjectChoiceTab$9.caretUpdate(ProjectChoiceTab.java:2616) ~[filemanager.jar:?]
	at javax.swing.text.JTextComponent.fireCaretUpdate(JTextComponent.java:408) ~[?:?]
	at javax.swing.text.JTextComponent$MutableCaretEvent.fire(JTextComponent.java:4484) ~[?:?]
	at javax.swing.text.JTextComponent$MutableCaretEvent.stateChanged(JTextComponent.java:4506) ~[?:?]
	at javax.swing.text.DefaultCaret.fireStateChanged(DefaultCaret.java:857) ~[?:?]
	at javax.swing.text.DefaultCaret.changeCaretPosition(DefaultCaret.java:1343) ~[?:?]
	at javax.swing.text.DefaultCaret.handleSetDot(DefaultCaret.java:1242) ~[?:?]
	at javax.swing.text.DefaultCaret.setDot(DefaultCaret.java:1223) ~[?:?]
	at javax.swing.text.DefaultCaret$Handler.insertUpdate(DefaultCaret.java:1819) ~[?:?]
	at javax.swing.text.AbstractDocument.fireInsertUpdate(AbstractDocument.java:227) ~[?:?]
	at javax.swing.text.AbstractDocument.handleInsertString(AbstractDocument.java:781) ~[?:?]
	at javax.swing.text.AbstractDocument.insertString(AbstractDocument.java:740) ~[?:?]
	at javax.swing.text.PlainDocument.insertString(PlainDocument.java:131) ~[?:?]
	at javax.swing.text.AbstractDocument.replace(AbstractDocument.java:699) ~[?:?]
	at javax.swing.text.JTextComponent.setText(JTextComponent.java:1725) ~[?:?]
	at com.st.microxplorer.plugins.projectmanager.gui.ProjectChoiceTab.createHeapStackFields(ProjectChoiceTab.java:975) ~[filemanager.jar:?]
	at com.st.microxplorer.plugins.projectmanager.gui.ProjectChoiceTab.buildLinkSettingsPanel(ProjectChoiceTab.java:3666) ~[filemanager.jar:?]
	at com.st.microxplorer.plugins.projectmanager.gui.ProjectChoiceTab.defineWindowsFields(ProjectChoiceTab.java:1934) ~[filemanager.jar:?]
	at com.st.microxplorer.plugins.projectmanager.gui.ProjectChoiceTab.updateSettings(ProjectChoiceTab.java:553) ~[filemanager.jar:?]
	at com.st.microxplorer.plugins.projectmanager.gui.ProjectSettingsPanel.UpdateDialog(ProjectSettingsPanel.java:245) ~[filemanager.jar:?]
	at com.st.microxplorer.plugins.projectmanager.ProjectManagerView.propertyChange(ProjectManagerView.java:391) ~[filemanager.jar:?]
	at java.beans.PropertyChangeSupport.fire(PropertyChangeSupport.java:343) ~[?:?]
	at java.beans.PropertyChangeSupport.firePropertyChange(PropertyChangeSupport.java:335) ~[?:?]
	at java.beans.PropertyChangeSupport.firePropertyChange(PropertyChangeSupport.java:268) ~[?:?]
	at com.st.microxplorer.util.MXPropertyChangeSupport.firePropertyChange(MXPropertyChangeSupport.java:54) ~[STM32CubeMX.jar:?]
	at com.st.microxplorer.mxsystem.MxSystem.closeConfig(MxSystem.java:899) ~[STM32CubeMX.jar:?]
	at com.st.microxplorer.maingui.MainPanel.closeConfig(MainPanel.java:789) ~[STM32CubeMX.jar:?]
	at com.st.microxplorer.plugins.filemanager.engine.OpenFileManager.loadConfigurationFile(OpenFileManager.java:265) ~[filemanager.jar:?]
	at com.st.microxplorer.plugins.filemanager.engine.MainFileManager.userLoadConfig(MainFileManager.java:340) ~[filemanager.jar:?]
	at com.st.microxplorer.plugins.filemanager.engine.MainFileManager.userLoadConfig(MainFileManager.java:318) ~[filemanager.jar:?]
	at com.st.microxplorer.plugins.filemanager.FileManagerView.getSpecificTask(FileManagerView.java:246) ~[filemanager.jar:?]
	at com.st.stm32cube.common.mx.editor.CubeMxEditor.getMxTabbedPaneInstance(CubeMxEditor.java:1198) ~[com.st.stm32cube.common.mx_6.13.0.202411220809/:?]
	at com.st.stm32cube.common.mx.editor.CubeMxEditor$12$1.createSwingComponent(CubeMxEditor.java:1068) ~[com.st.stm32cube.common.mx_6.13.0.202411220809/:?]
	at com.st.stm32cube.common.mx.oss.core.awtswtbridge.EmbeddedSwingComposite.doComponentCreation(EmbeddedSwingComposite.java:492) ~[com.st.stm32cube.common.mx.oss_6.13.0.202411220809/:?]
	at com.st.stm32cube.common.mx.oss.core.awtswtbridge.EmbeddedSwingComposite$4.run(EmbeddedSwingComposite.java:291) ~[com.st.stm32cube.common.mx.oss_6.13.0.202411220809/:?]
	at com.st.stm32cube.common.mx.oss.core.awtswtbridge.AwtEnvironment$2.run(AwtEnvironment.java:166) ~[com.st.stm32cube.common.mx.oss_6.13.0.202411220809/:?]
	at java.awt.event.InvocationEvent.dispatch(InvocationEvent.java:318) ~[?:?]
	at java.awt.EventQueue.dispatchEventImpl(EventQueue.java:773) ~[?:?]
	at java.awt.EventQueue$4.run(EventQueue.java:720) ~[?:?]
	at java.awt.EventQueue$4.run(EventQueue.java:714) ~[?:?]
	at java.security.AccessController.doPrivileged(AccessController.java:400) ~[?:?]
	at java.security.ProtectionDomain$JavaSecurityAccessImpl.doIntersectionPrivilege(ProtectionDomain.java:87) ~[?:?]
	at java.awt.EventQueue.dispatchEvent(EventQueue.java:742) ~[?:?]
	at java.awt.EventDispatchThread.pumpOneEventForFilters(EventDispatchThread.java:203) ~[?:?]
	at java.awt.EventDispatchThread.pumpEventsForFilter(EventDispatchThread.java:124) ~[?:?]
	at java.awt.EventDispatchThread.pumpEventsForHierarchy(EventDispatchThread.java:113) ~[?:?]
	at java.awt.EventDispatchThread.pumpEvents(EventDispatchThread.java:109) ~[?:?]
	at java.awt.EventDispatchThread.pumpEvents(EventDispatchThread.java:101) ~[?:?]
	at java.awt.EventDispatchThread.run(EventDispatchThread.java:90) ~[?:?]
2025-07-28 13:16:03,159 [WARN] ThirdParty:871 - waiting for thirdparty lock release [close project]
2025-07-28 13:16:03,159 [INFO] ThirdParty:873 - entering critical section [close project]
2025-07-28 13:16:03,159 [INFO] ThirdParty:883 - exiting critical section [close project]
2025-07-28 13:16:03,161 [INFO] PinOutPanel:1589 - setPackage(No Configuration,No Configuration)
2025-07-28 13:16:03,164 [INFO] UtilMem:75 - Begin LoadConfig() Used Memory: 953629520 Bytes (1073741824)
2025-07-28 13:16:03,165 [INFO] MicroXplorer:468 - Change Database Path : 
2025-07-28 13:16:03,165 [INFO] MicroXplorer:498 - Change Database Version : DB.6.0.130
2025-07-28 13:16:03,166 [INFO] OpenFileManager:332 - Change cursor
2025-07-28 13:16:03,176 [INFO] Mcu:2035 - Initializing MCU STM32F103R(8-B)Tx STM32F103RBTx STM32F103RBT6
2025-07-28 13:16:03,977 [INFO] Context:748 - Trying to add GPIOservice into a context  which must be forbidden
2025-07-28 13:16:04,320 [INFO] RtosManager:555 - Registered RTOS mode: class=CMSIS, group=RTOS, mode=CMSIS_V1, owner=FREERTOS
2025-07-28 13:16:04,321 [INFO] RtosManager:555 - Registered RTOS mode: class=CMSIS, group=RTOS2, mode=CMSIS_V2, owner=FREERTOS
2025-07-28 13:16:04,321 [INFO] RtosManager:555 - Registered RTOS mode: class=RTOS, group=Core, mode=CMSIS_V1, owner=FREERTOS
2025-07-28 13:16:04,321 [INFO] RtosManager:555 - Registered RTOS mode: class=RTOS, group=Core, mode=CMSIS_V2, owner=FREERTOS
2025-07-28 13:16:04,321 [WARN] ModelIntegratedComponent:184 - Missing modes for component STMicroelectronics:FreeRTOS:0.0.1:STMicroelectronics:RTOS:FreeRTOS:Core:::10.2.0:
2025-07-28 13:16:04,335 [WARN] ModelIntegratedComponent:63 - No mode defined for component null
2025-07-28 13:16:04,336 [WARN] ModelIntegratedComponent:63 - No mode defined for component null
2025-07-28 13:16:04,336 [WARN] ModelIntegratedComponent:63 - No mode defined for component null
2025-07-28 13:16:04,336 [WARN] ModelIntegratedComponent:63 - No mode defined for component null
2025-07-28 13:16:04,336 [WARN] ModelIntegratedComponent:63 - No mode defined for component null
2025-07-28 13:16:04,336 [WARN] ModelIntegratedComponent:63 - No mode defined for component null
2025-07-28 13:16:04,336 [WARN] ModelIntegratedComponent:63 - No mode defined for component null
2025-07-28 13:16:04,336 [WARN] ModelIntegratedComponent:63 - No mode defined for component null
2025-07-28 13:16:04,336 [WARN] ModelIntegratedComponent:63 - No mode defined for component null
2025-07-28 13:16:04,336 [WARN] ModelIntegratedComponent:63 - No mode defined for component null
2025-07-28 13:16:04,336 [WARN] ModelIntegratedComponent:63 - No mode defined for component null
2025-07-28 13:16:04,337 [WARN] ModelIntegratedComponent:63 - No mode defined for component null
2025-07-28 13:16:04,337 [WARN] ModelIntegratedComponent:63 - No mode defined for component null
2025-07-28 13:16:04,337 [WARN] ModelIntegratedComponent:63 - No mode defined for component null
2025-07-28 13:16:04,337 [WARN] ModelIntegratedComponent:63 - No mode defined for component null
2025-07-28 13:16:04,337 [WARN] ModelIntegratedComponent:63 - No mode defined for component null
2025-07-28 13:16:04,337 [WARN] ModelIntegratedComponent:63 - No mode defined for component null
2025-07-28 13:16:04,337 [WARN] ModelIntegratedComponent:63 - No mode defined for component null
2025-07-28 13:16:04,337 [WARN] ModelIntegratedComponent:63 - No mode defined for component null
2025-07-28 13:16:04,337 [WARN] ModelIntegratedComponent:63 - No mode defined for component null
2025-07-28 13:16:04,338 [WARN] ModelIntegratedComponent:63 - No mode defined for component null
2025-07-28 13:16:04,338 [WARN] ModelIntegratedComponent:63 - No mode defined for component null
2025-07-28 13:16:04,338 [WARN] ModelIntegratedComponent:63 - No mode defined for component null
2025-07-28 13:16:04,338 [WARN] ModelIntegratedComponent:63 - No mode defined for component null
2025-07-28 13:16:04,338 [WARN] ModelIntegratedComponent:63 - No mode defined for component null
2025-07-28 13:16:04,338 [WARN] ModelIntegratedComponent:63 - No mode defined for component null
2025-07-28 13:16:04,338 [WARN] ModelIntegratedComponent:63 - No mode defined for component null
2025-07-28 13:16:04,338 [WARN] ModelIntegratedComponent:63 - No mode defined for component null
2025-07-28 13:16:04,338 [WARN] ModelIntegratedComponent:63 - No mode defined for component null
2025-07-28 13:16:04,338 [WARN] ModelIntegratedComponent:63 - No mode defined for component null
2025-07-28 13:16:04,339 [WARN] ModelIntegratedComponent:63 - No mode defined for component null
2025-07-28 13:16:04,339 [WARN] ModelIntegratedComponent:63 - No mode defined for component null
2025-07-28 13:16:04,339 [WARN] ModelIntegratedComponent:63 - No mode defined for component null
2025-07-28 13:16:04,339 [WARN] ModelIntegratedComponent:63 - No mode defined for component null
2025-07-28 13:16:04,339 [WARN] ModelIntegratedComponent:63 - No mode defined for component null
2025-07-28 13:16:04,339 [WARN] ModelPack:524 - Component already loaded: STMicroelectronics:HAL Drivers:0.0.0:STMicroelectronics:Device:STMicro_Driver:XSPI:HAL::0.0.1:HAL_XSPI
2025-07-28 13:16:04,534 [INFO] ThirdPartyModel:298 - Start build external matchings
2025-07-28 13:16:05,782 [INFO] ThirdPartyModel:316 - End build external matchings
2025-07-28 13:16:05,811 [INFO] ImportTextPane:218 - (OptionalMessage_ERROR) IP (RCC) : Parameter (ADCFreqValue) has invalid value (32000000)
2025-07-28 13:16:05,812 [INFO] ImportTextPane:218 - (OptionalMessage_ERROR) IP (RCC) : Invalid parameter (FamilyName)
2025-07-28 13:16:05,812 [INFO] ImportTextPane:218 - (OptionalMessage_ERROR) IP (RCC) : Parameter (MCOFreq_Value) has invalid value (64000000)
2025-07-28 13:16:05,812 [INFO] ImportTextPane:218 - (OptionalMessage_ERROR) IP (RCC) : Parameter (USBFreq_Value) has invalid value (64000000)
2025-07-28 13:16:06,069 [INFO] UtilMem:75 - End LoadConfig() Used Memory: 877622048 Bytes (1073741824)
2025-07-28 13:16:06,130 [WARN] ThirdParty:833 - waiting for thirdparty lock release [change project]
2025-07-28 13:16:06,131 [INFO] ThirdParty:835 - entering critical section [change project]
2025-07-28 13:16:06,131 [INFO] ThirdParty:1030 - CMSIS Pack Vendor :STMicroelectronics X-CUBE-PM33A1 1.0.0
2025-07-28 13:16:06,131 [INFO] ThirdParty:1030 - CMSIS Pack Vendor :STMicroelectronics USBPD 4.1
2025-07-28 13:16:06,131 [INFO] ThirdParty:1030 - CMSIS Pack Vendor :STMicroelectronics X-CUBE-AZRTOS-H7 3.3.0
2025-07-28 13:16:06,131 [INFO] ThirdParty:1030 - CMSIS Pack Vendor :STMicroelectronics X-CUBE-NFC9 1.0.0
2025-07-28 13:16:06,131 [INFO] ThirdParty:1030 - CMSIS Pack Vendor :STMicroelectronics USB_HOST 2.0.0
2025-07-28 13:16:06,131 [INFO] ThirdParty:1030 - CMSIS Pack Vendor :STMicroelectronics FP-SNS-MOTENVWB1 1.4.0
2025-07-28 13:16:06,131 [INFO] ThirdParty:1030 - CMSIS Pack Vendor :STMicroelectronics X-CUBE-AZRTOS-F4 1.1.0
2025-07-28 13:16:06,131 [INFO] ThirdParty:1030 - CMSIS Pack Vendor :STMicroelectronics LIBJPEG 8.0.0
2025-07-28 13:16:06,131 [INFO] ThirdParty:1030 - CMSIS Pack Vendor :STMicroelectronics FP-ATR-ASTRA1 2.0.2
2025-07-28 13:16:06,132 [INFO] ThirdParty:1030 - CMSIS Pack Vendor :STMicroelectronics X-CUBE-BLE1 7.1.0
2025-07-28 13:16:06,132 [INFO] ThirdParty:1030 - CMSIS Pack Vendor :Avnet-IotConnect X-CUBE-IoTC-DA16k-PMOD 1.0.0
2025-07-28 13:16:06,132 [INFO] ThirdParty:1030 - CMSIS Pack Vendor :STMicroelectronics X-CUBE-SMBUS 2.1.0
2025-07-28 13:16:06,132 [INFO] ThirdParty:1030 - CMSIS Pack Vendor :STMicroelectronics X-CUBE-WB05N 1.1.0
2025-07-28 13:16:06,132 [INFO] ThirdParty:1030 - CMSIS Pack Vendor :wolfSSL I-CUBE-wolfMQTT 1.19.2
2025-07-28 13:16:06,132 [INFO] ThirdParty:1030 - CMSIS Pack Vendor :STMicroelectronics USB_DEVICE 3.0.0
2025-07-28 13:16:06,132 [INFO] ThirdParty:1030 - CMSIS Pack Vendor :STMicroelectronics X-CUBE-ISPU 2.1.0
2025-07-28 13:16:06,132 [INFO] ThirdParty:1030 - CMSIS Pack Vendor :STMicroelectronics X-CUBE-EEPRMA1 5.2.0
2025-07-28 13:16:06,132 [INFO] ThirdParty:1030 - CMSIS Pack Vendor :STMicroelectronics X-CUBE-BLEMGR 4.1.0
2025-07-28 13:16:06,132 [INFO] ThirdParty:1030 - CMSIS Pack Vendor :STMicroelectronics X-CUBE-AZRTOS-WB 2.0.0
2025-07-28 13:16:06,133 [INFO] ThirdParty:1030 - CMSIS Pack Vendor :STMicroelectronics X-CUBE-ST60 1.0.0
2025-07-28 13:16:06,133 [INFO] ThirdParty:1030 - CMSIS Pack Vendor :STMicroelectronics X-CUBE-GNSS1 7.0.1
2025-07-28 13:16:06,133 [INFO] ThirdParty:1030 - CMSIS Pack Vendor :STMicroelectronics X-CUBE-NFC12 1.0.0
2025-07-28 13:16:06,133 [INFO] ThirdParty:1030 - CMSIS Pack Vendor :STMicroelectronics X-CUBE-AZRTOS-F7 1.1.0
2025-07-28 13:16:06,133 [INFO] ThirdParty:1030 - CMSIS Pack Vendor :STMicroelectronics X-CUBE-AZRTOS-L5 2.0.0
2025-07-28 13:16:06,133 [INFO] ThirdParty:1030 - CMSIS Pack Vendor :STMicroelectronics X-CUBE-TOUCHGFX 4.25.0
2025-07-28 13:16:06,133 [INFO] ThirdParty:1030 - CMSIS Pack Vendor :STMicroelectronics USB_DEVICE 2.0.0
2025-07-28 13:16:06,133 [INFO] ThirdParty:1030 - CMSIS Pack Vendor :STMicroelectronics X-CUBE-NFC6 3.1.0
2025-07-28 13:16:06,133 [INFO] ThirdParty:1030 - CMSIS Pack Vendor :STMicroelectronics X-CUBE-AI 10.1.0
2025-07-28 13:16:06,133 [INFO] ThirdParty:1030 - CMSIS Pack Vendor :STMicroelectronics FP-SNS-STBOX1 2.0.0
2025-07-28 13:16:06,133 [INFO] ThirdParty:1030 - CMSIS Pack Vendor :STMicroelectronics X-CUBE-MEMS1 11.2.0
2025-07-28 13:16:06,134 [INFO] ThirdParty:1030 - CMSIS Pack Vendor :STMicroelectronics FreeRTOS 0.0.1
2025-07-28 13:16:06,134 [INFO] ThirdParty:1030 - CMSIS Pack Vendor :STMicroelectronics X-CUBE-AZRTOS-G0 1.1.0
2025-07-28 13:16:06,134 [INFO] ThirdParty:1030 - CMSIS Pack Vendor :STMicroelectronics X-CUBE-SAFEA1 1.2.2
2025-07-28 13:16:06,134 [INFO] ThirdParty:1030 - CMSIS Pack Vendor :STMicroelectronics X-CUBE-NFC4 3.0.0
2025-07-28 13:16:06,134 [INFO] ThirdParty:1030 - CMSIS Pack Vendor :STMicroelectronics X-CUBE-DPower 1.2.0
2025-07-28 13:16:06,134 [INFO] ThirdParty:1030 - CMSIS Pack Vendor :STMicroelectronics X-CUBE-SUBG2 5.0.0
2025-07-28 13:16:06,134 [INFO] ThirdParty:1030 - CMSIS Pack Vendor :STMicroelectronics X-CUBE-AZRTOS-H7RS 1.1.0
2025-07-28 13:16:06,134 [INFO] ThirdParty:1030 - CMSIS Pack Vendor :STMicroelectronics STM32_WPAN 1.0.0
2025-07-28 13:16:06,134 [INFO] ThirdParty:1030 - CMSIS Pack Vendor :EmbeddedOffice I-CUBE-FS-RTOS 1.0.1
2025-07-28 13:16:06,134 [INFO] ThirdParty:1030 - CMSIS Pack Vendor :STMicroelectronics lwIP 2.0.3
2025-07-28 13:16:06,134 [INFO] ThirdParty:1030 - CMSIS Pack Vendor :Cesanta I-CUBE-Mongoose 7.13.0
2025-07-28 13:16:06,134 [INFO] ThirdParty:1030 - CMSIS Pack Vendor :STMicroelectronics USB_HOST 1.0.0
2025-07-28 13:16:06,134 [INFO] ThirdParty:1030 - CMSIS Pack Vendor :Infineon AIROC-Wi-Fi-Bluetooth-STM32 1.7.0
2025-07-28 13:16:06,135 [INFO] ThirdParty:1030 - CMSIS Pack Vendor :STMicroelectronics X-CUBE-AZRTOS-G4 2.0.0
2025-07-28 13:16:06,135 [INFO] ThirdParty:1030 - CMSIS Pack Vendor :STMicroelectronics X-CUBE-WB05N 2.0.0
2025-07-28 13:16:06,136 [INFO] ThirdParty:1030 - CMSIS Pack Vendor :STMicroelectronics PDM2PCM 3.1.0
2025-07-28 13:16:06,136 [INFO] ThirdParty:1030 - CMSIS Pack Vendor :STMicroelectronics PDM2PCM 3.3.0
2025-07-28 13:16:06,136 [INFO] ThirdParty:1030 - CMSIS Pack Vendor :wolfSSL I-CUBE-wolfTPM 3.8.0
2025-07-28 13:16:06,136 [INFO] ThirdParty:1030 - CMSIS Pack Vendor :STMicroelectronics X-CUBE-AZRTOS-H7 3.4.0
2025-07-28 13:16:06,136 [INFO] ThirdParty:1030 - CMSIS Pack Vendor :STMicroelectronics X-CUBE-DISPLAY 3.0.0
2025-07-28 13:16:06,136 [INFO] ThirdParty:1030 - CMSIS Pack Vendor :wolfSSL I-CUBE-wolfSSH 1.4.20
2025-07-28 13:16:06,136 [INFO] ThirdParty:1030 - CMSIS Pack Vendor :STMicroelectronics X-CUBE-NFC7 2.0.0
2025-07-28 13:16:06,137 [INFO] ThirdParty:1030 - CMSIS Pack Vendor :STMicroelectronics X-CUBE-TCPP 4.2.0
2025-07-28 13:16:06,137 [INFO] ThirdParty:1030 - CMSIS Pack Vendor :RealThread X-CUBE-RT-Thread_Nano 4.1.1
2025-07-28 13:16:06,138 [INFO] ThirdParty:1030 - CMSIS Pack Vendor :STMicroelectronics FP-ATR-SIGFOX1 3.2.0
2025-07-28 13:16:06,138 [INFO] ThirdParty:1030 - CMSIS Pack Vendor :STMicroelectronics X-CUBE-NFC10 1.0.0
2025-07-28 13:16:06,138 [INFO] ThirdParty:1030 - CMSIS Pack Vendor :STMicroelectronics X-CUBE-BLEMGR 4.0.0
2025-07-28 13:16:06,138 [INFO] ThirdParty:1030 - CMSIS Pack Vendor :STMicroelectronics X-CUBE-EEPRMA1 5.1.0
2025-07-28 13:16:06,138 [INFO] ThirdParty:1030 - CMSIS Pack Vendor :STMicroelectronics X-CUBE-FREERTOS 1.3.1
2025-07-28 13:16:06,138 [INFO] ThirdParty:1030 - CMSIS Pack Vendor :STMicroelectronics HAL Drivers 0.0.0
2025-07-28 13:16:06,139 [INFO] ThirdParty:1030 - CMSIS Pack Vendor :STMicroelectronics MBEDTLS 2.16.2
2025-07-28 13:16:06,139 [INFO] ThirdParty:1030 - CMSIS Pack Vendor :STMicroelectronics X-CUBE-IPS 3.1.0
2025-07-28 13:16:06,139 [INFO] ThirdParty:1030 - CMSIS Pack Vendor :STMicroelectronics X-CUBE-ALS 1.0.2
2025-07-28 13:16:06,139 [INFO] ThirdParty:1030 - CMSIS Pack Vendor :emotas I-CUBE-CANOPEN 1.3.0
2025-07-28 13:16:06,139 [INFO] ThirdParty:1030 - CMSIS Pack Vendor :STMicroelectronics X-CUBE-FREERTOS 1.3.0
2025-07-28 13:16:06,139 [INFO] ThirdParty:1030 - CMSIS Pack Vendor :STMicroelectronics X-CUBE-NFC7 1.0.1
2025-07-28 13:16:06,139 [INFO] ThirdParty:1030 - CMSIS Pack Vendor :STMicroelectronics MBEDTLS 2.14.1
2025-07-28 13:16:06,139 [INFO] ThirdParty:1030 - CMSIS Pack Vendor :wolfSSL I-CUBE-wolfSSL 5.7.6
2025-07-28 13:16:06,139 [INFO] ThirdParty:1030 - CMSIS Pack Vendor :ITTIA_DB I-CUBE-ITTIADB 8.9.0
2025-07-28 13:16:06,139 [INFO] ThirdParty:1030 - CMSIS Pack Vendor :portGmbH I-Cube-SoM-uGOAL 1.1.0
2025-07-28 13:16:06,139 [INFO] ThirdParty:1030 - CMSIS Pack Vendor :quantropi X-CUBE-qispace-sdk-base 2.0.0
2025-07-28 13:16:06,140 [INFO] ThirdParty:1030 - CMSIS Pack Vendor :STMicroelectronics X-CUBE-AI 10.0.0
2025-07-28 13:16:06,144 [INFO] ThirdParty:1030 - CMSIS Pack Vendor :STMicroelectronics X-CUBE-ST67W61 1.0.0
2025-07-28 13:16:06,144 [INFO] ThirdParty:1030 - CMSIS Pack Vendor :STMicroelectronics FP-SNS-STAIOTCFT 1.0.0
2025-07-28 13:16:06,144 [INFO] ThirdParty:1030 - CMSIS Pack Vendor :STMicroelectronics ThreadX 1.0.0
2025-07-28 13:16:06,144 [INFO] ThirdParty:1030 - CMSIS Pack Vendor :STMicroelectronics FP-SNS-SMARTAG2 1.2.0
2025-07-28 13:16:06,144 [INFO] ThirdParty:1030 - CMSIS Pack Vendor :STMicroelectronics FP-SNS-FLIGHT1 5.1.0
2025-07-28 13:16:06,144 [INFO] ThirdParty:1030 - CMSIS Pack Vendor :STMicroelectronics X-CUBE-MEMS1 11.1.0
2025-07-28 13:16:06,145 [INFO] ThirdParty:1030 - CMSIS Pack Vendor :STMicroelectronics X-CUBE-AZRTOS-WL 2.0.0
2025-07-28 13:16:06,145 [INFO] ThirdParty:1030 - CMSIS Pack Vendor :SEGGER I-CUBE-embOS 1.3.1
2025-07-28 13:16:06,145 [INFO] ThirdParty:1030 - CMSIS Pack Vendor :STMicroelectronics X-CUBE-ALGOBUILD 1.4.0
2025-07-28 13:16:06,145 [INFO] ThirdParty:1030 - CMSIS Pack Vendor :STMicroelectronics X-CUBE-DPower 1.3.0
2025-07-28 13:16:06,145 [INFO] ThirdParty:1030 - CMSIS Pack Vendor :STMicroelectronics X-CUBE-MEMS1 11.3.0
2025-07-28 13:16:06,145 [INFO] ThirdParty:1030 - CMSIS Pack Vendor :STMicroelectronics FP-SNS-MOTENV1 5.0.0
2025-07-28 13:16:06,145 [INFO] ThirdParty:1030 - CMSIS Pack Vendor :STMicroelectronics USB_DEVICE 1.0.0
2025-07-28 13:16:06,145 [INFO] ThirdParty:1030 - CMSIS Pack Vendor :STMicroelectronics X-CUBE-AZRTOS-L4 2.0.0
2025-07-28 13:16:06,145 [INFO] ThirdParty:1030 - CMSIS Pack Vendor :STMicroelectronics ThreadX 0.0.2
2025-07-28 13:16:06,145 [INFO] ThirdParty:1030 - CMSIS Pack Vendor :WES I-CUBE-Cesium 1.3.0
2025-07-28 13:16:06,145 [INFO] ThirdParty:1030 - CMSIS Pack Vendor :STMicroelectronics lwIP 2.1.2
2025-07-28 13:16:06,145 [INFO] ThirdParty:1030 - CMSIS Pack Vendor :STMicroelectronics X-CUBE-SFXS2LP1 4.0.0
2025-07-28 13:16:06,145 [INFO] ThirdParty:1030 - CMSIS Pack Vendor :STMicroelectronics X-CUBE-BLE2 3.3.0
2025-07-28 13:16:06,145 [INFO] ThirdParty:1030 - CMSIS Pack Vendor :STMicroelectronics X-CUBE-TOF1 3.4.2
2025-07-28 13:16:06,145 [INFO] ThirdParty:1030 - CMSIS Pack Vendor :STMicroelectronics X-CUBE-TOF1 3.4.3
2025-07-28 13:16:06,146 [INFO] ThirdParty:1030 - CMSIS Pack Vendor :STMicroelectronics PDM2PCM 3.2.0
2025-07-28 13:16:06,146 [INFO] ThirdParty:841 - exiting critical section [change project]
2025-07-28 13:16:06,320 [INFO] PinOutPanel:1589 - setPackage(No Configuration,No Configuration)
2025-07-28 13:16:06,321 [INFO] PinOutPanel:1589 - setPackage(STM32F103RBTx,LQFP64)
2025-07-28 13:16:06,688 [INFO] UtilMem:75 - Before build in PCC Used Memory: 740492568 Bytes (1073741824)
2025-07-28 13:16:07,112 [INFO] UtilMem:75 - After build in PCC Used Memory: 782435608 Bytes (1073741824)
2025-07-28 13:16:07,151 [INFO] IPUIPlugin:80 - create IPUIPlugin
2025-07-28 13:16:07,151 [INFO] IPUIPlugin:80 - create IPUIPlugin
2025-07-28 13:16:07,152 [INFO] IPUIPlugin:80 - create IPUIPlugin
2025-07-28 13:16:07,152 [INFO] IPUIPlugin:80 - create IPUIPlugin
2025-07-28 13:16:07,152 [INFO] IPUIPlugin:80 - create IPUIPlugin
2025-07-28 13:16:07,152 [INFO] IPUIPlugin:80 - create IPUIPlugin
2025-07-28 13:16:07,153 [INFO] IPUIPlugin:80 - create IPUIPlugin
2025-07-28 13:16:07,153 [INFO] IPUIPlugin:80 - create IPUIPlugin
2025-07-28 13:16:07,153 [INFO] IPUIPlugin:80 - create IPUIPlugin
2025-07-28 13:16:07,153 [INFO] IPUIPlugin:80 - create IPUIPlugin
2025-07-28 13:16:07,153 [INFO] IPUIPlugin:80 - create IPUIPlugin
2025-07-28 13:16:07,153 [INFO] IPUIPlugin:80 - create IPUIPlugin
2025-07-28 13:16:07,153 [INFO] IPUIPlugin:80 - create IPUIPlugin
2025-07-28 13:16:07,154 [INFO] IPUIPlugin:80 - create IPUIPlugin
2025-07-28 13:16:07,154 [INFO] IPUIPlugin:80 - create IPUIPlugin
2025-07-28 13:16:07,154 [INFO] IPUIPlugin:80 - create IPUIPlugin
2025-07-28 13:16:07,154 [INFO] IPUIPlugin:80 - create IPUIPlugin
2025-07-28 13:16:07,154 [INFO] IPUIPlugin:80 - create IPUIPlugin
2025-07-28 13:16:07,154 [INFO] IPUIPlugin:80 - create IPUIPlugin
2025-07-28 13:16:07,155 [INFO] IPUIPlugin:80 - create IPUIPlugin
2025-07-28 13:16:07,155 [INFO] IPUIPlugin:80 - create IPUIPlugin
2025-07-28 13:16:07,155 [INFO] IPUIPlugin:80 - create IPUIPlugin
2025-07-28 13:16:07,155 [INFO] IPUIPlugin:80 - create IPUIPlugin
2025-07-28 13:16:07,156 [INFO] IPUIPlugin:80 - create IPUIPlugin
2025-07-28 13:16:07,156 [INFO] IPUIPlugin:80 - create IPUIPlugin
2025-07-28 13:16:07,157 [INFO] IPUIPlugin:80 - create IPUIPlugin
2025-07-28 13:16:07,157 [INFO] IPUIPlugin:80 - create IPUIPlugin
2025-07-28 13:16:07,160 [WARN] IP:2251 - I2C_Coeff_DF not found: check if there is a RefParameter without a condition.
2025-07-28 13:16:07,161 [WARN] IP:2251 - Analog_Filter not found: check if there is a RefParameter without a condition.
2025-07-28 13:16:07,268 [INFO] CADModel:165 - CPN selected for project levelSTM32F103RBT6
2025-07-28 13:16:07,268 [INFO] CADModel:114 - Register for checkConnection events
2025-07-28 13:16:07,403 [INFO] OpenFileManager:363 - Restore cursor
2025-07-28 13:16:07,730 [WARN] IP:2251 - I2C_Coeff_DF not found: check if there is a RefParameter without a condition.
2025-07-28 13:16:07,730 [WARN] IP:2251 - Analog_Filter not found: check if there is a RefParameter without a condition.
2025-07-28 13:16:07,731 [WARN] IP:2251 - I2C_Coeff_DF not found: check if there is a RefParameter without a condition.
2025-07-28 13:16:07,731 [WARN] IP:2251 - Analog_Filter not found: check if there is a RefParameter without a condition.
2025-07-28 13:16:13,353 [INFO] NvicIntPanel:101 - NVIC parent = com.st.microxplorer.plugins.ip.nvic.MultiNvicIntPanel[,0,0,0x0,invalid,layout=javax.swing.BoxLayout,alignmentX=0.0,alignmentY=0.0,border=,flags=9,maximumSize=,minimumSize=,preferredSize=]
2025-07-28 13:16:48,095 [INFO] MainUpdater:2872 - connection check result : 10
2025-07-28 13:16:48,095 [INFO] MainUpdater:2872 - connection check result : 10
2025-07-28 13:16:48,345 [INFO] MicroXplorer:468 - Change Database Path : 
2025-07-28 13:16:48,345 [INFO] MicroXplorer:498 - Change Database Version : DB.6.0.130
2025-07-28 13:16:48,358 [ERROR] ProjectManagerView:394 - 
java.lang.NullPointerException: Cannot invoke "javax.swing.JTextField.getText()" because the return value of "java.util.List.get(int)" is null
	at com.st.microxplorer.plugins.projectmanager.gui.ProjectChoiceTab$9.caretUpdate(ProjectChoiceTab.java:2616) ~[filemanager.jar:?]
	at javax.swing.text.JTextComponent.fireCaretUpdate(JTextComponent.java:408) ~[?:?]
	at javax.swing.text.JTextComponent$MutableCaretEvent.fire(JTextComponent.java:4484) ~[?:?]
	at javax.swing.text.JTextComponent$MutableCaretEvent.stateChanged(JTextComponent.java:4506) ~[?:?]
	at javax.swing.text.DefaultCaret.fireStateChanged(DefaultCaret.java:857) ~[?:?]
	at javax.swing.text.DefaultCaret.changeCaretPosition(DefaultCaret.java:1343) ~[?:?]
	at javax.swing.text.DefaultCaret.handleSetDot(DefaultCaret.java:1242) ~[?:?]
	at javax.swing.text.DefaultCaret.setDot(DefaultCaret.java:1223) ~[?:?]
	at javax.swing.text.DefaultCaret$Handler.insertUpdate(DefaultCaret.java:1819) ~[?:?]
	at javax.swing.text.AbstractDocument.fireInsertUpdate(AbstractDocument.java:227) ~[?:?]
	at javax.swing.text.AbstractDocument.handleInsertString(AbstractDocument.java:781) ~[?:?]
	at javax.swing.text.AbstractDocument.insertString(AbstractDocument.java:740) ~[?:?]
	at javax.swing.text.PlainDocument.insertString(PlainDocument.java:131) ~[?:?]
	at javax.swing.text.AbstractDocument.replace(AbstractDocument.java:699) ~[?:?]
	at javax.swing.text.JTextComponent.setText(JTextComponent.java:1725) ~[?:?]
	at com.st.microxplorer.plugins.projectmanager.gui.ProjectChoiceTab.createHeapStackFields(ProjectChoiceTab.java:975) ~[filemanager.jar:?]
	at com.st.microxplorer.plugins.projectmanager.gui.ProjectChoiceTab.buildLinkSettingsPanel(ProjectChoiceTab.java:3666) ~[filemanager.jar:?]
	at com.st.microxplorer.plugins.projectmanager.gui.ProjectChoiceTab.defineWindowsFields(ProjectChoiceTab.java:1934) ~[filemanager.jar:?]
	at com.st.microxplorer.plugins.projectmanager.gui.ProjectChoiceTab.updateSettings(ProjectChoiceTab.java:553) ~[filemanager.jar:?]
	at com.st.microxplorer.plugins.projectmanager.gui.ProjectSettingsPanel.UpdateDialog(ProjectSettingsPanel.java:245) ~[filemanager.jar:?]
	at com.st.microxplorer.plugins.projectmanager.ProjectManagerView.propertyChange(ProjectManagerView.java:391) ~[filemanager.jar:?]
	at java.beans.PropertyChangeSupport.fire(PropertyChangeSupport.java:343) ~[?:?]
	at java.beans.PropertyChangeSupport.firePropertyChange(PropertyChangeSupport.java:335) ~[?:?]
	at java.beans.PropertyChangeSupport.firePropertyChange(PropertyChangeSupport.java:268) ~[?:?]
	at com.st.microxplorer.util.MXPropertyChangeSupport.firePropertyChange(MXPropertyChangeSupport.java:54) ~[STM32CubeMX.jar:?]
	at com.st.microxplorer.mxsystem.MxSystem.closeConfig(MxSystem.java:899) ~[STM32CubeMX.jar:?]
	at com.st.microxplorer.maingui.MainPanel.closeConfig(MainPanel.java:789) ~[STM32CubeMX.jar:?]
	at com.st.microxplorer.plugins.filemanager.engine.OpenFileManager.loadConfigurationFile(OpenFileManager.java:265) ~[filemanager.jar:?]
	at com.st.microxplorer.plugins.filemanager.engine.MainFileManager.userLoadConfig(MainFileManager.java:340) ~[filemanager.jar:?]
	at com.st.microxplorer.plugins.filemanager.engine.MainFileManager.userLoadConfig(MainFileManager.java:318) ~[filemanager.jar:?]
	at com.st.microxplorer.plugins.filemanager.FileManagerView.getSpecificTask(FileManagerView.java:246) ~[filemanager.jar:?]
	at com.st.stm32cube.common.mx.editor.CubeMxEditor.getMxTabbedPaneInstance(CubeMxEditor.java:1198) ~[com.st.stm32cube.common.mx_6.13.0.202411220809/:?]
	at com.st.stm32cube.common.mx.editor.CubeMxEditor$12$1.createSwingComponent(CubeMxEditor.java:1068) ~[com.st.stm32cube.common.mx_6.13.0.202411220809/:?]
	at com.st.stm32cube.common.mx.oss.core.awtswtbridge.EmbeddedSwingComposite.doComponentCreation(EmbeddedSwingComposite.java:492) ~[com.st.stm32cube.common.mx.oss_6.13.0.202411220809/:?]
	at com.st.stm32cube.common.mx.oss.core.awtswtbridge.EmbeddedSwingComposite$4.run(EmbeddedSwingComposite.java:291) ~[com.st.stm32cube.common.mx.oss_6.13.0.202411220809/:?]
	at com.st.stm32cube.common.mx.oss.core.awtswtbridge.AwtEnvironment$2.run(AwtEnvironment.java:166) ~[com.st.stm32cube.common.mx.oss_6.13.0.202411220809/:?]
	at java.awt.event.InvocationEvent.dispatch(InvocationEvent.java:318) ~[?:?]
	at java.awt.EventQueue.dispatchEventImpl(EventQueue.java:773) ~[?:?]
	at java.awt.EventQueue$4.run(EventQueue.java:720) ~[?:?]
	at java.awt.EventQueue$4.run(EventQueue.java:714) ~[?:?]
	at java.security.AccessController.doPrivileged(AccessController.java:400) ~[?:?]
	at java.security.ProtectionDomain$JavaSecurityAccessImpl.doIntersectionPrivilege(ProtectionDomain.java:87) ~[?:?]
	at java.awt.EventQueue.dispatchEvent(EventQueue.java:742) ~[?:?]
	at java.awt.EventDispatchThread.pumpOneEventForFilters(EventDispatchThread.java:203) ~[?:?]
	at java.awt.EventDispatchThread.pumpEventsForFilter(EventDispatchThread.java:124) ~[?:?]
	at java.awt.EventDispatchThread.pumpEventsForHierarchy(EventDispatchThread.java:113) ~[?:?]
	at java.awt.EventDispatchThread.pumpEvents(EventDispatchThread.java:109) ~[?:?]
	at java.awt.EventDispatchThread.pumpEvents(EventDispatchThread.java:101) ~[?:?]
	at java.awt.EventDispatchThread.run(EventDispatchThread.java:90) ~[?:?]
2025-07-28 13:16:48,359 [WARN] ThirdParty:871 - waiting for thirdparty lock release [close project]
2025-07-28 13:16:48,359 [INFO] ThirdParty:873 - entering critical section [close project]
2025-07-28 13:16:48,359 [INFO] ThirdParty:883 - exiting critical section [close project]
2025-07-28 13:16:48,360 [INFO] PinOutPanel:1589 - setPackage(No Configuration,No Configuration)
2025-07-28 13:16:48,362 [INFO] UtilMem:75 - Begin LoadConfig() Used Memory: 978517272 Bytes (1073741824)
2025-07-28 13:16:48,363 [INFO] MicroXplorer:468 - Change Database Path : 
2025-07-28 13:16:48,363 [INFO] MicroXplorer:498 - Change Database Version : DB.6.0.130
2025-07-28 13:16:48,363 [INFO] OpenFileManager:332 - Change cursor
2025-07-28 13:16:48,370 [INFO] Mcu:2035 - Initializing MCU STM32F103R(8-B)Tx STM32F103RBTx STM32F103RBT6
2025-07-28 13:16:49,446 [INFO] Context:748 - Trying to add GPIOservice into a context  which must be forbidden
2025-07-28 13:16:50,069 [INFO] RtosManager:555 - Registered RTOS mode: class=CMSIS, group=RTOS, mode=CMSIS_V1, owner=FREERTOS
2025-07-28 13:16:50,069 [INFO] RtosManager:555 - Registered RTOS mode: class=CMSIS, group=RTOS2, mode=CMSIS_V2, owner=FREERTOS
2025-07-28 13:16:50,069 [INFO] RtosManager:555 - Registered RTOS mode: class=RTOS, group=Core, mode=CMSIS_V1, owner=FREERTOS
2025-07-28 13:16:50,069 [INFO] RtosManager:555 - Registered RTOS mode: class=RTOS, group=Core, mode=CMSIS_V2, owner=FREERTOS
2025-07-28 13:16:50,069 [WARN] ModelIntegratedComponent:184 - Missing modes for component STMicroelectronics:FreeRTOS:0.0.1:STMicroelectronics:RTOS:FreeRTOS:Core:::10.2.0:
2025-07-28 13:16:50,084 [WARN] ModelIntegratedComponent:63 - No mode defined for component null
2025-07-28 13:16:50,084 [WARN] ModelIntegratedComponent:63 - No mode defined for component null
2025-07-28 13:16:50,085 [WARN] ModelIntegratedComponent:63 - No mode defined for component null
2025-07-28 13:16:50,085 [WARN] ModelIntegratedComponent:63 - No mode defined for component null
2025-07-28 13:16:50,085 [WARN] ModelIntegratedComponent:63 - No mode defined for component null
2025-07-28 13:16:50,085 [WARN] ModelIntegratedComponent:63 - No mode defined for component null
2025-07-28 13:16:50,085 [WARN] ModelIntegratedComponent:63 - No mode defined for component null
2025-07-28 13:16:50,085 [WARN] ModelIntegratedComponent:63 - No mode defined for component null
2025-07-28 13:16:50,085 [WARN] ModelIntegratedComponent:63 - No mode defined for component null
2025-07-28 13:16:50,085 [WARN] ModelIntegratedComponent:63 - No mode defined for component null
2025-07-28 13:16:50,085 [WARN] ModelIntegratedComponent:63 - No mode defined for component null
2025-07-28 13:16:50,085 [WARN] ModelIntegratedComponent:63 - No mode defined for component null
2025-07-28 13:16:50,085 [WARN] ModelIntegratedComponent:63 - No mode defined for component null
2025-07-28 13:16:50,085 [WARN] ModelIntegratedComponent:63 - No mode defined for component null
2025-07-28 13:16:50,085 [WARN] ModelIntegratedComponent:63 - No mode defined for component null
2025-07-28 13:16:50,085 [WARN] ModelIntegratedComponent:63 - No mode defined for component null
2025-07-28 13:16:50,085 [WARN] ModelIntegratedComponent:63 - No mode defined for component null
2025-07-28 13:16:50,085 [WARN] ModelIntegratedComponent:63 - No mode defined for component null
2025-07-28 13:16:50,085 [WARN] ModelIntegratedComponent:63 - No mode defined for component null
2025-07-28 13:16:50,085 [WARN] ModelIntegratedComponent:63 - No mode defined for component null
2025-07-28 13:16:50,086 [WARN] ModelIntegratedComponent:63 - No mode defined for component null
2025-07-28 13:16:50,086 [WARN] ModelIntegratedComponent:63 - No mode defined for component null
2025-07-28 13:16:50,086 [WARN] ModelIntegratedComponent:63 - No mode defined for component null
2025-07-28 13:16:50,086 [WARN] ModelIntegratedComponent:63 - No mode defined for component null
2025-07-28 13:16:50,086 [WARN] ModelIntegratedComponent:63 - No mode defined for component null
2025-07-28 13:16:50,086 [WARN] ModelIntegratedComponent:63 - No mode defined for component null
2025-07-28 13:16:50,086 [WARN] ModelIntegratedComponent:63 - No mode defined for component null
2025-07-28 13:16:50,086 [WARN] ModelIntegratedComponent:63 - No mode defined for component null
2025-07-28 13:16:50,086 [WARN] ModelIntegratedComponent:63 - No mode defined for component null
2025-07-28 13:16:50,086 [WARN] ModelIntegratedComponent:63 - No mode defined for component null
2025-07-28 13:16:50,086 [WARN] ModelIntegratedComponent:63 - No mode defined for component null
2025-07-28 13:16:50,086 [WARN] ModelIntegratedComponent:63 - No mode defined for component null
2025-07-28 13:16:50,086 [WARN] ModelIntegratedComponent:63 - No mode defined for component null
2025-07-28 13:16:50,086 [WARN] ModelIntegratedComponent:63 - No mode defined for component null
2025-07-28 13:16:50,086 [WARN] ModelIntegratedComponent:63 - No mode defined for component null
2025-07-28 13:16:50,086 [WARN] ModelPack:524 - Component already loaded: STMicroelectronics:HAL Drivers:0.0.0:STMicroelectronics:Device:STMicro_Driver:XSPI:HAL::0.0.1:HAL_XSPI
2025-07-28 13:16:50,323 [INFO] ThirdPartyModel:298 - Start build external matchings
2025-07-28 13:16:51,840 [INFO] ThirdPartyModel:316 - End build external matchings
2025-07-28 13:16:51,865 [INFO] ImportTextPane:218 - (OptionalMessage_ERROR) IP (RCC) : Parameter (ADCFreqValue) has invalid value (32000000)
2025-07-28 13:16:51,866 [INFO] ImportTextPane:218 - (OptionalMessage_ERROR) IP (RCC) : Invalid parameter (FamilyName)
2025-07-28 13:16:51,866 [INFO] ImportTextPane:218 - (OptionalMessage_ERROR) IP (RCC) : Parameter (MCOFreq_Value) has invalid value (64000000)
2025-07-28 13:16:51,866 [INFO] ImportTextPane:218 - (OptionalMessage_ERROR) IP (RCC) : Parameter (USBFreq_Value) has invalid value (64000000)
2025-07-28 13:16:52,097 [INFO] UtilMem:75 - End LoadConfig() Used Memory: 896723080 Bytes (1073741824)
2025-07-28 13:16:52,157 [WARN] ThirdParty:833 - waiting for thirdparty lock release [change project]
2025-07-28 13:16:52,157 [INFO] ThirdParty:835 - entering critical section [change project]
2025-07-28 13:16:52,157 [INFO] ThirdParty:1030 - CMSIS Pack Vendor :STMicroelectronics X-CUBE-PM33A1 1.0.0
2025-07-28 13:16:52,157 [INFO] ThirdParty:1030 - CMSIS Pack Vendor :STMicroelectronics USBPD 4.1
2025-07-28 13:16:52,158 [INFO] ThirdParty:1030 - CMSIS Pack Vendor :STMicroelectronics X-CUBE-AZRTOS-H7 3.3.0
2025-07-28 13:16:52,158 [INFO] ThirdParty:1030 - CMSIS Pack Vendor :STMicroelectronics X-CUBE-NFC9 1.0.0
2025-07-28 13:16:52,158 [INFO] ThirdParty:1030 - CMSIS Pack Vendor :STMicroelectronics USB_HOST 2.0.0
2025-07-28 13:16:52,158 [INFO] ThirdParty:1030 - CMSIS Pack Vendor :STMicroelectronics FP-SNS-MOTENVWB1 1.4.0
2025-07-28 13:16:52,158 [INFO] ThirdParty:1030 - CMSIS Pack Vendor :STMicroelectronics X-CUBE-AZRTOS-F4 1.1.0
2025-07-28 13:16:52,158 [INFO] ThirdParty:1030 - CMSIS Pack Vendor :STMicroelectronics LIBJPEG 8.0.0
2025-07-28 13:16:52,158 [INFO] ThirdParty:1030 - CMSIS Pack Vendor :STMicroelectronics FP-ATR-ASTRA1 2.0.2
2025-07-28 13:16:52,158 [INFO] ThirdParty:1030 - CMSIS Pack Vendor :STMicroelectronics X-CUBE-BLE1 7.1.0
2025-07-28 13:16:52,158 [INFO] ThirdParty:1030 - CMSIS Pack Vendor :Avnet-IotConnect X-CUBE-IoTC-DA16k-PMOD 1.0.0
2025-07-28 13:16:52,158 [INFO] ThirdParty:1030 - CMSIS Pack Vendor :STMicroelectronics X-CUBE-SMBUS 2.1.0
2025-07-28 13:16:52,158 [INFO] ThirdParty:1030 - CMSIS Pack Vendor :STMicroelectronics X-CUBE-WB05N 1.1.0
2025-07-28 13:16:52,158 [INFO] ThirdParty:1030 - CMSIS Pack Vendor :wolfSSL I-CUBE-wolfMQTT 1.19.2
2025-07-28 13:16:52,158 [INFO] ThirdParty:1030 - CMSIS Pack Vendor :STMicroelectronics USB_DEVICE 3.0.0
2025-07-28 13:16:52,158 [INFO] ThirdParty:1030 - CMSIS Pack Vendor :STMicroelectronics X-CUBE-ISPU 2.1.0
2025-07-28 13:16:52,158 [INFO] ThirdParty:1030 - CMSIS Pack Vendor :STMicroelectronics X-CUBE-EEPRMA1 5.2.0
2025-07-28 13:16:52,158 [INFO] ThirdParty:1030 - CMSIS Pack Vendor :STMicroelectronics X-CUBE-BLEMGR 4.1.0
2025-07-28 13:16:52,158 [INFO] ThirdParty:1030 - CMSIS Pack Vendor :STMicroelectronics X-CUBE-AZRTOS-WB 2.0.0
2025-07-28 13:16:52,158 [INFO] ThirdParty:1030 - CMSIS Pack Vendor :STMicroelectronics X-CUBE-ST60 1.0.0
2025-07-28 13:16:52,158 [INFO] ThirdParty:1030 - CMSIS Pack Vendor :STMicroelectronics X-CUBE-GNSS1 7.0.1
2025-07-28 13:16:52,158 [INFO] ThirdParty:1030 - CMSIS Pack Vendor :STMicroelectronics X-CUBE-NFC12 1.0.0
2025-07-28 13:16:52,158 [INFO] ThirdParty:1030 - CMSIS Pack Vendor :STMicroelectronics X-CUBE-AZRTOS-F7 1.1.0
2025-07-28 13:16:52,158 [INFO] ThirdParty:1030 - CMSIS Pack Vendor :STMicroelectronics X-CUBE-AZRTOS-L5 2.0.0
2025-07-28 13:16:52,158 [INFO] ThirdParty:1030 - CMSIS Pack Vendor :STMicroelectronics X-CUBE-TOUCHGFX 4.25.0
2025-07-28 13:16:52,158 [INFO] ThirdParty:1030 - CMSIS Pack Vendor :STMicroelectronics USB_DEVICE 2.0.0
2025-07-28 13:16:52,158 [INFO] ThirdParty:1030 - CMSIS Pack Vendor :STMicroelectronics X-CUBE-NFC6 3.1.0
2025-07-28 13:16:52,159 [INFO] ThirdParty:1030 - CMSIS Pack Vendor :STMicroelectronics X-CUBE-AI 10.1.0
2025-07-28 13:16:52,159 [INFO] ThirdParty:1030 - CMSIS Pack Vendor :STMicroelectronics FP-SNS-STBOX1 2.0.0
2025-07-28 13:16:52,159 [INFO] ThirdParty:1030 - CMSIS Pack Vendor :STMicroelectronics X-CUBE-MEMS1 11.2.0
2025-07-28 13:16:52,159 [INFO] ThirdParty:1030 - CMSIS Pack Vendor :STMicroelectronics FreeRTOS 0.0.1
2025-07-28 13:16:52,159 [INFO] ThirdParty:1030 - CMSIS Pack Vendor :STMicroelectronics X-CUBE-AZRTOS-G0 1.1.0
2025-07-28 13:16:52,159 [INFO] ThirdParty:1030 - CMSIS Pack Vendor :STMicroelectronics X-CUBE-SAFEA1 1.2.2
2025-07-28 13:16:52,159 [INFO] ThirdParty:1030 - CMSIS Pack Vendor :STMicroelectronics X-CUBE-NFC4 3.0.0
2025-07-28 13:16:52,159 [INFO] ThirdParty:1030 - CMSIS Pack Vendor :STMicroelectronics X-CUBE-DPower 1.2.0
2025-07-28 13:16:52,159 [INFO] ThirdParty:1030 - CMSIS Pack Vendor :STMicroelectronics X-CUBE-SUBG2 5.0.0
2025-07-28 13:16:52,159 [INFO] ThirdParty:1030 - CMSIS Pack Vendor :STMicroelectronics X-CUBE-AZRTOS-H7RS 1.1.0
2025-07-28 13:16:52,159 [INFO] ThirdParty:1030 - CMSIS Pack Vendor :STMicroelectronics STM32_WPAN 1.0.0
2025-07-28 13:16:52,159 [INFO] ThirdParty:1030 - CMSIS Pack Vendor :EmbeddedOffice I-CUBE-FS-RTOS 1.0.1
2025-07-28 13:16:52,159 [INFO] ThirdParty:1030 - CMSIS Pack Vendor :STMicroelectronics lwIP 2.0.3
2025-07-28 13:16:52,159 [INFO] ThirdParty:1030 - CMSIS Pack Vendor :Cesanta I-CUBE-Mongoose 7.13.0
2025-07-28 13:16:52,159 [INFO] ThirdParty:1030 - CMSIS Pack Vendor :STMicroelectronics USB_HOST 1.0.0
2025-07-28 13:16:52,159 [INFO] ThirdParty:1030 - CMSIS Pack Vendor :Infineon AIROC-Wi-Fi-Bluetooth-STM32 1.7.0
2025-07-28 13:16:52,159 [INFO] ThirdParty:1030 - CMSIS Pack Vendor :STMicroelectronics X-CUBE-AZRTOS-G4 2.0.0
2025-07-28 13:16:52,159 [INFO] ThirdParty:1030 - CMSIS Pack Vendor :STMicroelectronics X-CUBE-WB05N 2.0.0
2025-07-28 13:16:52,159 [INFO] ThirdParty:1030 - CMSIS Pack Vendor :STMicroelectronics PDM2PCM 3.1.0
2025-07-28 13:16:52,159 [INFO] ThirdParty:1030 - CMSIS Pack Vendor :STMicroelectronics PDM2PCM 3.3.0
2025-07-28 13:16:52,159 [INFO] ThirdParty:1030 - CMSIS Pack Vendor :wolfSSL I-CUBE-wolfTPM 3.8.0
2025-07-28 13:16:52,159 [INFO] ThirdParty:1030 - CMSIS Pack Vendor :STMicroelectronics X-CUBE-AZRTOS-H7 3.4.0
2025-07-28 13:16:52,159 [INFO] ThirdParty:1030 - CMSIS Pack Vendor :STMicroelectronics X-CUBE-DISPLAY 3.0.0
2025-07-28 13:16:52,160 [INFO] ThirdParty:1030 - CMSIS Pack Vendor :wolfSSL I-CUBE-wolfSSH 1.4.20
2025-07-28 13:16:52,160 [INFO] ThirdParty:1030 - CMSIS Pack Vendor :STMicroelectronics X-CUBE-NFC7 2.0.0
2025-07-28 13:16:52,160 [INFO] ThirdParty:1030 - CMSIS Pack Vendor :STMicroelectronics X-CUBE-TCPP 4.2.0
2025-07-28 13:16:52,160 [INFO] ThirdParty:1030 - CMSIS Pack Vendor :RealThread X-CUBE-RT-Thread_Nano 4.1.1
2025-07-28 13:16:52,160 [INFO] ThirdParty:1030 - CMSIS Pack Vendor :STMicroelectronics FP-ATR-SIGFOX1 3.2.0
2025-07-28 13:16:52,160 [INFO] ThirdParty:1030 - CMSIS Pack Vendor :STMicroelectronics X-CUBE-NFC10 1.0.0
2025-07-28 13:16:52,160 [INFO] ThirdParty:1030 - CMSIS Pack Vendor :STMicroelectronics X-CUBE-BLEMGR 4.0.0
2025-07-28 13:16:52,160 [INFO] ThirdParty:1030 - CMSIS Pack Vendor :STMicroelectronics X-CUBE-EEPRMA1 5.1.0
2025-07-28 13:16:52,160 [INFO] ThirdParty:1030 - CMSIS Pack Vendor :STMicroelectronics X-CUBE-FREERTOS 1.3.1
2025-07-28 13:16:52,160 [INFO] ThirdParty:1030 - CMSIS Pack Vendor :STMicroelectronics HAL Drivers 0.0.0
2025-07-28 13:16:52,160 [INFO] ThirdParty:1030 - CMSIS Pack Vendor :STMicroelectronics MBEDTLS 2.16.2
2025-07-28 13:16:52,160 [INFO] ThirdParty:1030 - CMSIS Pack Vendor :STMicroelectronics X-CUBE-IPS 3.1.0
2025-07-28 13:16:52,160 [INFO] ThirdParty:1030 - CMSIS Pack Vendor :STMicroelectronics X-CUBE-ALS 1.0.2
2025-07-28 13:16:52,160 [INFO] ThirdParty:1030 - CMSIS Pack Vendor :emotas I-CUBE-CANOPEN 1.3.0
2025-07-28 13:16:52,160 [INFO] ThirdParty:1030 - CMSIS Pack Vendor :STMicroelectronics X-CUBE-FREERTOS 1.3.0
2025-07-28 13:16:52,160 [INFO] ThirdParty:1030 - CMSIS Pack Vendor :STMicroelectronics X-CUBE-NFC7 1.0.1
2025-07-28 13:16:52,160 [INFO] ThirdParty:1030 - CMSIS Pack Vendor :STMicroelectronics MBEDTLS 2.14.1
2025-07-28 13:16:52,160 [INFO] ThirdParty:1030 - CMSIS Pack Vendor :wolfSSL I-CUBE-wolfSSL 5.7.6
2025-07-28 13:16:52,160 [INFO] ThirdParty:1030 - CMSIS Pack Vendor :ITTIA_DB I-CUBE-ITTIADB 8.9.0
2025-07-28 13:16:52,160 [INFO] ThirdParty:1030 - CMSIS Pack Vendor :portGmbH I-Cube-SoM-uGOAL 1.1.0
2025-07-28 13:16:52,160 [INFO] ThirdParty:1030 - CMSIS Pack Vendor :quantropi X-CUBE-qispace-sdk-base 2.0.0
2025-07-28 13:16:52,160 [INFO] ThirdParty:1030 - CMSIS Pack Vendor :STMicroelectronics X-CUBE-AI 10.0.0
2025-07-28 13:16:52,160 [INFO] ThirdParty:1030 - CMSIS Pack Vendor :STMicroelectronics X-CUBE-ST67W61 1.0.0
2025-07-28 13:16:52,160 [INFO] ThirdParty:1030 - CMSIS Pack Vendor :STMicroelectronics FP-SNS-STAIOTCFT 1.0.0
2025-07-28 13:16:52,161 [INFO] ThirdParty:1030 - CMSIS Pack Vendor :STMicroelectronics ThreadX 1.0.0
2025-07-28 13:16:52,161 [INFO] ThirdParty:1030 - CMSIS Pack Vendor :STMicroelectronics FP-SNS-SMARTAG2 1.2.0
2025-07-28 13:16:52,161 [INFO] ThirdParty:1030 - CMSIS Pack Vendor :STMicroelectronics FP-SNS-FLIGHT1 5.1.0
2025-07-28 13:16:52,161 [INFO] ThirdParty:1030 - CMSIS Pack Vendor :STMicroelectronics X-CUBE-MEMS1 11.1.0
2025-07-28 13:16:52,161 [INFO] ThirdParty:1030 - CMSIS Pack Vendor :STMicroelectronics X-CUBE-AZRTOS-WL 2.0.0
2025-07-28 13:16:52,161 [INFO] ThirdParty:1030 - CMSIS Pack Vendor :SEGGER I-CUBE-embOS 1.3.1
2025-07-28 13:16:52,161 [INFO] ThirdParty:1030 - CMSIS Pack Vendor :STMicroelectronics X-CUBE-ALGOBUILD 1.4.0
2025-07-28 13:16:52,162 [INFO] ThirdParty:1030 - CMSIS Pack Vendor :STMicroelectronics X-CUBE-DPower 1.3.0
2025-07-28 13:16:52,162 [INFO] ThirdParty:1030 - CMSIS Pack Vendor :STMicroelectronics X-CUBE-MEMS1 11.3.0
2025-07-28 13:16:52,162 [INFO] ThirdParty:1030 - CMSIS Pack Vendor :STMicroelectronics FP-SNS-MOTENV1 5.0.0
2025-07-28 13:16:52,162 [INFO] ThirdParty:1030 - CMSIS Pack Vendor :STMicroelectronics USB_DEVICE 1.0.0
2025-07-28 13:16:52,162 [INFO] ThirdParty:1030 - CMSIS Pack Vendor :STMicroelectronics X-CUBE-AZRTOS-L4 2.0.0
2025-07-28 13:16:52,162 [INFO] ThirdParty:1030 - CMSIS Pack Vendor :STMicroelectronics ThreadX 0.0.2
2025-07-28 13:16:52,163 [INFO] ThirdParty:1030 - CMSIS Pack Vendor :WES I-CUBE-Cesium 1.3.0
2025-07-28 13:16:52,163 [INFO] ThirdParty:1030 - CMSIS Pack Vendor :STMicroelectronics lwIP 2.1.2
2025-07-28 13:16:52,163 [INFO] ThirdParty:1030 - CMSIS Pack Vendor :STMicroelectronics X-CUBE-SFXS2LP1 4.0.0
2025-07-28 13:16:52,163 [INFO] ThirdParty:1030 - CMSIS Pack Vendor :STMicroelectronics X-CUBE-BLE2 3.3.0
2025-07-28 13:16:52,163 [INFO] ThirdParty:1030 - CMSIS Pack Vendor :STMicroelectronics X-CUBE-TOF1 3.4.2
2025-07-28 13:16:52,163 [INFO] ThirdParty:1030 - CMSIS Pack Vendor :STMicroelectronics X-CUBE-TOF1 3.4.3
2025-07-28 13:16:52,163 [INFO] ThirdParty:1030 - CMSIS Pack Vendor :STMicroelectronics PDM2PCM 3.2.0
2025-07-28 13:16:52,163 [INFO] ThirdParty:841 - exiting critical section [change project]
2025-07-28 13:16:52,310 [INFO] PinOutPanel:1589 - setPackage(No Configuration,No Configuration)
2025-07-28 13:16:52,311 [INFO] PinOutPanel:1589 - setPackage(STM32F103RBTx,LQFP64)
2025-07-28 13:16:52,542 [INFO] UtilMem:75 - Before build in PCC Used Memory: 983237912 Bytes (1073741824)
2025-07-28 13:16:52,848 [INFO] UtilMem:75 - After build in PCC Used Memory: 759889176 Bytes (1073741824)
2025-07-28 13:16:52,872 [INFO] IPUIPlugin:80 - create IPUIPlugin
2025-07-28 13:16:52,873 [INFO] IPUIPlugin:80 - create IPUIPlugin
2025-07-28 13:16:52,873 [INFO] IPUIPlugin:80 - create IPUIPlugin
2025-07-28 13:16:52,873 [INFO] IPUIPlugin:80 - create IPUIPlugin
2025-07-28 13:16:52,873 [INFO] IPUIPlugin:80 - create IPUIPlugin
2025-07-28 13:16:52,874 [INFO] IPUIPlugin:80 - create IPUIPlugin
2025-07-28 13:16:52,874 [INFO] IPUIPlugin:80 - create IPUIPlugin
2025-07-28 13:16:52,874 [INFO] IPUIPlugin:80 - create IPUIPlugin
2025-07-28 13:16:52,875 [INFO] IPUIPlugin:80 - create IPUIPlugin
2025-07-28 13:16:52,875 [INFO] IPUIPlugin:80 - create IPUIPlugin
2025-07-28 13:16:52,875 [INFO] IPUIPlugin:80 - create IPUIPlugin
2025-07-28 13:16:52,876 [INFO] IPUIPlugin:80 - create IPUIPlugin
2025-07-28 13:16:52,876 [INFO] IPUIPlugin:80 - create IPUIPlugin
2025-07-28 13:16:52,876 [INFO] IPUIPlugin:80 - create IPUIPlugin
2025-07-28 13:16:52,876 [INFO] IPUIPlugin:80 - create IPUIPlugin
2025-07-28 13:16:52,876 [INFO] IPUIPlugin:80 - create IPUIPlugin
2025-07-28 13:16:52,876 [INFO] IPUIPlugin:80 - create IPUIPlugin
2025-07-28 13:16:52,877 [INFO] IPUIPlugin:80 - create IPUIPlugin
2025-07-28 13:16:52,877 [INFO] IPUIPlugin:80 - create IPUIPlugin
2025-07-28 13:16:52,877 [INFO] IPUIPlugin:80 - create IPUIPlugin
2025-07-28 13:16:52,877 [INFO] IPUIPlugin:80 - create IPUIPlugin
2025-07-28 13:16:52,878 [INFO] IPUIPlugin:80 - create IPUIPlugin
2025-07-28 13:16:52,878 [INFO] IPUIPlugin:80 - create IPUIPlugin
2025-07-28 13:16:52,878 [INFO] IPUIPlugin:80 - create IPUIPlugin
2025-07-28 13:16:52,878 [INFO] IPUIPlugin:80 - create IPUIPlugin
2025-07-28 13:16:52,878 [INFO] IPUIPlugin:80 - create IPUIPlugin
2025-07-28 13:16:52,879 [INFO] IPUIPlugin:80 - create IPUIPlugin
2025-07-28 13:16:52,936 [INFO] CADModel:165 - CPN selected for project levelSTM32F103RBT6
2025-07-28 13:16:52,936 [INFO] CADModel:114 - Register for checkConnection events
2025-07-28 13:16:53,037 [INFO] OpenFileManager:363 - Restore cursor
2025-07-28 13:16:56,132 [INFO] NvicIntPanel:101 - NVIC parent = com.st.microxplorer.plugins.ip.nvic.MultiNvicIntPanel[,0,0,0x0,invalid,layout=javax.swing.BoxLayout,alignmentX=0.0,alignmentY=0.0,border=,flags=9,maximumSize=,minimumSize=,preferredSize=]
2025-07-28 13:17:08,453 [INFO] MainUpdater:2872 - connection check result : 10
2025-07-28 13:17:08,453 [INFO] MainUpdater:2872 - connection check result : 10
2025-07-28 13:17:08,726 [INFO] MicroXplorer:468 - Change Database Path : 
2025-07-28 13:17:08,727 [INFO] MicroXplorer:498 - Change Database Version : DB.6.0.130
2025-07-28 13:17:08,736 [ERROR] ProjectManagerView:394 - 
java.lang.NullPointerException: Cannot invoke "javax.swing.JTextField.getText()" because the return value of "java.util.List.get(int)" is null
	at com.st.microxplorer.plugins.projectmanager.gui.ProjectChoiceTab$9.caretUpdate(ProjectChoiceTab.java:2616) ~[filemanager.jar:?]
	at javax.swing.text.JTextComponent.fireCaretUpdate(JTextComponent.java:408) ~[?:?]
	at javax.swing.text.JTextComponent$MutableCaretEvent.fire(JTextComponent.java:4484) ~[?:?]
	at javax.swing.text.JTextComponent$MutableCaretEvent.stateChanged(JTextComponent.java:4506) ~[?:?]
	at javax.swing.text.DefaultCaret.fireStateChanged(DefaultCaret.java:857) ~[?:?]
	at javax.swing.text.DefaultCaret.changeCaretPosition(DefaultCaret.java:1343) ~[?:?]
	at javax.swing.text.DefaultCaret.handleSetDot(DefaultCaret.java:1242) ~[?:?]
	at javax.swing.text.DefaultCaret.setDot(DefaultCaret.java:1223) ~[?:?]
	at javax.swing.text.DefaultCaret$Handler.insertUpdate(DefaultCaret.java:1819) ~[?:?]
	at javax.swing.text.AbstractDocument.fireInsertUpdate(AbstractDocument.java:227) ~[?:?]
	at javax.swing.text.AbstractDocument.handleInsertString(AbstractDocument.java:781) ~[?:?]
	at javax.swing.text.AbstractDocument.insertString(AbstractDocument.java:740) ~[?:?]
	at javax.swing.text.PlainDocument.insertString(PlainDocument.java:131) ~[?:?]
	at javax.swing.text.AbstractDocument.replace(AbstractDocument.java:699) ~[?:?]
	at javax.swing.text.JTextComponent.setText(JTextComponent.java:1725) ~[?:?]
	at com.st.microxplorer.plugins.projectmanager.gui.ProjectChoiceTab.createHeapStackFields(ProjectChoiceTab.java:975) ~[filemanager.jar:?]
	at com.st.microxplorer.plugins.projectmanager.gui.ProjectChoiceTab.buildLinkSettingsPanel(ProjectChoiceTab.java:3666) ~[filemanager.jar:?]
	at com.st.microxplorer.plugins.projectmanager.gui.ProjectChoiceTab.defineWindowsFields(ProjectChoiceTab.java:1934) ~[filemanager.jar:?]
	at com.st.microxplorer.plugins.projectmanager.gui.ProjectChoiceTab.updateSettings(ProjectChoiceTab.java:553) ~[filemanager.jar:?]
	at com.st.microxplorer.plugins.projectmanager.gui.ProjectSettingsPanel.UpdateDialog(ProjectSettingsPanel.java:245) ~[filemanager.jar:?]
	at com.st.microxplorer.plugins.projectmanager.ProjectManagerView.propertyChange(ProjectManagerView.java:391) ~[filemanager.jar:?]
	at java.beans.PropertyChangeSupport.fire(PropertyChangeSupport.java:343) ~[?:?]
	at java.beans.PropertyChangeSupport.firePropertyChange(PropertyChangeSupport.java:335) ~[?:?]
	at java.beans.PropertyChangeSupport.firePropertyChange(PropertyChangeSupport.java:268) ~[?:?]
	at com.st.microxplorer.util.MXPropertyChangeSupport.firePropertyChange(MXPropertyChangeSupport.java:54) ~[STM32CubeMX.jar:?]
	at com.st.microxplorer.mxsystem.MxSystem.closeConfig(MxSystem.java:899) ~[STM32CubeMX.jar:?]
	at com.st.microxplorer.maingui.MainPanel.closeConfig(MainPanel.java:789) ~[STM32CubeMX.jar:?]
	at com.st.microxplorer.plugins.filemanager.engine.OpenFileManager.loadConfigurationFile(OpenFileManager.java:265) ~[filemanager.jar:?]
	at com.st.microxplorer.plugins.filemanager.engine.MainFileManager.userLoadConfig(MainFileManager.java:340) ~[filemanager.jar:?]
	at com.st.microxplorer.plugins.filemanager.engine.MainFileManager.userLoadConfig(MainFileManager.java:318) ~[filemanager.jar:?]
	at com.st.microxplorer.plugins.filemanager.FileManagerView.getSpecificTask(FileManagerView.java:246) ~[filemanager.jar:?]
	at com.st.stm32cube.common.mx.editor.CubeMxEditor.getMxTabbedPaneInstance(CubeMxEditor.java:1198) ~[com.st.stm32cube.common.mx_6.13.0.202411220809/:?]
	at com.st.stm32cube.common.mx.editor.CubeMxEditor$12$1.createSwingComponent(CubeMxEditor.java:1068) ~[com.st.stm32cube.common.mx_6.13.0.202411220809/:?]
	at com.st.stm32cube.common.mx.oss.core.awtswtbridge.EmbeddedSwingComposite.doComponentCreation(EmbeddedSwingComposite.java:492) ~[com.st.stm32cube.common.mx.oss_6.13.0.202411220809/:?]
	at com.st.stm32cube.common.mx.oss.core.awtswtbridge.EmbeddedSwingComposite$4.run(EmbeddedSwingComposite.java:291) ~[com.st.stm32cube.common.mx.oss_6.13.0.202411220809/:?]
	at com.st.stm32cube.common.mx.oss.core.awtswtbridge.AwtEnvironment$2.run(AwtEnvironment.java:166) ~[com.st.stm32cube.common.mx.oss_6.13.0.202411220809/:?]
	at java.awt.event.InvocationEvent.dispatch(InvocationEvent.java:318) ~[?:?]
	at java.awt.EventQueue.dispatchEventImpl(EventQueue.java:773) ~[?:?]
	at java.awt.EventQueue$4.run(EventQueue.java:720) ~[?:?]
	at java.awt.EventQueue$4.run(EventQueue.java:714) ~[?:?]
	at java.security.AccessController.doPrivileged(AccessController.java:400) ~[?:?]
	at java.security.ProtectionDomain$JavaSecurityAccessImpl.doIntersectionPrivilege(ProtectionDomain.java:87) ~[?:?]
	at java.awt.EventQueue.dispatchEvent(EventQueue.java:742) ~[?:?]
	at java.awt.EventDispatchThread.pumpOneEventForFilters(EventDispatchThread.java:203) ~[?:?]
	at java.awt.EventDispatchThread.pumpEventsForFilter(EventDispatchThread.java:124) ~[?:?]
	at java.awt.EventDispatchThread.pumpEventsForHierarchy(EventDispatchThread.java:113) ~[?:?]
	at java.awt.EventDispatchThread.pumpEvents(EventDispatchThread.java:109) ~[?:?]
	at java.awt.EventDispatchThread.pumpEvents(EventDispatchThread.java:101) ~[?:?]
	at java.awt.EventDispatchThread.run(EventDispatchThread.java:90) ~[?:?]
2025-07-28 13:17:08,741 [WARN] ThirdParty:871 - waiting for thirdparty lock release [close project]
2025-07-28 13:17:08,741 [INFO] ThirdParty:873 - entering critical section [close project]
2025-07-28 13:17:08,741 [INFO] ThirdParty:883 - exiting critical section [close project]
2025-07-28 13:17:08,743 [INFO] PinOutPanel:1589 - setPackage(No Configuration,No Configuration)
2025-07-28 13:17:08,747 [INFO] UtilMem:75 - Begin LoadConfig() Used Memory: 953615488 Bytes (1073741824)
2025-07-28 13:17:08,748 [INFO] MicroXplorer:468 - Change Database Path : 
2025-07-28 13:17:08,749 [INFO] MicroXplorer:498 - Change Database Version : DB.6.0.130
2025-07-28 13:17:08,749 [INFO] OpenFileManager:332 - Change cursor
2025-07-28 13:17:08,764 [INFO] Mcu:2035 - Initializing MCU STM32F103R(8-B)Tx STM32F103RBTx STM32F103RBT6
2025-07-28 13:17:09,847 [INFO] Context:748 - Trying to add GPIOservice into a context  which must be forbidden
2025-07-28 13:17:10,229 [INFO] RtosManager:555 - Registered RTOS mode: class=CMSIS, group=RTOS, mode=CMSIS_V1, owner=FREERTOS
2025-07-28 13:17:10,229 [INFO] RtosManager:555 - Registered RTOS mode: class=CMSIS, group=RTOS2, mode=CMSIS_V2, owner=FREERTOS
2025-07-28 13:17:10,229 [INFO] RtosManager:555 - Registered RTOS mode: class=RTOS, group=Core, mode=CMSIS_V1, owner=FREERTOS
2025-07-28 13:17:10,229 [INFO] RtosManager:555 - Registered RTOS mode: class=RTOS, group=Core, mode=CMSIS_V2, owner=FREERTOS
2025-07-28 13:17:10,230 [WARN] ModelIntegratedComponent:184 - Missing modes for component STMicroelectronics:FreeRTOS:0.0.1:STMicroelectronics:RTOS:FreeRTOS:Core:::10.2.0:
2025-07-28 13:17:10,242 [WARN] ModelIntegratedComponent:63 - No mode defined for component null
2025-07-28 13:17:10,242 [WARN] ModelIntegratedComponent:63 - No mode defined for component null
2025-07-28 13:17:10,242 [WARN] ModelIntegratedComponent:63 - No mode defined for component null
2025-07-28 13:17:10,242 [WARN] ModelIntegratedComponent:63 - No mode defined for component null
2025-07-28 13:17:10,242 [WARN] ModelIntegratedComponent:63 - No mode defined for component null
2025-07-28 13:17:10,243 [WARN] ModelIntegratedComponent:63 - No mode defined for component null
2025-07-28 13:17:10,243 [WARN] ModelIntegratedComponent:63 - No mode defined for component null
2025-07-28 13:17:10,243 [WARN] ModelIntegratedComponent:63 - No mode defined for component null
2025-07-28 13:17:10,243 [WARN] ModelIntegratedComponent:63 - No mode defined for component null
2025-07-28 13:17:10,243 [WARN] ModelIntegratedComponent:63 - No mode defined for component null
2025-07-28 13:17:10,243 [WARN] ModelIntegratedComponent:63 - No mode defined for component null
2025-07-28 13:17:10,243 [WARN] ModelIntegratedComponent:63 - No mode defined for component null
2025-07-28 13:17:10,243 [WARN] ModelIntegratedComponent:63 - No mode defined for component null
2025-07-28 13:17:10,243 [WARN] ModelIntegratedComponent:63 - No mode defined for component null
2025-07-28 13:17:10,243 [WARN] ModelIntegratedComponent:63 - No mode defined for component null
2025-07-28 13:17:10,243 [WARN] ModelIntegratedComponent:63 - No mode defined for component null
2025-07-28 13:17:10,243 [WARN] ModelIntegratedComponent:63 - No mode defined for component null
2025-07-28 13:17:10,243 [WARN] ModelIntegratedComponent:63 - No mode defined for component null
2025-07-28 13:17:10,243 [WARN] ModelIntegratedComponent:63 - No mode defined for component null
2025-07-28 13:17:10,243 [WARN] ModelIntegratedComponent:63 - No mode defined for component null
2025-07-28 13:17:10,243 [WARN] ModelIntegratedComponent:63 - No mode defined for component null
2025-07-28 13:17:10,243 [WARN] ModelIntegratedComponent:63 - No mode defined for component null
2025-07-28 13:17:10,243 [WARN] ModelIntegratedComponent:63 - No mode defined for component null
2025-07-28 13:17:10,243 [WARN] ModelIntegratedComponent:63 - No mode defined for component null
2025-07-28 13:17:10,244 [WARN] ModelIntegratedComponent:63 - No mode defined for component null
2025-07-28 13:17:10,244 [WARN] ModelIntegratedComponent:63 - No mode defined for component null
2025-07-28 13:17:10,244 [WARN] ModelIntegratedComponent:63 - No mode defined for component null
2025-07-28 13:17:10,244 [WARN] ModelIntegratedComponent:63 - No mode defined for component null
2025-07-28 13:17:10,244 [WARN] ModelIntegratedComponent:63 - No mode defined for component null
2025-07-28 13:17:10,244 [WARN] ModelIntegratedComponent:63 - No mode defined for component null
2025-07-28 13:17:10,244 [WARN] ModelIntegratedComponent:63 - No mode defined for component null
2025-07-28 13:17:10,244 [WARN] ModelIntegratedComponent:63 - No mode defined for component null
2025-07-28 13:17:10,244 [WARN] ModelIntegratedComponent:63 - No mode defined for component null
2025-07-28 13:17:10,244 [WARN] ModelIntegratedComponent:63 - No mode defined for component null
2025-07-28 13:17:10,244 [WARN] ModelIntegratedComponent:63 - No mode defined for component null
2025-07-28 13:17:10,244 [WARN] ModelPack:524 - Component already loaded: STMicroelectronics:HAL Drivers:0.0.0:STMicroelectronics:Device:STMicro_Driver:XSPI:HAL::0.0.1:HAL_XSPI
2025-07-28 13:17:10,444 [INFO] ThirdPartyModel:298 - Start build external matchings
2025-07-28 13:17:11,996 [INFO] ThirdPartyModel:316 - End build external matchings
2025-07-28 13:17:12,023 [INFO] ImportTextPane:218 - (OptionalMessage_ERROR) IP (RCC) : Parameter (ADCFreqValue) has invalid value (32000000)
2025-07-28 13:17:12,023 [INFO] ImportTextPane:218 - (OptionalMessage_ERROR) IP (RCC) : Invalid parameter (FamilyName)
2025-07-28 13:17:12,023 [INFO] ImportTextPane:218 - (OptionalMessage_ERROR) IP (RCC) : Parameter (MCOFreq_Value) has invalid value (64000000)
2025-07-28 13:17:12,024 [INFO] ImportTextPane:218 - (OptionalMessage_ERROR) IP (RCC) : Parameter (USBFreq_Value) has invalid value (64000000)
2025-07-28 13:17:12,279 [INFO] UtilMem:75 - End LoadConfig() Used Memory: 903661352 Bytes (1073741824)
2025-07-28 13:17:12,336 [WARN] ThirdParty:833 - waiting for thirdparty lock release [change project]
2025-07-28 13:17:12,336 [INFO] ThirdParty:835 - entering critical section [change project]
2025-07-28 13:17:12,336 [INFO] ThirdParty:1030 - CMSIS Pack Vendor :STMicroelectronics X-CUBE-PM33A1 1.0.0
2025-07-28 13:17:12,336 [INFO] ThirdParty:1030 - CMSIS Pack Vendor :STMicroelectronics USBPD 4.1
2025-07-28 13:17:12,336 [INFO] ThirdParty:1030 - CMSIS Pack Vendor :STMicroelectronics X-CUBE-AZRTOS-H7 3.3.0
2025-07-28 13:17:12,336 [INFO] ThirdParty:1030 - CMSIS Pack Vendor :STMicroelectronics X-CUBE-NFC9 1.0.0
2025-07-28 13:17:12,336 [INFO] ThirdParty:1030 - CMSIS Pack Vendor :STMicroelectronics USB_HOST 2.0.0
2025-07-28 13:17:12,336 [INFO] ThirdParty:1030 - CMSIS Pack Vendor :STMicroelectronics FP-SNS-MOTENVWB1 1.4.0
2025-07-28 13:17:12,336 [INFO] ThirdParty:1030 - CMSIS Pack Vendor :STMicroelectronics X-CUBE-AZRTOS-F4 1.1.0
2025-07-28 13:17:12,337 [INFO] ThirdParty:1030 - CMSIS Pack Vendor :STMicroelectronics LIBJPEG 8.0.0
2025-07-28 13:17:12,337 [INFO] ThirdParty:1030 - CMSIS Pack Vendor :STMicroelectronics FP-ATR-ASTRA1 2.0.2
2025-07-28 13:17:12,337 [INFO] ThirdParty:1030 - CMSIS Pack Vendor :STMicroelectronics X-CUBE-BLE1 7.1.0
2025-07-28 13:17:12,337 [INFO] ThirdParty:1030 - CMSIS Pack Vendor :Avnet-IotConnect X-CUBE-IoTC-DA16k-PMOD 1.0.0
2025-07-28 13:17:12,337 [INFO] ThirdParty:1030 - CMSIS Pack Vendor :STMicroelectronics X-CUBE-SMBUS 2.1.0
2025-07-28 13:17:12,337 [INFO] ThirdParty:1030 - CMSIS Pack Vendor :STMicroelectronics X-CUBE-WB05N 1.1.0
2025-07-28 13:17:12,338 [INFO] ThirdParty:1030 - CMSIS Pack Vendor :wolfSSL I-CUBE-wolfMQTT 1.19.2
2025-07-28 13:17:12,338 [INFO] ThirdParty:1030 - CMSIS Pack Vendor :STMicroelectronics USB_DEVICE 3.0.0
2025-07-28 13:17:12,338 [INFO] ThirdParty:1030 - CMSIS Pack Vendor :STMicroelectronics X-CUBE-ISPU 2.1.0
2025-07-28 13:17:12,338 [INFO] ThirdParty:1030 - CMSIS Pack Vendor :STMicroelectronics X-CUBE-EEPRMA1 5.2.0
2025-07-28 13:17:12,338 [INFO] ThirdParty:1030 - CMSIS Pack Vendor :STMicroelectronics X-CUBE-BLEMGR 4.1.0
2025-07-28 13:17:12,339 [INFO] ThirdParty:1030 - CMSIS Pack Vendor :STMicroelectronics X-CUBE-AZRTOS-WB 2.0.0
2025-07-28 13:17:12,339 [INFO] ThirdParty:1030 - CMSIS Pack Vendor :STMicroelectronics X-CUBE-ST60 1.0.0
2025-07-28 13:17:12,339 [INFO] ThirdParty:1030 - CMSIS Pack Vendor :STMicroelectronics X-CUBE-GNSS1 7.0.1
2025-07-28 13:17:12,339 [INFO] ThirdParty:1030 - CMSIS Pack Vendor :STMicroelectronics X-CUBE-NFC12 1.0.0
2025-07-28 13:17:12,339 [INFO] ThirdParty:1030 - CMSIS Pack Vendor :STMicroelectronics X-CUBE-AZRTOS-F7 1.1.0
2025-07-28 13:17:12,340 [INFO] ThirdParty:1030 - CMSIS Pack Vendor :STMicroelectronics X-CUBE-AZRTOS-L5 2.0.0
2025-07-28 13:17:12,340 [INFO] ThirdParty:1030 - CMSIS Pack Vendor :STMicroelectronics X-CUBE-TOUCHGFX 4.25.0
2025-07-28 13:17:12,340 [INFO] ThirdParty:1030 - CMSIS Pack Vendor :STMicroelectronics USB_DEVICE 2.0.0
2025-07-28 13:17:12,340 [INFO] ThirdParty:1030 - CMSIS Pack Vendor :STMicroelectronics X-CUBE-NFC6 3.1.0
2025-07-28 13:17:12,340 [INFO] ThirdParty:1030 - CMSIS Pack Vendor :STMicroelectronics X-CUBE-AI 10.1.0
2025-07-28 13:17:12,340 [INFO] ThirdParty:1030 - CMSIS Pack Vendor :STMicroelectronics FP-SNS-STBOX1 2.0.0
2025-07-28 13:17:12,340 [INFO] ThirdParty:1030 - CMSIS Pack Vendor :STMicroelectronics X-CUBE-MEMS1 11.2.0
2025-07-28 13:17:12,340 [INFO] ThirdParty:1030 - CMSIS Pack Vendor :STMicroelectronics FreeRTOS 0.0.1
2025-07-28 13:17:12,340 [INFO] ThirdParty:1030 - CMSIS Pack Vendor :STMicroelectronics X-CUBE-AZRTOS-G0 1.1.0
2025-07-28 13:17:12,340 [INFO] ThirdParty:1030 - CMSIS Pack Vendor :STMicroelectronics X-CUBE-SAFEA1 1.2.2
2025-07-28 13:17:12,340 [INFO] ThirdParty:1030 - CMSIS Pack Vendor :STMicroelectronics X-CUBE-NFC4 3.0.0
2025-07-28 13:17:12,340 [INFO] ThirdParty:1030 - CMSIS Pack Vendor :STMicroelectronics X-CUBE-DPower 1.2.0
2025-07-28 13:17:12,340 [INFO] ThirdParty:1030 - CMSIS Pack Vendor :STMicroelectronics X-CUBE-SUBG2 5.0.0
2025-07-28 13:17:12,340 [INFO] ThirdParty:1030 - CMSIS Pack Vendor :STMicroelectronics X-CUBE-AZRTOS-H7RS 1.1.0
2025-07-28 13:17:12,340 [INFO] ThirdParty:1030 - CMSIS Pack Vendor :STMicroelectronics STM32_WPAN 1.0.0
2025-07-28 13:17:12,340 [INFO] ThirdParty:1030 - CMSIS Pack Vendor :EmbeddedOffice I-CUBE-FS-RTOS 1.0.1
2025-07-28 13:17:12,340 [INFO] ThirdParty:1030 - CMSIS Pack Vendor :STMicroelectronics lwIP 2.0.3
2025-07-28 13:17:12,341 [INFO] ThirdParty:1030 - CMSIS Pack Vendor :Cesanta I-CUBE-Mongoose 7.13.0
2025-07-28 13:17:12,341 [INFO] ThirdParty:1030 - CMSIS Pack Vendor :STMicroelectronics USB_HOST 1.0.0
2025-07-28 13:17:12,341 [INFO] ThirdParty:1030 - CMSIS Pack Vendor :Infineon AIROC-Wi-Fi-Bluetooth-STM32 1.7.0
2025-07-28 13:17:12,341 [INFO] ThirdParty:1030 - CMSIS Pack Vendor :STMicroelectronics X-CUBE-AZRTOS-G4 2.0.0
2025-07-28 13:17:12,341 [INFO] ThirdParty:1030 - CMSIS Pack Vendor :STMicroelectronics X-CUBE-WB05N 2.0.0
2025-07-28 13:17:12,341 [INFO] ThirdParty:1030 - CMSIS Pack Vendor :STMicroelectronics PDM2PCM 3.1.0
2025-07-28 13:17:12,341 [INFO] ThirdParty:1030 - CMSIS Pack Vendor :STMicroelectronics PDM2PCM 3.3.0
2025-07-28 13:17:12,341 [INFO] ThirdParty:1030 - CMSIS Pack Vendor :wolfSSL I-CUBE-wolfTPM 3.8.0
2025-07-28 13:17:12,341 [INFO] ThirdParty:1030 - CMSIS Pack Vendor :STMicroelectronics X-CUBE-AZRTOS-H7 3.4.0
2025-07-28 13:17:12,341 [INFO] ThirdParty:1030 - CMSIS Pack Vendor :STMicroelectronics X-CUBE-DISPLAY 3.0.0
2025-07-28 13:17:12,341 [INFO] ThirdParty:1030 - CMSIS Pack Vendor :wolfSSL I-CUBE-wolfSSH 1.4.20
2025-07-28 13:17:12,341 [INFO] ThirdParty:1030 - CMSIS Pack Vendor :STMicroelectronics X-CUBE-NFC7 2.0.0
2025-07-28 13:17:12,341 [INFO] ThirdParty:1030 - CMSIS Pack Vendor :STMicroelectronics X-CUBE-TCPP 4.2.0
2025-07-28 13:17:12,341 [INFO] ThirdParty:1030 - CMSIS Pack Vendor :RealThread X-CUBE-RT-Thread_Nano 4.1.1
2025-07-28 13:17:12,342 [INFO] ThirdParty:1030 - CMSIS Pack Vendor :STMicroelectronics FP-ATR-SIGFOX1 3.2.0
2025-07-28 13:17:12,342 [INFO] ThirdParty:1030 - CMSIS Pack Vendor :STMicroelectronics X-CUBE-NFC10 1.0.0
2025-07-28 13:17:12,342 [INFO] ThirdParty:1030 - CMSIS Pack Vendor :STMicroelectronics X-CUBE-BLEMGR 4.0.0
2025-07-28 13:17:12,342 [INFO] ThirdParty:1030 - CMSIS Pack Vendor :STMicroelectronics X-CUBE-EEPRMA1 5.1.0
2025-07-28 13:17:12,342 [INFO] ThirdParty:1030 - CMSIS Pack Vendor :STMicroelectronics X-CUBE-FREERTOS 1.3.1
2025-07-28 13:17:12,342 [INFO] ThirdParty:1030 - CMSIS Pack Vendor :STMicroelectronics HAL Drivers 0.0.0
2025-07-28 13:17:12,342 [INFO] ThirdParty:1030 - CMSIS Pack Vendor :STMicroelectronics MBEDTLS 2.16.2
2025-07-28 13:17:12,342 [INFO] ThirdParty:1030 - CMSIS Pack Vendor :STMicroelectronics X-CUBE-IPS 3.1.0
2025-07-28 13:17:12,342 [INFO] ThirdParty:1030 - CMSIS Pack Vendor :STMicroelectronics X-CUBE-ALS 1.0.2
2025-07-28 13:17:12,342 [INFO] ThirdParty:1030 - CMSIS Pack Vendor :emotas I-CUBE-CANOPEN 1.3.0
2025-07-28 13:17:12,342 [INFO] ThirdParty:1030 - CMSIS Pack Vendor :STMicroelectronics X-CUBE-FREERTOS 1.3.0
2025-07-28 13:17:12,342 [INFO] ThirdParty:1030 - CMSIS Pack Vendor :STMicroelectronics X-CUBE-NFC7 1.0.1
2025-07-28 13:17:12,342 [INFO] ThirdParty:1030 - CMSIS Pack Vendor :STMicroelectronics MBEDTLS 2.14.1
2025-07-28 13:17:12,342 [INFO] ThirdParty:1030 - CMSIS Pack Vendor :wolfSSL I-CUBE-wolfSSL 5.7.6
2025-07-28 13:17:12,342 [INFO] ThirdParty:1030 - CMSIS Pack Vendor :ITTIA_DB I-CUBE-ITTIADB 8.9.0
2025-07-28 13:17:12,342 [INFO] ThirdParty:1030 - CMSIS Pack Vendor :portGmbH I-Cube-SoM-uGOAL 1.1.0
2025-07-28 13:17:12,342 [INFO] ThirdParty:1030 - CMSIS Pack Vendor :quantropi X-CUBE-qispace-sdk-base 2.0.0
2025-07-28 13:17:12,342 [INFO] ThirdParty:1030 - CMSIS Pack Vendor :STMicroelectronics X-CUBE-AI 10.0.0
2025-07-28 13:17:12,343 [INFO] ThirdParty:1030 - CMSIS Pack Vendor :STMicroelectronics X-CUBE-ST67W61 1.0.0
2025-07-28 13:17:12,343 [INFO] ThirdParty:1030 - CMSIS Pack Vendor :STMicroelectronics FP-SNS-STAIOTCFT 1.0.0
2025-07-28 13:17:12,343 [INFO] ThirdParty:1030 - CMSIS Pack Vendor :STMicroelectronics ThreadX 1.0.0
2025-07-28 13:17:12,343 [INFO] ThirdParty:1030 - CMSIS Pack Vendor :STMicroelectronics FP-SNS-SMARTAG2 1.2.0
2025-07-28 13:17:12,343 [INFO] ThirdParty:1030 - CMSIS Pack Vendor :STMicroelectronics FP-SNS-FLIGHT1 5.1.0
2025-07-28 13:17:12,343 [INFO] ThirdParty:1030 - CMSIS Pack Vendor :STMicroelectronics X-CUBE-MEMS1 11.1.0
2025-07-28 13:17:12,343 [INFO] ThirdParty:1030 - CMSIS Pack Vendor :STMicroelectronics X-CUBE-AZRTOS-WL 2.0.0
2025-07-28 13:17:12,343 [INFO] ThirdParty:1030 - CMSIS Pack Vendor :SEGGER I-CUBE-embOS 1.3.1
2025-07-28 13:17:12,343 [INFO] ThirdParty:1030 - CMSIS Pack Vendor :STMicroelectronics X-CUBE-ALGOBUILD 1.4.0
2025-07-28 13:17:12,343 [INFO] ThirdParty:1030 - CMSIS Pack Vendor :STMicroelectronics X-CUBE-DPower 1.3.0
2025-07-28 13:17:12,343 [INFO] ThirdParty:1030 - CMSIS Pack Vendor :STMicroelectronics X-CUBE-MEMS1 11.3.0
2025-07-28 13:17:12,343 [INFO] ThirdParty:1030 - CMSIS Pack Vendor :STMicroelectronics FP-SNS-MOTENV1 5.0.0
2025-07-28 13:17:12,343 [INFO] ThirdParty:1030 - CMSIS Pack Vendor :STMicroelectronics USB_DEVICE 1.0.0
2025-07-28 13:17:12,343 [INFO] ThirdParty:1030 - CMSIS Pack Vendor :STMicroelectronics X-CUBE-AZRTOS-L4 2.0.0
2025-07-28 13:17:12,343 [INFO] ThirdParty:1030 - CMSIS Pack Vendor :STMicroelectronics ThreadX 0.0.2
2025-07-28 13:17:12,343 [INFO] ThirdParty:1030 - CMSIS Pack Vendor :WES I-CUBE-Cesium 1.3.0
2025-07-28 13:17:12,343 [INFO] ThirdParty:1030 - CMSIS Pack Vendor :STMicroelectronics lwIP 2.1.2
2025-07-28 13:17:12,343 [INFO] ThirdParty:1030 - CMSIS Pack Vendor :STMicroelectronics X-CUBE-SFXS2LP1 4.0.0
2025-07-28 13:17:12,343 [INFO] ThirdParty:1030 - CMSIS Pack Vendor :STMicroelectronics X-CUBE-BLE2 3.3.0
2025-07-28 13:17:12,343 [INFO] ThirdParty:1030 - CMSIS Pack Vendor :STMicroelectronics X-CUBE-TOF1 3.4.2
2025-07-28 13:17:12,343 [INFO] ThirdParty:1030 - CMSIS Pack Vendor :STMicroelectronics X-CUBE-TOF1 3.4.3
2025-07-28 13:17:12,343 [INFO] ThirdParty:1030 - CMSIS Pack Vendor :STMicroelectronics PDM2PCM 3.2.0
2025-07-28 13:17:12,344 [INFO] ThirdParty:841 - exiting critical section [change project]
2025-07-28 13:17:12,461 [INFO] PinOutPanel:1589 - setPackage(No Configuration,No Configuration)
2025-07-28 13:17:12,462 [INFO] PinOutPanel:1589 - setPackage(STM32F103RBTx,LQFP64)
2025-07-28 13:17:12,643 [INFO] UtilMem:75 - Before build in PCC Used Memory: 972667016 Bytes (1073741824)
2025-07-28 13:17:12,890 [INFO] UtilMem:75 - After build in PCC Used Memory: 759364888 Bytes (1073741824)
2025-07-28 13:17:12,914 [INFO] IPUIPlugin:80 - create IPUIPlugin
2025-07-28 13:17:12,914 [INFO] IPUIPlugin:80 - create IPUIPlugin
2025-07-28 13:17:12,914 [INFO] IPUIPlugin:80 - create IPUIPlugin
2025-07-28 13:17:12,915 [INFO] IPUIPlugin:80 - create IPUIPlugin
2025-07-28 13:17:12,915 [INFO] IPUIPlugin:80 - create IPUIPlugin
2025-07-28 13:17:12,915 [INFO] IPUIPlugin:80 - create IPUIPlugin
2025-07-28 13:17:12,915 [INFO] IPUIPlugin:80 - create IPUIPlugin
2025-07-28 13:17:12,915 [INFO] IPUIPlugin:80 - create IPUIPlugin
2025-07-28 13:17:12,915 [INFO] IPUIPlugin:80 - create IPUIPlugin
2025-07-28 13:17:12,916 [INFO] IPUIPlugin:80 - create IPUIPlugin
2025-07-28 13:17:12,916 [INFO] IPUIPlugin:80 - create IPUIPlugin
2025-07-28 13:17:12,916 [INFO] IPUIPlugin:80 - create IPUIPlugin
2025-07-28 13:17:12,916 [INFO] IPUIPlugin:80 - create IPUIPlugin
2025-07-28 13:17:12,916 [INFO] IPUIPlugin:80 - create IPUIPlugin
2025-07-28 13:17:12,916 [INFO] IPUIPlugin:80 - create IPUIPlugin
2025-07-28 13:17:12,917 [INFO] IPUIPlugin:80 - create IPUIPlugin
2025-07-28 13:17:12,917 [INFO] IPUIPlugin:80 - create IPUIPlugin
2025-07-28 13:17:12,917 [INFO] IPUIPlugin:80 - create IPUIPlugin
2025-07-28 13:17:12,917 [INFO] IPUIPlugin:80 - create IPUIPlugin
2025-07-28 13:17:12,917 [INFO] IPUIPlugin:80 - create IPUIPlugin
2025-07-28 13:17:12,918 [INFO] IPUIPlugin:80 - create IPUIPlugin
2025-07-28 13:17:12,918 [INFO] IPUIPlugin:80 - create IPUIPlugin
2025-07-28 13:17:12,918 [INFO] IPUIPlugin:80 - create IPUIPlugin
2025-07-28 13:17:12,918 [INFO] IPUIPlugin:80 - create IPUIPlugin
2025-07-28 13:17:12,919 [INFO] IPUIPlugin:80 - create IPUIPlugin
2025-07-28 13:17:12,919 [INFO] IPUIPlugin:80 - create IPUIPlugin
2025-07-28 13:17:12,919 [INFO] IPUIPlugin:80 - create IPUIPlugin
2025-07-28 13:17:12,922 [WARN] IP:2251 - I2C_Coeff_DF not found: check if there is a RefParameter without a condition.
2025-07-28 13:17:12,922 [WARN] IP:2251 - Analog_Filter not found: check if there is a RefParameter without a condition.
2025-07-28 13:17:12,984 [INFO] CADModel:165 - CPN selected for project levelSTM32F103RBT6
2025-07-28 13:17:12,985 [INFO] CADModel:114 - Register for checkConnection events
2025-07-28 13:17:13,059 [INFO] OpenFileManager:363 - Restore cursor
2025-07-28 13:17:13,278 [WARN] IP:2251 - I2C_Coeff_DF not found: check if there is a RefParameter without a condition.
2025-07-28 13:17:13,278 [WARN] IP:2251 - Analog_Filter not found: check if there is a RefParameter without a condition.
2025-07-28 13:17:13,278 [WARN] IP:2251 - I2C_Coeff_DF not found: check if there is a RefParameter without a condition.
2025-07-28 13:17:13,278 [WARN] IP:2251 - Analog_Filter not found: check if there is a RefParameter without a condition.
2025-07-28 13:17:17,064 [INFO] NvicIntPanel:101 - NVIC parent = com.st.microxplorer.plugins.ip.nvic.MultiNvicIntPanel[,0,0,0x0,invalid,layout=javax.swing.BoxLayout,alignmentX=0.0,alignmentY=0.0,border=,flags=9,maximumSize=,minimumSize=,preferredSize=]
2025-07-28 13:17:29,418 [INFO] NvicIntPanel:101 - NVIC parent = com.st.microxplorer.plugins.ip.nvic.MultiNvicIntPanel[,0,0,0x0,invalid,layout=javax.swing.BoxLayout,alignmentX=0.0,alignmentY=0.0,border=,flags=9,maximumSize=,minimumSize=,preferredSize=]
2025-07-28 13:18:36,789 [INFO] NvicIntPanel:101 - NVIC parent = com.st.microxplorer.plugins.ip.nvic.MultiNvicIntPanel[,0,0,0x0,invalid,layout=javax.swing.BoxLayout,alignmentX=0.0,alignmentY=0.0,border=,flags=9,maximumSize=,minimumSize=,preferredSize=]
2025-07-28 13:19:02,631 [INFO] UtilMem:75 - End SaveConfig() Used Memory: 786095392 Bytes (1073741824)
2025-07-28 13:19:03,336 [INFO] UtilMem:75 - End SaveConfig() Used Memory: 800153080 Bytes (1073741824)
2025-07-28 13:19:05,771 [INFO] UtilMem:75 - End SaveConfig() Used Memory: 922314096 Bytes (1073741824)
2025-07-28 13:19:06,091 [INFO] BlockDiagram:2766 - set Specific Code input for plugin: NVIC
2025-07-28 13:19:06,091 [INFO] BlockDiagram:2766 - set Specific Code input for plugin: USART
2025-07-28 13:19:06,091 [INFO] BlockDiagram:2766 - set Specific Code input for plugin: TIM1_8F1
2025-07-28 13:19:06,091 [INFO] BlockDiagram:2766 - set Specific Code input for plugin: SYS
2025-07-28 13:19:06,091 [INFO] BlockDiagram:2766 - set Specific Code input for plugin: GPIO
2025-07-28 13:19:06,091 [INFO] BlockDiagram:2766 - set Specific Code input for plugin: RCC
2025-07-28 13:19:06,092 [INFO] BlockDiagram:2766 - set Specific Code input for plugin: I2C
2025-07-28 13:19:06,093 [INFO] CodeGenerator:896 - code generatio: config db path: C:\ST\STM32CubeIDE_1.17.0\STM32CubeIDE\plugins\com.st.stm32cube.common.mx_6.13.0.202411220809\\db\
2025-07-28 13:19:06,095 [WARN] IP:2251 - I2C_Coeff_DF not found: check if there is a RefParameter without a condition.
2025-07-28 13:19:06,095 [WARN] IP:2251 - Analog_Filter not found: check if there is a RefParameter without a condition.
2025-07-28 13:19:06,313 [INFO] CodeEngine:255 - oldGeneratedFile, C:\Users\Santiago\Desktop\facu\2025c1\TPF_TDSE\Pruebas_workspace\MdeE\MXTmpFiles\license.tmp_save
2025-07-28 13:19:06,507 [INFO] CodeEngine:279 - Generated code: C:\Users\Santiago\Desktop\facu\2025c1\TPF_TDSE\Pruebas_workspace\MdeE\MXTmpFiles\license.tmp
2025-07-28 13:19:06,619 [INFO] CodeEngine:255 - oldGeneratedFile, C:\Users\Santiago\Desktop\facu\2025c1\TPF_TDSE\Pruebas_workspace\MdeE\MXTmpFiles\gpio.tmp_save
2025-07-28 13:19:06,817 [INFO] CodeEngine:279 - Generated code: C:\Users\Santiago\Desktop\facu\2025c1\TPF_TDSE\Pruebas_workspace\MdeE\MXTmpFiles\gpio.tmp
2025-07-28 13:19:07,101 [INFO] CodeEngine:255 - oldGeneratedFile, C:\Users\Santiago\Desktop\facu\2025c1\TPF_TDSE\Pruebas_workspace\MdeE\Core\Src\stm32f1xx_it.c_save
2025-07-28 13:19:07,422 [INFO] CodeEngine:279 - Generated code: C:\Users\Santiago\Desktop\facu\2025c1\TPF_TDSE\Pruebas_workspace\MdeE\Core\Src\stm32f1xx_it.c
2025-07-28 13:19:07,462 [INFO] CodeEngine:255 - oldGeneratedFile, C:\Users\Santiago\Desktop\facu\2025c1\TPF_TDSE\Pruebas_workspace\MdeE\Core\Inc\stm32f1xx_it.h_save
2025-07-28 13:19:07,664 [INFO] CodeEngine:279 - Generated code: C:\Users\Santiago\Desktop\facu\2025c1\TPF_TDSE\Pruebas_workspace\MdeE\Core\Inc\stm32f1xx_it.h
2025-07-28 13:19:07,719 [INFO] CodeEngine:255 - oldGeneratedFile, C:\Users\Santiago\Desktop\facu\2025c1\TPF_TDSE\Pruebas_workspace\MdeE\Core\Src\stm32f1xx_hal_msp.c_save
2025-07-28 13:19:07,989 [INFO] CodeEngine:279 - Generated code: C:\Users\Santiago\Desktop\facu\2025c1\TPF_TDSE\Pruebas_workspace\MdeE\Core\Src\stm32f1xx_hal_msp.c
2025-07-28 13:19:07,997 [INFO] CodeEngine:255 - oldGeneratedFile, C:\Users\Santiago\Desktop\facu\2025c1\TPF_TDSE\Pruebas_workspace\MdeE\MXTmpFiles\system.tmp_save
2025-07-28 13:19:08,125 [INFO] CodeEngine:279 - Generated code: C:\Users\Santiago\Desktop\facu\2025c1\TPF_TDSE\Pruebas_workspace\MdeE\MXTmpFiles\system.tmp
2025-07-28 13:19:08,172 [INFO] CodeEngine:311 - oldGeneratedFile, C:\Users\Santiago\Desktop\facu\2025c1\TPF_TDSE\Pruebas_workspace\MdeE\Core\Inc\stm32f1xx_hal_conf.h_save
2025-07-28 13:19:08,403 [INFO] CodeEngine:335 - Generated code: C:\Users\Santiago\Desktop\facu\2025c1\TPF_TDSE\Pruebas_workspace\MdeE\Core\Inc\stm32f1xx_hal_conf.h
2025-07-28 13:19:08,458 [INFO] ApiDbMcu:508 - Load IP Config File for I2C1
2025-07-28 13:19:08,478 [INFO] ApiDbMcu:508 - Load IP Config File for TIM2
2025-07-28 13:19:08,484 [INFO] ApiDbMcu:508 - Load IP Config File for USART2
2025-07-28 13:19:08,487 [INFO] ApiDbMcu:508 - Load IP Config File for RCC
2025-07-28 13:19:08,489 [WARN] IPConfigManager:3618 - IP not found : TIM
2025-07-28 13:19:08,490 [WARN] CodeGenerator:4152 - IP not found : null
2025-07-28 13:19:08,529 [INFO] CodeEngine:255 - oldGeneratedFile, C:\Users\Santiago\Desktop\facu\2025c1\TPF_TDSE\Pruebas_workspace\MdeE\Core\Inc\main.h_save
2025-07-28 13:19:08,710 [INFO] CodeEngine:279 - Generated code: C:\Users\Santiago\Desktop\facu\2025c1\TPF_TDSE\Pruebas_workspace\MdeE\Core\Inc\main.h
2025-07-28 13:19:08,745 [INFO] CodeEngine:255 - oldGeneratedFile, C:\Users\Santiago\Desktop\facu\2025c1\TPF_TDSE\Pruebas_workspace\MdeE\Core\Src\main.c_save
2025-07-28 13:19:09,048 [INFO] CodeEngine:279 - Generated code: C:\Users\Santiago\Desktop\facu\2025c1\TPF_TDSE\Pruebas_workspace\MdeE\Core\Src\main.c
2025-07-28 13:19:09,889 [INFO] ProjectBuilder:3289 - Time for Copy HAL[1] : 331mS.
2025-07-28 13:19:09,897 [INFO] ProjectBuilder:4876 - Project Generator version: 4.5.0-RC5
2025-07-28 13:19:10,096 [INFO] ConfigFileManager:1579 - The Die is : DIE410
2025-07-28 13:19:10,101 [INFO] ApiDbMcu:508 - Load IP Config File for FATFS
2025-07-28 13:19:10,108 [INFO] ApiDbMcu:508 - Load IP Config File for FREERTOS
2025-07-28 13:19:10,119 [INFO] ApiDbMcu:508 - Load IP Config File for USB_DEVICE
2025-07-28 13:19:13,922 [INFO] ProjectBuilder:5154 - Time for Generating toolchain IDE Files: 4025mS.
2025-07-28 13:19:13,924 [INFO] ProjectBuilder:3146 - Time for Copy CMSIS : 1mS.
2025-07-28 13:19:13,930 [INFO] ProjectBuilder:3146 - Time for Copy CMSIS : 0mS.
2025-07-28 13:29:41,177 [INFO] WebApp:190 - Connection lost
2025-07-28 13:29:54,531 [INFO] WebApp:187 - Connection restablished
2025-07-28 14:24:37,068 [INFO] WebApp:190 - Connection lost
2025-07-28 14:24:50,228 [INFO] WebApp:187 - Connection restablished
2025-07-28 15:54:13,712 [INFO] MainUpdater:2872 - connection check result : 10
2025-07-28 15:54:13,718 [INFO] MainUpdater:2872 - connection check result : 10
2025-07-28 15:54:14,367 [INFO] MicroXplorer:468 - Change Database Path : 
2025-07-28 15:54:14,367 [INFO] MicroXplorer:498 - Change Database Version : DB.6.0.130
2025-07-28 15:54:14,677 [ERROR] ProjectManagerView:394 - 
java.lang.NullPointerException: Cannot invoke "javax.swing.JTextField.getText()" because the return value of "java.util.List.get(int)" is null
	at com.st.microxplorer.plugins.projectmanager.gui.ProjectChoiceTab$9.caretUpdate(ProjectChoiceTab.java:2616) ~[filemanager.jar:?]
	at javax.swing.text.JTextComponent.fireCaretUpdate(JTextComponent.java:408) ~[?:?]
	at javax.swing.text.JTextComponent$MutableCaretEvent.fire(JTextComponent.java:4484) ~[?:?]
	at javax.swing.text.JTextComponent$MutableCaretEvent.stateChanged(JTextComponent.java:4506) ~[?:?]
	at javax.swing.text.DefaultCaret.fireStateChanged(DefaultCaret.java:857) ~[?:?]
	at javax.swing.text.DefaultCaret.changeCaretPosition(DefaultCaret.java:1343) ~[?:?]
	at javax.swing.text.DefaultCaret.handleSetDot(DefaultCaret.java:1242) ~[?:?]
	at javax.swing.text.DefaultCaret.setDot(DefaultCaret.java:1223) ~[?:?]
	at javax.swing.text.DefaultCaret$Handler.insertUpdate(DefaultCaret.java:1819) ~[?:?]
	at javax.swing.text.AbstractDocument.fireInsertUpdate(AbstractDocument.java:227) ~[?:?]
	at javax.swing.text.AbstractDocument.handleInsertString(AbstractDocument.java:781) ~[?:?]
	at javax.swing.text.AbstractDocument.insertString(AbstractDocument.java:740) ~[?:?]
	at javax.swing.text.PlainDocument.insertString(PlainDocument.java:131) ~[?:?]
	at javax.swing.text.AbstractDocument.replace(AbstractDocument.java:699) ~[?:?]
	at javax.swing.text.JTextComponent.setText(JTextComponent.java:1725) ~[?:?]
	at com.st.microxplorer.plugins.projectmanager.gui.ProjectChoiceTab.createHeapStackFields(ProjectChoiceTab.java:975) ~[filemanager.jar:?]
	at com.st.microxplorer.plugins.projectmanager.gui.ProjectChoiceTab.buildLinkSettingsPanel(ProjectChoiceTab.java:3666) ~[filemanager.jar:?]
	at com.st.microxplorer.plugins.projectmanager.gui.ProjectChoiceTab.defineWindowsFields(ProjectChoiceTab.java:1934) ~[filemanager.jar:?]
	at com.st.microxplorer.plugins.projectmanager.gui.ProjectChoiceTab.updateSettings(ProjectChoiceTab.java:553) ~[filemanager.jar:?]
	at com.st.microxplorer.plugins.projectmanager.gui.ProjectSettingsPanel.UpdateDialog(ProjectSettingsPanel.java:245) ~[filemanager.jar:?]
	at com.st.microxplorer.plugins.projectmanager.ProjectManagerView.propertyChange(ProjectManagerView.java:391) ~[filemanager.jar:?]
	at java.beans.PropertyChangeSupport.fire(PropertyChangeSupport.java:343) ~[?:?]
	at java.beans.PropertyChangeSupport.firePropertyChange(PropertyChangeSupport.java:335) ~[?:?]
	at java.beans.PropertyChangeSupport.firePropertyChange(PropertyChangeSupport.java:268) ~[?:?]
	at com.st.microxplorer.util.MXPropertyChangeSupport.firePropertyChange(MXPropertyChangeSupport.java:54) ~[STM32CubeMX.jar:?]
	at com.st.microxplorer.mxsystem.MxSystem.closeConfig(MxSystem.java:899) ~[STM32CubeMX.jar:?]
	at com.st.microxplorer.maingui.MainPanel.closeConfig(MainPanel.java:789) ~[STM32CubeMX.jar:?]
	at com.st.microxplorer.plugins.filemanager.engine.OpenFileManager.loadConfigurationFile(OpenFileManager.java:265) ~[filemanager.jar:?]
	at com.st.microxplorer.plugins.filemanager.engine.MainFileManager.userLoadConfig(MainFileManager.java:340) ~[filemanager.jar:?]
	at com.st.microxplorer.plugins.filemanager.engine.MainFileManager.userLoadConfig(MainFileManager.java:318) ~[filemanager.jar:?]
	at com.st.microxplorer.plugins.filemanager.FileManagerView.getSpecificTask(FileManagerView.java:246) ~[filemanager.jar:?]
	at com.st.stm32cube.common.mx.editor.CubeMxEditor.getMxTabbedPaneInstance(CubeMxEditor.java:1198) ~[com.st.stm32cube.common.mx_6.13.0.202411220809/:?]
	at com.st.stm32cube.common.mx.editor.CubeMxEditor$12$1.createSwingComponent(CubeMxEditor.java:1068) ~[com.st.stm32cube.common.mx_6.13.0.202411220809/:?]
	at com.st.stm32cube.common.mx.oss.core.awtswtbridge.EmbeddedSwingComposite.doComponentCreation(EmbeddedSwingComposite.java:492) ~[com.st.stm32cube.common.mx.oss_6.13.0.202411220809/:?]
	at com.st.stm32cube.common.mx.oss.core.awtswtbridge.EmbeddedSwingComposite$4.run(EmbeddedSwingComposite.java:291) ~[com.st.stm32cube.common.mx.oss_6.13.0.202411220809/:?]
	at com.st.stm32cube.common.mx.oss.core.awtswtbridge.AwtEnvironment$2.run(AwtEnvironment.java:166) ~[com.st.stm32cube.common.mx.oss_6.13.0.202411220809/:?]
	at java.awt.event.InvocationEvent.dispatch(InvocationEvent.java:318) ~[?:?]
	at java.awt.EventQueue.dispatchEventImpl(EventQueue.java:773) ~[?:?]
	at java.awt.EventQueue$4.run(EventQueue.java:720) ~[?:?]
	at java.awt.EventQueue$4.run(EventQueue.java:714) ~[?:?]
	at java.security.AccessController.doPrivileged(AccessController.java:400) ~[?:?]
	at java.security.ProtectionDomain$JavaSecurityAccessImpl.doIntersectionPrivilege(ProtectionDomain.java:87) ~[?:?]
	at java.awt.EventQueue.dispatchEvent(EventQueue.java:742) ~[?:?]
	at java.awt.EventDispatchThread.pumpOneEventForFilters(EventDispatchThread.java:203) ~[?:?]
	at java.awt.EventDispatchThread.pumpEventsForFilter(EventDispatchThread.java:124) ~[?:?]
	at java.awt.EventDispatchThread.pumpEventsForHierarchy(EventDispatchThread.java:113) ~[?:?]
	at java.awt.EventDispatchThread.pumpEvents(EventDispatchThread.java:109) ~[?:?]
	at java.awt.EventDispatchThread.pumpEvents(EventDispatchThread.java:101) ~[?:?]
	at java.awt.EventDispatchThread.run(EventDispatchThread.java:90) ~[?:?]
2025-07-28 15:54:14,688 [WARN] ThirdParty:871 - waiting for thirdparty lock release [close project]
2025-07-28 15:54:14,689 [INFO] ThirdParty:873 - entering critical section [close project]
2025-07-28 15:54:14,689 [INFO] ThirdParty:883 - exiting critical section [close project]
2025-07-28 15:54:14,705 [INFO] PinOutPanel:1589 - setPackage(No Configuration,No Configuration)
2025-07-28 15:54:14,794 [INFO] UtilMem:75 - Begin LoadConfig() Used Memory: 693470168 Bytes (1073741824)
2025-07-28 15:54:14,802 [INFO] MicroXplorer:468 - Change Database Path : 
2025-07-28 15:54:14,802 [INFO] MicroXplorer:498 - Change Database Version : DB.6.0.130
2025-07-28 15:54:14,803 [INFO] OpenFileManager:332 - Change cursor
2025-07-28 15:54:14,973 [INFO] RulesReader:64 - Compatibility file has been processed (297 Rules)
2025-07-28 15:54:15,066 [INFO] Mcu:2035 - Initializing MCU STM32F103R(8-B)Tx STM32F103RBTx STM32F103RBT6
2025-07-28 15:54:17,067 [INFO] Context:748 - Trying to add GPIOservice into a context  which must be forbidden
2025-07-28 15:54:20,918 [INFO] RtosManager:555 - Registered RTOS mode: class=CMSIS, group=RTOS, mode=CMSIS_V1, owner=FREERTOS
2025-07-28 15:54:20,919 [INFO] RtosManager:555 - Registered RTOS mode: class=CMSIS, group=RTOS2, mode=CMSIS_V2, owner=FREERTOS
2025-07-28 15:54:20,920 [INFO] RtosManager:555 - Registered RTOS mode: class=RTOS, group=Core, mode=CMSIS_V1, owner=FREERTOS
2025-07-28 15:54:20,920 [INFO] RtosManager:555 - Registered RTOS mode: class=RTOS, group=Core, mode=CMSIS_V2, owner=FREERTOS
2025-07-28 15:54:20,920 [WARN] ModelIntegratedComponent:184 - Missing modes for component STMicroelectronics:FreeRTOS:0.0.1:STMicroelectronics:RTOS:FreeRTOS:Core:::10.2.0:
2025-07-28 15:54:20,963 [WARN] ModelIntegratedComponent:63 - No mode defined for component null
2025-07-28 15:54:20,963 [WARN] ModelIntegratedComponent:63 - No mode defined for component null
2025-07-28 15:54:20,963 [WARN] ModelIntegratedComponent:63 - No mode defined for component null
2025-07-28 15:54:20,963 [WARN] ModelIntegratedComponent:63 - No mode defined for component null
2025-07-28 15:54:20,964 [WARN] ModelIntegratedComponent:63 - No mode defined for component null
2025-07-28 15:54:20,964 [WARN] ModelIntegratedComponent:63 - No mode defined for component null
2025-07-28 15:54:20,965 [WARN] ModelIntegratedComponent:63 - No mode defined for component null
2025-07-28 15:54:20,966 [WARN] ModelIntegratedComponent:63 - No mode defined for component null
2025-07-28 15:54:20,967 [WARN] ModelIntegratedComponent:63 - No mode defined for component null
2025-07-28 15:54:20,967 [WARN] ModelIntegratedComponent:63 - No mode defined for component null
2025-07-28 15:54:20,969 [WARN] ModelIntegratedComponent:63 - No mode defined for component null
2025-07-28 15:54:20,970 [WARN] ModelIntegratedComponent:63 - No mode defined for component null
2025-07-28 15:54:20,970 [WARN] ModelIntegratedComponent:63 - No mode defined for component null
2025-07-28 15:54:20,971 [WARN] ModelIntegratedComponent:63 - No mode defined for component null
2025-07-28 15:54:20,971 [WARN] ModelIntegratedComponent:63 - No mode defined for component null
2025-07-28 15:54:20,971 [WARN] ModelIntegratedComponent:63 - No mode defined for component null
2025-07-28 15:54:20,972 [WARN] ModelIntegratedComponent:63 - No mode defined for component null
2025-07-28 15:54:20,976 [WARN] ModelIntegratedComponent:63 - No mode defined for component null
2025-07-28 15:54:20,977 [WARN] ModelIntegratedComponent:63 - No mode defined for component null
2025-07-28 15:54:20,979 [WARN] ModelIntegratedComponent:63 - No mode defined for component null
2025-07-28 15:54:20,979 [WARN] ModelIntegratedComponent:63 - No mode defined for component null
2025-07-28 15:54:20,979 [WARN] ModelIntegratedComponent:63 - No mode defined for component null
2025-07-28 15:54:20,980 [WARN] ModelIntegratedComponent:63 - No mode defined for component null
2025-07-28 15:54:20,981 [WARN] ModelIntegratedComponent:63 - No mode defined for component null
2025-07-28 15:54:20,981 [WARN] ModelIntegratedComponent:63 - No mode defined for component null
2025-07-28 15:54:20,981 [WARN] ModelIntegratedComponent:63 - No mode defined for component null
2025-07-28 15:54:20,982 [WARN] ModelIntegratedComponent:63 - No mode defined for component null
2025-07-28 15:54:20,982 [WARN] ModelIntegratedComponent:63 - No mode defined for component null
2025-07-28 15:54:20,983 [WARN] ModelIntegratedComponent:63 - No mode defined for component null
2025-07-28 15:54:20,984 [WARN] ModelIntegratedComponent:63 - No mode defined for component null
2025-07-28 15:54:20,985 [WARN] ModelIntegratedComponent:63 - No mode defined for component null
2025-07-28 15:54:20,986 [WARN] ModelIntegratedComponent:63 - No mode defined for component null
2025-07-28 15:54:20,987 [WARN] ModelIntegratedComponent:63 - No mode defined for component null
2025-07-28 15:54:20,990 [WARN] ModelIntegratedComponent:63 - No mode defined for component null
2025-07-28 15:54:21,381 [WARN] ModelIntegratedComponent:63 - No mode defined for component null
2025-07-28 15:54:21,386 [WARN] ModelPack:524 - Component already loaded: STMicroelectronics:HAL Drivers:0.0.0:STMicroelectronics:Device:STMicro_Driver:XSPI:HAL::0.0.1:HAL_XSPI
2025-07-28 15:54:21,737 [INFO] ThirdPartyModel:298 - Start build external matchings
2025-07-28 15:54:23,822 [INFO] ThirdPartyModel:316 - End build external matchings
2025-07-28 15:54:23,901 [INFO] ImportTextPane:218 - (OptionalMessage_ERROR) IP (RCC) : Parameter (ADCFreqValue) has invalid value (32000000)
2025-07-28 15:54:23,902 [INFO] ImportTextPane:218 - (OptionalMessage_ERROR) IP (RCC) : Invalid parameter (FamilyName)
2025-07-28 15:54:23,902 [INFO] ImportTextPane:218 - (OptionalMessage_ERROR) IP (RCC) : Parameter (MCOFreq_Value) has invalid value (64000000)
2025-07-28 15:54:23,903 [INFO] ImportTextPane:218 - (OptionalMessage_ERROR) IP (RCC) : Parameter (USBFreq_Value) has invalid value (64000000)
2025-07-28 15:54:24,353 [INFO] UtilMem:75 - End LoadConfig() Used Memory: 833209720 Bytes (1073741824)
2025-07-28 15:54:24,438 [WARN] ThirdParty:833 - waiting for thirdparty lock release [change project]
2025-07-28 15:54:24,439 [INFO] ThirdParty:835 - entering critical section [change project]
2025-07-28 15:54:24,439 [INFO] ThirdParty:1030 - CMSIS Pack Vendor :STMicroelectronics X-CUBE-PM33A1 1.0.0
2025-07-28 15:54:24,439 [INFO] ThirdParty:1030 - CMSIS Pack Vendor :STMicroelectronics USBPD 4.1
2025-07-28 15:54:24,439 [INFO] ThirdParty:1030 - CMSIS Pack Vendor :STMicroelectronics X-CUBE-AZRTOS-H7 3.3.0
2025-07-28 15:54:24,439 [INFO] ThirdParty:1030 - CMSIS Pack Vendor :STMicroelectronics X-CUBE-NFC9 1.0.0
2025-07-28 15:54:24,439 [INFO] ThirdParty:1030 - CMSIS Pack Vendor :STMicroelectronics USB_HOST 2.0.0
2025-07-28 15:54:24,439 [INFO] ThirdParty:1030 - CMSIS Pack Vendor :STMicroelectronics FP-SNS-MOTENVWB1 1.4.0
2025-07-28 15:54:24,440 [INFO] ThirdParty:1030 - CMSIS Pack Vendor :STMicroelectronics X-CUBE-AZRTOS-F4 1.1.0
2025-07-28 15:54:24,440 [INFO] ThirdParty:1030 - CMSIS Pack Vendor :STMicroelectronics LIBJPEG 8.0.0
2025-07-28 15:54:24,440 [INFO] ThirdParty:1030 - CMSIS Pack Vendor :STMicroelectronics FP-ATR-ASTRA1 2.0.2
2025-07-28 15:54:24,440 [INFO] ThirdParty:1030 - CMSIS Pack Vendor :STMicroelectronics X-CUBE-BLE1 7.1.0
2025-07-28 15:54:24,440 [INFO] ThirdParty:1030 - CMSIS Pack Vendor :Avnet-IotConnect X-CUBE-IoTC-DA16k-PMOD 1.0.0
2025-07-28 15:54:24,440 [INFO] ThirdParty:1030 - CMSIS Pack Vendor :STMicroelectronics X-CUBE-SMBUS 2.1.0
2025-07-28 15:54:24,440 [INFO] ThirdParty:1030 - CMSIS Pack Vendor :STMicroelectronics X-CUBE-WB05N 1.1.0
2025-07-28 15:54:24,440 [INFO] ThirdParty:1030 - CMSIS Pack Vendor :wolfSSL I-CUBE-wolfMQTT 1.19.2
2025-07-28 15:54:24,441 [INFO] ThirdParty:1030 - CMSIS Pack Vendor :STMicroelectronics USB_DEVICE 3.0.0
2025-07-28 15:54:24,445 [INFO] ThirdParty:1030 - CMSIS Pack Vendor :STMicroelectronics X-CUBE-ISPU 2.1.0
2025-07-28 15:54:24,445 [INFO] ThirdParty:1030 - CMSIS Pack Vendor :STMicroelectronics X-CUBE-EEPRMA1 5.2.0
2025-07-28 15:54:24,445 [INFO] ThirdParty:1030 - CMSIS Pack Vendor :STMicroelectronics X-CUBE-BLEMGR 4.1.0
2025-07-28 15:54:24,445 [INFO] ThirdParty:1030 - CMSIS Pack Vendor :STMicroelectronics X-CUBE-AZRTOS-WB 2.0.0
2025-07-28 15:54:24,447 [INFO] ThirdParty:1030 - CMSIS Pack Vendor :STMicroelectronics X-CUBE-ST60 1.0.0
2025-07-28 15:54:24,447 [INFO] ThirdParty:1030 - CMSIS Pack Vendor :STMicroelectronics X-CUBE-GNSS1 7.0.1
2025-07-28 15:54:24,448 [INFO] ThirdParty:1030 - CMSIS Pack Vendor :STMicroelectronics X-CUBE-NFC12 1.0.0
2025-07-28 15:54:24,450 [INFO] ThirdParty:1030 - CMSIS Pack Vendor :STMicroelectronics X-CUBE-AZRTOS-F7 1.1.0
2025-07-28 15:54:24,450 [INFO] ThirdParty:1030 - CMSIS Pack Vendor :STMicroelectronics X-CUBE-AZRTOS-L5 2.0.0
2025-07-28 15:54:24,450 [INFO] ThirdParty:1030 - CMSIS Pack Vendor :STMicroelectronics X-CUBE-TOUCHGFX 4.25.0
2025-07-28 15:54:24,451 [INFO] ThirdParty:1030 - CMSIS Pack Vendor :STMicroelectronics USB_DEVICE 2.0.0
2025-07-28 15:54:24,451 [INFO] ThirdParty:1030 - CMSIS Pack Vendor :STMicroelectronics X-CUBE-NFC6 3.1.0
2025-07-28 15:54:24,451 [INFO] ThirdParty:1030 - CMSIS Pack Vendor :STMicroelectronics X-CUBE-AI 10.1.0
2025-07-28 15:54:24,451 [INFO] ThirdParty:1030 - CMSIS Pack Vendor :STMicroelectronics FP-SNS-STBOX1 2.0.0
2025-07-28 15:54:24,451 [INFO] ThirdParty:1030 - CMSIS Pack Vendor :STMicroelectronics X-CUBE-MEMS1 11.2.0
2025-07-28 15:54:24,451 [INFO] ThirdParty:1030 - CMSIS Pack Vendor :STMicroelectronics FreeRTOS 0.0.1
2025-07-28 15:54:24,451 [INFO] ThirdParty:1030 - CMSIS Pack Vendor :STMicroelectronics X-CUBE-AZRTOS-G0 1.1.0
2025-07-28 15:54:24,451 [INFO] ThirdParty:1030 - CMSIS Pack Vendor :STMicroelectronics X-CUBE-SAFEA1 1.2.2
2025-07-28 15:54:24,451 [INFO] ThirdParty:1030 - CMSIS Pack Vendor :STMicroelectronics X-CUBE-NFC4 3.0.0
2025-07-28 15:54:24,451 [INFO] ThirdParty:1030 - CMSIS Pack Vendor :STMicroelectronics X-CUBE-DPower 1.2.0
2025-07-28 15:54:24,451 [INFO] ThirdParty:1030 - CMSIS Pack Vendor :STMicroelectronics X-CUBE-SUBG2 5.0.0
2025-07-28 15:54:24,452 [INFO] ThirdParty:1030 - CMSIS Pack Vendor :STMicroelectronics X-CUBE-AZRTOS-H7RS 1.1.0
2025-07-28 15:54:24,452 [INFO] ThirdParty:1030 - CMSIS Pack Vendor :STMicroelectronics STM32_WPAN 1.0.0
2025-07-28 15:54:24,452 [INFO] ThirdParty:1030 - CMSIS Pack Vendor :EmbeddedOffice I-CUBE-FS-RTOS 1.0.1
2025-07-28 15:54:24,452 [INFO] ThirdParty:1030 - CMSIS Pack Vendor :STMicroelectronics lwIP 2.0.3
2025-07-28 15:54:24,452 [INFO] ThirdParty:1030 - CMSIS Pack Vendor :Cesanta I-CUBE-Mongoose 7.13.0
2025-07-28 15:54:24,452 [INFO] ThirdParty:1030 - CMSIS Pack Vendor :STMicroelectronics USB_HOST 1.0.0
2025-07-28 15:54:24,452 [INFO] ThirdParty:1030 - CMSIS Pack Vendor :Infineon AIROC-Wi-Fi-Bluetooth-STM32 1.7.0
2025-07-28 15:54:24,453 [INFO] ThirdParty:1030 - CMSIS Pack Vendor :STMicroelectronics X-CUBE-AZRTOS-G4 2.0.0
2025-07-28 15:54:24,453 [INFO] ThirdParty:1030 - CMSIS Pack Vendor :STMicroelectronics X-CUBE-WB05N 2.0.0
2025-07-28 15:54:24,453 [INFO] ThirdParty:1030 - CMSIS Pack Vendor :STMicroelectronics PDM2PCM 3.1.0
2025-07-28 15:54:24,453 [INFO] ThirdParty:1030 - CMSIS Pack Vendor :STMicroelectronics PDM2PCM 3.3.0
2025-07-28 15:54:24,453 [INFO] ThirdParty:1030 - CMSIS Pack Vendor :wolfSSL I-CUBE-wolfTPM 3.8.0
2025-07-28 15:54:24,453 [INFO] ThirdParty:1030 - CMSIS Pack Vendor :STMicroelectronics X-CUBE-AZRTOS-H7 3.4.0
2025-07-28 15:54:24,454 [INFO] ThirdParty:1030 - CMSIS Pack Vendor :STMicroelectronics X-CUBE-DISPLAY 3.0.0
2025-07-28 15:54:24,454 [INFO] ThirdParty:1030 - CMSIS Pack Vendor :wolfSSL I-CUBE-wolfSSH 1.4.20
2025-07-28 15:54:24,454 [INFO] ThirdParty:1030 - CMSIS Pack Vendor :STMicroelectronics X-CUBE-NFC7 2.0.0
2025-07-28 15:54:24,454 [INFO] ThirdParty:1030 - CMSIS Pack Vendor :STMicroelectronics X-CUBE-TCPP 4.2.0
2025-07-28 15:54:24,454 [INFO] ThirdParty:1030 - CMSIS Pack Vendor :RealThread X-CUBE-RT-Thread_Nano 4.1.1
2025-07-28 15:54:24,455 [INFO] ThirdParty:1030 - CMSIS Pack Vendor :STMicroelectronics FP-ATR-SIGFOX1 3.2.0
2025-07-28 15:54:24,455 [INFO] ThirdParty:1030 - CMSIS Pack Vendor :STMicroelectronics X-CUBE-NFC10 1.0.0
2025-07-28 15:54:24,455 [INFO] ThirdParty:1030 - CMSIS Pack Vendor :STMicroelectronics X-CUBE-BLEMGR 4.0.0
2025-07-28 15:54:24,455 [INFO] ThirdParty:1030 - CMSIS Pack Vendor :STMicroelectronics X-CUBE-EEPRMA1 5.1.0
2025-07-28 15:54:24,455 [INFO] ThirdParty:1030 - CMSIS Pack Vendor :STMicroelectronics X-CUBE-FREERTOS 1.3.1
2025-07-28 15:54:24,455 [INFO] ThirdParty:1030 - CMSIS Pack Vendor :STMicroelectronics HAL Drivers 0.0.0
2025-07-28 15:54:24,456 [INFO] ThirdParty:1030 - CMSIS Pack Vendor :STMicroelectronics MBEDTLS 2.16.2
2025-07-28 15:54:24,456 [INFO] ThirdParty:1030 - CMSIS Pack Vendor :STMicroelectronics X-CUBE-IPS 3.1.0
2025-07-28 15:54:24,456 [INFO] ThirdParty:1030 - CMSIS Pack Vendor :STMicroelectronics X-CUBE-ALS 1.0.2
2025-07-28 15:54:24,456 [INFO] ThirdParty:1030 - CMSIS Pack Vendor :emotas I-CUBE-CANOPEN 1.3.0
2025-07-28 15:54:24,456 [INFO] ThirdParty:1030 - CMSIS Pack Vendor :STMicroelectronics X-CUBE-FREERTOS 1.3.0
2025-07-28 15:54:24,456 [INFO] ThirdParty:1030 - CMSIS Pack Vendor :STMicroelectronics X-CUBE-NFC7 1.0.1
2025-07-28 15:54:24,456 [INFO] ThirdParty:1030 - CMSIS Pack Vendor :STMicroelectronics MBEDTLS 2.14.1
2025-07-28 15:54:24,457 [INFO] ThirdParty:1030 - CMSIS Pack Vendor :wolfSSL I-CUBE-wolfSSL 5.7.6
2025-07-28 15:54:24,457 [INFO] ThirdParty:1030 - CMSIS Pack Vendor :ITTIA_DB I-CUBE-ITTIADB 8.9.0
2025-07-28 15:54:24,457 [INFO] ThirdParty:1030 - CMSIS Pack Vendor :portGmbH I-Cube-SoM-uGOAL 1.1.0
2025-07-28 15:54:24,457 [INFO] ThirdParty:1030 - CMSIS Pack Vendor :quantropi X-CUBE-qispace-sdk-base 2.0.0
2025-07-28 15:54:24,457 [INFO] ThirdParty:1030 - CMSIS Pack Vendor :STMicroelectronics X-CUBE-AI 10.0.0
2025-07-28 15:54:24,457 [INFO] ThirdParty:1030 - CMSIS Pack Vendor :STMicroelectronics X-CUBE-ST67W61 1.0.0
2025-07-28 15:54:24,457 [INFO] ThirdParty:1030 - CMSIS Pack Vendor :STMicroelectronics FP-SNS-STAIOTCFT 1.0.0
2025-07-28 15:54:24,457 [INFO] ThirdParty:1030 - CMSIS Pack Vendor :STMicroelectronics ThreadX 1.0.0
2025-07-28 15:54:24,457 [INFO] ThirdParty:1030 - CMSIS Pack Vendor :STMicroelectronics FP-SNS-SMARTAG2 1.2.0
2025-07-28 15:54:24,463 [INFO] ThirdParty:1030 - CMSIS Pack Vendor :STMicroelectronics FP-SNS-FLIGHT1 5.1.0
2025-07-28 15:54:24,463 [INFO] ThirdParty:1030 - CMSIS Pack Vendor :STMicroelectronics X-CUBE-MEMS1 11.1.0
2025-07-28 15:54:24,463 [INFO] ThirdParty:1030 - CMSIS Pack Vendor :STMicroelectronics X-CUBE-AZRTOS-WL 2.0.0
2025-07-28 15:54:24,463 [INFO] ThirdParty:1030 - CMSIS Pack Vendor :SEGGER I-CUBE-embOS 1.3.1
2025-07-28 15:54:24,463 [INFO] ThirdParty:1030 - CMSIS Pack Vendor :STMicroelectronics X-CUBE-ALGOBUILD 1.4.0
2025-07-28 15:54:24,464 [INFO] ThirdParty:1030 - CMSIS Pack Vendor :STMicroelectronics X-CUBE-DPower 1.3.0
2025-07-28 15:54:24,464 [INFO] ThirdParty:1030 - CMSIS Pack Vendor :STMicroelectronics X-CUBE-MEMS1 11.3.0
2025-07-28 15:54:24,464 [INFO] ThirdParty:1030 - CMSIS Pack Vendor :STMicroelectronics FP-SNS-MOTENV1 5.0.0
2025-07-28 15:54:24,464 [INFO] ThirdParty:1030 - CMSIS Pack Vendor :STMicroelectronics USB_DEVICE 1.0.0
2025-07-28 15:54:24,464 [INFO] ThirdParty:1030 - CMSIS Pack Vendor :STMicroelectronics X-CUBE-AZRTOS-L4 2.0.0
2025-07-28 15:54:24,464 [INFO] ThirdParty:1030 - CMSIS Pack Vendor :STMicroelectronics ThreadX 0.0.2
2025-07-28 15:54:24,464 [INFO] ThirdParty:1030 - CMSIS Pack Vendor :WES I-CUBE-Cesium 1.3.0
2025-07-28 15:54:24,464 [INFO] ThirdParty:1030 - CMSIS Pack Vendor :STMicroelectronics lwIP 2.1.2
2025-07-28 15:54:24,464 [INFO] ThirdParty:1030 - CMSIS Pack Vendor :STMicroelectronics X-CUBE-SFXS2LP1 4.0.0
2025-07-28 15:54:24,465 [INFO] ThirdParty:1030 - CMSIS Pack Vendor :STMicroelectronics X-CUBE-BLE2 3.3.0
2025-07-28 15:54:24,465 [INFO] ThirdParty:1030 - CMSIS Pack Vendor :STMicroelectronics X-CUBE-TOF1 3.4.2
2025-07-28 15:54:24,465 [INFO] ThirdParty:1030 - CMSIS Pack Vendor :STMicroelectronics X-CUBE-TOF1 3.4.3
2025-07-28 15:54:24,465 [INFO] ThirdParty:1030 - CMSIS Pack Vendor :STMicroelectronics PDM2PCM 3.2.0
2025-07-28 15:54:24,466 [INFO] ThirdParty:841 - exiting critical section [change project]
2025-07-28 15:54:25,135 [INFO] PinOutPanel:1589 - setPackage(No Configuration,No Configuration)
2025-07-28 15:54:25,138 [INFO] PinOutPanel:1589 - setPackage(STM32F103RBTx,LQFP64)
2025-07-28 15:54:25,931 [INFO] UtilMem:75 - Before build in PCC Used Memory: 903983304 Bytes (1073741824)
2025-07-28 15:54:26,805 [INFO] UtilMem:75 - After build in PCC Used Memory: 948545736 Bytes (1073741824)
2025-07-28 15:54:26,856 [INFO] IPUIPlugin:80 - create IPUIPlugin
2025-07-28 15:54:26,857 [INFO] IPUIPlugin:80 - create IPUIPlugin
2025-07-28 15:54:26,857 [INFO] IPUIPlugin:80 - create IPUIPlugin
2025-07-28 15:54:26,857 [INFO] IPUIPlugin:80 - create IPUIPlugin
2025-07-28 15:54:26,860 [INFO] IPUIPlugin:80 - create IPUIPlugin
2025-07-28 15:54:26,860 [INFO] IPUIPlugin:80 - create IPUIPlugin
2025-07-28 15:54:26,862 [INFO] IPUIPlugin:80 - create IPUIPlugin
2025-07-28 15:54:26,863 [INFO] IPUIPlugin:80 - create IPUIPlugin
2025-07-28 15:54:26,863 [INFO] IPUIPlugin:80 - create IPUIPlugin
2025-07-28 15:54:26,864 [INFO] IPUIPlugin:80 - create IPUIPlugin
2025-07-28 15:54:26,864 [INFO] IPUIPlugin:80 - create IPUIPlugin
2025-07-28 15:54:26,864 [INFO] IPUIPlugin:80 - create IPUIPlugin
2025-07-28 15:54:26,865 [INFO] IPUIPlugin:80 - create IPUIPlugin
2025-07-28 15:54:26,865 [INFO] IPUIPlugin:80 - create IPUIPlugin
2025-07-28 15:54:26,866 [INFO] IPUIPlugin:80 - create IPUIPlugin
2025-07-28 15:54:26,866 [INFO] IPUIPlugin:80 - create IPUIPlugin
2025-07-28 15:54:26,867 [INFO] IPUIPlugin:80 - create IPUIPlugin
2025-07-28 15:54:26,867 [INFO] IPUIPlugin:80 - create IPUIPlugin
2025-07-28 15:54:26,867 [INFO] IPUIPlugin:80 - create IPUIPlugin
2025-07-28 15:54:26,868 [INFO] IPUIPlugin:80 - create IPUIPlugin
2025-07-28 15:54:26,868 [INFO] IPUIPlugin:80 - create IPUIPlugin
2025-07-28 15:54:26,869 [INFO] IPUIPlugin:80 - create IPUIPlugin
2025-07-28 15:54:26,869 [INFO] IPUIPlugin:80 - create IPUIPlugin
2025-07-28 15:54:26,870 [INFO] IPUIPlugin:80 - create IPUIPlugin
2025-07-28 15:54:26,871 [INFO] IPUIPlugin:80 - create IPUIPlugin
2025-07-28 15:54:26,871 [INFO] IPUIPlugin:80 - create IPUIPlugin
2025-07-28 15:54:26,872 [INFO] IPUIPlugin:80 - create IPUIPlugin
2025-07-28 15:54:26,878 [WARN] IP:2251 - I2C_Coeff_DF not found: check if there is a RefParameter without a condition.
2025-07-28 15:54:26,878 [WARN] IP:2251 - Analog_Filter not found: check if there is a RefParameter without a condition.
2025-07-28 15:54:27,052 [INFO] CADModel:165 - CPN selected for project levelSTM32F103RBT6
2025-07-28 15:54:27,052 [INFO] CADModel:114 - Register for checkConnection events
2025-07-28 15:54:27,149 [INFO] OpenFileManager:363 - Restore cursor
2025-07-28 15:54:27,743 [WARN] IP:2251 - I2C_Coeff_DF not found: check if there is a RefParameter without a condition.
2025-07-28 15:54:27,743 [WARN] IP:2251 - Analog_Filter not found: check if there is a RefParameter without a condition.
2025-07-28 15:54:27,746 [WARN] IP:2251 - I2C_Coeff_DF not found: check if there is a RefParameter without a condition.
2025-07-28 15:54:27,747 [WARN] IP:2251 - Analog_Filter not found: check if there is a RefParameter without a condition.
2025-07-28 16:21:15,935 [INFO] MainUpdater:2872 - connection check result : 10
2025-07-28 16:21:15,938 [INFO] MainUpdater:2872 - connection check result : 10
2025-07-28 16:21:16,294 [INFO] MicroXplorer:468 - Change Database Path : 
2025-07-28 16:21:16,295 [INFO] MicroXplorer:498 - Change Database Version : DB.6.0.130
2025-07-28 16:21:16,467 [ERROR] ProjectManagerView:394 - 
java.lang.NullPointerException: Cannot invoke "javax.swing.JTextField.getText()" because the return value of "java.util.List.get(int)" is null
	at com.st.microxplorer.plugins.projectmanager.gui.ProjectChoiceTab$9.caretUpdate(ProjectChoiceTab.java:2616) ~[filemanager.jar:?]
	at javax.swing.text.JTextComponent.fireCaretUpdate(JTextComponent.java:408) ~[?:?]
	at javax.swing.text.JTextComponent$MutableCaretEvent.fire(JTextComponent.java:4484) ~[?:?]
	at javax.swing.text.JTextComponent$MutableCaretEvent.stateChanged(JTextComponent.java:4506) ~[?:?]
	at javax.swing.text.DefaultCaret.fireStateChanged(DefaultCaret.java:857) ~[?:?]
	at javax.swing.text.DefaultCaret.changeCaretPosition(DefaultCaret.java:1343) ~[?:?]
	at javax.swing.text.DefaultCaret.handleSetDot(DefaultCaret.java:1242) ~[?:?]
	at javax.swing.text.DefaultCaret.setDot(DefaultCaret.java:1223) ~[?:?]
	at javax.swing.text.DefaultCaret$Handler.insertUpdate(DefaultCaret.java:1819) ~[?:?]
	at javax.swing.text.AbstractDocument.fireInsertUpdate(AbstractDocument.java:227) ~[?:?]
	at javax.swing.text.AbstractDocument.handleInsertString(AbstractDocument.java:781) ~[?:?]
	at javax.swing.text.AbstractDocument.insertString(AbstractDocument.java:740) ~[?:?]
	at javax.swing.text.PlainDocument.insertString(PlainDocument.java:131) ~[?:?]
	at javax.swing.text.AbstractDocument.replace(AbstractDocument.java:699) ~[?:?]
	at javax.swing.text.JTextComponent.setText(JTextComponent.java:1725) ~[?:?]
	at com.st.microxplorer.plugins.projectmanager.gui.ProjectChoiceTab.createHeapStackFields(ProjectChoiceTab.java:975) ~[filemanager.jar:?]
	at com.st.microxplorer.plugins.projectmanager.gui.ProjectChoiceTab.buildLinkSettingsPanel(ProjectChoiceTab.java:3666) ~[filemanager.jar:?]
	at com.st.microxplorer.plugins.projectmanager.gui.ProjectChoiceTab.defineWindowsFields(ProjectChoiceTab.java:1934) ~[filemanager.jar:?]
	at com.st.microxplorer.plugins.projectmanager.gui.ProjectChoiceTab.updateSettings(ProjectChoiceTab.java:553) ~[filemanager.jar:?]
	at com.st.microxplorer.plugins.projectmanager.gui.ProjectSettingsPanel.UpdateDialog(ProjectSettingsPanel.java:245) ~[filemanager.jar:?]
	at com.st.microxplorer.plugins.projectmanager.ProjectManagerView.propertyChange(ProjectManagerView.java:391) ~[filemanager.jar:?]
	at java.beans.PropertyChangeSupport.fire(PropertyChangeSupport.java:343) ~[?:?]
	at java.beans.PropertyChangeSupport.firePropertyChange(PropertyChangeSupport.java:335) ~[?:?]
	at java.beans.PropertyChangeSupport.firePropertyChange(PropertyChangeSupport.java:268) ~[?:?]
	at com.st.microxplorer.util.MXPropertyChangeSupport.firePropertyChange(MXPropertyChangeSupport.java:54) ~[STM32CubeMX.jar:?]
	at com.st.microxplorer.mxsystem.MxSystem.closeConfig(MxSystem.java:899) ~[STM32CubeMX.jar:?]
	at com.st.microxplorer.maingui.MainPanel.closeConfig(MainPanel.java:789) ~[STM32CubeMX.jar:?]
	at com.st.microxplorer.plugins.filemanager.engine.OpenFileManager.loadConfigurationFile(OpenFileManager.java:265) ~[filemanager.jar:?]
	at com.st.microxplorer.plugins.filemanager.engine.MainFileManager.userLoadConfig(MainFileManager.java:340) ~[filemanager.jar:?]
	at com.st.microxplorer.plugins.filemanager.engine.MainFileManager.userLoadConfig(MainFileManager.java:318) ~[filemanager.jar:?]
	at com.st.microxplorer.plugins.filemanager.FileManagerView.getSpecificTask(FileManagerView.java:246) ~[filemanager.jar:?]
	at com.st.stm32cube.common.mx.editor.CubeMxEditor.getMxTabbedPaneInstance(CubeMxEditor.java:1198) ~[com.st.stm32cube.common.mx_6.13.0.202411220809/:?]
	at com.st.stm32cube.common.mx.editor.CubeMxEditor$12$1.createSwingComponent(CubeMxEditor.java:1068) ~[com.st.stm32cube.common.mx_6.13.0.202411220809/:?]
	at com.st.stm32cube.common.mx.oss.core.awtswtbridge.EmbeddedSwingComposite.doComponentCreation(EmbeddedSwingComposite.java:492) ~[com.st.stm32cube.common.mx.oss_6.13.0.202411220809/:?]
	at com.st.stm32cube.common.mx.oss.core.awtswtbridge.EmbeddedSwingComposite$4.run(EmbeddedSwingComposite.java:291) ~[com.st.stm32cube.common.mx.oss_6.13.0.202411220809/:?]
	at com.st.stm32cube.common.mx.oss.core.awtswtbridge.AwtEnvironment$2.run(AwtEnvironment.java:166) ~[com.st.stm32cube.common.mx.oss_6.13.0.202411220809/:?]
	at java.awt.event.InvocationEvent.dispatch(InvocationEvent.java:318) ~[?:?]
	at java.awt.EventQueue.dispatchEventImpl(EventQueue.java:773) ~[?:?]
	at java.awt.EventQueue$4.run(EventQueue.java:720) ~[?:?]
	at java.awt.EventQueue$4.run(EventQueue.java:714) ~[?:?]
	at java.security.AccessController.doPrivileged(AccessController.java:400) ~[?:?]
	at java.security.ProtectionDomain$JavaSecurityAccessImpl.doIntersectionPrivilege(ProtectionDomain.java:87) ~[?:?]
	at java.awt.EventQueue.dispatchEvent(EventQueue.java:742) ~[?:?]
	at java.awt.EventDispatchThread.pumpOneEventForFilters(EventDispatchThread.java:203) ~[?:?]
	at java.awt.EventDispatchThread.pumpEventsForFilter(EventDispatchThread.java:124) ~[?:?]
	at java.awt.EventDispatchThread.pumpEventsForHierarchy(EventDispatchThread.java:113) ~[?:?]
	at java.awt.EventDispatchThread.pumpEvents(EventDispatchThread.java:109) ~[?:?]
	at java.awt.EventDispatchThread.pumpEvents(EventDispatchThread.java:101) ~[?:?]
	at java.awt.EventDispatchThread.run(EventDispatchThread.java:90) ~[?:?]
2025-07-28 16:21:16,472 [WARN] ThirdParty:871 - waiting for thirdparty lock release [close project]
2025-07-28 16:21:16,472 [INFO] ThirdParty:873 - entering critical section [close project]
2025-07-28 16:21:16,472 [INFO] ThirdParty:883 - exiting critical section [close project]
2025-07-28 16:21:16,480 [INFO] PinOutPanel:1589 - setPackage(No Configuration,No Configuration)
2025-07-28 16:21:16,500 [INFO] UtilMem:75 - Begin LoadConfig() Used Memory: 773359640 Bytes (1073741824)
2025-07-28 16:21:16,501 [INFO] MicroXplorer:468 - Change Database Path : 
2025-07-28 16:21:16,502 [INFO] MicroXplorer:498 - Change Database Version : DB.6.0.130
2025-07-28 16:21:16,502 [INFO] OpenFileManager:332 - Change cursor
2025-07-28 16:21:16,540 [INFO] Mcu:2035 - Initializing MCU STM32F103R(8-B)Tx STM32F103RBTx STM32F103RBT6
2025-07-28 16:21:18,546 [INFO] Context:748 - Trying to add GPIOservice into a context  which must be forbidden
2025-07-28 16:21:20,135 [INFO] RtosManager:555 - Registered RTOS mode: class=CMSIS, group=RTOS, mode=CMSIS_V1, owner=FREERTOS
2025-07-28 16:21:20,136 [INFO] RtosManager:555 - Registered RTOS mode: class=CMSIS, group=RTOS2, mode=CMSIS_V2, owner=FREERTOS
2025-07-28 16:21:20,137 [INFO] RtosManager:555 - Registered RTOS mode: class=RTOS, group=Core, mode=CMSIS_V1, owner=FREERTOS
2025-07-28 16:21:20,138 [INFO] RtosManager:555 - Registered RTOS mode: class=RTOS, group=Core, mode=CMSIS_V2, owner=FREERTOS
2025-07-28 16:21:20,138 [WARN] ModelIntegratedComponent:184 - Missing modes for component STMicroelectronics:FreeRTOS:0.0.1:STMicroelectronics:RTOS:FreeRTOS:Core:::10.2.0:
2025-07-28 16:21:20,199 [WARN] ModelIntegratedComponent:63 - No mode defined for component null
2025-07-28 16:21:20,200 [WARN] ModelIntegratedComponent:63 - No mode defined for component null
2025-07-28 16:21:20,202 [WARN] ModelIntegratedComponent:63 - No mode defined for component null
2025-07-28 16:21:20,204 [WARN] ModelIntegratedComponent:63 - No mode defined for component null
2025-07-28 16:21:20,207 [WARN] ModelIntegratedComponent:63 - No mode defined for component null
2025-07-28 16:21:20,207 [WARN] ModelIntegratedComponent:63 - No mode defined for component null
2025-07-28 16:21:20,207 [WARN] ModelIntegratedComponent:63 - No mode defined for component null
2025-07-28 16:21:20,207 [WARN] ModelIntegratedComponent:63 - No mode defined for component null
2025-07-28 16:21:20,208 [WARN] ModelIntegratedComponent:63 - No mode defined for component null
2025-07-28 16:21:20,208 [WARN] ModelIntegratedComponent:63 - No mode defined for component null
2025-07-28 16:21:20,208 [WARN] ModelIntegratedComponent:63 - No mode defined for component null
2025-07-28 16:21:20,213 [WARN] ModelIntegratedComponent:63 - No mode defined for component null
2025-07-28 16:21:20,213 [WARN] ModelIntegratedComponent:63 - No mode defined for component null
2025-07-28 16:21:20,219 [WARN] ModelIntegratedComponent:63 - No mode defined for component null
2025-07-28 16:21:20,221 [WARN] ModelIntegratedComponent:63 - No mode defined for component null
2025-07-28 16:21:20,222 [WARN] ModelIntegratedComponent:63 - No mode defined for component null
2025-07-28 16:21:20,222 [WARN] ModelIntegratedComponent:63 - No mode defined for component null
2025-07-28 16:21:20,223 [WARN] ModelIntegratedComponent:63 - No mode defined for component null
2025-07-28 16:21:20,223 [WARN] ModelIntegratedComponent:63 - No mode defined for component null
2025-07-28 16:21:20,223 [WARN] ModelIntegratedComponent:63 - No mode defined for component null
2025-07-28 16:21:20,224 [WARN] ModelIntegratedComponent:63 - No mode defined for component null
2025-07-28 16:21:20,225 [WARN] ModelIntegratedComponent:63 - No mode defined for component null
2025-07-28 16:21:20,233 [WARN] ModelIntegratedComponent:63 - No mode defined for component null
2025-07-28 16:21:20,234 [WARN] ModelIntegratedComponent:63 - No mode defined for component null
2025-07-28 16:21:20,235 [WARN] ModelIntegratedComponent:63 - No mode defined for component null
2025-07-28 16:21:20,235 [WARN] ModelIntegratedComponent:63 - No mode defined for component null
2025-07-28 16:21:20,237 [WARN] ModelIntegratedComponent:63 - No mode defined for component null
2025-07-28 16:21:20,238 [WARN] ModelIntegratedComponent:63 - No mode defined for component null
2025-07-28 16:21:20,248 [WARN] ModelIntegratedComponent:63 - No mode defined for component null
2025-07-28 16:21:20,253 [WARN] ModelIntegratedComponent:63 - No mode defined for component null
2025-07-28 16:21:20,254 [WARN] ModelIntegratedComponent:63 - No mode defined for component null
2025-07-28 16:21:20,257 [WARN] ModelIntegratedComponent:63 - No mode defined for component null
2025-07-28 16:21:20,264 [WARN] ModelIntegratedComponent:63 - No mode defined for component null
2025-07-28 16:21:20,264 [WARN] ModelIntegratedComponent:63 - No mode defined for component null
2025-07-28 16:21:20,271 [WARN] ModelIntegratedComponent:63 - No mode defined for component null
2025-07-28 16:21:20,282 [WARN] ModelPack:524 - Component already loaded: STMicroelectronics:HAL Drivers:0.0.0:STMicroelectronics:Device:STMicro_Driver:XSPI:HAL::0.0.1:HAL_XSPI
2025-07-28 16:21:21,421 [INFO] ThirdPartyModel:298 - Start build external matchings
2025-07-28 16:21:23,908 [INFO] ThirdPartyModel:316 - End build external matchings
2025-07-28 16:21:23,987 [INFO] ImportTextPane:218 - (OptionalMessage_ERROR) IP (RCC) : Parameter (ADCFreqValue) has invalid value (32000000)
2025-07-28 16:21:23,987 [INFO] ImportTextPane:218 - (OptionalMessage_ERROR) IP (RCC) : Invalid parameter (FamilyName)
2025-07-28 16:21:24,004 [INFO] ImportTextPane:218 - (OptionalMessage_ERROR) IP (RCC) : Parameter (MCOFreq_Value) has invalid value (64000000)
2025-07-28 16:21:24,005 [INFO] ImportTextPane:218 - (OptionalMessage_ERROR) IP (RCC) : Parameter (USBFreq_Value) has invalid value (64000000)
2025-07-28 16:21:24,435 [INFO] UtilMem:75 - End LoadConfig() Used Memory: 849265536 Bytes (1073741824)
2025-07-28 16:21:24,502 [WARN] ThirdParty:833 - waiting for thirdparty lock release [change project]
2025-07-28 16:21:24,502 [INFO] ThirdParty:835 - entering critical section [change project]
2025-07-28 16:21:24,502 [INFO] ThirdParty:1030 - CMSIS Pack Vendor :STMicroelectronics X-CUBE-PM33A1 1.0.0
2025-07-28 16:21:24,503 [INFO] ThirdParty:1030 - CMSIS Pack Vendor :STMicroelectronics USBPD 4.1
2025-07-28 16:21:24,503 [INFO] ThirdParty:1030 - CMSIS Pack Vendor :STMicroelectronics X-CUBE-AZRTOS-H7 3.3.0
2025-07-28 16:21:24,503 [INFO] ThirdParty:1030 - CMSIS Pack Vendor :STMicroelectronics X-CUBE-NFC9 1.0.0
2025-07-28 16:21:24,503 [INFO] ThirdParty:1030 - CMSIS Pack Vendor :STMicroelectronics USB_HOST 2.0.0
2025-07-28 16:21:24,503 [INFO] ThirdParty:1030 - CMSIS Pack Vendor :STMicroelectronics FP-SNS-MOTENVWB1 1.4.0
2025-07-28 16:21:24,503 [INFO] ThirdParty:1030 - CMSIS Pack Vendor :STMicroelectronics X-CUBE-AZRTOS-F4 1.1.0
2025-07-28 16:21:24,503 [INFO] ThirdParty:1030 - CMSIS Pack Vendor :STMicroelectronics LIBJPEG 8.0.0
2025-07-28 16:21:24,503 [INFO] ThirdParty:1030 - CMSIS Pack Vendor :STMicroelectronics FP-ATR-ASTRA1 2.0.2
2025-07-28 16:21:24,503 [INFO] ThirdParty:1030 - CMSIS Pack Vendor :STMicroelectronics X-CUBE-BLE1 7.1.0
2025-07-28 16:21:24,503 [INFO] ThirdParty:1030 - CMSIS Pack Vendor :Avnet-IotConnect X-CUBE-IoTC-DA16k-PMOD 1.0.0
2025-07-28 16:21:24,503 [INFO] ThirdParty:1030 - CMSIS Pack Vendor :STMicroelectronics X-CUBE-SMBUS 2.1.0
2025-07-28 16:21:24,503 [INFO] ThirdParty:1030 - CMSIS Pack Vendor :STMicroelectronics X-CUBE-WB05N 1.1.0
2025-07-28 16:21:24,504 [INFO] ThirdParty:1030 - CMSIS Pack Vendor :wolfSSL I-CUBE-wolfMQTT 1.19.2
2025-07-28 16:21:24,504 [INFO] ThirdParty:1030 - CMSIS Pack Vendor :STMicroelectronics USB_DEVICE 3.0.0
2025-07-28 16:21:24,504 [INFO] ThirdParty:1030 - CMSIS Pack Vendor :STMicroelectronics X-CUBE-ISPU 2.1.0
2025-07-28 16:21:24,504 [INFO] ThirdParty:1030 - CMSIS Pack Vendor :STMicroelectronics X-CUBE-EEPRMA1 5.2.0
2025-07-28 16:21:24,504 [INFO] ThirdParty:1030 - CMSIS Pack Vendor :STMicroelectronics X-CUBE-BLEMGR 4.1.0
2025-07-28 16:21:24,504 [INFO] ThirdParty:1030 - CMSIS Pack Vendor :STMicroelectronics X-CUBE-AZRTOS-WB 2.0.0
2025-07-28 16:21:24,504 [INFO] ThirdParty:1030 - CMSIS Pack Vendor :STMicroelectronics X-CUBE-ST60 1.0.0
2025-07-28 16:21:24,504 [INFO] ThirdParty:1030 - CMSIS Pack Vendor :STMicroelectronics X-CUBE-GNSS1 7.0.1
2025-07-28 16:21:24,504 [INFO] ThirdParty:1030 - CMSIS Pack Vendor :STMicroelectronics X-CUBE-NFC12 1.0.0
2025-07-28 16:21:24,504 [INFO] ThirdParty:1030 - CMSIS Pack Vendor :STMicroelectronics X-CUBE-AZRTOS-F7 1.1.0
2025-07-28 16:21:24,504 [INFO] ThirdParty:1030 - CMSIS Pack Vendor :STMicroelectronics X-CUBE-AZRTOS-L5 2.0.0
2025-07-28 16:21:24,505 [INFO] ThirdParty:1030 - CMSIS Pack Vendor :STMicroelectronics X-CUBE-TOUCHGFX 4.25.0
2025-07-28 16:21:24,505 [INFO] ThirdParty:1030 - CMSIS Pack Vendor :STMicroelectronics USB_DEVICE 2.0.0
2025-07-28 16:21:24,505 [INFO] ThirdParty:1030 - CMSIS Pack Vendor :STMicroelectronics X-CUBE-NFC6 3.1.0
2025-07-28 16:21:24,505 [INFO] ThirdParty:1030 - CMSIS Pack Vendor :STMicroelectronics X-CUBE-AI 10.1.0
2025-07-28 16:21:24,505 [INFO] ThirdParty:1030 - CMSIS Pack Vendor :STMicroelectronics FP-SNS-STBOX1 2.0.0
2025-07-28 16:21:24,505 [INFO] ThirdParty:1030 - CMSIS Pack Vendor :STMicroelectronics X-CUBE-MEMS1 11.2.0
2025-07-28 16:21:24,506 [INFO] ThirdParty:1030 - CMSIS Pack Vendor :STMicroelectronics FreeRTOS 0.0.1
2025-07-28 16:21:24,506 [INFO] ThirdParty:1030 - CMSIS Pack Vendor :STMicroelectronics X-CUBE-AZRTOS-G0 1.1.0
2025-07-28 16:21:24,506 [INFO] ThirdParty:1030 - CMSIS Pack Vendor :STMicroelectronics X-CUBE-SAFEA1 1.2.2
2025-07-28 16:21:24,506 [INFO] ThirdParty:1030 - CMSIS Pack Vendor :STMicroelectronics X-CUBE-NFC4 3.0.0
2025-07-28 16:21:24,507 [INFO] ThirdParty:1030 - CMSIS Pack Vendor :STMicroelectronics X-CUBE-DPower 1.2.0
2025-07-28 16:21:24,507 [INFO] ThirdParty:1030 - CMSIS Pack Vendor :STMicroelectronics X-CUBE-SUBG2 5.0.0
2025-07-28 16:21:24,507 [INFO] ThirdParty:1030 - CMSIS Pack Vendor :STMicroelectronics X-CUBE-AZRTOS-H7RS 1.1.0
2025-07-28 16:21:24,507 [INFO] ThirdParty:1030 - CMSIS Pack Vendor :STMicroelectronics STM32_WPAN 1.0.0
2025-07-28 16:21:24,507 [INFO] ThirdParty:1030 - CMSIS Pack Vendor :EmbeddedOffice I-CUBE-FS-RTOS 1.0.1
2025-07-28 16:21:24,507 [INFO] ThirdParty:1030 - CMSIS Pack Vendor :STMicroelectronics lwIP 2.0.3
2025-07-28 16:21:24,507 [INFO] ThirdParty:1030 - CMSIS Pack Vendor :Cesanta I-CUBE-Mongoose 7.13.0
2025-07-28 16:21:24,507 [INFO] ThirdParty:1030 - CMSIS Pack Vendor :STMicroelectronics USB_HOST 1.0.0
2025-07-28 16:21:24,507 [INFO] ThirdParty:1030 - CMSIS Pack Vendor :Infineon AIROC-Wi-Fi-Bluetooth-STM32 1.7.0
2025-07-28 16:21:24,508 [INFO] ThirdParty:1030 - CMSIS Pack Vendor :STMicroelectronics X-CUBE-AZRTOS-G4 2.0.0
2025-07-28 16:21:24,513 [INFO] ThirdParty:1030 - CMSIS Pack Vendor :STMicroelectronics X-CUBE-WB05N 2.0.0
2025-07-28 16:21:24,513 [INFO] ThirdParty:1030 - CMSIS Pack Vendor :STMicroelectronics PDM2PCM 3.1.0
2025-07-28 16:21:24,514 [INFO] ThirdParty:1030 - CMSIS Pack Vendor :STMicroelectronics PDM2PCM 3.3.0
2025-07-28 16:21:24,514 [INFO] ThirdParty:1030 - CMSIS Pack Vendor :wolfSSL I-CUBE-wolfTPM 3.8.0
2025-07-28 16:21:24,514 [INFO] ThirdParty:1030 - CMSIS Pack Vendor :STMicroelectronics X-CUBE-AZRTOS-H7 3.4.0
2025-07-28 16:21:24,514 [INFO] ThirdParty:1030 - CMSIS Pack Vendor :STMicroelectronics X-CUBE-DISPLAY 3.0.0
2025-07-28 16:21:24,514 [INFO] ThirdParty:1030 - CMSIS Pack Vendor :wolfSSL I-CUBE-wolfSSH 1.4.20
2025-07-28 16:21:24,514 [INFO] ThirdParty:1030 - CMSIS Pack Vendor :STMicroelectronics X-CUBE-NFC7 2.0.0
2025-07-28 16:21:24,514 [INFO] ThirdParty:1030 - CMSIS Pack Vendor :STMicroelectronics X-CUBE-TCPP 4.2.0
2025-07-28 16:21:24,514 [INFO] ThirdParty:1030 - CMSIS Pack Vendor :RealThread X-CUBE-RT-Thread_Nano 4.1.1
2025-07-28 16:21:24,514 [INFO] ThirdParty:1030 - CMSIS Pack Vendor :STMicroelectronics FP-ATR-SIGFOX1 3.2.0
2025-07-28 16:21:24,514 [INFO] ThirdParty:1030 - CMSIS Pack Vendor :STMicroelectronics X-CUBE-NFC10 1.0.0
2025-07-28 16:21:24,517 [INFO] ThirdParty:1030 - CMSIS Pack Vendor :STMicroelectronics X-CUBE-BLEMGR 4.0.0
2025-07-28 16:21:24,517 [INFO] ThirdParty:1030 - CMSIS Pack Vendor :STMicroelectronics X-CUBE-EEPRMA1 5.1.0
2025-07-28 16:21:24,517 [INFO] ThirdParty:1030 - CMSIS Pack Vendor :STMicroelectronics X-CUBE-FREERTOS 1.3.1
2025-07-28 16:21:24,517 [INFO] ThirdParty:1030 - CMSIS Pack Vendor :STMicroelectronics HAL Drivers 0.0.0
2025-07-28 16:21:24,517 [INFO] ThirdParty:1030 - CMSIS Pack Vendor :STMicroelectronics MBEDTLS 2.16.2
2025-07-28 16:21:24,519 [INFO] ThirdParty:1030 - CMSIS Pack Vendor :STMicroelectronics X-CUBE-IPS 3.1.0
2025-07-28 16:21:24,519 [INFO] ThirdParty:1030 - CMSIS Pack Vendor :STMicroelectronics X-CUBE-ALS 1.0.2
2025-07-28 16:21:24,519 [INFO] ThirdParty:1030 - CMSIS Pack Vendor :emotas I-CUBE-CANOPEN 1.3.0
2025-07-28 16:21:24,520 [INFO] ThirdParty:1030 - CMSIS Pack Vendor :STMicroelectronics X-CUBE-FREERTOS 1.3.0
2025-07-28 16:21:24,520 [INFO] ThirdParty:1030 - CMSIS Pack Vendor :STMicroelectronics X-CUBE-NFC7 1.0.1
2025-07-28 16:21:24,520 [INFO] ThirdParty:1030 - CMSIS Pack Vendor :STMicroelectronics MBEDTLS 2.14.1
2025-07-28 16:21:24,520 [INFO] ThirdParty:1030 - CMSIS Pack Vendor :wolfSSL I-CUBE-wolfSSL 5.7.6
2025-07-28 16:21:24,520 [INFO] ThirdParty:1030 - CMSIS Pack Vendor :ITTIA_DB I-CUBE-ITTIADB 8.9.0
2025-07-28 16:21:24,520 [INFO] ThirdParty:1030 - CMSIS Pack Vendor :portGmbH I-Cube-SoM-uGOAL 1.1.0
2025-07-28 16:21:24,520 [INFO] ThirdParty:1030 - CMSIS Pack Vendor :quantropi X-CUBE-qispace-sdk-base 2.0.0
2025-07-28 16:21:24,520 [INFO] ThirdParty:1030 - CMSIS Pack Vendor :STMicroelectronics X-CUBE-AI 10.0.0
2025-07-28 16:21:24,520 [INFO] ThirdParty:1030 - CMSIS Pack Vendor :STMicroelectronics X-CUBE-ST67W61 1.0.0
2025-07-28 16:21:24,520 [INFO] ThirdParty:1030 - CMSIS Pack Vendor :STMicroelectronics FP-SNS-STAIOTCFT 1.0.0
2025-07-28 16:21:24,521 [INFO] ThirdParty:1030 - CMSIS Pack Vendor :STMicroelectronics ThreadX 1.0.0
2025-07-28 16:21:24,521 [INFO] ThirdParty:1030 - CMSIS Pack Vendor :STMicroelectronics FP-SNS-SMARTAG2 1.2.0
2025-07-28 16:21:24,521 [INFO] ThirdParty:1030 - CMSIS Pack Vendor :STMicroelectronics FP-SNS-FLIGHT1 5.1.0
2025-07-28 16:21:24,521 [INFO] ThirdParty:1030 - CMSIS Pack Vendor :STMicroelectronics X-CUBE-MEMS1 11.1.0
2025-07-28 16:21:24,521 [INFO] ThirdParty:1030 - CMSIS Pack Vendor :STMicroelectronics X-CUBE-AZRTOS-WL 2.0.0
2025-07-28 16:21:24,521 [INFO] ThirdParty:1030 - CMSIS Pack Vendor :SEGGER I-CUBE-embOS 1.3.1
2025-07-28 16:21:24,521 [INFO] ThirdParty:1030 - CMSIS Pack Vendor :STMicroelectronics X-CUBE-ALGOBUILD 1.4.0
2025-07-28 16:21:24,521 [INFO] ThirdParty:1030 - CMSIS Pack Vendor :STMicroelectronics X-CUBE-DPower 1.3.0
2025-07-28 16:21:24,521 [INFO] ThirdParty:1030 - CMSIS Pack Vendor :STMicroelectronics X-CUBE-MEMS1 11.3.0
2025-07-28 16:21:24,521 [INFO] ThirdParty:1030 - CMSIS Pack Vendor :STMicroelectronics FP-SNS-MOTENV1 5.0.0
2025-07-28 16:21:24,521 [INFO] ThirdParty:1030 - CMSIS Pack Vendor :STMicroelectronics USB_DEVICE 1.0.0
2025-07-28 16:21:24,521 [INFO] ThirdParty:1030 - CMSIS Pack Vendor :STMicroelectronics X-CUBE-AZRTOS-L4 2.0.0
2025-07-28 16:21:24,521 [INFO] ThirdParty:1030 - CMSIS Pack Vendor :STMicroelectronics ThreadX 0.0.2
2025-07-28 16:21:24,522 [INFO] ThirdParty:1030 - CMSIS Pack Vendor :WES I-CUBE-Cesium 1.3.0
2025-07-28 16:21:24,522 [INFO] ThirdParty:1030 - CMSIS Pack Vendor :STMicroelectronics lwIP 2.1.2
2025-07-28 16:21:24,522 [INFO] ThirdParty:1030 - CMSIS Pack Vendor :STMicroelectronics X-CUBE-SFXS2LP1 4.0.0
2025-07-28 16:21:24,522 [INFO] ThirdParty:1030 - CMSIS Pack Vendor :STMicroelectronics X-CUBE-BLE2 3.3.0
2025-07-28 16:21:24,522 [INFO] ThirdParty:1030 - CMSIS Pack Vendor :STMicroelectronics X-CUBE-TOF1 3.4.2
2025-07-28 16:21:24,522 [INFO] ThirdParty:1030 - CMSIS Pack Vendor :STMicroelectronics X-CUBE-TOF1 3.4.3
2025-07-28 16:21:24,522 [INFO] ThirdParty:1030 - CMSIS Pack Vendor :STMicroelectronics PDM2PCM 3.2.0
2025-07-28 16:21:24,522 [INFO] ThirdParty:841 - exiting critical section [change project]
2025-07-28 16:21:25,134 [INFO] PinOutPanel:1589 - setPackage(No Configuration,No Configuration)
2025-07-28 16:21:25,135 [INFO] PinOutPanel:1589 - setPackage(STM32F103RBTx,LQFP64)
2025-07-28 16:21:26,419 [INFO] UtilMem:75 - Before build in PCC Used Memory: 920160280 Bytes (1073741824)
2025-07-28 16:21:27,116 [INFO] UtilMem:75 - After build in PCC Used Memory: 965771288 Bytes (1073741824)
2025-07-28 16:21:27,167 [INFO] IPUIPlugin:80 - create IPUIPlugin
2025-07-28 16:21:27,168 [INFO] IPUIPlugin:80 - create IPUIPlugin
2025-07-28 16:21:27,168 [INFO] IPUIPlugin:80 - create IPUIPlugin
2025-07-28 16:21:27,169 [INFO] IPUIPlugin:80 - create IPUIPlugin
2025-07-28 16:21:27,169 [INFO] IPUIPlugin:80 - create IPUIPlugin
2025-07-28 16:21:27,169 [INFO] IPUIPlugin:80 - create IPUIPlugin
2025-07-28 16:21:27,170 [INFO] IPUIPlugin:80 - create IPUIPlugin
2025-07-28 16:21:27,170 [INFO] IPUIPlugin:80 - create IPUIPlugin
2025-07-28 16:21:27,171 [INFO] IPUIPlugin:80 - create IPUIPlugin
2025-07-28 16:21:27,171 [INFO] IPUIPlugin:80 - create IPUIPlugin
2025-07-28 16:21:27,171 [INFO] IPUIPlugin:80 - create IPUIPlugin
2025-07-28 16:21:27,172 [INFO] IPUIPlugin:80 - create IPUIPlugin
2025-07-28 16:21:27,172 [INFO] IPUIPlugin:80 - create IPUIPlugin
2025-07-28 16:21:27,173 [INFO] IPUIPlugin:80 - create IPUIPlugin
2025-07-28 16:21:27,173 [INFO] IPUIPlugin:80 - create IPUIPlugin
2025-07-28 16:21:27,173 [INFO] IPUIPlugin:80 - create IPUIPlugin
2025-07-28 16:21:27,174 [INFO] IPUIPlugin:80 - create IPUIPlugin
2025-07-28 16:21:27,176 [INFO] IPUIPlugin:80 - create IPUIPlugin
2025-07-28 16:21:27,177 [INFO] IPUIPlugin:80 - create IPUIPlugin
2025-07-28 16:21:27,177 [INFO] IPUIPlugin:80 - create IPUIPlugin
2025-07-28 16:21:27,178 [INFO] IPUIPlugin:80 - create IPUIPlugin
2025-07-28 16:21:27,178 [INFO] IPUIPlugin:80 - create IPUIPlugin
2025-07-28 16:21:27,179 [INFO] IPUIPlugin:80 - create IPUIPlugin
2025-07-28 16:21:27,179 [INFO] IPUIPlugin:80 - create IPUIPlugin
2025-07-28 16:21:27,179 [INFO] IPUIPlugin:80 - create IPUIPlugin
2025-07-28 16:21:27,179 [INFO] IPUIPlugin:80 - create IPUIPlugin
2025-07-28 16:21:27,180 [INFO] IPUIPlugin:80 - create IPUIPlugin
2025-07-28 16:21:27,182 [WARN] IP:2251 - I2C_Coeff_DF not found: check if there is a RefParameter without a condition.
2025-07-28 16:21:27,182 [WARN] IP:2251 - Analog_Filter not found: check if there is a RefParameter without a condition.
2025-07-28 16:21:27,319 [INFO] CADModel:165 - CPN selected for project levelSTM32F103RBT6
2025-07-28 16:21:27,319 [INFO] CADModel:114 - Register for checkConnection events
2025-07-28 16:21:27,419 [INFO] OpenFileManager:363 - Restore cursor
2025-07-28 16:21:27,639 [WARN] IP:2251 - I2C_Coeff_DF not found: check if there is a RefParameter without a condition.
2025-07-28 16:21:27,639 [WARN] IP:2251 - Analog_Filter not found: check if there is a RefParameter without a condition.
2025-07-28 16:21:27,640 [WARN] IP:2251 - I2C_Coeff_DF not found: check if there is a RefParameter without a condition.
2025-07-28 16:21:27,640 [WARN] IP:2251 - Analog_Filter not found: check if there is a RefParameter without a condition.
2025-07-28 16:21:43,070 [INFO] NvicIntPanel:101 - NVIC parent = com.st.microxplorer.plugins.ip.nvic.MultiNvicIntPanel[,0,0,0x0,invalid,layout=javax.swing.BoxLayout,alignmentX=0.0,alignmentY=0.0,border=,flags=9,maximumSize=,minimumSize=,preferredSize=]
2025-07-28 16:24:27,689 [INFO] NvicIntPanel:101 - NVIC parent = com.st.microxplorer.plugins.ip.nvic.MultiNvicIntPanel[,0,0,0x0,invalid,layout=javax.swing.BoxLayout,alignmentX=0.0,alignmentY=0.0,border=,flags=9,maximumSize=,minimumSize=,preferredSize=]
2025-07-28 16:24:30,959 [INFO] UtilMem:75 - End SaveConfig() Used Memory: 725336520 Bytes (1073741824)
2025-07-28 16:24:32,105 [INFO] UtilMem:75 - End SaveConfig() Used Memory: 740190712 Bytes (1073741824)
2025-07-28 16:24:33,690 [INFO] UtilMem:75 - End SaveConfig() Used Memory: 779814168 Bytes (1073741824)
2025-07-28 16:24:34,524 [INFO] BlockDiagram:2766 - set Specific Code input for plugin: NVIC
2025-07-28 16:24:34,524 [INFO] BlockDiagram:2766 - set Specific Code input for plugin: USART
2025-07-28 16:24:34,524 [INFO] BlockDiagram:2766 - set Specific Code input for plugin: TIM1_8F1
2025-07-28 16:24:34,524 [INFO] BlockDiagram:2766 - set Specific Code input for plugin: SYS
2025-07-28 16:24:34,525 [INFO] BlockDiagram:2766 - set Specific Code input for plugin: GPIO
2025-07-28 16:24:34,525 [INFO] BlockDiagram:2766 - set Specific Code input for plugin: RCC
2025-07-28 16:24:34,525 [INFO] BlockDiagram:2766 - set Specific Code input for plugin: I2C
2025-07-28 16:24:34,527 [INFO] CodeGenerator:896 - code generatio: config db path: C:\ST\STM32CubeIDE_1.17.0\STM32CubeIDE\plugins\com.st.stm32cube.common.mx_6.13.0.202411220809\\db\
2025-07-28 16:24:34,544 [WARN] IP:2251 - I2C_Coeff_DF not found: check if there is a RefParameter without a condition.
2025-07-28 16:24:34,545 [WARN] IP:2251 - Analog_Filter not found: check if there is a RefParameter without a condition.
2025-07-28 16:24:34,892 [INFO] CodeEngine:255 - oldGeneratedFile, C:\Users\Santiago\Desktop\facu\2025c1\TPF_TDSE\Pruebas_workspace\MdeE\MXTmpFiles\license.tmp_save
2025-07-28 16:24:36,014 [INFO] CodeEngine:279 - Generated code: C:\Users\Santiago\Desktop\facu\2025c1\TPF_TDSE\Pruebas_workspace\MdeE\MXTmpFiles\license.tmp
2025-07-28 16:24:36,493 [INFO] CodeEngine:255 - oldGeneratedFile, C:\Users\Santiago\Desktop\facu\2025c1\TPF_TDSE\Pruebas_workspace\MdeE\MXTmpFiles\gpio.tmp_save
2025-07-28 16:24:37,049 [INFO] CodeEngine:279 - Generated code: C:\Users\Santiago\Desktop\facu\2025c1\TPF_TDSE\Pruebas_workspace\MdeE\MXTmpFiles\gpio.tmp
2025-07-28 16:24:37,675 [INFO] CodeEngine:255 - oldGeneratedFile, C:\Users\Santiago\Desktop\facu\2025c1\TPF_TDSE\Pruebas_workspace\MdeE\Core\Src\stm32f1xx_it.c_save
2025-07-28 16:24:38,738 [INFO] CodeEngine:279 - Generated code: C:\Users\Santiago\Desktop\facu\2025c1\TPF_TDSE\Pruebas_workspace\MdeE\Core\Src\stm32f1xx_it.c
2025-07-28 16:24:38,780 [INFO] CodeEngine:255 - oldGeneratedFile, C:\Users\Santiago\Desktop\facu\2025c1\TPF_TDSE\Pruebas_workspace\MdeE\Core\Inc\stm32f1xx_it.h_save
2025-07-28 16:24:38,987 [INFO] CodeEngine:279 - Generated code: C:\Users\Santiago\Desktop\facu\2025c1\TPF_TDSE\Pruebas_workspace\MdeE\Core\Inc\stm32f1xx_it.h
2025-07-28 16:24:39,196 [INFO] CodeEngine:255 - oldGeneratedFile, C:\Users\Santiago\Desktop\facu\2025c1\TPF_TDSE\Pruebas_workspace\MdeE\Core\Src\stm32f1xx_hal_msp.c_save
2025-07-28 16:24:39,527 [INFO] CodeEngine:279 - Generated code: C:\Users\Santiago\Desktop\facu\2025c1\TPF_TDSE\Pruebas_workspace\MdeE\Core\Src\stm32f1xx_hal_msp.c
2025-07-28 16:24:39,540 [INFO] CodeEngine:255 - oldGeneratedFile, C:\Users\Santiago\Desktop\facu\2025c1\TPF_TDSE\Pruebas_workspace\MdeE\MXTmpFiles\system.tmp_save
2025-07-28 16:24:39,697 [INFO] CodeEngine:279 - Generated code: C:\Users\Santiago\Desktop\facu\2025c1\TPF_TDSE\Pruebas_workspace\MdeE\MXTmpFiles\system.tmp
2025-07-28 16:24:39,795 [INFO] CodeEngine:311 - oldGeneratedFile, C:\Users\Santiago\Desktop\facu\2025c1\TPF_TDSE\Pruebas_workspace\MdeE\Core\Inc\stm32f1xx_hal_conf.h_save
2025-07-28 16:24:40,102 [INFO] CodeEngine:335 - Generated code: C:\Users\Santiago\Desktop\facu\2025c1\TPF_TDSE\Pruebas_workspace\MdeE\Core\Inc\stm32f1xx_hal_conf.h
2025-07-28 16:24:40,176 [INFO] ApiDbMcu:508 - Load IP Config File for I2C1
2025-07-28 16:24:40,203 [INFO] ApiDbMcu:508 - Load IP Config File for TIM2
2025-07-28 16:24:40,212 [INFO] ApiDbMcu:508 - Load IP Config File for USART2
2025-07-28 16:24:40,216 [INFO] ApiDbMcu:508 - Load IP Config File for RCC
2025-07-28 16:24:40,222 [WARN] IPConfigManager:3618 - IP not found : TIM
2025-07-28 16:24:40,223 [WARN] CodeGenerator:4152 - IP not found : null
2025-07-28 16:24:40,303 [INFO] CodeEngine:255 - oldGeneratedFile, C:\Users\Santiago\Desktop\facu\2025c1\TPF_TDSE\Pruebas_workspace\MdeE\Core\Inc\main.h_save
2025-07-28 16:24:40,567 [INFO] CodeEngine:279 - Generated code: C:\Users\Santiago\Desktop\facu\2025c1\TPF_TDSE\Pruebas_workspace\MdeE\Core\Inc\main.h
2025-07-28 16:24:40,615 [INFO] CodeEngine:255 - oldGeneratedFile, C:\Users\Santiago\Desktop\facu\2025c1\TPF_TDSE\Pruebas_workspace\MdeE\Core\Src\main.c_save
2025-07-28 16:24:40,996 [INFO] CodeEngine:279 - Generated code: C:\Users\Santiago\Desktop\facu\2025c1\TPF_TDSE\Pruebas_workspace\MdeE\Core\Src\main.c
2025-07-28 16:24:42,200 [INFO] ProjectBuilder:3289 - Time for Copy HAL[1] : 613mS.
2025-07-28 16:24:42,215 [INFO] ProjectBuilder:4876 - Project Generator version: 4.5.0-RC5
2025-07-28 16:24:42,441 [INFO] ConfigFileManager:1579 - The Die is : DIE410
2025-07-28 16:24:42,448 [INFO] ApiDbMcu:508 - Load IP Config File for FATFS
2025-07-28 16:24:42,460 [INFO] ApiDbMcu:508 - Load IP Config File for FREERTOS
2025-07-28 16:24:42,482 [INFO] ApiDbMcu:508 - Load IP Config File for USB_DEVICE
2025-07-28 16:24:48,285 [INFO] ProjectBuilder:5154 - Time for Generating toolchain IDE Files: 6070mS.
2025-07-28 16:24:48,287 [INFO] ProjectBuilder:3146 - Time for Copy CMSIS : 1mS.
2025-07-28 16:24:48,292 [INFO] ProjectBuilder:3146 - Time for Copy CMSIS : 0mS.
2025-07-28 16:29:57,901 [WARN] IP:2251 - I2C_Coeff_DF not found: check if there is a RefParameter without a condition.
2025-07-28 16:29:57,902 [WARN] IP:2251 - Analog_Filter not found: check if there is a RefParameter without a condition.
2025-07-28 16:29:57,903 [WARN] IP:2251 - I2C_Coeff_DF not found: check if there is a RefParameter without a condition.
2025-07-28 16:29:57,903 [WARN] IP:2251 - Analog_Filter not found: check if there is a RefParameter without a condition.
2025-07-28 16:32:54,336 [INFO] UtilMem:75 - End SaveConfig() Used Memory: 815323416 Bytes (1073741824)
2025-07-28 16:32:54,862 [INFO] UtilMem:75 - End SaveConfig() Used Memory: 827906328 Bytes (1073741824)
2025-07-28 16:32:56,084 [INFO] UtilMem:75 - End SaveConfig() Used Memory: 861987096 Bytes (1073741824)
2025-07-28 16:32:56,348 [INFO] BlockDiagram:2766 - set Specific Code input for plugin: NVIC
2025-07-28 16:32:56,348 [INFO] BlockDiagram:2766 - set Specific Code input for plugin: USART
2025-07-28 16:32:56,349 [INFO] BlockDiagram:2766 - set Specific Code input for plugin: TIM1_8F1
2025-07-28 16:32:56,350 [INFO] BlockDiagram:2766 - set Specific Code input for plugin: SYS
2025-07-28 16:32:56,351 [INFO] BlockDiagram:2766 - set Specific Code input for plugin: GPIO
2025-07-28 16:32:56,352 [INFO] BlockDiagram:2766 - set Specific Code input for plugin: RCC
2025-07-28 16:32:56,352 [INFO] BlockDiagram:2766 - set Specific Code input for plugin: I2C
2025-07-28 16:32:56,354 [INFO] CodeGenerator:896 - code generatio: config db path: C:\ST\STM32CubeIDE_1.17.0\STM32CubeIDE\plugins\com.st.stm32cube.common.mx_6.13.0.202411220809\\db\
2025-07-28 16:32:56,356 [WARN] IP:2251 - I2C_Coeff_DF not found: check if there is a RefParameter without a condition.
2025-07-28 16:32:56,356 [WARN] IP:2251 - Analog_Filter not found: check if there is a RefParameter without a condition.
2025-07-28 16:32:56,578 [INFO] CodeEngine:255 - oldGeneratedFile, C:\Users\Santiago\Desktop\facu\2025c1\TPF_TDSE\Pruebas_workspace\MdeE\MXTmpFiles\license.tmp_save
2025-07-28 16:32:56,834 [INFO] CodeEngine:279 - Generated code: C:\Users\Santiago\Desktop\facu\2025c1\TPF_TDSE\Pruebas_workspace\MdeE\MXTmpFiles\license.tmp
2025-07-28 16:32:56,943 [INFO] CodeEngine:255 - oldGeneratedFile, C:\Users\Santiago\Desktop\facu\2025c1\TPF_TDSE\Pruebas_workspace\MdeE\MXTmpFiles\gpio.tmp_save
2025-07-28 16:32:57,183 [INFO] CodeEngine:279 - Generated code: C:\Users\Santiago\Desktop\facu\2025c1\TPF_TDSE\Pruebas_workspace\MdeE\MXTmpFiles\gpio.tmp
2025-07-28 16:32:57,596 [INFO] CodeEngine:255 - oldGeneratedFile, C:\Users\Santiago\Desktop\facu\2025c1\TPF_TDSE\Pruebas_workspace\MdeE\Core\Src\stm32f1xx_it.c_save
2025-07-28 16:32:57,951 [INFO] CodeEngine:279 - Generated code: C:\Users\Santiago\Desktop\facu\2025c1\TPF_TDSE\Pruebas_workspace\MdeE\Core\Src\stm32f1xx_it.c
2025-07-28 16:32:57,994 [INFO] CodeEngine:255 - oldGeneratedFile, C:\Users\Santiago\Desktop\facu\2025c1\TPF_TDSE\Pruebas_workspace\MdeE\Core\Inc\stm32f1xx_it.h_save
2025-07-28 16:32:58,173 [INFO] CodeEngine:279 - Generated code: C:\Users\Santiago\Desktop\facu\2025c1\TPF_TDSE\Pruebas_workspace\MdeE\Core\Inc\stm32f1xx_it.h
2025-07-28 16:32:58,290 [INFO] CodeEngine:255 - oldGeneratedFile, C:\Users\Santiago\Desktop\facu\2025c1\TPF_TDSE\Pruebas_workspace\MdeE\Core\Src\stm32f1xx_hal_msp.c_save
2025-07-28 16:32:58,567 [INFO] CodeEngine:279 - Generated code: C:\Users\Santiago\Desktop\facu\2025c1\TPF_TDSE\Pruebas_workspace\MdeE\Core\Src\stm32f1xx_hal_msp.c
2025-07-28 16:32:58,576 [INFO] CodeEngine:255 - oldGeneratedFile, C:\Users\Santiago\Desktop\facu\2025c1\TPF_TDSE\Pruebas_workspace\MdeE\MXTmpFiles\system.tmp_save
2025-07-28 16:32:58,729 [INFO] CodeEngine:279 - Generated code: C:\Users\Santiago\Desktop\facu\2025c1\TPF_TDSE\Pruebas_workspace\MdeE\MXTmpFiles\system.tmp
2025-07-28 16:32:58,806 [INFO] CodeEngine:311 - oldGeneratedFile, C:\Users\Santiago\Desktop\facu\2025c1\TPF_TDSE\Pruebas_workspace\MdeE\Core\Inc\stm32f1xx_hal_conf.h_save
2025-07-28 16:32:59,038 [INFO] CodeEngine:335 - Generated code: C:\Users\Santiago\Desktop\facu\2025c1\TPF_TDSE\Pruebas_workspace\MdeE\Core\Inc\stm32f1xx_hal_conf.h
2025-07-28 16:32:59,094 [WARN] IPConfigManager:3618 - IP not found : TIM
2025-07-28 16:32:59,095 [WARN] CodeGenerator:4152 - IP not found : null
2025-07-28 16:32:59,140 [INFO] CodeEngine:255 - oldGeneratedFile, C:\Users\Santiago\Desktop\facu\2025c1\TPF_TDSE\Pruebas_workspace\MdeE\Core\Inc\main.h_save
2025-07-28 16:32:59,340 [INFO] CodeEngine:279 - Generated code: C:\Users\Santiago\Desktop\facu\2025c1\TPF_TDSE\Pruebas_workspace\MdeE\Core\Inc\main.h
2025-07-28 16:32:59,378 [INFO] CodeEngine:255 - oldGeneratedFile, C:\Users\Santiago\Desktop\facu\2025c1\TPF_TDSE\Pruebas_workspace\MdeE\Core\Src\main.c_save
2025-07-28 16:32:59,631 [INFO] CodeEngine:279 - Generated code: C:\Users\Santiago\Desktop\facu\2025c1\TPF_TDSE\Pruebas_workspace\MdeE\Core\Src\main.c
2025-07-28 16:33:00,208 [INFO] ProjectBuilder:3289 - Time for Copy HAL[1] : 300mS.
2025-07-28 16:33:00,218 [INFO] ProjectBuilder:4876 - Project Generator version: 4.5.0-RC5
2025-07-28 16:33:00,356 [INFO] ConfigFileManager:1579 - The Die is : DIE410
2025-07-28 16:33:02,679 [INFO] ProjectBuilder:5154 - Time for Generating toolchain IDE Files: 2460mS.
2025-07-28 16:33:02,681 [INFO] ProjectBuilder:3146 - Time for Copy CMSIS : 2mS.
2025-07-28 16:33:02,687 [INFO] ProjectBuilder:3146 - Time for Copy CMSIS : 0mS.
