2025-07-06 15:47:06,038 [INFO] Activator:176 - 


2025-07-06 15:47:06,048 [INFO] Activator:177 - !SESSION log4j initialized
2025-07-06 15:47:14,865 [INFO] LogOutputStream:77 - [STDOUT_REDIRECT] 
2025-07-06 15:47:15,310 [ERROR] ConfigurationRetriever:142 - IOException on connection: sw-center.st.com
2025-07-06 15:47:15,312 [ERROR] ConfigurationRetriever:142 - IOException on connection: sw-center.st.com
2025-07-06 15:47:15,312 [ERROR] ConfigurationRetriever:142 - IOException on connection: sw-center.st.com
2025-07-06 15:47:15,328 [ERROR] ConfigurationRetriever:142 - IOException on connection: sw-center.st.com
2025-07-06 15:47:15,337 [ERROR] ConfigurationRetriever:142 - IOException on connection: sw-center.st.com
2025-07-06 15:47:15,337 [ERROR] ConfigurationRetriever:142 - IOException on connection: sw-center.st.com
2025-07-06 15:47:18,920 [INFO] ApplicationProperties:184 - Using Application install path: C:\ST\STM32CubeIDE_1.17.0\STM32CubeIDE\plugins\com.st.stm32cube.common.mx_6.13.0.202411220809
2025-07-06 15:47:18,954 [INFO] DbMcusXml:78 - Set database path to: C:\ST\STM32CubeIDE_1.17.0\STM32CubeIDE\plugins\com.st.stm32cube.common.mx_6.13.0.202411220809\\db\/mcu/
2025-07-06 15:47:18,954 [INFO] ApiDb:274 - Set plugin database path to: C:\ST\STM32CubeIDE_1.17.0\STM32CubeIDE\plugins\com.st.stm32cube.common.mx_6.13.0.202411220809\\db\/plugins/boardmanager/
2025-07-06 15:47:18,954 [WARN] ApiDb:259 - Overriding images path with different value:  => C:\ST\STM32CubeIDE_1.17.0\STM32CubeIDE\plugins\com.st.stm32cube.common.mx_6.13.0.202411220809\\db\/plugins/mcufinder/images/
2025-07-06 15:47:18,969 [INFO] ApiDb:250 - Set database path to: C:\Users\Santiago\.stmcufinder\plugins\mcufinder//mcu/
2025-07-06 15:47:18,972 [INFO] DbMcusAds:125 - Set database path to: C:\Users\Santiago\.stmcufinder\plugins\mcufinder//mcu/
2025-07-06 15:47:18,977 [INFO] CrossReferenceDbSqlite:203 - Set database path to: C:\Users\Santiago\.stmcufinder\plugins\mcufinder//mcu/cs/
2025-07-06 15:47:19,249 [INFO] RulesReader:64 - Compatibility file has been processed (297 Rules)
2025-07-06 15:47:19,480 [INFO] DbMcusXml:78 - Set database path to: C:\ST\STM32CubeIDE_1.17.0\STM32CubeIDE\plugins\com.st.stm32cube.common.mx_6.13.0.202411220809\\db\/mcu/
2025-07-06 15:47:19,481 [INFO] ApiDb:274 - Set plugin database path to: C:\ST\STM32CubeIDE_1.17.0\STM32CubeIDE\plugins\com.st.stm32cube.common.mx_6.13.0.202411220809\\db\/plugins/boardmanager/
2025-07-06 15:47:19,481 [INFO] ApiDb:261 - Set plugin images path to: C:\ST\STM32CubeIDE_1.17.0\STM32CubeIDE\plugins\com.st.stm32cube.common.mx_6.13.0.202411220809\\db\/plugins/mcufinder/images/
2025-07-06 15:47:19,482 [WARN] DbFile:41 - Overriding database path with different value: C:\Users\Santiago\.stmcufinder\plugins\mcufinder/ => C:\Users\Santiago\.stmcufinder\plugins\mcufinder
2025-07-06 15:47:19,482 [INFO] ApiDb:250 - Set database path to: C:\Users\Santiago\.stmcufinder\plugins\mcufinder//mcu/
2025-07-06 15:47:19,482 [WARN] DbFile:41 - Overriding database path with different value: C:\Users\Santiago\.stmcufinder\plugins\mcufinder/ => C:\Users\Santiago\.stmcufinder\plugins\mcufinder
2025-07-06 15:47:19,483 [INFO] DbMcusAds:125 - Set database path to: C:\Users\Santiago\.stmcufinder\plugins\mcufinder//mcu/
2025-07-06 15:47:19,483 [WARN] DbFile:41 - Overriding database path with different value: C:\Users\Santiago\.stmcufinder\plugins\mcufinder/ => C:\Users\Santiago\.stmcufinder\plugins\mcufinder
2025-07-06 15:47:19,483 [WARN] DbFile:41 - Overriding database path with different value: C:\Users\Santiago\.stmcufinder\plugins\mcufinder/ => C:\Users\Santiago\.stmcufinder\plugins\mcufinder
2025-07-06 15:47:19,484 [INFO] CrossReferenceDbSqlite:203 - Set database path to: C:\Users\Santiago\.stmcufinder\plugins\mcufinder//mcu/cs/
2025-07-06 15:47:19,704 [INFO] MainPanel:272 - HeapMemory: 268435456
2025-07-06 15:47:19,938 [INFO] DbMcusXml:78 - Set database path to: C:\ST\STM32CubeIDE_1.17.0\STM32CubeIDE\plugins\com.st.stm32cube.common.mx_6.13.0.202411220809\\db\/mcu/
2025-07-06 15:47:19,938 [INFO] ApiDb:274 - Set plugin database path to: C:\ST\STM32CubeIDE_1.17.0\STM32CubeIDE\plugins\com.st.stm32cube.common.mx_6.13.0.202411220809\\db\/plugins/boardmanager/
2025-07-06 15:47:19,939 [INFO] ApiDb:261 - Set plugin images path to: C:\ST\STM32CubeIDE_1.17.0\STM32CubeIDE\plugins\com.st.stm32cube.common.mx_6.13.0.202411220809\\db\/plugins/mcufinder/images/
2025-07-06 15:47:19,939 [WARN] DbFile:41 - Overriding database path with different value: C:\Users\Santiago\.stmcufinder\plugins\mcufinder/ => C:\Users\Santiago\.stmcufinder\plugins\mcufinder
2025-07-06 15:47:19,940 [INFO] ApiDb:250 - Set database path to: C:\Users\Santiago\.stmcufinder\plugins\mcufinder//mcu/
2025-07-06 15:47:19,940 [WARN] DbFile:41 - Overriding database path with different value: C:\Users\Santiago\.stmcufinder\plugins\mcufinder/ => C:\Users\Santiago\.stmcufinder\plugins\mcufinder
2025-07-06 15:47:19,940 [INFO] DbMcusAds:125 - Set database path to: C:\Users\Santiago\.stmcufinder\plugins\mcufinder//mcu/
2025-07-06 15:47:19,940 [WARN] DbFile:41 - Overriding database path with different value: C:\Users\Santiago\.stmcufinder\plugins\mcufinder/ => C:\Users\Santiago\.stmcufinder\plugins\mcufinder
2025-07-06 15:47:19,940 [WARN] DbFile:41 - Overriding database path with different value: C:\Users\Santiago\.stmcufinder\plugins\mcufinder/ => C:\Users\Santiago\.stmcufinder\plugins\mcufinder
2025-07-06 15:47:19,940 [INFO] CrossReferenceDbSqlite:203 - Set database path to: C:\Users\Santiago\.stmcufinder\plugins\mcufinder//mcu/cs/
2025-07-06 15:47:19,969 [INFO] ApplicationProperties:184 - Using Application install path: C:\ST\STM32CubeIDE_1.17.0\STM32CubeIDE\plugins\com.st.stm32cube.common.mx_6.13.0.202411220809
2025-07-06 15:47:19,971 [INFO] PluginManage:196 - Search for loadable plugins [exclusion list=, ]
2025-07-06 15:47:19,974 [INFO] PluginManage:310 - Check plugin analytics
2025-07-06 15:47:20,339 [INFO] AnalyticsPlugin:253 - Accepted Software Licenses: 
2025-07-06 15:47:20,340 [INFO] AnalyticsPlugin:255 - Accepted CMSIS Pack Licenses: 
2025-07-06 15:47:20,340 [INFO] AnalyticsPlugin:257 - Accepted Firmware Licenses: 
2025-07-06 15:47:20,349 [ERROR] ConfigurationRetriever:142 - IOException on connection: sw-center.st.com
2025-07-06 15:47:20,352 [INFO] PluginManage:359 - Loaded plugin analytics (category:tool,tabindex:-1)
2025-07-06 15:47:20,353 [INFO] PluginManage:310 - Check plugin cadmodel
2025-07-06 15:47:20,353 [ERROR] ConfigurationRetriever:142 - IOException on connection: sw-center.st.com
2025-07-06 15:47:20,355 [ERROR] ConfigurationRetriever:142 - IOException on connection: sw-center.st.com
2025-07-06 15:47:20,402 [INFO] CADModel:105 - Init CAD model plugin
2025-07-06 15:47:20,402 [INFO] PluginManage:359 - Loaded plugin cadmodel (category:power,tabindex:5)
2025-07-06 15:47:20,403 [INFO] PluginManage:310 - Check plugin clock
2025-07-06 15:47:20,453 [INFO] PluginManage:359 - Loaded plugin clock (category:base,tabindex:2)
2025-07-06 15:47:20,454 [INFO] PluginManage:310 - Check plugin ddr
2025-07-06 15:47:20,459 [INFO] PluginManage:359 - Loaded plugin ddr (category:tool,tabindex:6)
2025-07-06 15:47:20,459 [INFO] PluginManage:310 - Check plugin filemanager
2025-07-06 15:47:20,935 [INFO] PluginManage:359 - Loaded plugin filemanager (category:base,tabindex:10)
2025-07-06 15:47:20,935 [INFO] PluginManage:310 - Check plugin ipmanager
2025-07-06 15:47:20,957 [INFO] PluginManage:359 - Loaded plugin ipmanager (category:base,tabindex:5)
2025-07-06 15:47:20,958 [INFO] PluginManage:310 - Check plugin lpbam
2025-07-06 15:47:21,043 [INFO] PluginManage:359 - Loaded plugin lpbam (category:base,tabindex:0)
2025-07-06 15:47:21,043 [INFO] PluginManage:310 - Check plugin memorymap
2025-07-06 15:47:21,110 [INFO] PluginManage:359 - Loaded plugin memorymap (category:base,tabindex:4)
2025-07-06 15:47:21,111 [INFO] PluginManage:310 - Check plugin pinoutandconfiguration
2025-07-06 15:47:21,159 [INFO] PluginManage:359 - Loaded plugin pinoutandconfiguration (category:base,tabindex:1)
2025-07-06 15:47:21,159 [INFO] PluginManage:310 - Check plugin pinoutconfig
2025-07-06 15:47:21,412 [WARN] SupportedApi:132 - Cannot load RTOS API schema: s4s-elt-must-match.1: The content of 'definitions' must match (annotation?, (simpleType | complexType)?, (unique | key | keyref)*)). A problem was found starting at: attribute.
2025-07-06 15:47:21,836 [INFO] PluginManage:359 - Loaded plugin pinoutconfig (category:base,tabindex:0)
2025-07-06 15:47:21,837 [INFO] PluginManage:310 - Check plugin power
2025-07-06 15:47:21,894 [INFO] PluginManage:359 - Loaded plugin power (category:power,tabindex:4)
2025-07-06 15:47:21,894 [INFO] PluginManage:310 - Check plugin projectmanager
2025-07-06 15:47:21,975 [INFO] PluginManage:359 - Loaded plugin projectmanager (category:projectmanager,tabindex:4)
2025-07-06 15:47:21,977 [INFO] PluginManage:310 - Check plugin rif
2025-07-06 15:47:22,025 [INFO] PluginManage:359 - Loaded plugin rif (category:base,tabindex:3)
2025-07-06 15:47:22,026 [INFO] PluginManage:310 - Check plugin thirdparty
2025-07-06 15:47:22,805 [WARN] IntegrityCheckThread:84 - waiting for thirdparty lock release [integrity check]
2025-07-06 15:47:22,805 [INFO] PluginManage:359 - Loaded plugin thirdparty (category:base,tabindex:-1)
2025-07-06 15:47:22,805 [INFO] IntegrityCheckThread:86 - entering critical section [integrity check]
2025-07-06 15:47:22,805 [INFO] PluginManage:310 - Check plugin tools
2025-07-06 15:47:22,806 [INFO] ThirdPartyUpdaterWithRetryManager:70 - Updater plugin not ready yet. [1/15]
2025-07-06 15:47:22,915 [INFO] PluginManage:359 - Loaded plugin tools (category:base,tabindex:7)
2025-07-06 15:47:22,916 [INFO] PluginManage:310 - Check plugin tutovideos
2025-07-06 15:47:23,440 [INFO] PluginManage:359 - Loaded plugin tutovideos (category:base,tabindex:-1)
2025-07-06 15:47:23,442 [INFO] PluginManage:310 - Check plugin updater
2025-07-06 15:47:23,559 [INFO] PluginManage:359 - Loaded plugin updater (category:base,tabindex:12)
2025-07-06 15:47:23,560 [INFO] PluginManage:310 - Check plugin userauth
2025-07-06 15:47:23,568 [INFO] UserAuth:118 - Init User Auth plugin
2025-07-06 15:47:23,570 [INFO] PluginManage:359 - Loaded plugin userauth (category:base,tabindex:14)
2025-07-06 15:47:23,571 [INFO] PluginManage:283 - PluginManage : Loaded plugins [18]
2025-07-06 15:47:24,156 [INFO] PinOutPanel:1589 - setPackage(No Configuration,No Configuration)
2025-07-06 15:47:24,324 [INFO] CADModel:165 - CPN selected for project level
2025-07-06 15:47:24,324 [INFO] CADModel:114 - Register for checkConnection events
2025-07-06 15:47:24,389 [INFO] IPUIPlugin:80 - create IPUIPlugin
2025-07-06 15:47:24,390 [INFO] PluginManager:220 - loadIPPluginJar : add adc
2025-07-06 15:47:24,500 [INFO] IPUIPlugin:80 - create IPUIPlugin
2025-07-06 15:47:24,501 [INFO] PluginManager:220 - loadIPPluginJar : add aes
2025-07-06 15:47:24,632 [INFO] IPUIPlugin:80 - create IPUIPlugin
2025-07-06 15:47:24,632 [INFO] PluginManager:220 - loadIPPluginJar : add can
2025-07-06 15:47:24,720 [INFO] IPUIPlugin:80 - create IPUIPlugin
2025-07-06 15:47:24,721 [INFO] PluginManager:220 - loadIPPluginJar : add comp
2025-07-06 15:47:24,840 [INFO] IPUIPlugin:80 - create IPUIPlugin
2025-07-06 15:47:24,841 [INFO] PluginManager:220 - loadIPPluginJar : add cryp
2025-07-06 15:47:24,874 [INFO] IPUIPlugin:80 - create IPUIPlugin
2025-07-06 15:47:24,875 [INFO] PluginManager:220 - loadIPPluginJar : add ddr_ctrl_phy
2025-07-06 15:47:24,991 [INFO] IPUIPlugin:80 - create IPUIPlugin
2025-07-06 15:47:24,991 [INFO] PluginManager:220 - loadIPPluginJar : add dfsdm
2025-07-06 15:47:25,037 [INFO] IPUIPlugin:80 - create IPUIPlugin
2025-07-06 15:47:25,038 [INFO] PluginManager:220 - loadIPPluginJar : add dma
2025-07-06 15:47:25,227 [INFO] IPUIPlugin:80 - create IPUIPlugin
2025-07-06 15:47:25,228 [INFO] PluginManager:220 - loadIPPluginJar : add dma3
2025-07-06 15:47:25,410 [INFO] IPUIPlugin:80 - create IPUIPlugin
2025-07-06 15:47:25,410 [INFO] PluginManager:220 - loadIPPluginJar : add extmemmanager
2025-07-06 15:47:25,489 [INFO] IPUIPlugin:80 - create IPUIPlugin
2025-07-06 15:47:25,489 [INFO] PluginManager:220 - loadIPPluginJar : add fatfs
2025-07-06 15:47:25,643 [INFO] IPUIPlugin:80 - create IPUIPlugin
2025-07-06 15:47:25,644 [INFO] PluginManager:220 - loadIPPluginJar : add fmc
2025-07-06 15:47:25,683 [INFO] IPUIPlugin:80 - create IPUIPlugin
2025-07-06 15:47:25,684 [INFO] PluginManager:220 - loadIPPluginJar : add freertos
2025-07-06 15:47:25,750 [INFO] IPUIPlugin:80 - create IPUIPlugin
2025-07-06 15:47:25,751 [INFO] PluginManager:220 - loadIPPluginJar : add genericplugin
2025-07-06 15:47:25,809 [INFO] ThirdPartyUpdaterWithRetryManager:70 - Updater plugin not ready yet. [2/15]
2025-07-06 15:47:26,113 [INFO] IPUIPlugin:80 - create IPUIPlugin
2025-07-06 15:47:26,113 [INFO] PluginManager:220 - loadIPPluginJar : add gfxmmu
2025-07-06 15:47:26,569 [INFO] IPUIPlugin:80 - create IPUIPlugin
2025-07-06 15:47:26,570 [INFO] PluginManager:220 - loadIPPluginJar : add gic
2025-07-06 15:47:26,610 [INFO] IPUIPlugin:80 - create IPUIPlugin
2025-07-06 15:47:26,611 [INFO] PluginManager:220 - loadIPPluginJar : add gpio
2025-07-06 15:47:26,952 [INFO] IPUIPlugin:80 - create IPUIPlugin
2025-07-06 15:47:26,953 [INFO] PluginManager:220 - loadIPPluginJar : add gtzc
2025-07-06 15:47:27,054 [INFO] IPUIPlugin:80 - create IPUIPlugin
2025-07-06 15:47:27,054 [INFO] PluginManager:220 - loadIPPluginJar : add hash
2025-07-06 15:47:27,213 [INFO] IPUIPlugin:80 - create IPUIPlugin
2025-07-06 15:47:27,214 [INFO] PluginManager:220 - loadIPPluginJar : add i2c
2025-07-06 15:47:27,337 [INFO] IPUIPlugin:80 - create IPUIPlugin
2025-07-06 15:47:27,337 [INFO] PluginManager:220 - loadIPPluginJar : add i2s
2025-07-06 15:47:27,470 [INFO] IPUIPlugin:80 - create IPUIPlugin
2025-07-06 15:47:27,470 [INFO] PluginManager:220 - loadIPPluginJar : add i3c
2025-07-06 15:47:27,837 [INFO] IPUIPlugin:80 - create IPUIPlugin
2025-07-06 15:47:27,838 [INFO] PluginManager:220 - loadIPPluginJar : add ipddr
2025-07-06 15:47:28,128 [INFO] IPUIPlugin:80 - create IPUIPlugin
2025-07-06 15:47:28,128 [INFO] PluginManager:220 - loadIPPluginJar : add linkedlist
2025-07-06 15:47:28,268 [INFO] IPUIPlugin:80 - create IPUIPlugin
2025-07-06 15:47:28,269 [INFO] PluginManager:220 - loadIPPluginJar : add lorawan
2025-07-06 15:47:28,402 [INFO] IPUIPlugin:80 - create IPUIPlugin
2025-07-06 15:47:28,403 [INFO] PluginManager:220 - loadIPPluginJar : add ltdc
2025-07-06 15:47:28,453 [INFO] IPUIPlugin:80 - create IPUIPlugin
2025-07-06 15:47:28,454 [INFO] PluginManager:220 - loadIPPluginJar : add mdma
2025-07-06 15:47:28,488 [INFO] IPUIPlugin:80 - create IPUIPlugin
2025-07-06 15:47:28,488 [INFO] PluginManager:220 - loadIPPluginJar : add nvic
2025-07-06 15:47:28,617 [INFO] IPUIPlugin:80 - create IPUIPlugin
2025-07-06 15:47:28,618 [INFO] PluginManager:220 - loadIPPluginJar : add opamp
2025-07-06 15:47:28,810 [INFO] ThirdPartyUpdaterWithRetryManager:70 - Updater plugin not ready yet. [3/15]
2025-07-06 15:47:28,839 [INFO] IPUIPlugin:80 - create IPUIPlugin
2025-07-06 15:47:28,839 [INFO] PluginManager:220 - loadIPPluginJar : add openamp
2025-07-06 15:47:28,994 [INFO] IPUIPlugin:80 - create IPUIPlugin
2025-07-06 15:47:28,994 [INFO] PluginManager:220 - loadIPPluginJar : add pdm2pcm
2025-07-06 15:47:29,032 [INFO] IPUIPlugin:80 - create IPUIPlugin
2025-07-06 15:47:29,039 [INFO] PluginManager:220 - loadIPPluginJar : add plateformsettings
2025-07-06 15:47:29,118 [INFO] IPUIPlugin:80 - create IPUIPlugin
2025-07-06 15:47:29,119 [INFO] PluginManager:220 - loadIPPluginJar : add quadspi
2025-07-06 15:47:29,216 [INFO] IPUIPlugin:80 - create IPUIPlugin
2025-07-06 15:47:29,217 [INFO] PluginManager:220 - loadIPPluginJar : add radio
2025-07-06 15:47:29,245 [INFO] IPUIPlugin:80 - create IPUIPlugin
2025-07-06 15:47:29,246 [INFO] PluginManager:220 - loadIPPluginJar : add resmgrutility
2025-07-06 15:47:29,344 [INFO] IPUIPlugin:80 - create IPUIPlugin
2025-07-06 15:47:29,345 [INFO] PluginManager:220 - loadIPPluginJar : add sai
2025-07-06 15:47:29,421 [INFO] IPUIPlugin:80 - create IPUIPlugin
2025-07-06 15:47:29,421 [INFO] PluginManager:220 - loadIPPluginJar : add spi
2025-07-06 15:47:29,562 [INFO] IPUIPlugin:80 - create IPUIPlugin
2025-07-06 15:47:29,563 [INFO] PluginManager:220 - loadIPPluginJar : add stm32_wpan
2025-07-06 15:47:29,624 [INFO] IPUIPlugin:80 - create IPUIPlugin
2025-07-06 15:47:29,625 [INFO] PluginManager:220 - loadIPPluginJar : add tim
2025-07-06 15:47:29,751 [INFO] IPUIPlugin:80 - create IPUIPlugin
2025-07-06 15:47:29,752 [INFO] PluginManager:220 - loadIPPluginJar : add touchsensing
2025-07-06 15:47:29,830 [INFO] IPUIPlugin:80 - create IPUIPlugin
2025-07-06 15:47:29,830 [INFO] PluginManager:220 - loadIPPluginJar : add tracer_emb
2025-07-06 15:47:29,927 [INFO] IPUIPlugin:80 - create IPUIPlugin
2025-07-06 15:47:29,928 [INFO] PluginManager:220 - loadIPPluginJar : add ts
2025-07-06 15:47:30,019 [INFO] IPUIPlugin:80 - create IPUIPlugin
2025-07-06 15:47:30,021 [INFO] PluginManager:220 - loadIPPluginJar : add tsc
2025-07-06 15:47:30,099 [INFO] IPUIPlugin:80 - create IPUIPlugin
2025-07-06 15:47:30,099 [INFO] PluginManager:220 - loadIPPluginJar : add ucpd
2025-07-06 15:47:30,268 [INFO] IPUIPlugin:80 - create IPUIPlugin
2025-07-06 15:47:30,268 [INFO] PluginManager:220 - loadIPPluginJar : add usart
2025-07-06 15:47:30,416 [INFO] IPUIPlugin:80 - create IPUIPlugin
2025-07-06 15:47:30,416 [INFO] PluginManager:220 - loadIPPluginJar : add usbx
2025-07-06 15:47:30,668 [FATAL] Updater:351 - Updater called before beeing initialized
2025-07-06 15:47:30,767 [INFO] RulesReader:64 - Compatibility file has been processed (297 Rules)
2025-07-06 15:47:30,794 [INFO] RulesReader:64 - Compatibility file has been processed (297 Rules)
2025-07-06 15:47:30,808 [INFO] CADModel:165 - CPN selected for project level
2025-07-06 15:47:30,808 [INFO] CADModel:114 - Register for checkConnection events
2025-07-06 15:47:30,808 [FATAL] Updater:351 - Updater called before beeing initialized
2025-07-06 15:47:30,808 [ERROR] CADModel:125 - Updater not yet initialized, retry later 
2025-07-06 15:47:31,091 [FATAL] Updater:351 - Updater called before beeing initialized
2025-07-06 15:47:31,093 [INFO] CADModel:165 - CPN selected for project level
2025-07-06 15:47:31,094 [INFO] CADModel:114 - Register for checkConnection events
2025-07-06 15:47:31,094 [FATAL] Updater:351 - Updater called before beeing initialized
2025-07-06 15:47:31,094 [ERROR] CADModel:125 - Updater not yet initialized, retry later 
2025-07-06 15:47:31,099 [FATAL] Updater:351 - Updater called before beeing initialized
2025-07-06 15:47:31,449 [FATAL] Updater:351 - Updater called before beeing initialized
2025-07-06 15:47:31,475 [INFO] DbMcusAds:53 - JSON generation date=Thu Jun 19 05:32:37 ART 2025 (1750321957418)
2025-07-06 15:47:31,475 [FATAL] Updater:351 - Updater called before beeing initialized
2025-07-06 15:47:31,584 [WARN] DetailPanel:346 - Failed to get advertising image, set to default
2025-07-06 15:47:31,820 [INFO] ThirdPartyUpdaterWithRetryManager:70 - Updater plugin not ready yet. [4/15]
2025-07-06 15:47:32,196 [FATAL] Updater:351 - Updater called before beeing initialized
2025-07-06 15:47:32,200 [FATAL] Updater:351 - Updater called before beeing initialized
2025-07-06 15:47:32,201 [FATAL] Updater:351 - Updater called before beeing initialized
2025-07-06 15:47:32,201 [WARN] DetailPanel:346 - Failed to get advertising image, set to default
2025-07-06 15:47:32,202 [FATAL] Updater:351 - Updater called before beeing initialized
2025-07-06 15:47:32,353 [ERROR] Updater:1198 - MainUpdater not yet initialized. External WinMGr cannot be set.
2025-07-06 15:47:32,381 [INFO] Updater:1134 - Updater Version found : 6.13.0
2025-07-06 15:47:32,416 [INFO] ApplicationProperties:184 - Using Application install path: C:\ST\STM32CubeIDE_1.17.0\STM32CubeIDE\plugins\com.st.stm32cube.common.mx_6.13.0.202411220809
2025-07-06 15:47:34,103 [ERROR] LogOutputStream:75 - [STDERR_REDIRECT] Jul 06, 2025 3:47:34 PM java.util.prefs.WindowsPreferences <init>
2025-07-06 15:47:34,107 [ERROR] LogOutputStream:75 - [STDERR_REDIRECT] WARNING: Could not open/create prefs root node Software\JavaSoft\Prefs at root 0xffffffff80000002. Windows RegCreateKeyEx(...) returned error code 5.
2025-07-06 15:47:34,108 [ERROR] LogOutputStream:75 - [STDERR_REDIRECT] 
2025-07-06 15:47:34,555 [INFO] MainUpdater:2872 - connection check result : 22
2025-07-06 15:47:34,559 [INFO] MainUpdater:289 - Updater Check For Update Now.
2025-07-06 15:47:34,560 [INFO] MicroXplorer:498 - Change Database Version : DB.6.0.130
2025-07-06 15:47:34,681 [INFO] McuFinderGlobals:63 - Set McuFinder mode to 2 (CubeIDE integrated)
2025-07-06 15:47:34,720 [INFO] UserAuth:486 - Internet connection configuration mode: 2
2025-07-06 15:47:34,751 [INFO] UserAuth:486 - Internet connection configuration mode: 2
2025-07-06 15:47:34,820 [WARN] MainUpdater:1193 - Updater busy. Cannot search thirdparties
2025-07-06 15:47:34,822 [INFO] ThirdPartyUpdaterWithRetryManager:96 - Updater plugin is busy. [1/15]
2025-07-06 15:47:35,251 [INFO] CheckServerUpdateThread:120 - End of CheckServer Thread
2025-07-06 15:47:38,211 [WARN] PackLoader:240 - Cannot read IP mode file for STMicroelectronics.FP-SNS-MOTENVWB1.1.4.0
2025-07-06 15:47:38,243 [WARN] PackLoader:240 - Cannot read IP mode file for STMicroelectronics.FP-ATR-ASTRA1.2.0.2
2025-07-06 15:47:38,274 [WARN] PackLoader:240 - Cannot read IP mode file for STMicroelectronics.X-CUBE-SMBUS.2.1.0
2025-07-06 15:47:38,310 [WARN] PackLoader:240 - Cannot read IP mode file for STMicroelectronics.X-CUBE-WB05N.1.1.0
2025-07-06 15:47:38,336 [WARN] PackLoader:240 - Cannot read IP mode file for STMicroelectronics.X-CUBE-ST60.1.0.0
2025-07-06 15:47:38,425 [WARN] PackLoader:240 - Cannot read IP mode file for STMicroelectronics.X-CUBE-AZRTOS-F7.1.1.0
2025-07-06 15:47:38,537 [WARN] PackLoader:240 - Cannot read IP mode file for Infineon.AIROC-Wi-Fi-Bluetooth-STM32.1.7.0
2025-07-06 15:47:38,609 [WARN] PackLoader:240 - Cannot read IP mode file for STMicroelectronics.X-CUBE-DISPLAY.3.0.0
2025-07-06 15:47:38,672 [WARN] PackLoader:240 - Cannot read IP mode file for STMicroelectronics.X-CUBE-NFC10.1.0.0
2025-07-06 15:47:38,859 [WARN] PackLoader:240 - Cannot read IP mode file for STMicroelectronics.X-CUBE-BLEMGR.4.0.0
2025-07-06 15:47:38,964 [WARN] PackLoader:240 - Cannot read IP mode file for emotas.I-CUBE-CANOPEN.1.3.0
2025-07-06 15:47:39,012 [WARN] ConditionMgr:438 - getConditionDescription Invalid condition id : Cortex-A Device cause : null
2025-07-06 15:47:39,121 [WARN] ConditionMgr:1044 - genDependencies : Invalid condition id : Cortex-A Device cause : null
2025-07-06 15:47:39,121 [WARN] ConditionMgr:1044 - genDependencies : Invalid condition id : Cortex-A Device cause : null
2025-07-06 15:47:39,122 [WARN] ConditionMgr:1044 - genDependencies : Invalid condition id : Cortex-A Device cause : null
2025-07-06 15:47:39,168 [WARN] PackLoader:240 - Cannot read IP mode file for STMicroelectronics.X-CUBE-AI.10.0.0
2025-07-06 15:47:39,234 [WARN] PackLoader:240 - Cannot read IP mode file for STMicroelectronics.FP-SNS-SMARTAG2.1.2.0
2025-07-06 15:47:39,275 [WARN] PackLoader:240 - Cannot read IP mode file for STMicroelectronics.FP-SNS-FLIGHT1.5.1.0
2025-07-06 15:47:39,416 [WARN] PackLoader:240 - Cannot read IP mode file for STMicroelectronics.X-CUBE-MEMS1.11.1.0
2025-07-06 15:47:39,689 [INFO] LogOutputStream:77 - [STDOUT_REDIRECT] 1 : Invalid condition id : UX_CORESTACK_Condition cause : null
2025-07-06 15:47:39,690 [INFO] LogOutputStream:77 - [STDOUT_REDIRECT] 1 : Invalid condition id : UX_CORESTACK_Condition cause : null
2025-07-06 15:47:39,693 [INFO] LogOutputStream:77 - [STDOUT_REDIRECT] 1 : Invalid condition id : UX_CORESTACK_Condition cause : null
2025-07-06 15:47:39,695 [INFO] LogOutputStream:77 - [STDOUT_REDIRECT] 1 : Invalid condition id : UX_CORESTACK_Condition cause : null
2025-07-06 15:47:39,696 [INFO] LogOutputStream:77 - [STDOUT_REDIRECT] 1 : Invalid condition id : UX_CORESTACK_Condition cause : null
2025-07-06 15:47:39,700 [WARN] PackLoader:240 - Cannot read IP mode file for STMicroelectronics.X-CUBE-AZRTOS-WL.2.0.0
2025-07-06 15:47:39,729 [WARN] PackLoader:240 - Cannot read IP mode file for STMicroelectronics.FP-SNS-MOTENV1.5.0.0
2025-07-06 15:47:39,762 [WARN] PackLoader:240 - Cannot read IP mode file for WES.I-CUBE-Cesium.1.3.0
2025-07-06 15:47:39,788 [WARN] PackLoader:240 - Cannot read IP mode file for STMicroelectronics.X-CUBE-BLE2.3.3.0
2025-07-06 15:47:39,814 [WARN] PackLoader:240 - Cannot read IP mode file for STMicroelectronics.X-CUBE-NFC9.1.0.0
2025-07-06 15:47:39,844 [WARN] PackLoader:240 - Cannot read IP mode file for STMicroelectronics.X-CUBE-BLE1.7.1.0
2025-07-06 15:47:39,870 [WARN] PackLoader:240 - Cannot read IP mode file for wolfSSL.I-CUBE-wolfMQTT.1.19.2
2025-07-06 15:47:39,894 [WARN] PackLoader:240 - Cannot read IP mode file for STMicroelectronics.X-CUBE-AI.10.1.0
2025-07-06 15:47:39,994 [WARN] PackLoader:240 - Cannot read IP mode file for STMicroelectronics.X-CUBE-MEMS1.11.2.0
2025-07-06 15:47:40,203 [WARN] PackLoader:240 - Cannot read IP mode file for STMicroelectronics.X-CUBE-AZRTOS-G0.1.1.0
2025-07-06 15:47:40,234 [WARN] PackLoader:240 - Cannot read IP mode file for STMicroelectronics.X-CUBE-SAFEA1.1.2.2
2025-07-06 15:47:40,263 [WARN] PackLoader:240 - Cannot read IP mode file for STMicroelectronics.X-CUBE-NFC4.3.0.0
2025-07-06 15:47:40,297 [WARN] PackLoader:240 - Cannot read IP mode file for EmbeddedOffice.I-CUBE-FS-RTOS.1.0.1
2025-07-06 15:47:40,327 [WARN] PackLoader:240 - Cannot read IP mode file for STMicroelectronics.X-CUBE-WB05N.2.0.0
2025-07-06 15:47:40,351 [WARN] PackLoader:240 - Cannot read IP mode file for wolfSSL.I-CUBE-wolfTPM.3.8.0
2025-07-06 15:47:40,373 [WARN] PackLoader:240 - Cannot read IP mode file for STMicroelectronics.X-CUBE-TCPP.4.2.0
2025-07-06 15:47:40,400 [WARN] PackLoader:240 - Cannot read IP mode file for RealThread.X-CUBE-RT-Thread_Nano.4.1.1
2025-07-06 15:47:40,423 [WARN] PackLoader:240 - Cannot read IP mode file for STMicroelectronics.FP-ATR-SIGFOX1.3.2.0
2025-07-06 15:47:40,446 [WARN] PackLoader:240 - Cannot read IP mode file for STMicroelectronics.X-CUBE-EEPRMA1.5.1.0
2025-07-06 15:47:40,468 [WARN] PackLoader:240 - Cannot read IP mode file for wolfSSL.I-CUBE-wolfSSL.5.7.6
2025-07-06 15:47:40,497 [WARN] PackLoader:240 - Cannot read IP mode file for ITTIA_DB.I-CUBE-ITTIADB.8.9.0
2025-07-06 15:47:40,527 [WARN] PackLoader:240 - Cannot read IP mode file for STMicroelectronics.X-CUBE-ST67W61.1.0.0
2025-07-06 15:47:40,622 [WARN] PackLoader:240 - Cannot read IP mode file for SEGGER.I-CUBE-embOS.1.3.1
2025-07-06 15:47:40,727 [WARN] PackLoader:240 - Cannot read IP mode file for STMicroelectronics.X-CUBE-ALGOBUILD.1.4.0
2025-07-06 15:47:40,874 [WARN] PackLoader:240 - Cannot read IP mode file for STMicroelectronics.X-CUBE-MEMS1.11.3.0
2025-07-06 15:47:41,146 [WARN] PackLoader:240 - Cannot read IP mode file for STMicroelectronics.X-CUBE-PM33A1.1.0.0
2025-07-06 15:47:41,199 [WARN] PackLoader:240 - Cannot read IP mode file for STMicroelectronics.X-CUBE-AZRTOS-F4.1.1.0
2025-07-06 15:47:41,229 [WARN] PackLoader:240 - Cannot read IP mode file for Avnet-IotConnect.X-CUBE-IoTC-DA16k-PMOD.1.0.0
2025-07-06 15:47:41,254 [WARN] PackLoader:240 - Cannot read IP mode file for STMicroelectronics.X-CUBE-ISPU.2.1.0
2025-07-06 15:47:41,308 [WARN] PackLoader:240 - Cannot read IP mode file for STMicroelectronics.X-CUBE-AZRTOS-L5.2.0.0
2025-07-06 15:47:41,341 [WARN] PackLoader:240 - Cannot read IP mode file for STMicroelectronics.X-CUBE-NFC6.3.1.0
2025-07-06 15:47:41,377 [WARN] PackLoader:240 - Cannot read IP mode file for STMicroelectronics.X-CUBE-DPower.1.2.0
2025-07-06 15:47:41,407 [WARN] PackLoader:240 - Cannot read IP mode file for STMicroelectronics.X-CUBE-FREERTOS.1.3.1
2025-07-06 15:47:41,436 [WARN] PackLoader:240 - Cannot read IP mode file for STMicroelectronics.X-CUBE-FREERTOS.1.3.0
2025-07-06 15:47:41,469 [WARN] PackLoader:240 - Cannot read IP mode file for STMicroelectronics.X-CUBE-NFC7.1.0.1
2025-07-06 15:47:41,499 [WARN] PackLoader:240 - Cannot read IP mode file for STMicroelectronics.FP-SNS-STAIOTCFT.1.0.0
2025-07-06 15:47:41,524 [WARN] PackLoader:240 - Cannot read IP mode file for STMicroelectronics.X-CUBE-DPower.1.3.0
2025-07-06 15:47:41,587 [WARN] ConditionMgr:438 - getConditionDescription Invalid condition id : LAN8742 Phy interface Condition cause : null
2025-07-06 15:47:41,588 [WARN] PackLoader:240 - Cannot read IP mode file for STMicroelectronics.X-CUBE-AZRTOS-L4.2.0.0
2025-07-06 15:47:41,590 [WARN] ConditionMgr:1044 - genDependencies : Invalid condition id : LAN8742 Phy interface Condition cause : null
2025-07-06 15:47:41,591 [WARN] ConditionMgr:1044 - genDependencies : Invalid condition id : LAN8742 Phy interface Condition cause : null
2025-07-06 15:47:41,592 [WARN] ConditionMgr:1044 - genDependencies : Invalid condition id : LAN8742 Phy interface Condition cause : null
2025-07-06 15:47:41,632 [WARN] PackLoader:240 - Cannot read IP mode file for STMicroelectronics.X-CUBE-SFXS2LP1.4.0.0
2025-07-06 15:47:41,704 [WARN] PackLoader:240 - Cannot read IP mode file for STMicroelectronics.X-CUBE-AZRTOS-H7.3.3.0
2025-07-06 15:47:41,727 [INFO] McuFinderGlobals:63 - Set McuFinder mode to 2 (CubeIDE integrated)
2025-07-06 15:47:41,758 [WARN] ConditionMgr:438 - getConditionDescription Invalid condition id : UX DEVICE CLASS RTOS Condition cause : null
2025-07-06 15:47:41,758 [WARN] ConditionMgr:438 - getConditionDescription Invalid condition id : UX DEVICE CLASS RTOS Condition cause : null
2025-07-06 15:47:41,761 [WARN] PackLoader:240 - Cannot read IP mode file for STMicroelectronics.X-CUBE-AZRTOS-WB.2.0.0
2025-07-06 15:47:41,762 [WARN] ConditionMgr:1044 - genDependencies : Invalid condition id : UX DEVICE CLASS RTOS Condition cause : null
2025-07-06 15:47:41,762 [WARN] ConditionMgr:1044 - genDependencies : Invalid condition id : UX DEVICE CLASS RTOS Condition cause : null
2025-07-06 15:47:41,762 [WARN] ConditionMgr:1044 - genDependencies : Invalid condition id : UX DEVICE CLASS RTOS Condition cause : null
2025-07-06 15:47:41,763 [WARN] ConditionMgr:1044 - genDependencies : Invalid condition id : UX DEVICE CLASS RTOS Condition cause : null
2025-07-06 15:47:41,763 [WARN] ConditionMgr:1044 - genDependencies : Invalid condition id : UX DEVICE CLASS RTOS Condition cause : null
2025-07-06 15:47:41,798 [WARN] PackLoader:240 - Cannot read IP mode file for STMicroelectronics.X-CUBE-GNSS1.7.0.1
2025-07-06 15:47:41,799 [INFO] MainUpdater:2872 - connection check result : 22
2025-07-06 15:47:41,832 [WARN] PackLoader:240 - Cannot read IP mode file for STMicroelectronics.X-CUBE-TOUCHGFX.4.25.0
2025-07-06 15:47:41,873 [WARN] PackLoader:240 - Cannot read IP mode file for STMicroelectronics.FP-SNS-STBOX1.2.0.0
2025-07-06 15:47:41,922 [WARN] PackLoader:240 - Cannot read IP mode file for STMicroelectronics.X-CUBE-SUBG2.5.0.0
2025-07-06 15:47:42,015 [WARN] PackLoader:240 - Cannot read IP mode file for STMicroelectronics.X-CUBE-AZRTOS-H7RS.1.1.0
2025-07-06 15:47:42,078 [WARN] PackLoader:240 - Cannot read IP mode file for Cesanta.I-CUBE-Mongoose.7.13.0
2025-07-06 15:47:42,128 [WARN] PackLoader:240 - Cannot read IP mode file for STMicroelectronics.X-CUBE-AZRTOS-G4.2.0.0
2025-07-06 15:47:42,160 [WARN] PackLoader:240 - Cannot read IP mode file for wolfSSL.I-CUBE-wolfSSH.1.4.20
2025-07-06 15:47:42,190 [WARN] PackLoader:240 - Cannot read IP mode file for STMicroelectronics.X-CUBE-NFC7.2.0.0
2025-07-06 15:47:42,229 [WARN] PackLoader:240 - Cannot read IP mode file for STMicroelectronics.X-CUBE-IPS.3.1.0
2025-07-06 15:47:42,263 [WARN] PackLoader:240 - Cannot read IP mode file for STMicroelectronics.X-CUBE-ALS.1.0.2
2025-07-06 15:47:42,293 [WARN] PackLoader:240 - Cannot read IP mode file for portGmbH.I-Cube-SoM-uGOAL.1.1.0
2025-07-06 15:47:42,332 [WARN] PackLoader:240 - Cannot read IP mode file for STMicroelectronics.X-CUBE-TOF1.3.4.2
2025-07-06 15:47:42,376 [WARN] PackLoader:240 - Cannot read IP mode file for STMicroelectronics.X-CUBE-TOF1.3.4.3
2025-07-06 15:47:42,389 [INFO] ThirdParty:978 - Integrity check success = true
2025-07-06 15:47:42,389 [INFO] IntegrityCheckThread:100 - exiting critical section [integrity check]
2025-07-06 15:47:42,390 [INFO] IntegrityCheckThread:103 - End integrity checks thread
2025-07-06 15:48:49,551 [INFO] MainUpdater:2872 - connection check result : 22
2025-07-06 15:48:57,521 [INFO] ApiDb:581 - Connected to CubeFinder SQLite database (C:\Users\Santiago\.stmcufinder\plugins\mcufinder\mcu\cube-finder-db.db)
2025-07-06 15:48:57,689 [INFO] ApiDb:668 - CubeFinder database Data Model version=2.1
2025-07-06 15:48:57,689 [INFO] ApiDb:669 - CubeFinder database Configuration version=3.0.39
2025-07-06 15:48:57,689 [INFO] ApiDb:670 - CubeFinder database generation date=2025-06-16 (1750072209)
2025-07-06 15:48:57,690 [INFO] ApiDb:671 - CubeFinder database FW Pack versions=[FP-ATR-ASTRA1_V2.0.0, FP-SNS-FLIGHT1_V5.1.0, FP-SNS-MOTENV1_V5.0.0, FP-SNS-MOTENVWB1_V1.4.0, FP-SNS-SMARTAG2_V1.2.0, FP-SNS-STBOX1_V2.0.0, STM32Cube_FW_C0_V1.4.0, STM32Cube_FW_F4_V1.28.2, STM32Cube_FW_F7_V1.17.3, STM32Cube_FW_G0_V1.6.2, STM32Cube_FW_G4_V1.6.1, STM32Cube_FW_H5_V1.5.0, STM32Cube_FW_H7RS_V1.2.0, STM32Cube_FW_H7_V1.12.1, STM32Cube_FW_L0_V1.12.2, STM32Cube_FW_L4_V1.18.1, STM32Cube_FW_L5_V1.5.1, STM32Cube_FW_N6_V1.1.1, STM32Cube_FW_U0_V1.2.0, STM32Cube_FW_U3_V1.1.0, STM32Cube_FW_U5_V1.7.0, STM32Cube_FW_WB0_V1.2.0, STM32Cube_FW_WBA_V1.6.0, STM32Cube_FW_WB_V1.22.0, STM32Cube_FW_WL3_V1.1.0, STM32Cube_FW_WL_V1.3.1, X-CUBE-ALGOBUILD_V1.4.0, X-CUBE-ALS_V1.0.2, X-CUBE-AZRTOS-F4_V1.1.0, X-CUBE-AZRTOS-F7_V1.1.0, X-CUBE-AZRTOS-G0_V1.1.0, X-CUBE-AZRTOS-G4_V2.0.0, X-CUBE-AZRTOS-H7RS_V1.1.0, X-CUBE-AZRTOS-H7_V3.3.0, X-CUBE-AZRTOS-L4_V2.0.0, X-CUBE-AZRTOS-L5_V2.0.0, X-CUBE-AZRTOS-WB_V2.0.0, X-CUBE-AZRTOS-WL_V2.0.0, X-CUBE-BLE1_V7.1.0, X-CUBE-BLE2_V3.3.0, X-CUBE-BLEMGR_V4.0.0, X-CUBE-EEPRMA1_V5.1.0, X-CUBE-FREERTOS_V1.3.1, X-CUBE-GNSS1_V6.0.0, X-CUBE-MEMS1_V11.3.0, X-CUBE-NFC4_V3.0.0, X-CUBE-NFC7_V2.0.0, X-CUBE-SFXS2LP1_V4.0.0, X-CUBE-SUBG2_V5.0.0, X-CUBE-TOF1_V3.4.3]
2025-07-06 15:48:57,852 [INFO] DbBoardsSqlite:226 - include board P-NUCLEO-WB55-NUCLEO as a kit item of type 'Nucleo-64'
2025-07-06 15:48:57,853 [INFO] DbBoardsSqlite:226 - include board P-NUCLEO-WB55-USBDONGLE as a kit item of type 'Nucleo USB Dongle'
2025-07-06 15:48:57,854 [INFO] DbBoardsSqlite:226 - include board STEVAL-IDP005V1 as a kit item of type 'Evaluation Board'
2025-07-06 15:48:57,855 [INFO] DbBoardsSqlite:226 - include board STEVAL-IDP005V2 as a kit item of type 'Evaluation Board'
2025-07-06 15:48:58,352 [INFO] ApiDb:240 - Found 858 in-development CPN: [B-G473E-ZEST1S, B-WB1M-WPAN1, B-WBA5M-WPAN, B-WL5M-SUBG1, NUCLEO-C031C6, NUCLEO-C051C8, NUCLEO-C071RB, NUCLEO-C092RC, NUCLEO-H503RB, NUCLEO-H533RE, NUCLEO-H563ZI, NUCLEO-H7S3L8, NUCLEO-N657X0-Q, NUCLEO-U031R8, NUCLEO-U083RC, NUCLEO-U385RG-Q, NUCLEO-U545RE-Q, NUCLEO-U5A5ZJ-Q, NUCLEO-WB05KZ, NUCLEO-WB07CC, NUCLEO-WB09KE, NUCLEO-WBA52CG, NUCLEO-WBA55CG, NUCLEO-WL33CC1, NUCLEO-WL33CC2, STEVAL-PROTEUS1, STEVAL-SMARTAG2, STEVAL-STWINBX1, STM320518-EVAL, STM32C0116-DK, STM32C011D6Y3TR, STM32C011D6Y6TR, STM32C011F4P3, STM32C011F4P6, STM32C011F4U3, STM32C011F4U6TR, STM32C011F6P3, STM32C011F6P6, STM32C011F6U3, STM32C011F6U6TR, STM32C011J4M3, STM32C011J4M6, STM32C011J6M3, STM32C011J6M6, STM32C0316-DK, STM32C031C4T3, STM32C031C4T6, STM32C031C4U3, STM32C031C4U6, STM32C031C6T3, STM32C031C6T6, STM32C031C6U3, STM32C031C6U6, STM32C031F4P3, STM32C031F4P6, STM32C031F6P3, STM32C031F6P6, STM32C031G4U3, STM32C031G4U6, STM32C031G6U3, STM32C031G6U6, STM32C031K4T3, STM32C031K4T6, STM32C031K4U3, STM32C031K4U6, STM32C031K6T3, STM32C031K6T6, STM32C031K6U3, STM32C031K6U6, STM32C051C6T6, STM32C051C6U6, STM32C051C8T6, STM32C051C8U6, STM32C051D8Y6TR, STM32C051F6P6, STM32C051F8P6, STM32C051G6U6, STM32C051G8U6, STM32C051K6T6, STM32C051K6U6, STM32C051K8T6, STM32C071C8T6, STM32C071C8T6N, STM32C071C8U6, STM32C071C8U6N, STM32C071CBT6, STM32C071CBT6N, STM32C071CBU6, STM32C071CBU6N, STM32C071F8P6, STM32C071F8P6N, STM32C071FBP6, STM32C071FBP6N, STM32C071FBY6TR, STM32C071G8U6, STM32C071G8U6N, STM32C071GBU6, STM32C071GBU6N, STM32C071K8T6, STM32C071K8T6N, STM32C071K8U6, STM32C071K8U6N, STM32C071KBT6, STM32C071KBT6N, STM32C071KBU6, STM32C071KBU6N, STM32C071R8T6, STM32C071R8T6N, STM32C071RBI6N, STM32C071RBT6, STM32C071RBT6N, STM32C091CBT6, STM32C091CBU6, STM32C091CCT6, STM32C091CCU6, STM32C091ECY6TR, STM32C091FBP6, STM32C091FCP6, STM32C091GBU6, STM32C091GCU6, STM32C091KBT6, STM32C091KBU6, STM32C091KCT6, STM32C091KCU6, STM32C091RBT6, STM32C091RCI6, STM32C091RCT6, STM32C092CBT6, STM32C092CBU6, STM32C092CCT6, STM32C092CCU6, STM32C092ECY6TR, STM32C092FBP6, STM32C092FCP6, STM32C092GBU6, STM32C092GCU6, STM32C092KBT6, STM32C092KBU6, STM32C092KCT6, STM32C092KCU6, STM32C092RBT6, STM32C092RCI6, STM32C092RCT6, STM32G071K8TXN, STM32G071K8UXN, STM32G081GBU6N, STM32G081KBT6N, STM32G081KBUXN, STM32G0B1CCT6N, STM32G0B1KCT6, STM32G0B1NEY6TR, STM32G0B1RCT6N, STM32G0C1CCT6, STM32G0C1CCT6N, STM32G0C1CCU6N, STM32G0C1CET6N, STM32G0C1CEU6N, STM32G0C1KCT6, STM32G0C1NEY6TR, STM32G0C1RCI6N, STM32G0C1RCT6N, STM32G0C1REI6N, STM32G0C1RET6N, STM32G0C1VCI6, STM32G0C1VEI6, STM32G411C6T3, STM32G411C6T6, STM32G411C6U3, STM32G411C6U6, STM32G411C8T3, STM32G411C8T6, STM32G411C8U3, STM32G411C8U6, STM32G411CBT3, STM32G411CBT6, STM32G411CBU3, STM32G411CBU6, STM32G411CCT3, STM32G411CCT6, STM32G411CCU3, STM32G411CCU6, STM32G411K6T3, STM32G411K6T6, STM32G411K6U3, STM32G411K6U6, STM32G411K8T3, STM32G411K8T6, STM32G411K8U3, STM32G411K8U6, STM32G411KBT3, STM32G411KBT6, STM32G411KBU3, STM32G411KBU6, STM32G411M6T3, STM32G411M6T6, STM32G411M8T3, STM32G411M8T6, STM32G411MBT3, STM32G411MBT6, STM32G411MCT3, STM32G411MCT6, STM32G411R6T3, STM32G411R6T6, STM32G411R8T3, STM32G411R8T6, STM32G411RBT3, STM32G411RBT6, STM32G411RCT3, STM32G411RCT6, STM32G414CBT3, STM32G414CBT6, STM32G414CBU3, STM32G414CBU6, STM32G414CCT3, STM32G414CCT6, STM32G414CCU3, STM32G414CCU6, STM32G414MBT3, STM32G414MBT6, STM32G414MCT3, STM32G414MCT6, STM32G414RBT3, STM32G414RBT6, STM32G414RCT3, STM32G414RCT6, STM32G414VBT3, STM32G414VBT6, STM32G414VCT3, STM32G414VCT6, STM32G431CBT3Z, STM32G431RBT3Z, STM32G471CCT6, STM32G471CCU6, STM32G471CET3, STM32G471CET6, STM32G471CEU3, STM32G471CEU6, STM32G471MCT6, STM32G471MET3, STM32G471MET6, STM32G471MEY6TR, STM32G471QCT6, STM32G471QET3, STM32G471RCT6, STM32G471RET3, STM32G471RET6, STM32G471VCH6, STM32G471VCI6, STM32G471VCT6, STM32G471VEH3, STM32G471VEH6, STM32G471VEI3, STM32G471VEI6, STM32G471VET3, STM32G471VET6, STM32G473QET3Z, STM32G473RET3Z, STM32G474CCT6, STM32G491RET3Z, STM32H503CBT6, STM32H503CBU6, STM32H503EBY6TR, STM32H503KBU6, STM32H503RBT6, STM32H523CCT6, STM32H523CCU6, STM32H523CET6, STM32H523CEU6, STM32H523HEY6TR, STM32H523RCT6, STM32H523RET6, STM32H523VCI6, STM32H523VCT6, STM32H523VEI6, STM32H523VET6, STM32H523ZCJ6, STM32H523ZCT6, STM32H523ZEJ6, STM32H523ZET6, STM32H533CET6, STM32H533CEU6, STM32H533HEY6TR, STM32H533RET6, STM32H533VEI6, STM32H533VET6, STM32H533ZEJ6, STM32H533ZET6, STM32H562AGI6, STM32H562AII6, STM32H562IGK6, STM32H562IGT6, STM32H562IIK6, STM32H562IIT6, STM32H562RGT6, STM32H562RGV6, STM32H562RIT6, STM32H562RIV6, STM32H562VGT6, STM32H562VIT6, STM32H562ZGT6, STM32H562ZIT6, STM32H563AGI6, STM32H563AII3Q, STM32H563AII6, STM32H563IGK6, STM32H563IGT6, STM32H563IIK3Q, STM32H563IIK6, STM32H563IIT3Q, STM32H563IIT6, STM32H563MIY3QTR, STM32H563RGT6, STM32H563RGV6, STM32H563RIT6, STM32H563RIV6, STM32H563VGT6, STM32H563VIT3Q, STM32H563VIT6, STM32H563ZGT6, STM32H563ZIT3Q, STM32H563ZIT6, STM32H573AII3Q, STM32H573AII6, STM32H573I-DK, STM32H573IIK3Q, STM32H573IIK6, STM32H573IIT3Q, STM32H573IIT6, STM32H573MIY3QTR, STM32H573RIT6, STM32H573RIV6, STM32H573VIT3Q, STM32H573VIT6, STM32H573ZIT3Q, STM32H573ZIT6, STM32H7R3A8I6, STM32H7R3I8K6, STM32H7R3I8T6, STM32H7R3L8H6, STM32H7R3L8H6H, STM32H7R3R8V6, STM32H7R3V8H6, STM32H7R3V8T6, STM32H7R3V8Y6TR, STM32H7R3Z8J6, STM32H7R3Z8T6, STM32H7R7A8I6, STM32H7R7I8K6, STM32H7R7I8T6, STM32H7R7L8H6, STM32H7R7L8H6H, STM32H7R7Z8J6, STM32H7S3A8I6, STM32H7S3I8K6, STM32H7S3I8T6, STM32H7S3L8H6, STM32H7S3L8H6H, STM32H7S3R8V6, STM32H7S3V8H6, STM32H7S3V8T6, STM32H7S3V8Y6TR, STM32H7S3Z8J6, STM32H7S3Z8T6, STM32H7S78-DK, STM32H7S7A8I6, STM32H7S7I8K6, STM32H7S7I8T6, STM32H7S7L8H6, STM32H7S7L8H6H, STM32H7S7Z8J6, STM32L4R5QGI6STR, STM32MP131AAE3, STM32MP131AAF3, STM32MP131AAG3, STM32MP131CAE3, STM32MP131CAF3, STM32MP131CAG3, STM32MP131DAE7, STM32MP131DAF7, STM32MP131DAG7, STM32MP131FAE7, STM32MP131FAF7, STM32MP131FAG7, STM32MP133AAE3, STM32MP133AAF3, STM32MP133AAG3, STM32MP133CAE3, STM32MP133CAF3, STM32MP133CAG3, STM32MP133DAE7, STM32MP133DAF7, STM32MP133DAG7, STM32MP133FAE7, STM32MP133FAF7, STM32MP133FAG7, STM32MP135AAE3, STM32MP135AAF3, STM32MP135AAG3, STM32MP135CAE3, STM32MP135CAF3, STM32MP135CAG3, STM32MP135DAE7, STM32MP135DAF7, STM32MP135DAG7, STM32MP135F-DK, STM32MP135FAE7, STM32MP135FAF7, STM32MP135FAF7T, STM32MP135FAF7U, STM32MP135FAG7, STM32MP231AAJ3, STM32MP231AAK3, STM32MP231AAL3, STM32MP231CAJ3, STM32MP231CAK3, STM32MP231CAL3, STM32MP231DAJ3, STM32MP231DAK3, STM32MP231DAL3, STM32MP231FAJ3, STM32MP231FAK3, STM32MP231FAL3, STM32MP233AAJ3, STM32MP233AAK3, STM32MP233AAL3, STM32MP233CAJ3, STM32MP233CAK3, STM32MP233CAL3, STM32MP233DAJ3, STM32MP233DAK3, STM32MP233DAL3, STM32MP233FAJ3, STM32MP233FAK3, STM32MP233FAL3, STM32MP235AAJ3, STM32MP235AAK3, STM32MP235AAL3, STM32MP235CAJ3, STM32MP235CAK3, STM32MP235CAL3, STM32MP235DAJ3, STM32MP235DAK3, STM32MP235DAL3, STM32MP235FAJ3, STM32MP235FAK3, STM32MP235FAL3, STM32MP251AAI3, STM32MP251AAJ3, STM32MP251AAK3, STM32MP251AAL3, STM32MP251CAI3, STM32MP251CAJ3, STM32MP251CAK3, STM32MP251CAL3, STM32MP251DAI3, STM32MP251DAJ3, STM32MP251DAK3, STM32MP251DAL3, STM32MP251FAI3, STM32MP251FAJ3, STM32MP251FAK3, STM32MP251FAL3, STM32MP253AAI3, STM32MP253AAJ3, STM32MP253AAK3, STM32MP253AAL3, STM32MP253CAI3, STM32MP253CAJ3, STM32MP253CAK3, STM32MP253CAL3, STM32MP253DAI3, STM32MP253DAJ3, STM32MP253DAK3, STM32MP253DAL3, STM32MP253FAI3, STM32MP253FAJ3, STM32MP253FAK3, STM32MP253FAL3, STM32MP255AAI3, STM32MP255AAJ3, STM32MP255AAK3, STM32MP255AAL3, STM32MP255CAI3, STM32MP255CAJ3, STM32MP255CAK3, STM32MP255CAL3, STM32MP255DAI3, STM32MP255DAJ3, STM32MP255DAK3, STM32MP255DAL3, STM32MP255FAI3, STM32MP255FAJ3, STM32MP255FAK3, STM32MP255FAL3, STM32MP257AAI3, STM32MP257AAJ3, STM32MP257AAK3, STM32MP257AAL3, STM32MP257CAI3, STM32MP257CAJ3, STM32MP257CAK3, STM32MP257CAL3, STM32MP257DAI3, STM32MP257DAJ3, STM32MP257DAK3, STM32MP257DAL3, STM32MP257F-DK, STM32MP257F-EV1, STM32MP257FAI3, STM32MP257FAJ3, STM32MP257FAK3, STM32MP257FAL3, STM32N645A0H3Q, STM32N645B0H3Q, STM32N645I0H3Q, STM32N645L0H3Q, STM32N645X0H3Q, STM32N645Z0H3Q, STM32N647A0H3Q, STM32N647B0H3Q, STM32N647I0H3Q, STM32N647L0H3Q, STM32N647X0H3Q, STM32N647Z0H3Q, STM32N655A0H3Q, STM32N655B0H3Q, STM32N655I0H3Q, STM32N655L0H3Q, STM32N655X0H3Q, STM32N655Z0H3Q, STM32N6570-DK, STM32N657A0H3Q, STM32N657B0H3Q, STM32N657I0H3Q, STM32N657L0H3Q, STM32N657X0H3Q, STM32N657Z0H3Q, STM32U031C6T6, STM32U031C6U6, STM32U031C8T6, STM32U031C8U6, STM32U031F4P6, STM32U031F6P6, STM32U031F8P6, STM32U031G6Y6TR, STM32U031G8Y6TR, STM32U031K4U6, STM32U031K6U6, STM32U031K8U6, STM32U031R6I6, STM32U031R6T6, STM32U031R8I6, STM32U031R8T6, STM32U073C8T6, STM32U073C8U6, STM32U073CBT6, STM32U073CBU6, STM32U073CCT6, STM32U073CCU6, STM32U073H8Y6TR, STM32U073HBY6TR, STM32U073HCY6TR, STM32U073K8U6, STM32U073KBU6, STM32U073KCU6, STM32U073M8I6, STM32U073M8T6, STM32U073MBI6, STM32U073MBT6, STM32U073MCI6, STM32U073MCT6, STM32U073R8I6, STM32U073R8T6, STM32U073RBI6, STM32U073RBT6, STM32U073RCI6, STM32U073RCT6, STM32U083C-DK, STM32U083CCT6, STM32U083CCU6, STM32U083HCY6TR, STM32U083KCU6, STM32U083MCI6, STM32U083MCT6, STM32U083RCI6, STM32U083RCT6, STM32U375CET6, STM32U375CET6Q, STM32U375CEU6, STM32U375CEU6Q, STM32U375CEY6QTR, STM32U375CGT6, STM32U375CGT6Q, STM32U375CGU6, STM32U375CGU6Q, STM32U375CGY6QTR, STM32U375KEU6, STM32U375KGU6, STM32U375REI6, STM32U375REI6Q, STM32U375RET6, STM32U375RET6Q, STM32U375REY6GTR, STM32U375REY6QTR, STM32U375RGI6, STM32U375RGI6Q, STM32U375RGT6, STM32U375RGT6Q, STM32U375RGY6GTR, STM32U375RGY6QTR, STM32U375VEI6, STM32U375VEI6Q, STM32U375VET6, STM32U375VET6Q, STM32U375VGI6, STM32U375VGI6Q, STM32U375VGT6, STM32U375VGT6Q, STM32U385CGT6, STM32U385CGT6Q, STM32U385CGU6, STM32U385CGU6Q, STM32U385CGY6QTR, STM32U385KGU6, STM32U385RGI6, STM32U385RGI6Q, STM32U385RGT6, STM32U385RGT6Q, STM32U385RGY6GTR, STM32U385RGY6QTR, STM32U385VGI6, STM32U385VGI6Q, STM32U385VGT6, STM32U385VGT6Q, STM32U535CBT6, STM32U535CBT6Q, STM32U535CBU6, STM32U535CBU6Q, STM32U535CCT6, STM32U535CCT6Q, STM32U535CCU6, STM32U535CCU6Q, STM32U535CET6, STM32U535CET6Q, STM32U535CEU6, STM32U535CEU6Q, STM32U535JEY6QTR, STM32U535NCY6QTR, STM32U535NEY6QTR, STM32U535RBI6, STM32U535RBI6Q, STM32U535RBT6, STM32U535RBT6Q, STM32U535RCI6, STM32U535RCI6Q, STM32U535RCT6, STM32U535RCT6Q, STM32U535REI6, STM32U535REI6Q, STM32U535RET6, STM32U535RET6Q, STM32U535VCI6, STM32U535VCI6Q, STM32U535VCT6, STM32U535VCT6Q, STM32U535VEI6, STM32U535VEI6Q, STM32U535VET6, STM32U535VET6Q, STM32U545CET6, STM32U545CET6Q, STM32U545CEU6, STM32U545CEU6Q, STM32U545JEY6QTR, STM32U545NEY6QTR, STM32U545REI6, STM32U545REI6Q, STM32U545RET6, STM32U545RET6Q, STM32U545VEI6, STM32U545VEI6Q, STM32U545VET6, STM32U545VET6Q, STM32U595AIH6, STM32U595AIH6Q, STM32U595AJH6, STM32U595AJH6Q, STM32U595QII6, STM32U595QII6Q, STM32U595QJI6, STM32U595QJI6Q, STM32U595RIT6, STM32U595RIT6Q, STM32U595RJT6, STM32U595RJT6Q, STM32U595VIT6, STM32U595VIT6Q, STM32U595VJT6, STM32U595VJT6Q, STM32U595ZIT6, STM32U595ZIT6Q, STM32U595ZIY6QTR, STM32U595ZJT6, STM32U595ZJT6Q, STM32U595ZJY6QTR, STM32U599BJY6QTR, STM32U599NIH6Q, STM32U599NJH6Q, STM32U599VIT6Q, STM32U599VJT6, STM32U599VJT6Q, STM32U599ZIT6Q, STM32U599ZIY6QTR, STM32U599ZJT6Q, STM32U599ZJY6QTR, STM32U5A5AJH6, STM32U5A5AJH6Q, STM32U5A5QII3Q , STM32U5A5QJI6, STM32U5A5QJI6Q, STM32U5A5RJT6, STM32U5A5RJT6Q, STM32U5A5VJT6, STM32U5A5VJT6Q, STM32U5A5ZJT6, STM32U5A5ZJT6Q, STM32U5A5ZJY6QTR, STM32U5A9BJY6QTR, STM32U5A9J-DK, STM32U5A9NJH6Q, STM32U5A9VJT6Q, STM32U5A9ZJT6Q, STM32U5A9ZJY6QTR, STM32U5F7VIT6, STM32U5F7VIT6Q, STM32U5F7VJT6, STM32U5F7VJT6Q, STM32U5F9BJY6QTR, STM32U5F9NJH6Q, STM32U5F9VIT6Q, STM32U5F9VJT6Q, STM32U5F9ZIJ6QTR, STM32U5F9ZIT6Q, STM32U5F9ZJJ6QTR, STM32U5F9ZJT6Q, STM32U5G7VJT6, STM32U5G7VJT6Q, STM32U5G9BJY6QTR, STM32U5G9J-DK1, STM32U5G9J-DK2, STM32U5G9NJH6Q, STM32U5G9VJT6Q, STM32U5G9ZJJ6QTR, STM32U5G9ZJT6Q, STM32WB05KZV6TR, STM32WB05KZV7TR, STM32WB05TZF6TR, STM32WB05TZF7TR, STM32WB06CCF6TR, STM32WB06CCF7TR, STM32WB06CCV6TR, STM32WB06CCV7TR, STM32WB06KCV6TR, STM32WB06KCV7TR, STM32WB07CCF6TR, STM32WB07CCF7TR, STM32WB07CCV6TR, STM32WB07CCV7TR, STM32WB07KCV6TR, STM32WB07KCV7TR, STM32WB09KEV6TR, STM32WB09KEV7TR, STM32WB09TEF6TR, STM32WB09TEF7TR, STM32WB1MMCH6, STM32WBA50KGU6, STM32WBA50KGU6TR, STM32WBA52CEU6, STM32WBA52CEU6TR, STM32WBA52CEU7, STM32WBA52CEU7TR, STM32WBA52CGU6, STM32WBA52CGU6TR, STM32WBA52CGU6U, STM32WBA52CGU7, STM32WBA52CGU7TR, STM32WBA52KEU6, STM32WBA52KEU6TR, STM32WBA52KGU6, STM32WBA52KGU6TR, STM32WBA54CEU6, STM32WBA54CEU6TR, STM32WBA54CEU7, STM32WBA54CEU7TR, STM32WBA54CGU6, STM32WBA54CGU6TR, STM32WBA54CGU7, STM32WBA54CGU7TR, STM32WBA54KEU6, STM32WBA54KEU6TR, STM32WBA54KEU7, STM32WBA54KEU7TR, STM32WBA54KGU6, STM32WBA54KGU6TR, STM32WBA54KGU7, STM32WBA54KGU7TR, STM32WBA55CEU6, STM32WBA55CEU6TR, STM32WBA55CEU7, STM32WBA55CEU7TR, STM32WBA55CGU6, STM32WBA55CGU6TR, STM32WBA55CGU6U, STM32WBA55CGU7, STM32WBA55CGU7TR, STM32WBA55G-DK1, STM32WBA55HEF6, STM32WBA55HEF7, STM32WBA55HGF6, STM32WBA55HGF7, STM32WBA55UEI6, STM32WBA55UEI6TR, STM32WBA55UEI7, STM32WBA55UEI7TR, STM32WBA55UGI6, STM32WBA55UGI6TR, STM32WBA55UGI7, STM32WBA55UGI7TR, STM32WBA5MJGH6TR, STM32WBA5MJGH6U, STM32WL33C8V6, STM32WL33C8V6TR, STM32WL33C8V7, STM32WL33C8V7TR, STM32WL33CBV6, STM32WL33CBV6TR, STM32WL33CBV7, STM32WL33CBV7TR, STM32WL33CCV6, STM32WL33CCV6TR, STM32WL33CCV7, STM32WL33CCV7A, STM32WL33CCV7ATR, STM32WL33CCV7TR, STM32WL33K8V6, STM32WL33K8V6TR, STM32WL33K8V7, STM32WL33K8V7TR, STM32WL33KBV6, STM32WL33KBV6TR, STM32WL33KBV7, STM32WL33KBV7TR, STM32WL33KCV6, STM32WL33KCV6TR, STM32WL33KCV7, STM32WL33KCV7TR, STM32WL5MOCH6, STM32WL5MOCH6TR]
2025-07-06 15:48:58,759 [INFO] BoardInfo:889 - No configuration file found for board NUCLEO-WBA65RI
2025-07-06 15:48:58,761 [INFO] DbBoards:161 - Board is not supported: NUCLEO-WBA65RI
2025-07-06 15:48:58,781 [INFO] BoardInfo:889 - No configuration file found for board P-NUCLEO-WB55
2025-07-06 15:48:58,783 [INFO] DbBoards:161 - Kit is not supported: P-NUCLEO-WB55
2025-07-06 15:48:58,815 [INFO] BoardInfo:889 - No configuration file found for board STEVAL-BFA001V1B
2025-07-06 15:48:58,820 [INFO] DbBoards:161 - Kit is not supported: STEVAL-BFA001V1B
2025-07-06 15:48:58,823 [INFO] BoardInfo:889 - No configuration file found for board STEVAL-BFA001V2B
2025-07-06 15:48:58,829 [INFO] DbBoards:161 - Kit is not supported: STEVAL-BFA001V2B
2025-07-06 15:48:59,194 [INFO] BoardInfo:889 - No configuration file found for board STM32WBA65I-DK1
2025-07-06 15:48:59,196 [INFO] DbBoards:161 - Board is not supported: STM32WBA65I-DK1
2025-07-06 15:48:59,196 [INFO] DbBoards:168 - Found 211 boards, 206 are supported
2025-07-06 15:48:59,197 [INFO] DbBoards:169 - Found 211 boards, 42 of them is supported for  Bsp
2025-07-06 15:48:59,203 [INFO] ApiDb:668 - CubeFinder database Data Model version=2.1
2025-07-06 15:48:59,203 [INFO] ApiDb:669 - CubeFinder database Configuration version=3.0.39
2025-07-06 15:48:59,203 [INFO] ApiDb:670 - CubeFinder database generation date=2025-06-16 (1750072209)
2025-07-06 15:48:59,204 [INFO] ApiDb:671 - CubeFinder database FW Pack versions=[FP-ATR-ASTRA1_V2.0.0, FP-SNS-FLIGHT1_V5.1.0, FP-SNS-MOTENV1_V5.0.0, FP-SNS-MOTENVWB1_V1.4.0, FP-SNS-SMARTAG2_V1.2.0, FP-SNS-STBOX1_V2.0.0, STM32Cube_FW_C0_V1.4.0, STM32Cube_FW_F4_V1.28.2, STM32Cube_FW_F7_V1.17.3, STM32Cube_FW_G0_V1.6.2, STM32Cube_FW_G4_V1.6.1, STM32Cube_FW_H5_V1.5.0, STM32Cube_FW_H7RS_V1.2.0, STM32Cube_FW_H7_V1.12.1, STM32Cube_FW_L0_V1.12.2, STM32Cube_FW_L4_V1.18.1, STM32Cube_FW_L5_V1.5.1, STM32Cube_FW_N6_V1.1.1, STM32Cube_FW_U0_V1.2.0, STM32Cube_FW_U3_V1.1.0, STM32Cube_FW_U5_V1.7.0, STM32Cube_FW_WB0_V1.2.0, STM32Cube_FW_WBA_V1.6.0, STM32Cube_FW_WB_V1.22.0, STM32Cube_FW_WL3_V1.1.0, STM32Cube_FW_WL_V1.3.1, X-CUBE-ALGOBUILD_V1.4.0, X-CUBE-ALS_V1.0.2, X-CUBE-AZRTOS-F4_V1.1.0, X-CUBE-AZRTOS-F7_V1.1.0, X-CUBE-AZRTOS-G0_V1.1.0, X-CUBE-AZRTOS-G4_V2.0.0, X-CUBE-AZRTOS-H7RS_V1.1.0, X-CUBE-AZRTOS-H7_V3.3.0, X-CUBE-AZRTOS-L4_V2.0.0, X-CUBE-AZRTOS-L5_V2.0.0, X-CUBE-AZRTOS-WB_V2.0.0, X-CUBE-AZRTOS-WL_V2.0.0, X-CUBE-BLE1_V7.1.0, X-CUBE-BLE2_V3.3.0, X-CUBE-BLEMGR_V4.0.0, X-CUBE-EEPRMA1_V5.1.0, X-CUBE-FREERTOS_V1.3.1, X-CUBE-GNSS1_V6.0.0, X-CUBE-MEMS1_V11.3.0, X-CUBE-NFC4_V3.0.0, X-CUBE-NFC7_V2.0.0, X-CUBE-SFXS2LP1_V4.0.0, X-CUBE-SUBG2_V5.0.0, X-CUBE-TOF1_V3.4.3]
2025-07-06 15:49:02,049 [INFO] ApiDb:240 - Found 858 in-development CPN: [B-G473E-ZEST1S, B-WB1M-WPAN1, B-WBA5M-WPAN, B-WL5M-SUBG1, NUCLEO-C031C6, NUCLEO-C051C8, NUCLEO-C071RB, NUCLEO-C092RC, NUCLEO-H503RB, NUCLEO-H533RE, NUCLEO-H563ZI, NUCLEO-H7S3L8, NUCLEO-N657X0-Q, NUCLEO-U031R8, NUCLEO-U083RC, NUCLEO-U385RG-Q, NUCLEO-U545RE-Q, NUCLEO-U5A5ZJ-Q, NUCLEO-WB05KZ, NUCLEO-WB07CC, NUCLEO-WB09KE, NUCLEO-WBA52CG, NUCLEO-WBA55CG, NUCLEO-WL33CC1, NUCLEO-WL33CC2, STEVAL-PROTEUS1, STEVAL-SMARTAG2, STEVAL-STWINBX1, STM320518-EVAL, STM32C0116-DK, STM32C011D6Y3TR, STM32C011D6Y6TR, STM32C011F4P3, STM32C011F4P6, STM32C011F4U3, STM32C011F4U6TR, STM32C011F6P3, STM32C011F6P6, STM32C011F6U3, STM32C011F6U6TR, STM32C011J4M3, STM32C011J4M6, STM32C011J6M3, STM32C011J6M6, STM32C0316-DK, STM32C031C4T3, STM32C031C4T6, STM32C031C4U3, STM32C031C4U6, STM32C031C6T3, STM32C031C6T6, STM32C031C6U3, STM32C031C6U6, STM32C031F4P3, STM32C031F4P6, STM32C031F6P3, STM32C031F6P6, STM32C031G4U3, STM32C031G4U6, STM32C031G6U3, STM32C031G6U6, STM32C031K4T3, STM32C031K4T6, STM32C031K4U3, STM32C031K4U6, STM32C031K6T3, STM32C031K6T6, STM32C031K6U3, STM32C031K6U6, STM32C051C6T6, STM32C051C6U6, STM32C051C8T6, STM32C051C8U6, STM32C051D8Y6TR, STM32C051F6P6, STM32C051F8P6, STM32C051G6U6, STM32C051G8U6, STM32C051K6T6, STM32C051K6U6, STM32C051K8T6, STM32C071C8T6, STM32C071C8T6N, STM32C071C8U6, STM32C071C8U6N, STM32C071CBT6, STM32C071CBT6N, STM32C071CBU6, STM32C071CBU6N, STM32C071F8P6, STM32C071F8P6N, STM32C071FBP6, STM32C071FBP6N, STM32C071FBY6TR, STM32C071G8U6, STM32C071G8U6N, STM32C071GBU6, STM32C071GBU6N, STM32C071K8T6, STM32C071K8T6N, STM32C071K8U6, STM32C071K8U6N, STM32C071KBT6, STM32C071KBT6N, STM32C071KBU6, STM32C071KBU6N, STM32C071R8T6, STM32C071R8T6N, STM32C071RBI6N, STM32C071RBT6, STM32C071RBT6N, STM32C091CBT6, STM32C091CBU6, STM32C091CCT6, STM32C091CCU6, STM32C091ECY6TR, STM32C091FBP6, STM32C091FCP6, STM32C091GBU6, STM32C091GCU6, STM32C091KBT6, STM32C091KBU6, STM32C091KCT6, STM32C091KCU6, STM32C091RBT6, STM32C091RCI6, STM32C091RCT6, STM32C092CBT6, STM32C092CBU6, STM32C092CCT6, STM32C092CCU6, STM32C092ECY6TR, STM32C092FBP6, STM32C092FCP6, STM32C092GBU6, STM32C092GCU6, STM32C092KBT6, STM32C092KBU6, STM32C092KCT6, STM32C092KCU6, STM32C092RBT6, STM32C092RCI6, STM32C092RCT6, STM32G071K8TXN, STM32G071K8UXN, STM32G081GBU6N, STM32G081KBT6N, STM32G081KBUXN, STM32G0B1CCT6N, STM32G0B1KCT6, STM32G0B1NEY6TR, STM32G0B1RCT6N, STM32G0C1CCT6, STM32G0C1CCT6N, STM32G0C1CCU6N, STM32G0C1CET6N, STM32G0C1CEU6N, STM32G0C1KCT6, STM32G0C1NEY6TR, STM32G0C1RCI6N, STM32G0C1RCT6N, STM32G0C1REI6N, STM32G0C1RET6N, STM32G0C1VCI6, STM32G0C1VEI6, STM32G411C6T3, STM32G411C6T6, STM32G411C6U3, STM32G411C6U6, STM32G411C8T3, STM32G411C8T6, STM32G411C8U3, STM32G411C8U6, STM32G411CBT3, STM32G411CBT6, STM32G411CBU3, STM32G411CBU6, STM32G411CCT3, STM32G411CCT6, STM32G411CCU3, STM32G411CCU6, STM32G411K6T3, STM32G411K6T6, STM32G411K6U3, STM32G411K6U6, STM32G411K8T3, STM32G411K8T6, STM32G411K8U3, STM32G411K8U6, STM32G411KBT3, STM32G411KBT6, STM32G411KBU3, STM32G411KBU6, STM32G411M6T3, STM32G411M6T6, STM32G411M8T3, STM32G411M8T6, STM32G411MBT3, STM32G411MBT6, STM32G411MCT3, STM32G411MCT6, STM32G411R6T3, STM32G411R6T6, STM32G411R8T3, STM32G411R8T6, STM32G411RBT3, STM32G411RBT6, STM32G411RCT3, STM32G411RCT6, STM32G414CBT3, STM32G414CBT6, STM32G414CBU3, STM32G414CBU6, STM32G414CCT3, STM32G414CCT6, STM32G414CCU3, STM32G414CCU6, STM32G414MBT3, STM32G414MBT6, STM32G414MCT3, STM32G414MCT6, STM32G414RBT3, STM32G414RBT6, STM32G414RCT3, STM32G414RCT6, STM32G414VBT3, STM32G414VBT6, STM32G414VCT3, STM32G414VCT6, STM32G431CBT3Z, STM32G431RBT3Z, STM32G471CCT6, STM32G471CCU6, STM32G471CET3, STM32G471CET6, STM32G471CEU3, STM32G471CEU6, STM32G471MCT6, STM32G471MET3, STM32G471MET6, STM32G471MEY6TR, STM32G471QCT6, STM32G471QET3, STM32G471RCT6, STM32G471RET3, STM32G471RET6, STM32G471VCH6, STM32G471VCI6, STM32G471VCT6, STM32G471VEH3, STM32G471VEH6, STM32G471VEI3, STM32G471VEI6, STM32G471VET3, STM32G471VET6, STM32G473QET3Z, STM32G473RET3Z, STM32G474CCT6, STM32G491RET3Z, STM32H503CBT6, STM32H503CBU6, STM32H503EBY6TR, STM32H503KBU6, STM32H503RBT6, STM32H523CCT6, STM32H523CCU6, STM32H523CET6, STM32H523CEU6, STM32H523HEY6TR, STM32H523RCT6, STM32H523RET6, STM32H523VCI6, STM32H523VCT6, STM32H523VEI6, STM32H523VET6, STM32H523ZCJ6, STM32H523ZCT6, STM32H523ZEJ6, STM32H523ZET6, STM32H533CET6, STM32H533CEU6, STM32H533HEY6TR, STM32H533RET6, STM32H533VEI6, STM32H533VET6, STM32H533ZEJ6, STM32H533ZET6, STM32H562AGI6, STM32H562AII6, STM32H562IGK6, STM32H562IGT6, STM32H562IIK6, STM32H562IIT6, STM32H562RGT6, STM32H562RGV6, STM32H562RIT6, STM32H562RIV6, STM32H562VGT6, STM32H562VIT6, STM32H562ZGT6, STM32H562ZIT6, STM32H563AGI6, STM32H563AII3Q, STM32H563AII6, STM32H563IGK6, STM32H563IGT6, STM32H563IIK3Q, STM32H563IIK6, STM32H563IIT3Q, STM32H563IIT6, STM32H563MIY3QTR, STM32H563RGT6, STM32H563RGV6, STM32H563RIT6, STM32H563RIV6, STM32H563VGT6, STM32H563VIT3Q, STM32H563VIT6, STM32H563ZGT6, STM32H563ZIT3Q, STM32H563ZIT6, STM32H573AII3Q, STM32H573AII6, STM32H573I-DK, STM32H573IIK3Q, STM32H573IIK6, STM32H573IIT3Q, STM32H573IIT6, STM32H573MIY3QTR, STM32H573RIT6, STM32H573RIV6, STM32H573VIT3Q, STM32H573VIT6, STM32H573ZIT3Q, STM32H573ZIT6, STM32H7R3A8I6, STM32H7R3I8K6, STM32H7R3I8T6, STM32H7R3L8H6, STM32H7R3L8H6H, STM32H7R3R8V6, STM32H7R3V8H6, STM32H7R3V8T6, STM32H7R3V8Y6TR, STM32H7R3Z8J6, STM32H7R3Z8T6, STM32H7R7A8I6, STM32H7R7I8K6, STM32H7R7I8T6, STM32H7R7L8H6, STM32H7R7L8H6H, STM32H7R7Z8J6, STM32H7S3A8I6, STM32H7S3I8K6, STM32H7S3I8T6, STM32H7S3L8H6, STM32H7S3L8H6H, STM32H7S3R8V6, STM32H7S3V8H6, STM32H7S3V8T6, STM32H7S3V8Y6TR, STM32H7S3Z8J6, STM32H7S3Z8T6, STM32H7S78-DK, STM32H7S7A8I6, STM32H7S7I8K6, STM32H7S7I8T6, STM32H7S7L8H6, STM32H7S7L8H6H, STM32H7S7Z8J6, STM32L4R5QGI6STR, STM32MP131AAE3, STM32MP131AAF3, STM32MP131AAG3, STM32MP131CAE3, STM32MP131CAF3, STM32MP131CAG3, STM32MP131DAE7, STM32MP131DAF7, STM32MP131DAG7, STM32MP131FAE7, STM32MP131FAF7, STM32MP131FAG7, STM32MP133AAE3, STM32MP133AAF3, STM32MP133AAG3, STM32MP133CAE3, STM32MP133CAF3, STM32MP133CAG3, STM32MP133DAE7, STM32MP133DAF7, STM32MP133DAG7, STM32MP133FAE7, STM32MP133FAF7, STM32MP133FAG7, STM32MP135AAE3, STM32MP135AAF3, STM32MP135AAG3, STM32MP135CAE3, STM32MP135CAF3, STM32MP135CAG3, STM32MP135DAE7, STM32MP135DAF7, STM32MP135DAG7, STM32MP135F-DK, STM32MP135FAE7, STM32MP135FAF7, STM32MP135FAF7T, STM32MP135FAF7U, STM32MP135FAG7, STM32MP231AAJ3, STM32MP231AAK3, STM32MP231AAL3, STM32MP231CAJ3, STM32MP231CAK3, STM32MP231CAL3, STM32MP231DAJ3, STM32MP231DAK3, STM32MP231DAL3, STM32MP231FAJ3, STM32MP231FAK3, STM32MP231FAL3, STM32MP233AAJ3, STM32MP233AAK3, STM32MP233AAL3, STM32MP233CAJ3, STM32MP233CAK3, STM32MP233CAL3, STM32MP233DAJ3, STM32MP233DAK3, STM32MP233DAL3, STM32MP233FAJ3, STM32MP233FAK3, STM32MP233FAL3, STM32MP235AAJ3, STM32MP235AAK3, STM32MP235AAL3, STM32MP235CAJ3, STM32MP235CAK3, STM32MP235CAL3, STM32MP235DAJ3, STM32MP235DAK3, STM32MP235DAL3, STM32MP235FAJ3, STM32MP235FAK3, STM32MP235FAL3, STM32MP251AAI3, STM32MP251AAJ3, STM32MP251AAK3, STM32MP251AAL3, STM32MP251CAI3, STM32MP251CAJ3, STM32MP251CAK3, STM32MP251CAL3, STM32MP251DAI3, STM32MP251DAJ3, STM32MP251DAK3, STM32MP251DAL3, STM32MP251FAI3, STM32MP251FAJ3, STM32MP251FAK3, STM32MP251FAL3, STM32MP253AAI3, STM32MP253AAJ3, STM32MP253AAK3, STM32MP253AAL3, STM32MP253CAI3, STM32MP253CAJ3, STM32MP253CAK3, STM32MP253CAL3, STM32MP253DAI3, STM32MP253DAJ3, STM32MP253DAK3, STM32MP253DAL3, STM32MP253FAI3, STM32MP253FAJ3, STM32MP253FAK3, STM32MP253FAL3, STM32MP255AAI3, STM32MP255AAJ3, STM32MP255AAK3, STM32MP255AAL3, STM32MP255CAI3, STM32MP255CAJ3, STM32MP255CAK3, STM32MP255CAL3, STM32MP255DAI3, STM32MP255DAJ3, STM32MP255DAK3, STM32MP255DAL3, STM32MP255FAI3, STM32MP255FAJ3, STM32MP255FAK3, STM32MP255FAL3, STM32MP257AAI3, STM32MP257AAJ3, STM32MP257AAK3, STM32MP257AAL3, STM32MP257CAI3, STM32MP257CAJ3, STM32MP257CAK3, STM32MP257CAL3, STM32MP257DAI3, STM32MP257DAJ3, STM32MP257DAK3, STM32MP257DAL3, STM32MP257F-DK, STM32MP257F-EV1, STM32MP257FAI3, STM32MP257FAJ3, STM32MP257FAK3, STM32MP257FAL3, STM32N645A0H3Q, STM32N645B0H3Q, STM32N645I0H3Q, STM32N645L0H3Q, STM32N645X0H3Q, STM32N645Z0H3Q, STM32N647A0H3Q, STM32N647B0H3Q, STM32N647I0H3Q, STM32N647L0H3Q, STM32N647X0H3Q, STM32N647Z0H3Q, STM32N655A0H3Q, STM32N655B0H3Q, STM32N655I0H3Q, STM32N655L0H3Q, STM32N655X0H3Q, STM32N655Z0H3Q, STM32N6570-DK, STM32N657A0H3Q, STM32N657B0H3Q, STM32N657I0H3Q, STM32N657L0H3Q, STM32N657X0H3Q, STM32N657Z0H3Q, STM32U031C6T6, STM32U031C6U6, STM32U031C8T6, STM32U031C8U6, STM32U031F4P6, STM32U031F6P6, STM32U031F8P6, STM32U031G6Y6TR, STM32U031G8Y6TR, STM32U031K4U6, STM32U031K6U6, STM32U031K8U6, STM32U031R6I6, STM32U031R6T6, STM32U031R8I6, STM32U031R8T6, STM32U073C8T6, STM32U073C8U6, STM32U073CBT6, STM32U073CBU6, STM32U073CCT6, STM32U073CCU6, STM32U073H8Y6TR, STM32U073HBY6TR, STM32U073HCY6TR, STM32U073K8U6, STM32U073KBU6, STM32U073KCU6, STM32U073M8I6, STM32U073M8T6, STM32U073MBI6, STM32U073MBT6, STM32U073MCI6, STM32U073MCT6, STM32U073R8I6, STM32U073R8T6, STM32U073RBI6, STM32U073RBT6, STM32U073RCI6, STM32U073RCT6, STM32U083C-DK, STM32U083CCT6, STM32U083CCU6, STM32U083HCY6TR, STM32U083KCU6, STM32U083MCI6, STM32U083MCT6, STM32U083RCI6, STM32U083RCT6, STM32U375CET6, STM32U375CET6Q, STM32U375CEU6, STM32U375CEU6Q, STM32U375CEY6QTR, STM32U375CGT6, STM32U375CGT6Q, STM32U375CGU6, STM32U375CGU6Q, STM32U375CGY6QTR, STM32U375KEU6, STM32U375KGU6, STM32U375REI6, STM32U375REI6Q, STM32U375RET6, STM32U375RET6Q, STM32U375REY6GTR, STM32U375REY6QTR, STM32U375RGI6, STM32U375RGI6Q, STM32U375RGT6, STM32U375RGT6Q, STM32U375RGY6GTR, STM32U375RGY6QTR, STM32U375VEI6, STM32U375VEI6Q, STM32U375VET6, STM32U375VET6Q, STM32U375VGI6, STM32U375VGI6Q, STM32U375VGT6, STM32U375VGT6Q, STM32U385CGT6, STM32U385CGT6Q, STM32U385CGU6, STM32U385CGU6Q, STM32U385CGY6QTR, STM32U385KGU6, STM32U385RGI6, STM32U385RGI6Q, STM32U385RGT6, STM32U385RGT6Q, STM32U385RGY6GTR, STM32U385RGY6QTR, STM32U385VGI6, STM32U385VGI6Q, STM32U385VGT6, STM32U385VGT6Q, STM32U535CBT6, STM32U535CBT6Q, STM32U535CBU6, STM32U535CBU6Q, STM32U535CCT6, STM32U535CCT6Q, STM32U535CCU6, STM32U535CCU6Q, STM32U535CET6, STM32U535CET6Q, STM32U535CEU6, STM32U535CEU6Q, STM32U535JEY6QTR, STM32U535NCY6QTR, STM32U535NEY6QTR, STM32U535RBI6, STM32U535RBI6Q, STM32U535RBT6, STM32U535RBT6Q, STM32U535RCI6, STM32U535RCI6Q, STM32U535RCT6, STM32U535RCT6Q, STM32U535REI6, STM32U535REI6Q, STM32U535RET6, STM32U535RET6Q, STM32U535VCI6, STM32U535VCI6Q, STM32U535VCT6, STM32U535VCT6Q, STM32U535VEI6, STM32U535VEI6Q, STM32U535VET6, STM32U535VET6Q, STM32U545CET6, STM32U545CET6Q, STM32U545CEU6, STM32U545CEU6Q, STM32U545JEY6QTR, STM32U545NEY6QTR, STM32U545REI6, STM32U545REI6Q, STM32U545RET6, STM32U545RET6Q, STM32U545VEI6, STM32U545VEI6Q, STM32U545VET6, STM32U545VET6Q, STM32U595AIH6, STM32U595AIH6Q, STM32U595AJH6, STM32U595AJH6Q, STM32U595QII6, STM32U595QII6Q, STM32U595QJI6, STM32U595QJI6Q, STM32U595RIT6, STM32U595RIT6Q, STM32U595RJT6, STM32U595RJT6Q, STM32U595VIT6, STM32U595VIT6Q, STM32U595VJT6, STM32U595VJT6Q, STM32U595ZIT6, STM32U595ZIT6Q, STM32U595ZIY6QTR, STM32U595ZJT6, STM32U595ZJT6Q, STM32U595ZJY6QTR, STM32U599BJY6QTR, STM32U599NIH6Q, STM32U599NJH6Q, STM32U599VIT6Q, STM32U599VJT6, STM32U599VJT6Q, STM32U599ZIT6Q, STM32U599ZIY6QTR, STM32U599ZJT6Q, STM32U599ZJY6QTR, STM32U5A5AJH6, STM32U5A5AJH6Q, STM32U5A5QII3Q , STM32U5A5QJI6, STM32U5A5QJI6Q, STM32U5A5RJT6, STM32U5A5RJT6Q, STM32U5A5VJT6, STM32U5A5VJT6Q, STM32U5A5ZJT6, STM32U5A5ZJT6Q, STM32U5A5ZJY6QTR, STM32U5A9BJY6QTR, STM32U5A9J-DK, STM32U5A9NJH6Q, STM32U5A9VJT6Q, STM32U5A9ZJT6Q, STM32U5A9ZJY6QTR, STM32U5F7VIT6, STM32U5F7VIT6Q, STM32U5F7VJT6, STM32U5F7VJT6Q, STM32U5F9BJY6QTR, STM32U5F9NJH6Q, STM32U5F9VIT6Q, STM32U5F9VJT6Q, STM32U5F9ZIJ6QTR, STM32U5F9ZIT6Q, STM32U5F9ZJJ6QTR, STM32U5F9ZJT6Q, STM32U5G7VJT6, STM32U5G7VJT6Q, STM32U5G9BJY6QTR, STM32U5G9J-DK1, STM32U5G9J-DK2, STM32U5G9NJH6Q, STM32U5G9VJT6Q, STM32U5G9ZJJ6QTR, STM32U5G9ZJT6Q, STM32WB05KZV6TR, STM32WB05KZV7TR, STM32WB05TZF6TR, STM32WB05TZF7TR, STM32WB06CCF6TR, STM32WB06CCF7TR, STM32WB06CCV6TR, STM32WB06CCV7TR, STM32WB06KCV6TR, STM32WB06KCV7TR, STM32WB07CCF6TR, STM32WB07CCF7TR, STM32WB07CCV6TR, STM32WB07CCV7TR, STM32WB07KCV6TR, STM32WB07KCV7TR, STM32WB09KEV6TR, STM32WB09KEV7TR, STM32WB09TEF6TR, STM32WB09TEF7TR, STM32WB1MMCH6, STM32WBA50KGU6, STM32WBA50KGU6TR, STM32WBA52CEU6, STM32WBA52CEU6TR, STM32WBA52CEU7, STM32WBA52CEU7TR, STM32WBA52CGU6, STM32WBA52CGU6TR, STM32WBA52CGU6U, STM32WBA52CGU7, STM32WBA52CGU7TR, STM32WBA52KEU6, STM32WBA52KEU6TR, STM32WBA52KGU6, STM32WBA52KGU6TR, STM32WBA54CEU6, STM32WBA54CEU6TR, STM32WBA54CEU7, STM32WBA54CEU7TR, STM32WBA54CGU6, STM32WBA54CGU6TR, STM32WBA54CGU7, STM32WBA54CGU7TR, STM32WBA54KEU6, STM32WBA54KEU6TR, STM32WBA54KEU7, STM32WBA54KEU7TR, STM32WBA54KGU6, STM32WBA54KGU6TR, STM32WBA54KGU7, STM32WBA54KGU7TR, STM32WBA55CEU6, STM32WBA55CEU6TR, STM32WBA55CEU7, STM32WBA55CEU7TR, STM32WBA55CGU6, STM32WBA55CGU6TR, STM32WBA55CGU6U, STM32WBA55CGU7, STM32WBA55CGU7TR, STM32WBA55G-DK1, STM32WBA55HEF6, STM32WBA55HEF7, STM32WBA55HGF6, STM32WBA55HGF7, STM32WBA55UEI6, STM32WBA55UEI6TR, STM32WBA55UEI7, STM32WBA55UEI7TR, STM32WBA55UGI6, STM32WBA55UGI6TR, STM32WBA55UGI7, STM32WBA55UGI7TR, STM32WBA5MJGH6TR, STM32WBA5MJGH6U, STM32WL33C8V6, STM32WL33C8V6TR, STM32WL33C8V7, STM32WL33C8V7TR, STM32WL33CBV6, STM32WL33CBV6TR, STM32WL33CBV7, STM32WL33CBV7TR, STM32WL33CCV6, STM32WL33CCV6TR, STM32WL33CCV7, STM32WL33CCV7A, STM32WL33CCV7ATR, STM32WL33CCV7TR, STM32WL33K8V6, STM32WL33K8V6TR, STM32WL33K8V7, STM32WL33K8V7TR, STM32WL33KBV6, STM32WL33KBV6TR, STM32WL33KBV7, STM32WL33KBV7TR, STM32WL33KCV6, STM32WL33KCV6TR, STM32WL33KCV7, STM32WL33KCV7TR, STM32WL5MOCH6, STM32WL5MOCH6TR]
2025-07-06 15:49:02,054 [INFO] DbMcus:218 - Found 4674 MCUs, 4674 are supported
2025-07-06 15:49:02,056 [INFO] ApiDb:423 - Load user favorites file C:\Users\Santiago/.stm32cubeide/favorites.mcus.txt: 0 item(s)
2025-07-06 15:49:02,056 [INFO] ApiDb:427 - User favorites MCUs=[]
2025-07-06 15:49:02,056 [INFO] DbMcus:224 - Set 0 / 0 favorites MCUs
2025-07-06 15:49:02,688 [INFO] ApiDb:423 - Load user favorites file C:\Users\Santiago/.stm32cubeide/favorites.boards.txt: 1 item(s)
2025-07-06 15:49:02,689 [INFO] ApiDb:427 - User favorites Boards=[NUCLEO-F103RB]
2025-07-06 15:49:02,689 [INFO] DbBoards:198 - Set 1 / 1 favorites Boards
2025-07-06 15:49:02,690 [INFO] McuFinderGlobals:76 - Set McuFinderConnectedMode to false
2025-07-06 15:49:02,703 [INFO] MultiScanPanel:200 - Auto-refresh data requested => check proxy status ongoing
2025-07-06 15:49:02,703 [INFO] MultiScanPanel:204 - Proxy status is invalid
2025-07-06 15:49:02,708 [INFO] FinderPluginLoader:95 - Searching for filters in installed packs
2025-07-06 15:49:05,735 [INFO] DetailPanel:341 - Set advertising image to C:/Users/Santiago/STM32Cube/Repository/\en.cubemxfinderstm32wba6.jpg
2025-07-06 15:49:35,074 [INFO] MultiScanPanel:200 - Auto-refresh data requested => check proxy status ongoing
2025-07-06 15:49:35,075 [INFO] MultiScanPanel:204 - Proxy status is invalid
2025-07-06 15:49:35,301 [INFO] DetailPanel:341 - Set advertising image to C:/Users/Santiago/STM32Cube/Repository/\en.cubemxfinderstm32wba6.jpg
2025-07-06 15:49:35,324 [INFO] DbBoards:642 - Loading board mini-images...
2025-07-06 15:49:40,721 [INFO] DbBoards:665 - Loaded 211 board mini-images
2025-07-06 15:50:05,315 [INFO] MainUpdater:2872 - connection check result : 10
2025-07-06 15:50:05,316 [INFO] MainUpdater:2872 - connection check result : 10
2025-07-06 15:50:05,409 [INFO] MicroXplorer:468 - Change Database Path : 
2025-07-06 15:50:05,410 [INFO] MicroXplorer:498 - Change Database Version : DB.6.0.130
2025-07-06 15:50:05,422 [WARN] ThirdParty:871 - waiting for thirdparty lock release [close project]
2025-07-06 15:50:05,423 [INFO] ThirdParty:873 - entering critical section [close project]
2025-07-06 15:50:05,425 [INFO] ThirdParty:883 - exiting critical section [close project]
2025-07-06 15:50:05,429 [INFO] PinOutPanel:1589 - setPackage(No Configuration,No Configuration)
2025-07-06 15:50:05,436 [INFO] UtilMem:75 - Begin LoadConfig() Used Memory: 538253248 Bytes (859832320)
2025-07-06 15:50:05,449 [INFO] OpenFileManager:332 - Change cursor
2025-07-06 15:50:05,508 [INFO] ProjectFactory:442 - No CPN specified for board NUCLEO-F103RB => set CPN to STM32F103RBT6
2025-07-06 15:50:05,509 [INFO] Mcu:2035 - Initializing MCU STM32F103R(8-B)Tx STM32F103RBTx STM32F103RBT6
2025-07-06 15:50:07,346 [INFO] Context:748 - Trying to add GPIOservice into a context  which must be forbidden
2025-07-06 15:50:07,749 [INFO] Rule:228 - rule 117617 - U5Cobra4M][GTZC] default value MPCBB3 and MPCBB5 - Not Secured memory - MPCBB1 is applicable
2025-07-06 15:50:07,750 [INFO] Rule:228 - rule 117617 - U5Cobra4M][GTZC] default value MPCBB3 and MPCBB5 - Not Secured memory - MPCBB1 is applicable
2025-07-06 15:50:07,750 [INFO] Rule:228 - rule 117617 - U5Cobra4M][GTZC] default value MPCBB3 and MPCBB5 - Not Secured memory - MPCBB2 is applicable
2025-07-06 15:50:07,750 [INFO] Rule:228 - rule 117617 - U5Cobra4M][GTZC] default value MPCBB3 and MPCBB5 - Not Secured memory - MPCBB2 is applicable
2025-07-06 15:50:07,750 [INFO] Rule:228 - rule 117617 - U5Cobra4M][GTZC] default value MPCBB3 and MPCBB5 - Not Secured memory - MPCBB3 is applicable
2025-07-06 15:50:07,750 [INFO] Rule:228 - rule 117617 - U5Cobra4M][GTZC] default value MPCBB3 and MPCBB5 - Not Secured memory - MPCBB3 is applicable
2025-07-06 15:50:07,751 [INFO] Rule:228 - rule 117617 - U5Cobra4M][GTZC] default value MPCBB3 and MPCBB5 - Not Secured memory - MPCBB4 is applicable
2025-07-06 15:50:07,751 [INFO] Rule:228 - rule 117617 - U5Cobra4M][GTZC] default value MPCBB3 and MPCBB5 - Not Secured memory - MPCBB4 is applicable
2025-07-06 15:50:07,751 [INFO] Rule:228 - rule 117617 - U5Cobra4M][GTZC] default value MPCBB3 and MPCBB5 - Secured memory - MPCBB1 is applicable
2025-07-06 15:50:07,751 [INFO] Rule:228 - rule 117617 - U5Cobra4M][GTZC] default value MPCBB3 and MPCBB5 - Secured memory - MPCBB2 is applicable
2025-07-06 15:50:07,751 [INFO] Rule:228 - rule 117617 - U5Cobra4M][GTZC] default value MPCBB3 and MPCBB5 - Secured memory - MPCBB3 is applicable
2025-07-06 15:50:07,751 [INFO] Rule:228 - rule 117617 - U5Cobra4M][GTZC] default value MPCBB3 and MPCBB5 - Secured memory - MPCBB4 is applicable
2025-07-06 15:50:07,752 [INFO] Rule:228 - rule 117617 - U5Cobra4M][GTZC] default value MPCBB3 and MPCBB5 - Privileged memory - MPCBB1 is applicable
2025-07-06 15:50:07,752 [INFO] Rule:228 - rule 117617 - U5Cobra4M][GTZC] default value MPCBB3 and MPCBB5 - Privileged memory - MPCBB2 is applicable
2025-07-06 15:50:07,752 [INFO] Rule:228 - rule 117617 - U5Cobra4M][GTZC] default value MPCBB3 and MPCBB5 - Privileged memory - MPCBB3 is applicable
2025-07-06 15:50:07,752 [INFO] Rule:228 - rule 117617 - U5Cobra4M][GTZC] default value MPCBB3 and MPCBB5 - Privileged memory - MPCBB4 is applicable
2025-07-06 15:50:07,753 [INFO] Rule:228 - rule 117617 - U5Cobra4M][GTZC] default value MPCBB3 and MPCBB5 - Not Privileged memory - MPCBB1 is applicable
2025-07-06 15:50:07,753 [INFO] Rule:228 - rule 117617 - U5Cobra4M][GTZC] default value MPCBB3 and MPCBB5 - Not Privileged memory - MPCBB2 is applicable
2025-07-06 15:50:07,753 [INFO] Rule:228 - rule 117617 - U5Cobra4M][GTZC] default value MPCBB3 and MPCBB5 - Not Privileged memory - MPCBB3 is applicable
2025-07-06 15:50:07,753 [INFO] Rule:228 - rule 117617 - U5Cobra4M][GTZC] default value MPCBB3 and MPCBB5 - Not Privileged memory - MPCBB4 is applicable
2025-07-06 15:50:07,753 [INFO] Rule:228 - rule 117617 - U5Cobra4M][GTZC] default value MPCBB3 and MPCBB5 - Privileged memory - MPCBB1 is applicable
2025-07-06 15:50:07,753 [INFO] Rule:228 - rule 117617 - U5Cobra4M][GTZC] default value MPCBB3 and MPCBB5 - Privileged memory - MPCBB2 is applicable
2025-07-06 15:50:07,753 [INFO] Rule:228 - rule 117617 - U5Cobra4M][GTZC] default value MPCBB3 and MPCBB5 - Privileged memory - MPCBB3 is applicable
2025-07-06 15:50:07,753 [INFO] Rule:228 - rule 117617 - U5Cobra4M][GTZC] default value MPCBB3 and MPCBB5 - Privileged memory - MPCBB4 is applicable
2025-07-06 15:50:07,753 [INFO] Rule:228 - rule 117617 - U5Cobra4M][GTZC] default value MPCBB3 and MPCBB5 - Privileged memory - MPCBB1 is applicable
2025-07-06 15:50:07,754 [INFO] Rule:228 - rule 117617 - U5Cobra4M][GTZC] default value MPCBB3 and MPCBB5 - Privileged memory - MPCBB2 is applicable
2025-07-06 15:50:07,754 [INFO] Rule:228 - rule 117617 - U5Cobra4M][GTZC] default value MPCBB3 and MPCBB5 - Privileged memory - MPCBB3 is applicable
2025-07-06 15:50:07,754 [INFO] Rule:228 - rule 117617 - U5Cobra4M][GTZC] default value MPCBB3 and MPCBB5 - Privileged memory - MPCBB4 is applicable
2025-07-06 15:50:07,754 [INFO] Rule:228 - rule 117617 - U5Cobra4M][GTZC] default value MPCBB3 and MPCBB5 - Not Privileged memory - MPCBB1 is applicable
2025-07-06 15:50:07,754 [INFO] Rule:228 - rule 117617 - U5Cobra4M][GTZC] default value MPCBB3 and MPCBB5 - Not Privileged memory - MPCBB2 is applicable
2025-07-06 15:50:07,754 [INFO] Rule:228 - rule 117617 - U5Cobra4M][GTZC] default value MPCBB3 and MPCBB5 - Not Privileged memory - MPCBB3 is applicable
2025-07-06 15:50:07,754 [INFO] Rule:228 - rule 117617 - U5Cobra4M][GTZC] default value MPCBB3 and MPCBB5 - Not Privileged memory - MPCBB4 is applicable
2025-07-06 15:50:07,755 [INFO] Rule:228 - rule 117617 - U5Cobra4M][GTZC] default value MPCBB3 and MPCBB5 - Privileged memory - MPCBB1 is applicable
2025-07-06 15:50:07,755 [INFO] Rule:228 - rule 117617 - U5Cobra4M][GTZC] default value MPCBB3 and MPCBB5 - Privileged memory - MPCBB2 is applicable
2025-07-06 15:50:07,755 [INFO] Rule:228 - rule 117617 - U5Cobra4M][GTZC] default value MPCBB3 and MPCBB5 - Privileged memory - MPCBB3 is applicable
2025-07-06 15:50:07,755 [INFO] Rule:228 - rule 117617 - U5Cobra4M][GTZC] default value MPCBB3 and MPCBB5 - Privileged memory - MPCBB4 is applicable
2025-07-06 15:50:07,755 [INFO] Rule:228 - rule Rename SubGHz_Phy SUBGHZ_APPLICATION SUBGHZ_PINGPONG to SUBGHZ_ADV_APPLICATION is applicable
2025-07-06 15:50:07,755 [INFO] Rule:228 - rule Rename Enabled to IBEACON is applicable
2025-07-06 15:50:07,755 [INFO] Rule:228 - rule GTZC_S instance for project manager is applicable
2025-07-06 15:50:07,755 [INFO] Rule:228 - rule GTZC_S instance for context M33S is applicable
2025-07-06 15:50:07,756 [INFO] Rule:228 - rule GTZC_S instance value for IP GTZC is applicable
2025-07-06 15:50:07,756 [INFO] Rule:228 - rule GTZC_S instance for mcu.IP is applicable
2025-07-06 15:50:07,756 [INFO] Rule:228 - rule GTZC_S instance for VP is applicable
2025-07-06 15:50:07,756 [INFO] Rule:228 - rule GTZC_S instance for signal is applicable
2025-07-06 15:50:07,756 [INFO] Rule:228 - rule GTZC_S instance for mcu.Pin is applicable
2025-07-06 15:50:07,756 [INFO] Rule:228 - rule GTZC_S instance for VP is applicable
2025-07-06 15:50:07,756 [INFO] Rule:228 - rule GTZC_S instance for signal is applicable
2025-07-06 15:50:07,756 [INFO] Rule:228 - rule GTZC_S instance for mcu is applicable
2025-07-06 15:50:07,756 [INFO] Rule:228 - rule GTZC_S instance for mcu.Pin is applicable
2025-07-06 15:50:07,756 [INFO] Rule:228 - rule GTZC_S instance value for IP GTZC is applicable
2025-07-06 15:50:07,756 [INFO] Rule:228 - rule GTZC_S instance for project manager is applicable
2025-07-06 15:50:07,757 [INFO] Rule:228 - rule GTZC_S instance for context M33S is applicable
2025-07-06 15:50:07,757 [INFO] Rule:228 - rule GTZC_S instance for VP is applicable
2025-07-06 15:50:07,757 [INFO] Rule:228 - rule GTZC_S instance for signal is applicable
2025-07-06 15:50:07,757 [INFO] Rule:228 - rule SPDIFRX instance for mcu is applicable
2025-07-06 15:50:07,757 [INFO] Rule:228 - rule Rename Tracer Mode is applicable
2025-07-06 15:50:07,757 [INFO] Rule:228 - rule SPDIFRX instance value for IP SPDIFRX is applicable
2025-07-06 15:50:07,757 [INFO] Rule:228 - rule SPDIFRX instance for signal is applicable
2025-07-06 15:50:07,757 [INFO] Rule:228 - rule SPDIFRX instance for project manager is applicable
2025-07-06 15:50:07,758 [INFO] Rule:228 - rule SPDIFRX instance for project manager is applicable
2025-07-06 15:50:07,758 [INFO] Rule:228 - rule ADC Scan  fix with FW F7 is applicable
2025-07-06 15:50:07,758 [INFO] Rule:228 - rule ADC Scan  fix with FW F7 is applicable
2025-07-06 15:50:07,758 [INFO] Rule:228 - rule WakeUp0 Mode is applicable
2025-07-06 15:50:07,758 [INFO] Rule:228 - rule WakeUp0 SIGNAL is applicable
2025-07-06 15:50:07,758 [INFO] Rule:228 - rule WakeUp1 Mode is applicable
2025-07-06 15:50:07,758 [INFO] Rule:228 - rule WakeUp1 SIGNAL is applicable
2025-07-06 15:50:07,758 [INFO] Rule:228 - rule WakeUp2 Mode is applicable
2025-07-06 15:50:07,758 [INFO] Rule:228 - rule WakeUp2 SIGNAL is applicable
2025-07-06 15:50:07,758 [INFO] Rule:228 - rule WakeUp4 Mode is applicable
2025-07-06 15:50:07,759 [INFO] Rule:228 - rule WakeUp4 SIGNAL is applicable
2025-07-06 15:50:07,759 [INFO] Rule:228 - rule WakeUp5 Mode is applicable
2025-07-06 15:50:07,759 [INFO] Rule:228 - rule WakeUp5 SIGNAL is applicable
2025-07-06 15:50:07,759 [INFO] Rule:228 - rule UART/USART WORD LENGTH 7 is applicable
2025-07-06 15:50:07,759 [INFO] Rule:228 - rule UART/USART WORD LENGTH 8 is applicable
2025-07-06 15:50:07,759 [INFO] Rule:228 - rule UART/USART WORD LENGTH 9 is applicable
2025-07-06 15:50:07,759 [INFO] Rule:228 - rule Change Default Value for LSE Drive Capability for WB family is applicable
2025-07-06 15:50:07,759 [INFO] Rule:228 - rule Change Default Value for ADC Clock Prescaler G0 family is applicable
2025-07-06 15:50:07,759 [INFO] Rule:228 - rule ADC SamplingTime fix with FW L0  is applicable
2025-07-06 15:50:07,759 [INFO] Rule:228 - rule ADC SamplingTime fix with FW L0  is applicable
2025-07-06 15:50:07,759 [INFO] Rule:228 - rule ADC SamplingTime fix with FW L0 is applicable
2025-07-06 15:50:07,759 [INFO] Rule:228 - rule ADC SamplingTime fix with FW L0 is applicable
2025-07-06 15:50:07,759 [INFO] Rule:228 - rule ADC SamplingTime fix with FW L0  is applicable
2025-07-06 15:50:07,760 [INFO] Rule:228 - rule ADC SamplingTime fix with FW L0 is applicable
2025-07-06 15:50:07,760 [INFO] Rule:228 - rule Rename USB_OE Signal is applicable
2025-07-06 15:50:07,760 [INFO] Rule:228 - rule Rename Activate_OE Mode is applicable
2025-07-06 15:50:07,760 [INFO] Rule:228 - rule Rename DIE462/DIE415 pin PC14/OSC32_IN -> PC14-OSC32_IN (PC14) is applicable
2025-07-06 15:50:07,760 [INFO] Rule:228 - rule Rename DIE462/DIE415 pin PC15/OSC32_OUT -> PC15-OSC32_OUT (PC15) is applicable
2025-07-06 15:50:07,760 [INFO] Rule:228 - rule Rename DIE462/DIE415 pin PH0/OSC_IN -> PH0-OSC_IN (PH0) is applicable
2025-07-06 15:50:07,760 [INFO] Rule:228 - rule Rename DIE462/DIE415 pin PH1/OSC_OUT -> PH1-OSC_OUT (PH1) is applicable
2025-07-06 15:50:07,760 [INFO] Rule:228 - rule Rename DIE462 pin PA13 -> PA13 (JTMS/SWDIO) is applicable
2025-07-06 15:50:07,760 [INFO] Rule:228 - rule Rename DIE415 pin PA13 -> PA13 (JTMS/SWDIO) is applicable
2025-07-06 15:50:07,760 [INFO] Rule:228 - rule Rename DIE462 pin PA14 -> PA14 (JTCK/SWCLK) is applicable
2025-07-06 15:50:07,760 [INFO] Rule:228 - rule Rename DIE415 pin PA14 -> PA14 (JTCK/SWCLK) is applicable
2025-07-06 15:50:07,760 [INFO] Rule:228 - rule Rename DIE462/DIE415 pin PA15 -> PA15 (JTDI) is applicable
2025-07-06 15:50:07,760 [INFO] Rule:228 - rule Rename DIE462 pin PB3 -> PB3 (JTD0/TRACESWO) is applicable
2025-07-06 15:50:07,760 [INFO] Rule:228 - rule Rename DIE415 pin PB3 -> PB3 (JTD0-TRACESWO) is applicable
2025-07-06 15:50:07,760 [INFO] Rule:228 - rule Rename DIE462/DIE415 pin PB4 -> PB4 (NJTRST) is applicable
2025-07-06 15:50:07,760 [INFO] Rule:228 - rule Rename DIE462 pin PH3/BOOT0 -> PH3-BOOT0 (BOOT0) is applicable
2025-07-06 15:50:07,761 [INFO] Rule:228 - rule Rename CRYP DataEncryptionTypesList to Algorithm is applicable
2025-07-06 15:50:07,761 [INFO] Rule:228 - rule Rename AES DataEncryptionTypesList to Algorithm is applicable
2025-07-06 15:50:07,761 [INFO] Rule:228 - rule Rename TDESECB to CRYP_TDES_ECB is applicable
2025-07-06 15:50:07,761 [INFO] Rule:228 - rule Rename TDESCBC to CRYP_TDES_CBC is applicable
2025-07-06 15:50:07,761 [INFO] Rule:228 - rule Rename DESECB to CRYP_DES_ECB is applicable
2025-07-06 15:50:07,761 [INFO] Rule:228 - rule Rename DESCBC to CRYP_DES_CBC is applicable
2025-07-06 15:50:07,761 [INFO] Rule:228 - rule Rename AESECB to CRYP_AES_ECB is applicable
2025-07-06 15:50:07,761 [INFO] Rule:228 - rule Rename AESCBC to CRYP_AES_CBC is applicable
2025-07-06 15:50:07,761 [INFO] Rule:228 - rule Rename AESCTR to CRYP_AES_CTR is applicable
2025-07-06 15:50:07,761 [INFO] Rule:228 - rule Rename AESGCM to CRYP_AES_GCM is applicable
2025-07-06 15:50:07,761 [INFO] Rule:228 - rule Rename AESCCM to CRYP_AES_CCM is applicable
2025-07-06 15:50:07,761 [INFO] Rule:228 - rule Rename CAN TimeSeg1 to BS1 is applicable
2025-07-06 15:50:07,762 [INFO] Rule:228 - rule Rename CAN TimeSeg2 to BS2 is applicable
2025-07-06 15:50:07,762 [INFO] Rule:228 - rule Rename CAN SyncJumpWidth to SJW is applicable
2025-07-06 15:50:07,762 [INFO] Rule:228 - rule TimeTriggeredMode to TTCM is applicable
2025-07-06 15:50:07,762 [INFO] Rule:228 - rule Rename CAN AutoBusOff to ABOM is applicable
2025-07-06 15:50:07,762 [INFO] Rule:228 - rule Rename CAN AutoWakeUp to AWUM is applicable
2025-07-06 15:50:07,762 [INFO] Rule:228 - rule Rename CAN AutoRetransmission to NART is applicable
2025-07-06 15:50:07,762 [INFO] Rule:228 - rule Rename CAN ReceiveFifoLocked to RFLM is applicable
2025-07-06 15:50:07,762 [INFO] Rule:228 - rule Rename CAN TransmitFifoPriority to TXFP is applicable
2025-07-06 15:50:07,762 [INFO] Rule:228 - rule Rename HRTIMER HRTIM_OUTPUTFAULTLEVEL_HIGH in HRTIMER HRTIM_OUTPUTFAULTLEVEL_HIGHZ is applicable
2025-07-06 15:50:07,762 [INFO] Rule:228 - rule Rename TIMER TIM_CLEARINPUTSOURCE_OCREFCLR in  TIMER TIM_CLEARINPUTSOURCE_NONE for F7 family is applicable
2025-07-06 15:50:07,762 [INFO] Rule:228 - rule FDCAN_R1 - Rename FDCAN mode Master into Classic is applicable
2025-07-06 15:50:07,762 [INFO] Rule:228 - rule FDCAN_R2 - Rename FDCAN mode Slave into Classic is applicable
2025-07-06 15:50:07,762 [INFO] Rule:228 - rule FDCAN1_R3 - if PA10.Mode=FullDuplex, add Pin PA12 is applicable
2025-07-06 15:50:07,762 [INFO] Rule:228 - rule FDCAN1_R3 - if PA9.Mode=FullDuplex, add Pin PA11 is applicable
2025-07-06 15:50:07,762 [INFO] Rule:228 - rule FDCAN1_R3 - Alternatepin_1 - if PE1.Mode=FullDuplex, add Pin PB9 is applicable
2025-07-06 15:50:07,762 [INFO] Rule:228 - rule FDCAN1_R3 - Alternatepin_1 - if PE0.Mode=FullDuplex, add Pin PB8 is applicable
2025-07-06 15:50:07,763 [INFO] Rule:228 - rule FDCAN1_R3 - Alternatepin_2 - if PD5.Mode=FullDuplex, add Pin PD1 is applicable
2025-07-06 15:50:07,763 [INFO] Rule:228 - rule FDCAN1_R3 - Alternatepin_2 - if PD4.Mode=FullDuplex, add Pin PD0 is applicable
2025-07-06 15:50:07,763 [INFO] Rule:228 - rule FDCAN1_R4 - Rename Mode FullDuplex into Enable FDCAN_TXFD for pin PA10 is applicable
2025-07-06 15:50:07,763 [INFO] Rule:228 - rule FDCAN1_R4 - Rename Mode FullDuplex into Enable FDCAN_TXFD for pin PA9 is applicable
2025-07-06 15:50:07,763 [INFO] Rule:228 - rule FDCAN1_R4 - Alternatepin_1 - Rename Mode FullDuplex into Enable FDCAN_TXFD for pin PE1 is applicable
2025-07-06 15:50:07,763 [INFO] Rule:228 - rule FDCAN1_R4 - Alternatepin_1 - Rename Mode FullDuplex into Enable FDCAN_TXFD for pin PE0 is applicable
2025-07-06 15:50:07,763 [INFO] Rule:228 - rule FDCAN1_R4 - Alternatepin_2 - Rename Mode FullDuplex into Enable FDCAN_TXFD for pin PD5 is applicable
2025-07-06 15:50:07,763 [INFO] Rule:228 - rule FDCAN1_R4 - Alternatepin_2 - Rename Mode FullDuplex into Enable FDCAN_TXFD for pin PD4 is applicable
2025-07-06 15:50:07,763 [INFO] Rule:228 - rule FDCAN2_R3 - if PD10.Mode=FullDuplex, add Pin PB13 is applicable
2025-07-06 15:50:07,763 [INFO] Rule:228 - rule FDCAN2_R3 - if PD9.Mode=FullDuplex, add Pin PB12 is applicable
2025-07-06 15:50:07,763 [INFO] Rule:228 - rule FDCAN2_R3 - Alternatepin_1 - if PB7.Mode=FullDuplex, add Pin PB6 is applicable
2025-07-06 15:50:07,763 [INFO] Rule:228 - rule FDCAN2_R3 - Alternatepin_1 - if PD9.Mode=FullDuplex, add Pin PB12 is applicable
2025-07-06 15:50:07,763 [INFO] Rule:228 - rule FDCAN2_R4 - Rename Mode FullDuplex into Enable FDCAN_TXFD for pin PD10 is applicable
2025-07-06 15:50:07,763 [INFO] Rule:228 - rule FDCAN2_R4 - Rename Mode FullDuplex into Enable FDCAN_TXFD for pin PD9 is applicable
2025-07-06 15:50:07,763 [INFO] Rule:228 - rule FDCAN2_R4 - Alternatepin_1 - Rename Mode FullDuplex into Enable FDCAN_TXFD for pin PB7 is applicable
2025-07-06 15:50:07,764 [INFO] Rule:228 - rule FDCAN2_R4 - Alternatepin_1 - Rename Mode FullDuplex into Enable FDCAN_TXFD for pin PD6 is applicable
2025-07-06 15:50:07,764 [INFO] Rule:228 - rule USART TxPinLevelInvertParam Mode is applicable
2025-07-06 15:50:07,764 [INFO] Rule:228 - rule USART RxPinLevelInvertParam Mode is applicable
2025-07-06 15:50:07,764 [INFO] Rule:228 - rule USART DataInvertParam Mode is applicable
2025-07-06 15:50:07,764 [INFO] Rule:228 - rule USART SwapParam Mode is applicable
2025-07-06 15:50:07,764 [INFO] Rule:228 - rule USART OverrunDisableParam Mode is applicable
2025-07-06 15:50:07,764 [INFO] Rule:228 - rule USART DMADisableonRxErrorParam Mode is applicable
2025-07-06 15:50:07,764 [INFO] Rule:228 - rule USART MSBFirstParam Mode is applicable
2025-07-06 15:50:07,764 [INFO] Rule:228 - rule Update MwName for USB_DEVICE is applicable
2025-07-06 15:50:07,764 [INFO] Rule:228 - rule Change PWR_Regulator_Voltage_Scale Default Value for RCC  H7 family is applicable
2025-07-06 15:50:07,764 [INFO] Rule:228 - rule UART/USART IPParameter rename Prescaler parameter to ClockPrescaler is applicable
2025-07-06 15:50:07,765 [INFO] Rule:228 - rule UART/USART Prescaler rename Prescaler parameter to ClockPrescaler is applicable
2025-07-06 15:50:07,765 [INFO] Rule:228 - rule TIM1CLockSelection is applicable
2025-07-06 15:50:07,765 [INFO] Rule:228 - rule TIM15CLockSelection is applicable
2025-07-06 15:50:07,765 [INFO] Rule:228 - rule align RCC SDMMC3CLockSelection default value on MP1 is applicable
2025-07-06 15:50:07,765 [INFO] Rule:228 - rule align RCC SDMMC12CLockSelection default value on MP1 is applicable
2025-07-06 15:50:07,765 [INFO] Rule:228 - rule align RCC QSPICLockSelection default value on MP1 is applicable
2025-07-06 15:50:07,765 [INFO] Rule:228 - rule align RCC QSPICLockSelection default value on MP1 is applicable
2025-07-06 15:50:07,766 [INFO] Rule:228 - rule align RCC SPI6CLockSelection default value on MP1 is applicable
2025-07-06 15:50:07,766 [INFO] Rule:228 - rule align RCC LPTIM23CLockSelection default value on MP1 is applicable
2025-07-06 15:50:07,766 [INFO] Rule:228 - rule align RCC LPTIM1CLockSelection default value on MP1 is applicable
2025-07-06 15:50:07,766 [INFO] Rule:228 - rule align RCC USART1CLockSelection default value on MP1 is applicable
2025-07-06 15:50:07,766 [INFO] Rule:228 - rule align RCC USART24CLockSelection default value on MP1 is applicable
2025-07-06 15:50:07,766 [INFO] Rule:228 - rule align RCC USART6CLockSelection default value on MP1 is applicable
2025-07-06 15:50:07,766 [INFO] Rule:228 - rule align RCC UART78CLockSelection default value on MP1 is applicable
2025-07-06 15:50:07,766 [INFO] Rule:228 - rule align RCC USART35CLockSelection default value on MP1 is applicable
2025-07-06 15:50:07,766 [INFO] Rule:228 - rule align RCC SPI45CLockSelection default value on MP1 is applicable
2025-07-06 15:50:07,766 [INFO] Rule:228 - rule align RCC I2C46CLockSelection BCLK value on MP1 is applicable
2025-07-06 15:50:07,767 [INFO] Rule:228 - rule align RCC SPI45CLockSelection default value on MP1 is applicable
2025-07-06 15:50:07,767 [INFO] Rule:228 - rule align RCC I2C12CLockSelection default value on MP1 is applicable
2025-07-06 15:50:07,767 [INFO] Rule:228 - rule align RCC I2C35CLockSelection default value on MP1 is applicable
2025-07-06 15:50:07,767 [INFO] Rule:228 - rule align RCC LPTIM45CLockSelection default value on MP1 is applicable
2025-07-06 15:50:07,767 [INFO] Rule:228 - rule Rename DCMI PIXCK signal is applicable
2025-07-06 15:50:07,767 [INFO] Rule:228 - rule Change Default Value for I2C46CLockSelection MP1 family is applicable
2025-07-06 15:50:07,767 [INFO] Rule:228 - rule Change Default Value for UART for G4, G0 and WB families is applicable
2025-07-06 15:50:07,767 [INFO] Rule:228 - rule Change Default Value for USART for G4, G0 and WB families is applicable
2025-07-06 15:50:07,767 [INFO] Rule:228 - rule Change Default Value for USART for G4 family is applicable
2025-07-06 15:50:07,767 [INFO] Rule:228 - rule Change USART1CLockSelection refparam name for MP1 is applicable
2025-07-06 15:50:07,767 [INFO] Rule:228 - rule Change USART2CLockSelection refparam name for MP1 is applicable
2025-07-06 15:50:07,768 [INFO] Rule:228 - rule Change USART3CLockSelection refparam name for MP1 is applicable
2025-07-06 15:50:07,768 [INFO] Rule:228 - rule Change UART4CLockSelection refparam name for MP1 is applicable
2025-07-06 15:50:07,768 [INFO] Rule:228 - rule Change UART5CLockSelection refparam name for MP1 is applicable
2025-07-06 15:50:07,768 [INFO] Rule:228 - rule Change LPUART1CLockSelection refparam name for MP1 is applicable
2025-07-06 15:50:07,768 [INFO] Rule:228 - rule Change LPTIM1CLockSelection refparam name for MP1 is applicable
2025-07-06 15:50:07,768 [INFO] Rule:228 - rule Change LPTIM2CLockSelection refparam name for MP1 is applicable
2025-07-06 15:50:07,768 [INFO] Rule:228 - rule Change RCC_MCO1Source refparam name for MP1 is applicable
2025-07-06 15:50:07,768 [INFO] Rule:228 - rule Change LSCOSource1 refparam name for MP1 is applicable
2025-07-06 15:50:07,768 [INFO] Rule:228 - rule Change SMPSCLockSelection refparam name for MP1 is applicable
2025-07-06 15:50:07,768 [INFO] Rule:228 - rule Change LPTIM3CLockSelection refparam name for MP1 is applicable
2025-07-06 15:50:07,768 [INFO] Rule:228 - rule Change MPCBB* Default Template Mode to Parameters is applicable
2025-07-06 15:50:07,769 [INFO] Rule:228 - rule Change MPCWM* or MPCBB* Secure Mode to Parameters is applicable
2025-07-06 15:50:07,769 [INFO] Rule:228 - rule Change MPCWM* or MPCBB* No Secure Mode to Parameters is applicable
2025-07-06 15:50:07,769 [INFO] Rule:228 - rule Change TZSC IP Secure Mode to Parameters is applicable
2025-07-06 15:50:07,769 [INFO] Rule:228 - rule Change TZSC IP No Secure Mode to Parameters is applicable
2025-07-06 15:50:07,769 [INFO] Rule:228 - rule Change TZSC IP Privilege Mode to Parameters is applicable
2025-07-06 15:50:07,769 [INFO] Rule:228 - rule Change TZSC IP No Privilege Mode to Parameters is applicable
2025-07-06 15:50:07,769 [INFO] Rule:228 - rule Change TZIC IT Secure Mode to Parameters is applicable
2025-07-06 15:50:07,769 [INFO] Rule:228 - rule Change TZIC IT No Secure Mode to Parameters is applicable
2025-07-06 15:50:07,769 [INFO] Rule:228 - rule Add MPCBB1_NonSecureArea_Start_Address value with referenced to MPCBB1_NonSecureArea_Start value is applicable
2025-07-06 15:50:07,769 [INFO] Rule:228 - rule Add MPCBB2_NonSecureArea_Start_Address value with referenced to MPCBB2_NonSecureArea_Start value is applicable
2025-07-06 15:50:07,770 [INFO] Rule:228 - rule Add MPCWM1_NonSecureArea*_Start_Address value with referenced to MPCWM1_NonSecureArea*_Start value is applicable
2025-07-06 15:50:07,770 [INFO] Rule:228 - rule Add MPCWM2_NonSecureArea*_Start_Address value with referenced to MPCWM2_NonSecureArea*_Start value is applicable
2025-07-06 15:50:07,770 [INFO] Rule:228 - rule Add MPCWM3_NonSecureArea_Start_Address value with referenced to MPCWM3_NonSecureArea_Start value is applicable
2025-07-06 15:50:07,770 [INFO] Rule:228 - rule Change Default Value for PLL1UserDefinedConfig is applicable
2025-07-06 15:50:07,770 [INFO] Rule:228 - rule Change GPIO_PuPd Default Value for USART in async mode is applicable
2025-07-06 15:50:07,770 [INFO] Rule:228 - rule Change SMPSDivider Default Value is applicable
2025-07-06 15:50:07,770 [INFO] Rule:228 - rule OPAMP is applicable
2025-07-06 15:50:07,770 [INFO] Rule:228 - rule LPUART IPParameter rename Prescaler parameter to ClockPrescaler for STM32H7 is applicable
2025-07-06 15:50:07,770 [INFO] Rule:228 - rule LPUART IPParameter rename Prescaler parameter to ClockPrescaler for STM32H7 is applicable
2025-07-06 15:50:07,770 [INFO] Rule:228 - rule LPUART IPParameter rename Prescaler parameter to ClockPrescaler for STM32WB is applicable
2025-07-06 15:50:07,770 [INFO] Rule:228 - rule LPUART IPParameter rename Prescaler parameter to ClockPrescaler for STM32WB is applicable
2025-07-06 15:50:07,770 [INFO] Rule:228 - rule LPUART IPParameter rename Prescaler parameter to ClockPrescaler for STM32G4 is applicable
2025-07-06 15:50:07,771 [INFO] Rule:228 - rule LPUART IPParameter rename Prescaler parameter to ClockPrescaler for STM32G4 is applicable
2025-07-06 15:50:07,771 [INFO] Rule:228 - rule LPUART IPParameter rename Prescaler parameter to ClockPrescaler for STM32L5 is applicable
2025-07-06 15:50:07,771 [INFO] Rule:228 - rule LPUART IPParameter rename Prescaler parameter to ClockPrescaler for STM32L5 is applicable
2025-07-06 15:50:07,771 [INFO] Rule:228 - rule LPUART IPParameter rename Prescaler parameter to ClockPrescaler for STM32G4 is applicable
2025-07-06 15:50:07,771 [INFO] Rule:228 - rule LPUART IPParameter rename Prescaler parameter to ClockPrescaler for STM32G4 is applicable
2025-07-06 15:50:07,771 [INFO] Rule:228 - rule USB device lib V2.5.3 for L0 rename USBD_SUPPORT_USER_STRING parameter to USBD_SUPPORT_USER_STRING_DESC4 is applicable
2025-07-06 15:50:07,771 [INFO] Rule:228 - rule I2SCLockSelection clock entry align is applicable
2025-07-06 15:50:07,771 [INFO] Rule:228 - rule Assign TIMx context if used as SYS timebase is applicable
2025-07-06 15:50:07,771 [INFO] Rule:228 - rule Change GPIO_Pu Default Value for I2C is applicable
2025-07-06 15:50:07,771 [INFO] Rule:228 - rule Change GPIO_Pu Default Value for SMBus is applicable
2025-07-06 15:50:07,771 [INFO] Rule:228 - rule change FDCAN default value is applicable
2025-07-06 15:50:07,771 [INFO] Rule:228 - rule Change mode sai is applicable
2025-07-06 15:50:07,772 [INFO] Rule:228 - rule **Change sai mode is applicable
2025-07-06 15:50:07,772 [INFO] Rule:228 - rule Rename STM32WPAN CFG_BLE_IRK to CFG_BLE_IR is applicable
2025-07-06 15:50:07,772 [INFO] Rule:228 - rule Rename STM32WPAN CFG_BLE_ERK to CFG_BLE_ER is applicable
2025-07-06 15:50:07,772 [INFO] Rule:228 - rule Rename STM32WPAN CFG_BLE_IRK_HEX to CFG_BLE_IR_HEX is applicable
2025-07-06 15:50:07,772 [INFO] Rule:228 - rule Rename STM32WPAN CFG_BLE_ERK_HEX to CFG_BLE_ER_HEX is applicable
2025-07-06 15:50:07,781 [INFO] DbConfProperties:307 - Apply Compatibility (24/230 Rules)
2025-07-06 15:50:07,845 [INFO] ImportTextPane:218 - (OptionalMessage_ERROR) Unable to find key (Mcu.ThirdPartyNb) in loaded IOC file
2025-07-06 15:50:08,354 [INFO] RtosManager:555 - Registered RTOS mode: class=CMSIS, group=RTOS, mode=CMSIS_V1, owner=FREERTOS
2025-07-06 15:50:08,354 [INFO] RtosManager:555 - Registered RTOS mode: class=CMSIS, group=RTOS2, mode=CMSIS_V2, owner=FREERTOS
2025-07-06 15:50:08,355 [INFO] RtosManager:555 - Registered RTOS mode: class=RTOS, group=Core, mode=CMSIS_V1, owner=FREERTOS
2025-07-06 15:50:08,355 [INFO] RtosManager:555 - Registered RTOS mode: class=RTOS, group=Core, mode=CMSIS_V2, owner=FREERTOS
2025-07-06 15:50:08,355 [WARN] ModelIntegratedComponent:184 - Missing modes for component STMicroelectronics:FreeRTOS:0.0.1:STMicroelectronics:RTOS:FreeRTOS:Core:::10.2.0:
2025-07-06 15:50:08,465 [WARN] ModelIntegratedComponent:63 - No mode defined for component null
2025-07-06 15:50:08,465 [WARN] ModelIntegratedComponent:63 - No mode defined for component null
2025-07-06 15:50:08,466 [WARN] ModelIntegratedComponent:63 - No mode defined for component null
2025-07-06 15:50:08,466 [WARN] ModelIntegratedComponent:63 - No mode defined for component null
2025-07-06 15:50:08,466 [WARN] ModelIntegratedComponent:63 - No mode defined for component null
2025-07-06 15:50:08,466 [WARN] ModelIntegratedComponent:63 - No mode defined for component null
2025-07-06 15:50:08,466 [WARN] ModelIntegratedComponent:63 - No mode defined for component null
2025-07-06 15:50:08,467 [WARN] ModelIntegratedComponent:63 - No mode defined for component null
2025-07-06 15:50:08,467 [WARN] ModelIntegratedComponent:63 - No mode defined for component null
2025-07-06 15:50:08,467 [WARN] ModelIntegratedComponent:63 - No mode defined for component null
2025-07-06 15:50:08,467 [WARN] ModelIntegratedComponent:63 - No mode defined for component null
2025-07-06 15:50:08,467 [WARN] ModelIntegratedComponent:63 - No mode defined for component null
2025-07-06 15:50:08,468 [WARN] ModelIntegratedComponent:63 - No mode defined for component null
2025-07-06 15:50:08,468 [WARN] ModelIntegratedComponent:63 - No mode defined for component null
2025-07-06 15:50:08,468 [WARN] ModelIntegratedComponent:63 - No mode defined for component null
2025-07-06 15:50:08,468 [WARN] ModelIntegratedComponent:63 - No mode defined for component null
2025-07-06 15:50:08,468 [WARN] ModelIntegratedComponent:63 - No mode defined for component null
2025-07-06 15:50:08,469 [WARN] ModelIntegratedComponent:63 - No mode defined for component null
2025-07-06 15:50:08,469 [WARN] ModelIntegratedComponent:63 - No mode defined for component null
2025-07-06 15:50:08,469 [WARN] ModelIntegratedComponent:63 - No mode defined for component null
2025-07-06 15:50:08,469 [WARN] ModelIntegratedComponent:63 - No mode defined for component null
2025-07-06 15:50:08,469 [WARN] ModelIntegratedComponent:63 - No mode defined for component null
2025-07-06 15:50:08,470 [WARN] ModelIntegratedComponent:63 - No mode defined for component null
2025-07-06 15:50:08,470 [WARN] ModelIntegratedComponent:63 - No mode defined for component null
2025-07-06 15:50:08,470 [WARN] ModelIntegratedComponent:63 - No mode defined for component null
2025-07-06 15:50:08,471 [WARN] ModelIntegratedComponent:63 - No mode defined for component null
2025-07-06 15:50:08,471 [WARN] ModelIntegratedComponent:63 - No mode defined for component null
2025-07-06 15:50:08,471 [WARN] ModelIntegratedComponent:63 - No mode defined for component null
2025-07-06 15:50:08,471 [WARN] ModelIntegratedComponent:63 - No mode defined for component null
2025-07-06 15:50:08,471 [WARN] ModelIntegratedComponent:63 - No mode defined for component null
2025-07-06 15:50:08,472 [WARN] ModelIntegratedComponent:63 - No mode defined for component null
2025-07-06 15:50:08,472 [WARN] ModelIntegratedComponent:63 - No mode defined for component null
2025-07-06 15:50:08,472 [WARN] ModelIntegratedComponent:63 - No mode defined for component null
2025-07-06 15:50:08,473 [WARN] ModelIntegratedComponent:63 - No mode defined for component null
2025-07-06 15:50:08,473 [WARN] ModelIntegratedComponent:63 - No mode defined for component null
2025-07-06 15:50:08,474 [WARN] ModelPack:524 - Component already loaded: STMicroelectronics:HAL Drivers:0.0.0:STMicroelectronics:Device:STMicro_Driver:XSPI:HAL::0.0.1:HAL_XSPI
2025-07-06 15:50:08,960 [INFO] ThirdPartyModel:298 - Start build external matchings
2025-07-06 15:50:11,294 [INFO] ThirdPartyModel:316 - End build external matchings
2025-07-06 15:50:11,360 [INFO] ImportTextPane:218 - (OptionalMessage_ERROR) IP (RCC) : Parameter (ADCFreqValue) has invalid value (32000000)
2025-07-06 15:50:11,361 [INFO] ImportTextPane:218 - (OptionalMessage_ERROR) IP (RCC) : Invalid parameter (FamilyName)
2025-07-06 15:50:11,362 [INFO] ImportTextPane:218 - (OptionalMessage_ERROR) IP (RCC) : Parameter (MCOFreq_Value) has invalid value (64000000)
2025-07-06 15:50:11,363 [INFO] ImportTextPane:218 - (OptionalMessage_ERROR) IP (RCC) : Parameter (USBFreq_Value) has invalid value (64000000)
2025-07-06 15:50:11,879 [INFO] UtilMem:75 - End LoadConfig() Used Memory: 516094896 Bytes (1037041664)
2025-07-06 15:50:12,154 [WARN] ThirdParty:833 - waiting for thirdparty lock release [change project]
2025-07-06 15:50:12,155 [INFO] ThirdParty:835 - entering critical section [change project]
2025-07-06 15:50:12,156 [INFO] ThirdParty:1030 - CMSIS Pack Vendor :STMicroelectronics X-CUBE-PM33A1 1.0.0
2025-07-06 15:50:12,156 [INFO] ThirdParty:1030 - CMSIS Pack Vendor :STMicroelectronics USBPD 4.1
2025-07-06 15:50:12,156 [INFO] ThirdParty:1030 - CMSIS Pack Vendor :STMicroelectronics X-CUBE-AZRTOS-H7 3.3.0
2025-07-06 15:50:12,156 [INFO] ThirdParty:1030 - CMSIS Pack Vendor :STMicroelectronics X-CUBE-NFC9 1.0.0
2025-07-06 15:50:12,156 [INFO] ThirdParty:1030 - CMSIS Pack Vendor :STMicroelectronics USB_HOST 2.0.0
2025-07-06 15:50:12,156 [INFO] ThirdParty:1030 - CMSIS Pack Vendor :STMicroelectronics FP-SNS-MOTENVWB1 1.4.0
2025-07-06 15:50:12,157 [INFO] ThirdParty:1030 - CMSIS Pack Vendor :STMicroelectronics X-CUBE-AZRTOS-F4 1.1.0
2025-07-06 15:50:12,157 [INFO] ThirdParty:1030 - CMSIS Pack Vendor :STMicroelectronics LIBJPEG 8.0.0
2025-07-06 15:50:12,157 [INFO] ThirdParty:1030 - CMSIS Pack Vendor :STMicroelectronics FP-ATR-ASTRA1 2.0.2
2025-07-06 15:50:12,157 [INFO] ThirdParty:1030 - CMSIS Pack Vendor :STMicroelectronics X-CUBE-BLE1 7.1.0
2025-07-06 15:50:12,157 [INFO] ThirdParty:1030 - CMSIS Pack Vendor :Avnet-IotConnect X-CUBE-IoTC-DA16k-PMOD 1.0.0
2025-07-06 15:50:12,158 [INFO] ThirdParty:1030 - CMSIS Pack Vendor :STMicroelectronics X-CUBE-SMBUS 2.1.0
2025-07-06 15:50:12,158 [INFO] ThirdParty:1030 - CMSIS Pack Vendor :STMicroelectronics X-CUBE-WB05N 1.1.0
2025-07-06 15:50:12,158 [INFO] ThirdParty:1030 - CMSIS Pack Vendor :wolfSSL I-CUBE-wolfMQTT 1.19.2
2025-07-06 15:50:12,158 [INFO] ThirdParty:1030 - CMSIS Pack Vendor :STMicroelectronics USB_DEVICE 3.0.0
2025-07-06 15:50:12,158 [INFO] ThirdParty:1030 - CMSIS Pack Vendor :STMicroelectronics X-CUBE-ISPU 2.1.0
2025-07-06 15:50:12,158 [INFO] ThirdParty:1030 - CMSIS Pack Vendor :STMicroelectronics X-CUBE-AZRTOS-WB 2.0.0
2025-07-06 15:50:12,158 [INFO] ThirdParty:1030 - CMSIS Pack Vendor :STMicroelectronics X-CUBE-ST60 1.0.0
2025-07-06 15:50:12,159 [INFO] ThirdParty:1030 - CMSIS Pack Vendor :STMicroelectronics X-CUBE-GNSS1 7.0.1
2025-07-06 15:50:12,159 [INFO] ThirdParty:1030 - CMSIS Pack Vendor :STMicroelectronics X-CUBE-AZRTOS-F7 1.1.0
2025-07-06 15:50:12,159 [INFO] ThirdParty:1030 - CMSIS Pack Vendor :STMicroelectronics X-CUBE-AZRTOS-L5 2.0.0
2025-07-06 15:50:12,159 [INFO] ThirdParty:1030 - CMSIS Pack Vendor :STMicroelectronics X-CUBE-TOUCHGFX 4.25.0
2025-07-06 15:50:12,159 [INFO] ThirdParty:1030 - CMSIS Pack Vendor :STMicroelectronics USB_DEVICE 2.0.0
2025-07-06 15:50:12,159 [INFO] ThirdParty:1030 - CMSIS Pack Vendor :STMicroelectronics X-CUBE-NFC6 3.1.0
2025-07-06 15:50:12,159 [INFO] ThirdParty:1030 - CMSIS Pack Vendor :STMicroelectronics X-CUBE-AI 10.1.0
2025-07-06 15:50:12,159 [INFO] ThirdParty:1030 - CMSIS Pack Vendor :STMicroelectronics FP-SNS-STBOX1 2.0.0
2025-07-06 15:50:12,159 [INFO] ThirdParty:1030 - CMSIS Pack Vendor :STMicroelectronics X-CUBE-MEMS1 11.2.0
2025-07-06 15:50:12,159 [INFO] ThirdParty:1030 - CMSIS Pack Vendor :STMicroelectronics FreeRTOS 0.0.1
2025-07-06 15:50:12,160 [INFO] ThirdParty:1030 - CMSIS Pack Vendor :STMicroelectronics X-CUBE-AZRTOS-G0 1.1.0
2025-07-06 15:50:12,160 [INFO] ThirdParty:1030 - CMSIS Pack Vendor :STMicroelectronics X-CUBE-SAFEA1 1.2.2
2025-07-06 15:50:12,160 [INFO] ThirdParty:1030 - CMSIS Pack Vendor :STMicroelectronics X-CUBE-NFC4 3.0.0
2025-07-06 15:50:12,160 [INFO] ThirdParty:1030 - CMSIS Pack Vendor :STMicroelectronics X-CUBE-DPower 1.2.0
2025-07-06 15:50:12,160 [INFO] ThirdParty:1030 - CMSIS Pack Vendor :STMicroelectronics X-CUBE-SUBG2 5.0.0
2025-07-06 15:50:12,160 [INFO] ThirdParty:1030 - CMSIS Pack Vendor :STMicroelectronics X-CUBE-AZRTOS-H7RS 1.1.0
2025-07-06 15:50:12,160 [INFO] ThirdParty:1030 - CMSIS Pack Vendor :STMicroelectronics STM32_WPAN 1.0.0
2025-07-06 15:50:12,160 [INFO] ThirdParty:1030 - CMSIS Pack Vendor :EmbeddedOffice I-CUBE-FS-RTOS 1.0.1
2025-07-06 15:50:12,160 [INFO] ThirdParty:1030 - CMSIS Pack Vendor :STMicroelectronics lwIP 2.0.3
2025-07-06 15:50:12,161 [INFO] ThirdParty:1030 - CMSIS Pack Vendor :Cesanta I-CUBE-Mongoose 7.13.0
2025-07-06 15:50:12,161 [INFO] ThirdParty:1030 - CMSIS Pack Vendor :STMicroelectronics USB_HOST 1.0.0
2025-07-06 15:50:12,161 [INFO] ThirdParty:1030 - CMSIS Pack Vendor :Infineon AIROC-Wi-Fi-Bluetooth-STM32 1.7.0
2025-07-06 15:50:12,161 [INFO] ThirdParty:1030 - CMSIS Pack Vendor :STMicroelectronics X-CUBE-AZRTOS-G4 2.0.0
2025-07-06 15:50:12,161 [INFO] ThirdParty:1030 - CMSIS Pack Vendor :STMicroelectronics X-CUBE-WB05N 2.0.0
2025-07-06 15:50:12,161 [INFO] ThirdParty:1030 - CMSIS Pack Vendor :STMicroelectronics PDM2PCM 3.1.0
2025-07-06 15:50:12,161 [INFO] ThirdParty:1030 - CMSIS Pack Vendor :STMicroelectronics PDM2PCM 3.3.0
2025-07-06 15:50:12,161 [INFO] ThirdParty:1030 - CMSIS Pack Vendor :wolfSSL I-CUBE-wolfTPM 3.8.0
2025-07-06 15:50:12,162 [INFO] ThirdParty:1030 - CMSIS Pack Vendor :STMicroelectronics X-CUBE-DISPLAY 3.0.0
2025-07-06 15:50:12,162 [INFO] ThirdParty:1030 - CMSIS Pack Vendor :wolfSSL I-CUBE-wolfSSH 1.4.20
2025-07-06 15:50:12,162 [INFO] ThirdParty:1030 - CMSIS Pack Vendor :STMicroelectronics X-CUBE-NFC7 2.0.0
2025-07-06 15:50:12,162 [INFO] ThirdParty:1030 - CMSIS Pack Vendor :STMicroelectronics X-CUBE-TCPP 4.2.0
2025-07-06 15:50:12,162 [INFO] ThirdParty:1030 - CMSIS Pack Vendor :RealThread X-CUBE-RT-Thread_Nano 4.1.1
2025-07-06 15:50:12,162 [INFO] ThirdParty:1030 - CMSIS Pack Vendor :STMicroelectronics FP-ATR-SIGFOX1 3.2.0
2025-07-06 15:50:12,162 [INFO] ThirdParty:1030 - CMSIS Pack Vendor :STMicroelectronics X-CUBE-NFC10 1.0.0
2025-07-06 15:50:12,162 [INFO] ThirdParty:1030 - CMSIS Pack Vendor :STMicroelectronics X-CUBE-BLEMGR 4.0.0
2025-07-06 15:50:12,162 [INFO] ThirdParty:1030 - CMSIS Pack Vendor :STMicroelectronics X-CUBE-EEPRMA1 5.1.0
2025-07-06 15:50:12,163 [INFO] ThirdParty:1030 - CMSIS Pack Vendor :STMicroelectronics X-CUBE-FREERTOS 1.3.1
2025-07-06 15:50:12,163 [INFO] ThirdParty:1030 - CMSIS Pack Vendor :STMicroelectronics HAL Drivers 0.0.0
2025-07-06 15:50:12,163 [INFO] ThirdParty:1030 - CMSIS Pack Vendor :STMicroelectronics MBEDTLS 2.16.2
2025-07-06 15:50:12,163 [INFO] ThirdParty:1030 - CMSIS Pack Vendor :STMicroelectronics X-CUBE-IPS 3.1.0
2025-07-06 15:50:12,163 [INFO] ThirdParty:1030 - CMSIS Pack Vendor :STMicroelectronics X-CUBE-ALS 1.0.2
2025-07-06 15:50:12,163 [INFO] ThirdParty:1030 - CMSIS Pack Vendor :emotas I-CUBE-CANOPEN 1.3.0
2025-07-06 15:50:12,163 [INFO] ThirdParty:1030 - CMSIS Pack Vendor :STMicroelectronics X-CUBE-FREERTOS 1.3.0
2025-07-06 15:50:12,163 [INFO] ThirdParty:1030 - CMSIS Pack Vendor :STMicroelectronics X-CUBE-NFC7 1.0.1
2025-07-06 15:50:12,163 [INFO] ThirdParty:1030 - CMSIS Pack Vendor :STMicroelectronics MBEDTLS 2.14.1
2025-07-06 15:50:12,164 [INFO] ThirdParty:1030 - CMSIS Pack Vendor :wolfSSL I-CUBE-wolfSSL 5.7.6
2025-07-06 15:50:12,164 [INFO] ThirdParty:1030 - CMSIS Pack Vendor :ITTIA_DB I-CUBE-ITTIADB 8.9.0
2025-07-06 15:50:12,164 [INFO] ThirdParty:1030 - CMSIS Pack Vendor :portGmbH I-Cube-SoM-uGOAL 1.1.0
2025-07-06 15:50:12,164 [INFO] ThirdParty:1030 - CMSIS Pack Vendor :quantropi X-CUBE-qispace-sdk-base 2.0.0
2025-07-06 15:50:12,164 [INFO] ThirdParty:1030 - CMSIS Pack Vendor :STMicroelectronics X-CUBE-AI 10.0.0
2025-07-06 15:50:12,164 [INFO] ThirdParty:1030 - CMSIS Pack Vendor :STMicroelectronics X-CUBE-ST67W61 1.0.0
2025-07-06 15:50:12,164 [INFO] ThirdParty:1030 - CMSIS Pack Vendor :STMicroelectronics FP-SNS-STAIOTCFT 1.0.0
2025-07-06 15:50:12,164 [INFO] ThirdParty:1030 - CMSIS Pack Vendor :STMicroelectronics ThreadX 1.0.0
2025-07-06 15:50:12,164 [INFO] ThirdParty:1030 - CMSIS Pack Vendor :STMicroelectronics FP-SNS-SMARTAG2 1.2.0
2025-07-06 15:50:12,164 [INFO] ThirdParty:1030 - CMSIS Pack Vendor :STMicroelectronics FP-SNS-FLIGHT1 5.1.0
2025-07-06 15:50:12,165 [INFO] ThirdParty:1030 - CMSIS Pack Vendor :STMicroelectronics X-CUBE-MEMS1 11.1.0
2025-07-06 15:50:12,165 [INFO] ThirdParty:1030 - CMSIS Pack Vendor :STMicroelectronics X-CUBE-AZRTOS-WL 2.0.0
2025-07-06 15:50:12,165 [INFO] ThirdParty:1030 - CMSIS Pack Vendor :SEGGER I-CUBE-embOS 1.3.1
2025-07-06 15:50:12,165 [INFO] ThirdParty:1030 - CMSIS Pack Vendor :STMicroelectronics X-CUBE-ALGOBUILD 1.4.0
2025-07-06 15:50:12,165 [INFO] ThirdParty:1030 - CMSIS Pack Vendor :STMicroelectronics X-CUBE-DPower 1.3.0
2025-07-06 15:50:12,165 [INFO] ThirdParty:1030 - CMSIS Pack Vendor :STMicroelectronics X-CUBE-MEMS1 11.3.0
2025-07-06 15:50:12,165 [INFO] ThirdParty:1030 - CMSIS Pack Vendor :STMicroelectronics FP-SNS-MOTENV1 5.0.0
2025-07-06 15:50:12,165 [INFO] ThirdParty:1030 - CMSIS Pack Vendor :STMicroelectronics USB_DEVICE 1.0.0
2025-07-06 15:50:12,165 [INFO] ThirdParty:1030 - CMSIS Pack Vendor :STMicroelectronics X-CUBE-AZRTOS-L4 2.0.0
2025-07-06 15:50:12,165 [INFO] ThirdParty:1030 - CMSIS Pack Vendor :STMicroelectronics ThreadX 0.0.2
2025-07-06 15:50:12,165 [INFO] ThirdParty:1030 - CMSIS Pack Vendor :WES I-CUBE-Cesium 1.3.0
2025-07-06 15:50:12,166 [INFO] ThirdParty:1030 - CMSIS Pack Vendor :STMicroelectronics lwIP 2.1.2
2025-07-06 15:50:12,166 [INFO] ThirdParty:1030 - CMSIS Pack Vendor :STMicroelectronics X-CUBE-SFXS2LP1 4.0.0
2025-07-06 15:50:12,166 [INFO] ThirdParty:1030 - CMSIS Pack Vendor :STMicroelectronics X-CUBE-BLE2 3.3.0
2025-07-06 15:50:12,166 [INFO] ThirdParty:1030 - CMSIS Pack Vendor :STMicroelectronics X-CUBE-TOF1 3.4.2
2025-07-06 15:50:12,166 [INFO] ThirdParty:1030 - CMSIS Pack Vendor :STMicroelectronics X-CUBE-TOF1 3.4.3
2025-07-06 15:50:12,166 [INFO] ThirdParty:1030 - CMSIS Pack Vendor :STMicroelectronics PDM2PCM 3.2.0
2025-07-06 15:50:12,166 [INFO] ThirdParty:841 - exiting critical section [change project]
2025-07-06 15:50:12,709 [INFO] PinOutPanel:1589 - setPackage(No Configuration,No Configuration)
2025-07-06 15:50:12,712 [INFO] PinOutPanel:1589 - setPackage(STM32F103RBTx,LQFP64)
2025-07-06 15:50:13,391 [INFO] UtilMem:75 - Before build in PCC Used Memory: 626308376 Bytes (1037041664)
2025-07-06 15:50:14,608 [INFO] UtilMem:75 - After build in PCC Used Memory: 701805848 Bytes (1037041664)
2025-07-06 15:50:14,659 [INFO] IPUIPlugin:80 - create IPUIPlugin
2025-07-06 15:50:14,659 [INFO] IPUIPlugin:80 - create IPUIPlugin
2025-07-06 15:50:14,659 [INFO] IPUIPlugin:80 - create IPUIPlugin
2025-07-06 15:50:14,660 [INFO] IPUIPlugin:80 - create IPUIPlugin
2025-07-06 15:50:14,661 [INFO] IPUIPlugin:80 - create IPUIPlugin
2025-07-06 15:50:14,661 [INFO] IPUIPlugin:80 - create IPUIPlugin
2025-07-06 15:50:14,661 [INFO] IPUIPlugin:80 - create IPUIPlugin
2025-07-06 15:50:14,662 [INFO] IPUIPlugin:80 - create IPUIPlugin
2025-07-06 15:50:14,663 [INFO] IPUIPlugin:80 - create IPUIPlugin
2025-07-06 15:50:14,663 [INFO] IPUIPlugin:80 - create IPUIPlugin
2025-07-06 15:50:14,663 [INFO] IPUIPlugin:80 - create IPUIPlugin
2025-07-06 15:50:14,663 [INFO] IPUIPlugin:80 - create IPUIPlugin
2025-07-06 15:50:14,664 [INFO] IPUIPlugin:80 - create IPUIPlugin
2025-07-06 15:50:14,665 [INFO] IPUIPlugin:80 - create IPUIPlugin
2025-07-06 15:50:14,665 [INFO] IPUIPlugin:80 - create IPUIPlugin
2025-07-06 15:50:14,665 [INFO] IPUIPlugin:80 - create IPUIPlugin
2025-07-06 15:50:14,666 [INFO] IPUIPlugin:80 - create IPUIPlugin
2025-07-06 15:50:14,666 [INFO] IPUIPlugin:80 - create IPUIPlugin
2025-07-06 15:50:14,667 [INFO] IPUIPlugin:80 - create IPUIPlugin
2025-07-06 15:50:14,667 [INFO] IPUIPlugin:80 - create IPUIPlugin
2025-07-06 15:50:14,668 [INFO] IPUIPlugin:80 - create IPUIPlugin
2025-07-06 15:50:14,669 [INFO] IPUIPlugin:80 - create IPUIPlugin
2025-07-06 15:50:14,669 [INFO] IPUIPlugin:80 - create IPUIPlugin
2025-07-06 15:50:14,670 [INFO] IPUIPlugin:80 - create IPUIPlugin
2025-07-06 15:50:14,670 [INFO] IPUIPlugin:80 - create IPUIPlugin
2025-07-06 15:50:14,670 [INFO] IPUIPlugin:80 - create IPUIPlugin
2025-07-06 15:50:14,671 [INFO] IPUIPlugin:80 - create IPUIPlugin
2025-07-06 15:50:15,018 [INFO] CADModel:165 - CPN selected for project levelSTM32F103RBT6
2025-07-06 15:50:15,018 [INFO] CADModel:114 - Register for checkConnection events
2025-07-06 15:50:15,094 [INFO] OpenFileManager:363 - Restore cursor
2025-07-06 15:50:16,402 [INFO] UtilMem:75 - End SaveConfig() Used Memory: 802995480 Bytes (1037041664)
2025-07-06 15:50:16,544 [INFO] UtilMem:75 - End SaveConfig() Used Memory: 816100632 Bytes (1037041664)
2025-07-06 15:50:17,369 [INFO] BlockDiagram:2766 - set Specific Code input for plugin: NVIC
2025-07-06 15:50:17,369 [INFO] BlockDiagram:2766 - set Specific Code input for plugin: USART
2025-07-06 15:50:17,369 [INFO] BlockDiagram:2766 - set Specific Code input for plugin: SYS
2025-07-06 15:50:17,370 [INFO] BlockDiagram:2766 - set Specific Code input for plugin: GPIO
2025-07-06 15:50:17,370 [INFO] BlockDiagram:2766 - set Specific Code input for plugin: RCC
2025-07-06 15:50:17,374 [INFO] CodeGenerator:896 - code generatio: config db path: C:\ST\STM32CubeIDE_1.17.0\STM32CubeIDE\plugins\com.st.stm32cube.common.mx_6.13.0.202411220809\\db\
2025-07-06 15:50:17,739 [INFO] CodeEngine:255 - oldGeneratedFile, C:\Users\Santiago\Desktop\facu\2025c1\TPF_TDSE\Pruebas_workspace\Timers\MXTmpFiles\license.tmp_save
2025-07-06 15:50:18,429 [INFO] CodeEngine:279 - Generated code: C:\Users\Santiago\Desktop\facu\2025c1\TPF_TDSE\Pruebas_workspace\Timers\MXTmpFiles\license.tmp
2025-07-06 15:50:18,635 [INFO] CodeEngine:255 - oldGeneratedFile, C:\Users\Santiago\Desktop\facu\2025c1\TPF_TDSE\Pruebas_workspace\Timers\MXTmpFiles\gpio.tmp_save
2025-07-06 15:50:18,953 [INFO] CodeEngine:279 - Generated code: C:\Users\Santiago\Desktop\facu\2025c1\TPF_TDSE\Pruebas_workspace\Timers\MXTmpFiles\gpio.tmp
2025-07-06 15:50:19,361 [INFO] CodeEngine:255 - oldGeneratedFile, C:\Users\Santiago\Desktop\facu\2025c1\TPF_TDSE\Pruebas_workspace\Timers\Core\Src\stm32f1xx_it.c_save
2025-07-06 15:50:19,765 [INFO] CodeEngine:279 - Generated code: C:\Users\Santiago\Desktop\facu\2025c1\TPF_TDSE\Pruebas_workspace\Timers\Core\Src\stm32f1xx_it.c
2025-07-06 15:50:19,796 [INFO] CodeEngine:255 - oldGeneratedFile, C:\Users\Santiago\Desktop\facu\2025c1\TPF_TDSE\Pruebas_workspace\Timers\Core\Inc\stm32f1xx_it.h_save
2025-07-06 15:50:20,001 [INFO] CodeEngine:279 - Generated code: C:\Users\Santiago\Desktop\facu\2025c1\TPF_TDSE\Pruebas_workspace\Timers\Core\Inc\stm32f1xx_it.h
2025-07-06 15:50:20,059 [INFO] CodeEngine:255 - oldGeneratedFile, C:\Users\Santiago\Desktop\facu\2025c1\TPF_TDSE\Pruebas_workspace\Timers\Core\Src\stm32f1xx_hal_msp.c_save
2025-07-06 15:50:20,399 [INFO] CodeEngine:279 - Generated code: C:\Users\Santiago\Desktop\facu\2025c1\TPF_TDSE\Pruebas_workspace\Timers\Core\Src\stm32f1xx_hal_msp.c
2025-07-06 15:50:20,422 [INFO] CodeEngine:255 - oldGeneratedFile, C:\Users\Santiago\Desktop\facu\2025c1\TPF_TDSE\Pruebas_workspace\Timers\MXTmpFiles\system.tmp_save
2025-07-06 15:50:20,613 [INFO] CodeEngine:279 - Generated code: C:\Users\Santiago\Desktop\facu\2025c1\TPF_TDSE\Pruebas_workspace\Timers\MXTmpFiles\system.tmp
2025-07-06 15:50:20,656 [INFO] CodeEngine:311 - oldGeneratedFile, C:\Users\Santiago\Desktop\facu\2025c1\TPF_TDSE\Pruebas_workspace\Timers\Core\Inc\stm32f1xx_hal_conf.h_save
2025-07-06 15:50:20,867 [INFO] CodeEngine:335 - Generated code: C:\Users\Santiago\Desktop\facu\2025c1\TPF_TDSE\Pruebas_workspace\Timers\Core\Inc\stm32f1xx_hal_conf.h
2025-07-06 15:50:20,969 [INFO] ApiDbMcu:508 - Load IP Config File for USART2
2025-07-06 15:50:20,982 [INFO] ApiDbMcu:508 - Load IP Config File for RCC
2025-07-06 15:50:21,044 [INFO] CodeEngine:255 - oldGeneratedFile, C:\Users\Santiago\Desktop\facu\2025c1\TPF_TDSE\Pruebas_workspace\Timers\Core\Inc\main.h_save
2025-07-06 15:50:21,310 [INFO] CodeEngine:279 - Generated code: C:\Users\Santiago\Desktop\facu\2025c1\TPF_TDSE\Pruebas_workspace\Timers\Core\Inc\main.h
2025-07-06 15:50:21,338 [INFO] CodeEngine:255 - oldGeneratedFile, C:\Users\Santiago\Desktop\facu\2025c1\TPF_TDSE\Pruebas_workspace\Timers\Core\Src\main.c_save
2025-07-06 15:50:21,644 [INFO] CodeEngine:279 - Generated code: C:\Users\Santiago\Desktop\facu\2025c1\TPF_TDSE\Pruebas_workspace\Timers\Core\Src\main.c
2025-07-06 15:50:22,512 [INFO] ProjectBuilder:3289 - Time for Copy HAL[1] : 332mS.
2025-07-06 15:50:22,529 [INFO] ProjectBuilder:4876 - Project Generator version: 4.5.0-RC5
2025-07-06 15:50:22,708 [INFO] ConfigFileManager:1579 - The Die is : DIE410
2025-07-06 15:50:22,758 [INFO] ApiDbMcu:508 - Load IP Config File for FATFS
2025-07-06 15:50:22,788 [INFO] ApiDbMcu:508 - Load IP Config File for FREERTOS
2025-07-06 15:50:22,825 [INFO] ApiDbMcu:508 - Load IP Config File for USB_DEVICE
2025-07-06 15:50:24,319 [INFO] LogOutputStream:77 - [STDOUT_REDIRECT] 
2025-07-06 15:50:29,977 [INFO] ProjectBuilder:5154 - Time for Generating toolchain IDE Files: 7448mS.
2025-07-06 15:50:29,978 [INFO] ProjectBuilder:3146 - Time for Copy CMSIS : 1mS.
2025-07-06 15:50:29,983 [INFO] ProjectBuilder:3146 - Time for Copy CMSIS : 0mS.
2025-07-06 15:50:31,967 [INFO] McuFinderGlobals:76 - Set McuFinderConnectedMode to true
2025-07-06 15:50:31,983 [INFO] ApiDb:448 - Save user favorites file C:\Users\Santiago/.stm32cubeide/favorites.mcus.txt: 0 item(s)
2025-07-06 15:50:31,984 [INFO] ApiDb:452 - User favorites MCUs=[]
2025-07-06 15:50:31,986 [INFO] ApiDb:448 - Save user favorites file C:\Users\Santiago/.stm32cubeide/favorites.boards.txt: 1 item(s)
2025-07-06 15:50:31,987 [INFO] ApiDb:452 - User favorites Boards=[NUCLEO-F103RB]
2025-07-06 15:53:44,951 [INFO] NvicIntPanel:101 - NVIC parent = com.st.microxplorer.plugins.ip.nvic.MultiNvicIntPanel[,0,0,0x0,invalid,layout=javax.swing.BoxLayout,alignmentX=0.0,alignmentY=0.0,border=,flags=9,maximumSize=,minimumSize=,preferredSize=]
2025-07-06 15:55:29,528 [INFO] UtilMem:75 - End SaveConfig() Used Memory: 794038688 Bytes (1073741824)
2025-07-06 16:04:50,822 [INFO] NvicIntPanel:101 - NVIC parent = com.st.microxplorer.plugins.ip.nvic.MultiNvicIntPanel[,0,0,0x0,invalid,layout=javax.swing.BoxLayout,alignmentX=0.0,alignmentY=0.0,border=,flags=9,maximumSize=,minimumSize=,preferredSize=]
2025-07-06 16:04:58,902 [INFO] NvicIntPanel:101 - NVIC parent = com.st.microxplorer.plugins.ip.nvic.MultiNvicIntPanel[,0,0,0x0,invalid,layout=javax.swing.BoxLayout,alignmentX=0.0,alignmentY=0.0,border=,flags=9,maximumSize=,minimumSize=,preferredSize=]
2025-07-06 16:09:29,590 [INFO] UtilMem:75 - End SaveConfig() Used Memory: 397640760 Bytes (880803840)
2025-07-06 16:09:30,644 [INFO] UtilMem:75 - End SaveConfig() Used Memory: 413369400 Bytes (880803840)
2025-07-06 16:09:33,538 [INFO] UtilMem:75 - End SaveConfig() Used Memory: 482575416 Bytes (880803840)
2025-07-06 16:09:34,525 [INFO] BlockDiagram:2766 - set Specific Code input for plugin: NVIC
2025-07-06 16:09:34,525 [INFO] BlockDiagram:2766 - set Specific Code input for plugin: USART
2025-07-06 16:09:34,525 [INFO] BlockDiagram:2766 - set Specific Code input for plugin: TIM1_8F1
2025-07-06 16:09:34,525 [INFO] BlockDiagram:2766 - set Specific Code input for plugin: SYS
2025-07-06 16:09:34,526 [INFO] BlockDiagram:2766 - set Specific Code input for plugin: GPIO
2025-07-06 16:09:34,526 [INFO] BlockDiagram:2766 - set Specific Code input for plugin: RCC
2025-07-06 16:09:34,530 [INFO] CodeGenerator:896 - code generatio: config db path: C:\ST\STM32CubeIDE_1.17.0\STM32CubeIDE\plugins\com.st.stm32cube.common.mx_6.13.0.202411220809\\db\
2025-07-06 16:09:34,747 [INFO] CodeEngine:255 - oldGeneratedFile, C:\Users\Santiago\Desktop\facu\2025c1\TPF_TDSE\Pruebas_workspace\Timers\MXTmpFiles\license.tmp_save
2025-07-06 16:09:35,187 [INFO] CodeEngine:279 - Generated code: C:\Users\Santiago\Desktop\facu\2025c1\TPF_TDSE\Pruebas_workspace\Timers\MXTmpFiles\license.tmp
2025-07-06 16:09:35,288 [INFO] CodeEngine:255 - oldGeneratedFile, C:\Users\Santiago\Desktop\facu\2025c1\TPF_TDSE\Pruebas_workspace\Timers\MXTmpFiles\gpio.tmp_save
2025-07-06 16:09:35,569 [INFO] CodeEngine:279 - Generated code: C:\Users\Santiago\Desktop\facu\2025c1\TPF_TDSE\Pruebas_workspace\Timers\MXTmpFiles\gpio.tmp
2025-07-06 16:09:36,172 [INFO] CodeEngine:255 - oldGeneratedFile, C:\Users\Santiago\Desktop\facu\2025c1\TPF_TDSE\Pruebas_workspace\Timers\Core\Src\stm32f1xx_it.c_save
2025-07-06 16:09:36,783 [INFO] CodeEngine:279 - Generated code: C:\Users\Santiago\Desktop\facu\2025c1\TPF_TDSE\Pruebas_workspace\Timers\Core\Src\stm32f1xx_it.c
2025-07-06 16:09:36,799 [INFO] CodeEngine:255 - oldGeneratedFile, C:\Users\Santiago\Desktop\facu\2025c1\TPF_TDSE\Pruebas_workspace\Timers\Core\Inc\stm32f1xx_it.h_save
2025-07-06 16:09:36,990 [INFO] CodeEngine:279 - Generated code: C:\Users\Santiago\Desktop\facu\2025c1\TPF_TDSE\Pruebas_workspace\Timers\Core\Inc\stm32f1xx_it.h
2025-07-06 16:09:37,067 [INFO] CodeEngine:255 - oldGeneratedFile, C:\Users\Santiago\Desktop\facu\2025c1\TPF_TDSE\Pruebas_workspace\Timers\Core\Src\stm32f1xx_hal_msp.c_save
2025-07-06 16:09:37,404 [INFO] CodeEngine:279 - Generated code: C:\Users\Santiago\Desktop\facu\2025c1\TPF_TDSE\Pruebas_workspace\Timers\Core\Src\stm32f1xx_hal_msp.c
2025-07-06 16:09:37,416 [INFO] CodeEngine:255 - oldGeneratedFile, C:\Users\Santiago\Desktop\facu\2025c1\TPF_TDSE\Pruebas_workspace\Timers\MXTmpFiles\system.tmp_save
2025-07-06 16:09:37,529 [INFO] CodeEngine:279 - Generated code: C:\Users\Santiago\Desktop\facu\2025c1\TPF_TDSE\Pruebas_workspace\Timers\MXTmpFiles\system.tmp
2025-07-06 16:09:37,612 [INFO] CodeEngine:311 - oldGeneratedFile, C:\Users\Santiago\Desktop\facu\2025c1\TPF_TDSE\Pruebas_workspace\Timers\Core\Inc\stm32f1xx_hal_conf.h_save
2025-07-06 16:09:37,873 [INFO] CodeEngine:335 - Generated code: C:\Users\Santiago\Desktop\facu\2025c1\TPF_TDSE\Pruebas_workspace\Timers\Core\Inc\stm32f1xx_hal_conf.h
2025-07-06 16:09:37,989 [INFO] ApiDbMcu:508 - Load IP Config File for TIM2
2025-07-06 16:09:37,992 [WARN] IPConfigManager:3618 - IP not found : TIM
2025-07-06 16:09:37,994 [WARN] CodeGenerator:4152 - IP not found : null
2025-07-06 16:09:38,064 [INFO] CodeEngine:255 - oldGeneratedFile, C:\Users\Santiago\Desktop\facu\2025c1\TPF_TDSE\Pruebas_workspace\Timers\Core\Inc\main.h_save
2025-07-06 16:09:38,282 [INFO] CodeEngine:279 - Generated code: C:\Users\Santiago\Desktop\facu\2025c1\TPF_TDSE\Pruebas_workspace\Timers\Core\Inc\main.h
2025-07-06 16:09:38,324 [INFO] CodeEngine:255 - oldGeneratedFile, C:\Users\Santiago\Desktop\facu\2025c1\TPF_TDSE\Pruebas_workspace\Timers\Core\Src\main.c_save
2025-07-06 16:09:38,639 [INFO] CodeEngine:279 - Generated code: C:\Users\Santiago\Desktop\facu\2025c1\TPF_TDSE\Pruebas_workspace\Timers\Core\Src\main.c
2025-07-06 16:09:39,426 [INFO] ProjectBuilder:3289 - Time for Copy HAL[1] : 374mS.
2025-07-06 16:09:39,437 [INFO] ProjectBuilder:4876 - Project Generator version: 4.5.0-RC5
2025-07-06 16:09:39,607 [INFO] ConfigFileManager:1579 - The Die is : DIE410
2025-07-06 16:09:43,224 [INFO] ProjectBuilder:5154 - Time for Generating toolchain IDE Files: 3786mS.
2025-07-06 16:09:43,225 [INFO] ProjectBuilder:3146 - Time for Copy CMSIS : 1mS.
2025-07-06 16:09:43,231 [INFO] ProjectBuilder:3146 - Time for Copy CMSIS : 0mS.
2025-07-06 16:27:25,902 [INFO] NvicIntPanel:101 - NVIC parent = com.st.microxplorer.plugins.ip.nvic.MultiNvicIntPanel[,0,0,0x0,invalid,layout=javax.swing.BoxLayout,alignmentX=0.0,alignmentY=0.0,border=,flags=9,maximumSize=,minimumSize=,preferredSize=]
2025-07-06 16:27:28,037 [INFO] UtilMem:75 - End SaveConfig() Used Memory: 389247432 Bytes (880803840)
2025-07-06 16:27:28,902 [INFO] UtilMem:75 - End SaveConfig() Used Memory: 406448928 Bytes (880803840)
2025-07-06 16:27:30,747 [INFO] UtilMem:75 - End SaveConfig() Used Memory: 440436240 Bytes (880803840)
2025-07-06 16:27:31,422 [INFO] BlockDiagram:2766 - set Specific Code input for plugin: NVIC
2025-07-06 16:27:31,422 [INFO] BlockDiagram:2766 - set Specific Code input for plugin: USART
2025-07-06 16:27:31,423 [INFO] BlockDiagram:2766 - set Specific Code input for plugin: TIM1_8F1
2025-07-06 16:27:31,423 [INFO] BlockDiagram:2766 - set Specific Code input for plugin: SYS
2025-07-06 16:27:31,424 [INFO] BlockDiagram:2766 - set Specific Code input for plugin: GPIO
2025-07-06 16:27:31,424 [INFO] BlockDiagram:2766 - set Specific Code input for plugin: RCC
2025-07-06 16:27:31,428 [INFO] CodeGenerator:896 - code generatio: config db path: C:\ST\STM32CubeIDE_1.17.0\STM32CubeIDE\plugins\com.st.stm32cube.common.mx_6.13.0.202411220809\\db\
2025-07-06 16:27:31,594 [INFO] CodeEngine:255 - oldGeneratedFile, C:\Users\Santiago\Desktop\facu\2025c1\TPF_TDSE\Pruebas_workspace\Timers\MXTmpFiles\license.tmp_save
2025-07-06 16:27:32,207 [INFO] CodeEngine:279 - Generated code: C:\Users\Santiago\Desktop\facu\2025c1\TPF_TDSE\Pruebas_workspace\Timers\MXTmpFiles\license.tmp
2025-07-06 16:27:32,283 [INFO] CodeEngine:255 - oldGeneratedFile, C:\Users\Santiago\Desktop\facu\2025c1\TPF_TDSE\Pruebas_workspace\Timers\MXTmpFiles\gpio.tmp_save
2025-07-06 16:27:32,601 [INFO] CodeEngine:279 - Generated code: C:\Users\Santiago\Desktop\facu\2025c1\TPF_TDSE\Pruebas_workspace\Timers\MXTmpFiles\gpio.tmp
2025-07-06 16:27:32,972 [INFO] CodeEngine:255 - oldGeneratedFile, C:\Users\Santiago\Desktop\facu\2025c1\TPF_TDSE\Pruebas_workspace\Timers\Core\Src\stm32f1xx_it.c_save
2025-07-06 16:27:33,484 [INFO] CodeEngine:279 - Generated code: C:\Users\Santiago\Desktop\facu\2025c1\TPF_TDSE\Pruebas_workspace\Timers\Core\Src\stm32f1xx_it.c
2025-07-06 16:27:33,499 [INFO] CodeEngine:255 - oldGeneratedFile, C:\Users\Santiago\Desktop\facu\2025c1\TPF_TDSE\Pruebas_workspace\Timers\Core\Inc\stm32f1xx_it.h_save
2025-07-06 16:27:33,669 [INFO] CodeEngine:279 - Generated code: C:\Users\Santiago\Desktop\facu\2025c1\TPF_TDSE\Pruebas_workspace\Timers\Core\Inc\stm32f1xx_it.h
2025-07-06 16:27:33,740 [INFO] CodeEngine:255 - oldGeneratedFile, C:\Users\Santiago\Desktop\facu\2025c1\TPF_TDSE\Pruebas_workspace\Timers\Core\Src\stm32f1xx_hal_msp.c_save
2025-07-06 16:27:34,095 [INFO] CodeEngine:279 - Generated code: C:\Users\Santiago\Desktop\facu\2025c1\TPF_TDSE\Pruebas_workspace\Timers\Core\Src\stm32f1xx_hal_msp.c
2025-07-06 16:27:34,104 [INFO] CodeEngine:255 - oldGeneratedFile, C:\Users\Santiago\Desktop\facu\2025c1\TPF_TDSE\Pruebas_workspace\Timers\MXTmpFiles\system.tmp_save
2025-07-06 16:27:34,256 [INFO] CodeEngine:279 - Generated code: C:\Users\Santiago\Desktop\facu\2025c1\TPF_TDSE\Pruebas_workspace\Timers\MXTmpFiles\system.tmp
2025-07-06 16:27:34,329 [INFO] CodeEngine:311 - oldGeneratedFile, C:\Users\Santiago\Desktop\facu\2025c1\TPF_TDSE\Pruebas_workspace\Timers\Core\Inc\stm32f1xx_hal_conf.h_save
2025-07-06 16:27:34,715 [INFO] CodeEngine:335 - Generated code: C:\Users\Santiago\Desktop\facu\2025c1\TPF_TDSE\Pruebas_workspace\Timers\Core\Inc\stm32f1xx_hal_conf.h
2025-07-06 16:27:34,824 [WARN] IPConfigManager:3618 - IP not found : TIM
2025-07-06 16:27:34,826 [WARN] CodeGenerator:4152 - IP not found : null
2025-07-06 16:27:34,901 [INFO] CodeEngine:255 - oldGeneratedFile, C:\Users\Santiago\Desktop\facu\2025c1\TPF_TDSE\Pruebas_workspace\Timers\Core\Inc\main.h_save
2025-07-06 16:27:35,221 [INFO] CodeEngine:279 - Generated code: C:\Users\Santiago\Desktop\facu\2025c1\TPF_TDSE\Pruebas_workspace\Timers\Core\Inc\main.h
2025-07-06 16:27:35,252 [INFO] CodeEngine:255 - oldGeneratedFile, C:\Users\Santiago\Desktop\facu\2025c1\TPF_TDSE\Pruebas_workspace\Timers\Core\Src\main.c_save
2025-07-06 16:27:35,547 [INFO] CodeEngine:279 - Generated code: C:\Users\Santiago\Desktop\facu\2025c1\TPF_TDSE\Pruebas_workspace\Timers\Core\Src\main.c
2025-07-06 16:27:36,222 [INFO] ProjectBuilder:3289 - Time for Copy HAL[1] : 324mS.
2025-07-06 16:27:36,231 [INFO] ProjectBuilder:4876 - Project Generator version: 4.5.0-RC5
2025-07-06 16:27:36,386 [INFO] ConfigFileManager:1579 - The Die is : DIE410
2025-07-06 16:27:38,621 [INFO] ProjectBuilder:5154 - Time for Generating toolchain IDE Files: 2389mS.
2025-07-06 16:27:38,622 [INFO] ProjectBuilder:3146 - Time for Copy CMSIS : 1mS.
2025-07-06 16:27:38,626 [INFO] ProjectBuilder:3146 - Time for Copy CMSIS : 0mS.
2025-07-06 16:27:47,626 [ERROR] ConfigurationRetriever:142 - IOException on connection: Read timed out
2025-07-06 16:34:38,327 [INFO] NvicIntPanel:101 - NVIC parent = com.st.microxplorer.plugins.ip.nvic.MultiNvicIntPanel[,0,0,0x0,invalid,layout=javax.swing.BoxLayout,alignmentX=0.0,alignmentY=0.0,border=,flags=9,maximumSize=,minimumSize=,preferredSize=]
2025-07-06 16:39:49,400 [INFO] NvicIntPanel:101 - NVIC parent = com.st.microxplorer.plugins.ip.nvic.MultiNvicIntPanel[,0,0,0x0,invalid,layout=javax.swing.BoxLayout,alignmentX=0.0,alignmentY=0.0,border=,flags=9,maximumSize=,minimumSize=,preferredSize=]
2025-07-06 16:40:07,463 [INFO] NvicIntPanel:101 - NVIC parent = com.st.microxplorer.plugins.ip.nvic.MultiNvicIntPanel[,0,0,0x0,invalid,layout=javax.swing.BoxLayout,alignmentX=0.0,alignmentY=0.0,border=,flags=9,maximumSize=,minimumSize=,preferredSize=]
2025-07-06 16:40:09,522 [INFO] UtilMem:75 - End SaveConfig() Used Memory: 401720440 Bytes (880803840)
2025-07-06 16:40:10,937 [INFO] UtilMem:75 - End SaveConfig() Used Memory: 430554232 Bytes (880803840)
2025-07-06 16:40:12,855 [INFO] UtilMem:75 - End SaveConfig() Used Memory: 464108664 Bytes (880803840)
2025-07-06 16:40:13,215 [INFO] BlockDiagram:2766 - set Specific Code input for plugin: NVIC
2025-07-06 16:40:13,215 [INFO] BlockDiagram:2766 - set Specific Code input for plugin: USART
2025-07-06 16:40:13,215 [INFO] BlockDiagram:2766 - set Specific Code input for plugin: TIM1_8F1
2025-07-06 16:40:13,215 [INFO] BlockDiagram:2766 - set Specific Code input for plugin: SYS
2025-07-06 16:40:13,216 [INFO] BlockDiagram:2766 - set Specific Code input for plugin: GPIO
2025-07-06 16:40:13,216 [INFO] BlockDiagram:2766 - set Specific Code input for plugin: RCC
2025-07-06 16:40:13,219 [INFO] CodeGenerator:896 - code generatio: config db path: C:\ST\STM32CubeIDE_1.17.0\STM32CubeIDE\plugins\com.st.stm32cube.common.mx_6.13.0.202411220809\\db\
2025-07-06 16:40:13,395 [INFO] CodeEngine:255 - oldGeneratedFile, C:\Users\Santiago\Desktop\facu\2025c1\TPF_TDSE\Pruebas_workspace\Timers\MXTmpFiles\license.tmp_save
2025-07-06 16:40:13,606 [INFO] CodeEngine:279 - Generated code: C:\Users\Santiago\Desktop\facu\2025c1\TPF_TDSE\Pruebas_workspace\Timers\MXTmpFiles\license.tmp
2025-07-06 16:40:13,678 [INFO] CodeEngine:255 - oldGeneratedFile, C:\Users\Santiago\Desktop\facu\2025c1\TPF_TDSE\Pruebas_workspace\Timers\MXTmpFiles\gpio.tmp_save
2025-07-06 16:40:13,832 [INFO] CodeEngine:279 - Generated code: C:\Users\Santiago\Desktop\facu\2025c1\TPF_TDSE\Pruebas_workspace\Timers\MXTmpFiles\gpio.tmp
2025-07-06 16:40:13,988 [INFO] CodeEngine:255 - oldGeneratedFile, C:\Users\Santiago\Desktop\facu\2025c1\TPF_TDSE\Pruebas_workspace\Timers\Core\Src\stm32f1xx_it.c_save
2025-07-06 16:40:14,163 [INFO] CodeEngine:279 - Generated code: C:\Users\Santiago\Desktop\facu\2025c1\TPF_TDSE\Pruebas_workspace\Timers\Core\Src\stm32f1xx_it.c
2025-07-06 16:40:14,181 [INFO] CodeEngine:255 - oldGeneratedFile, C:\Users\Santiago\Desktop\facu\2025c1\TPF_TDSE\Pruebas_workspace\Timers\Core\Inc\stm32f1xx_it.h_save
2025-07-06 16:40:14,314 [INFO] CodeEngine:279 - Generated code: C:\Users\Santiago\Desktop\facu\2025c1\TPF_TDSE\Pruebas_workspace\Timers\Core\Inc\stm32f1xx_it.h
2025-07-06 16:40:14,361 [INFO] CodeEngine:255 - oldGeneratedFile, C:\Users\Santiago\Desktop\facu\2025c1\TPF_TDSE\Pruebas_workspace\Timers\Core\Src\stm32f1xx_hal_msp.c_save
2025-07-06 16:40:14,528 [INFO] CodeEngine:279 - Generated code: C:\Users\Santiago\Desktop\facu\2025c1\TPF_TDSE\Pruebas_workspace\Timers\Core\Src\stm32f1xx_hal_msp.c
2025-07-06 16:40:14,538 [INFO] CodeEngine:255 - oldGeneratedFile, C:\Users\Santiago\Desktop\facu\2025c1\TPF_TDSE\Pruebas_workspace\Timers\MXTmpFiles\system.tmp_save
2025-07-06 16:40:14,657 [INFO] CodeEngine:279 - Generated code: C:\Users\Santiago\Desktop\facu\2025c1\TPF_TDSE\Pruebas_workspace\Timers\MXTmpFiles\system.tmp
2025-07-06 16:40:14,698 [INFO] CodeEngine:311 - oldGeneratedFile, C:\Users\Santiago\Desktop\facu\2025c1\TPF_TDSE\Pruebas_workspace\Timers\Core\Inc\stm32f1xx_hal_conf.h_save
2025-07-06 16:40:14,850 [INFO] CodeEngine:335 - Generated code: C:\Users\Santiago\Desktop\facu\2025c1\TPF_TDSE\Pruebas_workspace\Timers\Core\Inc\stm32f1xx_hal_conf.h
2025-07-06 16:40:14,886 [WARN] IPConfigManager:3618 - IP not found : TIM
2025-07-06 16:40:14,888 [WARN] CodeGenerator:4152 - IP not found : null
2025-07-06 16:40:14,951 [INFO] CodeEngine:255 - oldGeneratedFile, C:\Users\Santiago\Desktop\facu\2025c1\TPF_TDSE\Pruebas_workspace\Timers\Core\Inc\main.h_save
2025-07-06 16:40:15,123 [INFO] CodeEngine:279 - Generated code: C:\Users\Santiago\Desktop\facu\2025c1\TPF_TDSE\Pruebas_workspace\Timers\Core\Inc\main.h
2025-07-06 16:40:15,159 [INFO] CodeEngine:255 - oldGeneratedFile, C:\Users\Santiago\Desktop\facu\2025c1\TPF_TDSE\Pruebas_workspace\Timers\Core\Src\main.c_save
2025-07-06 16:40:15,376 [INFO] CodeEngine:279 - Generated code: C:\Users\Santiago\Desktop\facu\2025c1\TPF_TDSE\Pruebas_workspace\Timers\Core\Src\main.c
2025-07-06 16:40:15,940 [INFO] ProjectBuilder:3289 - Time for Copy HAL[1] : 274mS.
2025-07-06 16:40:15,948 [INFO] ProjectBuilder:4876 - Project Generator version: 4.5.0-RC5
2025-07-06 16:40:16,067 [INFO] ConfigFileManager:1579 - The Die is : DIE410
2025-07-06 16:40:17,689 [INFO] ProjectBuilder:5154 - Time for Generating toolchain IDE Files: 1740mS.
2025-07-06 16:40:17,691 [INFO] ProjectBuilder:3146 - Time for Copy CMSIS : 1mS.
2025-07-06 16:40:17,696 [INFO] ProjectBuilder:3146 - Time for Copy CMSIS : 0mS.
2025-07-06 16:41:17,291 [INFO] NvicIntPanel:101 - NVIC parent = com.st.microxplorer.plugins.ip.nvic.MultiNvicIntPanel[,0,0,0x0,invalid,layout=javax.swing.BoxLayout,alignmentX=0.0,alignmentY=0.0,border=,flags=9,maximumSize=,minimumSize=,preferredSize=]
2025-07-06 16:41:19,613 [INFO] UtilMem:75 - End SaveConfig() Used Memory: 743512928 Bytes (880803840)
2025-07-06 16:41:20,138 [INFO] UtilMem:75 - End SaveConfig() Used Memory: 760256936 Bytes (880803840)
2025-07-06 16:41:21,423 [INFO] UtilMem:75 - End SaveConfig() Used Memory: 280608520 Bytes (880803840)
2025-07-06 16:41:21,705 [INFO] BlockDiagram:2766 - set Specific Code input for plugin: NVIC
2025-07-06 16:41:21,709 [INFO] BlockDiagram:2766 - set Specific Code input for plugin: USART
2025-07-06 16:41:21,709 [INFO] BlockDiagram:2766 - set Specific Code input for plugin: TIM1_8F1
2025-07-06 16:41:21,710 [INFO] BlockDiagram:2766 - set Specific Code input for plugin: SYS
2025-07-06 16:41:21,711 [INFO] BlockDiagram:2766 - set Specific Code input for plugin: GPIO
2025-07-06 16:41:21,712 [INFO] BlockDiagram:2766 - set Specific Code input for plugin: RCC
2025-07-06 16:41:21,714 [INFO] CodeGenerator:896 - code generatio: config db path: C:\ST\STM32CubeIDE_1.17.0\STM32CubeIDE\plugins\com.st.stm32cube.common.mx_6.13.0.202411220809\\db\
2025-07-06 16:41:21,917 [INFO] CodeEngine:255 - oldGeneratedFile, C:\Users\Santiago\Desktop\facu\2025c1\TPF_TDSE\Pruebas_workspace\Timers\MXTmpFiles\license.tmp_save
2025-07-06 16:41:22,100 [INFO] CodeEngine:279 - Generated code: C:\Users\Santiago\Desktop\facu\2025c1\TPF_TDSE\Pruebas_workspace\Timers\MXTmpFiles\license.tmp
2025-07-06 16:41:22,155 [INFO] CodeEngine:255 - oldGeneratedFile, C:\Users\Santiago\Desktop\facu\2025c1\TPF_TDSE\Pruebas_workspace\Timers\MXTmpFiles\gpio.tmp_save
2025-07-06 16:41:22,294 [INFO] CodeEngine:279 - Generated code: C:\Users\Santiago\Desktop\facu\2025c1\TPF_TDSE\Pruebas_workspace\Timers\MXTmpFiles\gpio.tmp
2025-07-06 16:41:22,414 [INFO] CodeEngine:255 - oldGeneratedFile, C:\Users\Santiago\Desktop\facu\2025c1\TPF_TDSE\Pruebas_workspace\Timers\Core\Src\stm32f1xx_it.c_save
2025-07-06 16:41:22,585 [INFO] CodeEngine:279 - Generated code: C:\Users\Santiago\Desktop\facu\2025c1\TPF_TDSE\Pruebas_workspace\Timers\Core\Src\stm32f1xx_it.c
2025-07-06 16:41:22,597 [INFO] CodeEngine:255 - oldGeneratedFile, C:\Users\Santiago\Desktop\facu\2025c1\TPF_TDSE\Pruebas_workspace\Timers\Core\Inc\stm32f1xx_it.h_save
2025-07-06 16:41:22,713 [INFO] CodeEngine:279 - Generated code: C:\Users\Santiago\Desktop\facu\2025c1\TPF_TDSE\Pruebas_workspace\Timers\Core\Inc\stm32f1xx_it.h
2025-07-06 16:41:22,752 [INFO] CodeEngine:255 - oldGeneratedFile, C:\Users\Santiago\Desktop\facu\2025c1\TPF_TDSE\Pruebas_workspace\Timers\Core\Src\stm32f1xx_hal_msp.c_save
2025-07-06 16:41:22,917 [INFO] CodeEngine:279 - Generated code: C:\Users\Santiago\Desktop\facu\2025c1\TPF_TDSE\Pruebas_workspace\Timers\Core\Src\stm32f1xx_hal_msp.c
2025-07-06 16:41:22,927 [INFO] CodeEngine:255 - oldGeneratedFile, C:\Users\Santiago\Desktop\facu\2025c1\TPF_TDSE\Pruebas_workspace\Timers\MXTmpFiles\system.tmp_save
2025-07-06 16:41:23,020 [INFO] CodeEngine:279 - Generated code: C:\Users\Santiago\Desktop\facu\2025c1\TPF_TDSE\Pruebas_workspace\Timers\MXTmpFiles\system.tmp
2025-07-06 16:41:23,062 [INFO] CodeEngine:311 - oldGeneratedFile, C:\Users\Santiago\Desktop\facu\2025c1\TPF_TDSE\Pruebas_workspace\Timers\Core\Inc\stm32f1xx_hal_conf.h_save
2025-07-06 16:41:23,240 [INFO] CodeEngine:335 - Generated code: C:\Users\Santiago\Desktop\facu\2025c1\TPF_TDSE\Pruebas_workspace\Timers\Core\Inc\stm32f1xx_hal_conf.h
2025-07-06 16:41:23,279 [WARN] IPConfigManager:3618 - IP not found : TIM
2025-07-06 16:41:23,280 [WARN] CodeGenerator:4152 - IP not found : null
2025-07-06 16:41:23,327 [INFO] CodeEngine:255 - oldGeneratedFile, C:\Users\Santiago\Desktop\facu\2025c1\TPF_TDSE\Pruebas_workspace\Timers\Core\Inc\main.h_save
2025-07-06 16:41:23,502 [INFO] CodeEngine:279 - Generated code: C:\Users\Santiago\Desktop\facu\2025c1\TPF_TDSE\Pruebas_workspace\Timers\Core\Inc\main.h
2025-07-06 16:41:23,539 [INFO] CodeEngine:255 - oldGeneratedFile, C:\Users\Santiago\Desktop\facu\2025c1\TPF_TDSE\Pruebas_workspace\Timers\Core\Src\main.c_save
2025-07-06 16:41:23,756 [INFO] CodeEngine:279 - Generated code: C:\Users\Santiago\Desktop\facu\2025c1\TPF_TDSE\Pruebas_workspace\Timers\Core\Src\main.c
2025-07-06 16:41:24,272 [INFO] ProjectBuilder:3289 - Time for Copy HAL[1] : 235mS.
2025-07-06 16:41:24,280 [INFO] ProjectBuilder:4876 - Project Generator version: 4.5.0-RC5
2025-07-06 16:41:24,404 [INFO] ConfigFileManager:1579 - The Die is : DIE410
2025-07-06 16:41:25,769 [INFO] ProjectBuilder:5154 - Time for Generating toolchain IDE Files: 1488mS.
2025-07-06 16:41:25,771 [INFO] ProjectBuilder:3146 - Time for Copy CMSIS : 2mS.
2025-07-06 16:41:25,777 [INFO] ProjectBuilder:3146 - Time for Copy CMSIS : 1mS.
2025-07-06 17:11:33,106 [INFO] NvicIntPanel:101 - NVIC parent = com.st.microxplorer.plugins.ip.nvic.MultiNvicIntPanel[,0,0,0x0,invalid,layout=javax.swing.BoxLayout,alignmentX=0.0,alignmentY=0.0,border=,flags=9,maximumSize=,minimumSize=,preferredSize=]
2025-07-06 17:14:22,874 [INFO] UtilMem:75 - End SaveConfig() Used Memory: 303515264 Bytes (880803840)
2025-07-06 17:14:23,660 [INFO] UtilMem:75 - End SaveConfig() Used Memory: 319770240 Bytes (880803840)
2025-07-06 17:14:25,407 [INFO] UtilMem:75 - End SaveConfig() Used Memory: 353846912 Bytes (880803840)
2025-07-06 17:14:25,764 [INFO] BlockDiagram:2766 - set Specific Code input for plugin: NVIC
2025-07-06 17:14:25,765 [INFO] BlockDiagram:2766 - set Specific Code input for plugin: USART
2025-07-06 17:14:25,765 [INFO] BlockDiagram:2766 - set Specific Code input for plugin: TIM1_8F1
2025-07-06 17:14:25,765 [INFO] BlockDiagram:2766 - set Specific Code input for plugin: SYS
2025-07-06 17:14:25,768 [INFO] BlockDiagram:2766 - set Specific Code input for plugin: GPIO
2025-07-06 17:14:25,768 [INFO] BlockDiagram:2766 - set Specific Code input for plugin: RCC
2025-07-06 17:14:25,770 [INFO] CodeGenerator:896 - code generatio: config db path: C:\ST\STM32CubeIDE_1.17.0\STM32CubeIDE\plugins\com.st.stm32cube.common.mx_6.13.0.202411220809\\db\
2025-07-06 17:14:26,017 [INFO] CodeEngine:255 - oldGeneratedFile, C:\Users\Santiago\Desktop\facu\2025c1\TPF_TDSE\Pruebas_workspace\Timers\MXTmpFiles\license.tmp_save
2025-07-06 17:14:26,272 [INFO] CodeEngine:279 - Generated code: C:\Users\Santiago\Desktop\facu\2025c1\TPF_TDSE\Pruebas_workspace\Timers\MXTmpFiles\license.tmp
2025-07-06 17:14:26,357 [INFO] CodeEngine:255 - oldGeneratedFile, C:\Users\Santiago\Desktop\facu\2025c1\TPF_TDSE\Pruebas_workspace\Timers\MXTmpFiles\gpio.tmp_save
2025-07-06 17:14:26,617 [INFO] CodeEngine:279 - Generated code: C:\Users\Santiago\Desktop\facu\2025c1\TPF_TDSE\Pruebas_workspace\Timers\MXTmpFiles\gpio.tmp
2025-07-06 17:14:26,909 [INFO] CodeEngine:255 - oldGeneratedFile, C:\Users\Santiago\Desktop\facu\2025c1\TPF_TDSE\Pruebas_workspace\Timers\Core\Src\stm32f1xx_it.c_save
2025-07-06 17:14:27,494 [INFO] CodeEngine:279 - Generated code: C:\Users\Santiago\Desktop\facu\2025c1\TPF_TDSE\Pruebas_workspace\Timers\Core\Src\stm32f1xx_it.c
2025-07-06 17:14:27,542 [INFO] CodeEngine:255 - oldGeneratedFile, C:\Users\Santiago\Desktop\facu\2025c1\TPF_TDSE\Pruebas_workspace\Timers\Core\Inc\stm32f1xx_it.h_save
2025-07-06 17:14:27,698 [INFO] CodeEngine:279 - Generated code: C:\Users\Santiago\Desktop\facu\2025c1\TPF_TDSE\Pruebas_workspace\Timers\Core\Inc\stm32f1xx_it.h
2025-07-06 17:14:27,764 [INFO] CodeEngine:255 - oldGeneratedFile, C:\Users\Santiago\Desktop\facu\2025c1\TPF_TDSE\Pruebas_workspace\Timers\Core\Src\stm32f1xx_hal_msp.c_save
2025-07-06 17:14:28,026 [INFO] CodeEngine:279 - Generated code: C:\Users\Santiago\Desktop\facu\2025c1\TPF_TDSE\Pruebas_workspace\Timers\Core\Src\stm32f1xx_hal_msp.c
2025-07-06 17:14:28,046 [INFO] CodeEngine:255 - oldGeneratedFile, C:\Users\Santiago\Desktop\facu\2025c1\TPF_TDSE\Pruebas_workspace\Timers\MXTmpFiles\system.tmp_save
2025-07-06 17:14:28,167 [INFO] CodeEngine:279 - Generated code: C:\Users\Santiago\Desktop\facu\2025c1\TPF_TDSE\Pruebas_workspace\Timers\MXTmpFiles\system.tmp
2025-07-06 17:14:28,229 [INFO] CodeEngine:311 - oldGeneratedFile, C:\Users\Santiago\Desktop\facu\2025c1\TPF_TDSE\Pruebas_workspace\Timers\Core\Inc\stm32f1xx_hal_conf.h_save
2025-07-06 17:14:28,417 [INFO] CodeEngine:335 - Generated code: C:\Users\Santiago\Desktop\facu\2025c1\TPF_TDSE\Pruebas_workspace\Timers\Core\Inc\stm32f1xx_hal_conf.h
2025-07-06 17:14:28,455 [WARN] IPConfigManager:3618 - IP not found : TIM
2025-07-06 17:14:28,456 [WARN] CodeGenerator:4152 - IP not found : null
2025-07-06 17:14:28,515 [INFO] CodeEngine:255 - oldGeneratedFile, C:\Users\Santiago\Desktop\facu\2025c1\TPF_TDSE\Pruebas_workspace\Timers\Core\Inc\main.h_save
2025-07-06 17:14:28,725 [INFO] CodeEngine:279 - Generated code: C:\Users\Santiago\Desktop\facu\2025c1\TPF_TDSE\Pruebas_workspace\Timers\Core\Inc\main.h
2025-07-06 17:14:28,769 [INFO] CodeEngine:255 - oldGeneratedFile, C:\Users\Santiago\Desktop\facu\2025c1\TPF_TDSE\Pruebas_workspace\Timers\Core\Src\main.c_save
2025-07-06 17:14:28,985 [INFO] CodeEngine:279 - Generated code: C:\Users\Santiago\Desktop\facu\2025c1\TPF_TDSE\Pruebas_workspace\Timers\Core\Src\main.c
2025-07-06 17:14:29,513 [INFO] ProjectBuilder:3289 - Time for Copy HAL[1] : 249mS.
2025-07-06 17:14:29,521 [INFO] ProjectBuilder:4876 - Project Generator version: 4.5.0-RC5
2025-07-06 17:14:29,670 [INFO] ConfigFileManager:1579 - The Die is : DIE410
2025-07-06 17:14:32,360 [INFO] ProjectBuilder:5154 - Time for Generating toolchain IDE Files: 2840mS.
2025-07-06 17:14:32,362 [INFO] ProjectBuilder:3146 - Time for Copy CMSIS : 1mS.
2025-07-06 17:14:32,367 [INFO] ProjectBuilder:3146 - Time for Copy CMSIS : 1mS.
2025-07-06 18:20:04,274 [INFO] MainUpdater:2872 - connection check result : 10
2025-07-06 18:20:04,307 [INFO] McuFinderGlobals:76 - Set McuFinderConnectedMode to true
2025-07-06 18:20:05,504 [INFO] ServerAccessManage:473 - Download File mcusAds.json._tmp_
2025-07-06 18:20:05,693 [INFO] LoadUrlFilesThread:156 - End of LoadUrlFiles Thread
2025-07-06 18:20:06,155 [INFO] ServerAccessManage:473 - Download File cube-finder-db.zip
2025-07-06 18:20:25,361 [INFO] FileExtend:240 - Unzip File : cube-finder-db.zip
2025-07-06 18:20:25,362 [INFO] FileExtend:255 - Standard Zip Deflate
2025-07-06 18:20:27,331 [INFO] LoadUrlFilesThread:156 - End of LoadUrlFiles Thread
2025-07-06 18:20:29,154 [INFO] ServerAccessManage:473 - Download File crdb.zip
2025-07-06 18:20:32,316 [INFO] FileExtend:240 - Unzip File : crdb.zip
2025-07-06 18:20:32,319 [INFO] FileExtend:255 - Standard Zip Deflate
2025-07-06 18:20:32,506 [INFO] LoadUrlFilesThread:156 - End of LoadUrlFiles Thread
2025-07-06 18:20:32,752 [INFO] ServerAccessManage:473 - Download File tutoVideoDB.zip
2025-07-06 18:20:32,889 [INFO] FileExtend:240 - Unzip File : tutoVideoDB.zip
2025-07-06 18:20:32,890 [INFO] FileExtend:255 - Standard Zip Deflate
2025-07-06 18:20:33,074 [INFO] LoadUrlFilesThread:156 - End of LoadUrlFiles Thread
2025-07-06 18:20:33,088 [WARN] DbFile:41 - Overriding database path with different value: C:\Users\Santiago\.stmcufinder\plugins\mcufinder/ => C:\Users\Santiago\.stmcufinder\plugins\mcufinder
2025-07-06 18:20:33,237 [INFO] ServerAccessManage:473 - Download File api_config.json
2025-07-06 18:20:33,384 [INFO] LoadUrlFilesThread:156 - End of LoadUrlFiles Thread
2025-07-06 18:20:33,406 [INFO] DbMcusAds:53 - JSON generation date=Thu Jun 19 05:32:37 ART 2025 (1750321957418)
2025-07-06 18:20:33,415 [INFO] ApiDb:448 - Save user favorites file C:\Users\Santiago/.stm32cubeide/favorites.mcus.txt: 0 item(s)
2025-07-06 18:20:33,420 [INFO] ApiDb:452 - User favorites MCUs=[]
2025-07-06 18:20:33,446 [INFO] ApiDb:581 - Connected to CubeFinder SQLite database (C:\Users\Santiago\.stmcufinder\plugins\mcufinder\mcu\cube-finder-db.db)
2025-07-06 18:20:33,609 [INFO] ApiDb:668 - CubeFinder database Data Model version=2.1
2025-07-06 18:20:33,610 [INFO] ApiDb:669 - CubeFinder database Configuration version=3.0.39
2025-07-06 18:20:33,610 [INFO] ApiDb:670 - CubeFinder database generation date=2025-06-16 (1750072209)
2025-07-06 18:20:33,611 [INFO] ApiDb:671 - CubeFinder database FW Pack versions=[FP-ATR-ASTRA1_V2.0.0, FP-SNS-FLIGHT1_V5.1.0, FP-SNS-MOTENV1_V5.0.0, FP-SNS-MOTENVWB1_V1.4.0, FP-SNS-SMARTAG2_V1.2.0, FP-SNS-STBOX1_V2.0.0, STM32Cube_FW_C0_V1.4.0, STM32Cube_FW_F4_V1.28.2, STM32Cube_FW_F7_V1.17.3, STM32Cube_FW_G0_V1.6.2, STM32Cube_FW_G4_V1.6.1, STM32Cube_FW_H5_V1.5.0, STM32Cube_FW_H7RS_V1.2.0, STM32Cube_FW_H7_V1.12.1, STM32Cube_FW_L0_V1.12.2, STM32Cube_FW_L4_V1.18.1, STM32Cube_FW_L5_V1.5.1, STM32Cube_FW_N6_V1.1.1, STM32Cube_FW_U0_V1.2.0, STM32Cube_FW_U3_V1.1.0, STM32Cube_FW_U5_V1.7.0, STM32Cube_FW_WB0_V1.2.0, STM32Cube_FW_WBA_V1.6.0, STM32Cube_FW_WB_V1.22.0, STM32Cube_FW_WL3_V1.1.0, STM32Cube_FW_WL_V1.3.1, X-CUBE-ALGOBUILD_V1.4.0, X-CUBE-ALS_V1.0.2, X-CUBE-AZRTOS-F4_V1.1.0, X-CUBE-AZRTOS-F7_V1.1.0, X-CUBE-AZRTOS-G0_V1.1.0, X-CUBE-AZRTOS-G4_V2.0.0, X-CUBE-AZRTOS-H7RS_V1.1.0, X-CUBE-AZRTOS-H7_V3.3.0, X-CUBE-AZRTOS-L4_V2.0.0, X-CUBE-AZRTOS-L5_V2.0.0, X-CUBE-AZRTOS-WB_V2.0.0, X-CUBE-AZRTOS-WL_V2.0.0, X-CUBE-BLE1_V7.1.0, X-CUBE-BLE2_V3.3.0, X-CUBE-BLEMGR_V4.0.0, X-CUBE-EEPRMA1_V5.1.0, X-CUBE-FREERTOS_V1.3.1, X-CUBE-GNSS1_V6.0.0, X-CUBE-MEMS1_V11.3.0, X-CUBE-NFC4_V3.0.0, X-CUBE-NFC7_V2.0.0, X-CUBE-SFXS2LP1_V4.0.0, X-CUBE-SUBG2_V5.0.0, X-CUBE-TOF1_V3.4.3]
2025-07-06 18:20:36,842 [INFO] ApiDb:240 - Found 858 in-development CPN: [B-G473E-ZEST1S, B-WB1M-WPAN1, B-WBA5M-WPAN, B-WL5M-SUBG1, NUCLEO-C031C6, NUCLEO-C051C8, NUCLEO-C071RB, NUCLEO-C092RC, NUCLEO-H503RB, NUCLEO-H533RE, NUCLEO-H563ZI, NUCLEO-H7S3L8, NUCLEO-N657X0-Q, NUCLEO-U031R8, NUCLEO-U083RC, NUCLEO-U385RG-Q, NUCLEO-U545RE-Q, NUCLEO-U5A5ZJ-Q, NUCLEO-WB05KZ, NUCLEO-WB07CC, NUCLEO-WB09KE, NUCLEO-WBA52CG, NUCLEO-WBA55CG, NUCLEO-WL33CC1, NUCLEO-WL33CC2, STEVAL-PROTEUS1, STEVAL-SMARTAG2, STEVAL-STWINBX1, STM320518-EVAL, STM32C0116-DK, STM32C011D6Y3TR, STM32C011D6Y6TR, STM32C011F4P3, STM32C011F4P6, STM32C011F4U3, STM32C011F4U6TR, STM32C011F6P3, STM32C011F6P6, STM32C011F6U3, STM32C011F6U6TR, STM32C011J4M3, STM32C011J4M6, STM32C011J6M3, STM32C011J6M6, STM32C0316-DK, STM32C031C4T3, STM32C031C4T6, STM32C031C4U3, STM32C031C4U6, STM32C031C6T3, STM32C031C6T6, STM32C031C6U3, STM32C031C6U6, STM32C031F4P3, STM32C031F4P6, STM32C031F6P3, STM32C031F6P6, STM32C031G4U3, STM32C031G4U6, STM32C031G6U3, STM32C031G6U6, STM32C031K4T3, STM32C031K4T6, STM32C031K4U3, STM32C031K4U6, STM32C031K6T3, STM32C031K6T6, STM32C031K6U3, STM32C031K6U6, STM32C051C6T6, STM32C051C6U6, STM32C051C8T6, STM32C051C8U6, STM32C051D8Y6TR, STM32C051F6P6, STM32C051F8P6, STM32C051G6U6, STM32C051G8U6, STM32C051K6T6, STM32C051K6U6, STM32C051K8T6, STM32C071C8T6, STM32C071C8T6N, STM32C071C8U6, STM32C071C8U6N, STM32C071CBT6, STM32C071CBT6N, STM32C071CBU6, STM32C071CBU6N, STM32C071F8P6, STM32C071F8P6N, STM32C071FBP6, STM32C071FBP6N, STM32C071FBY6TR, STM32C071G8U6, STM32C071G8U6N, STM32C071GBU6, STM32C071GBU6N, STM32C071K8T6, STM32C071K8T6N, STM32C071K8U6, STM32C071K8U6N, STM32C071KBT6, STM32C071KBT6N, STM32C071KBU6, STM32C071KBU6N, STM32C071R8T6, STM32C071R8T6N, STM32C071RBI6N, STM32C071RBT6, STM32C071RBT6N, STM32C091CBT6, STM32C091CBU6, STM32C091CCT6, STM32C091CCU6, STM32C091ECY6TR, STM32C091FBP6, STM32C091FCP6, STM32C091GBU6, STM32C091GCU6, STM32C091KBT6, STM32C091KBU6, STM32C091KCT6, STM32C091KCU6, STM32C091RBT6, STM32C091RCI6, STM32C091RCT6, STM32C092CBT6, STM32C092CBU6, STM32C092CCT6, STM32C092CCU6, STM32C092ECY6TR, STM32C092FBP6, STM32C092FCP6, STM32C092GBU6, STM32C092GCU6, STM32C092KBT6, STM32C092KBU6, STM32C092KCT6, STM32C092KCU6, STM32C092RBT6, STM32C092RCI6, STM32C092RCT6, STM32G071K8TXN, STM32G071K8UXN, STM32G081GBU6N, STM32G081KBT6N, STM32G081KBUXN, STM32G0B1CCT6N, STM32G0B1KCT6, STM32G0B1NEY6TR, STM32G0B1RCT6N, STM32G0C1CCT6, STM32G0C1CCT6N, STM32G0C1CCU6N, STM32G0C1CET6N, STM32G0C1CEU6N, STM32G0C1KCT6, STM32G0C1NEY6TR, STM32G0C1RCI6N, STM32G0C1RCT6N, STM32G0C1REI6N, STM32G0C1RET6N, STM32G0C1VCI6, STM32G0C1VEI6, STM32G411C6T3, STM32G411C6T6, STM32G411C6U3, STM32G411C6U6, STM32G411C8T3, STM32G411C8T6, STM32G411C8U3, STM32G411C8U6, STM32G411CBT3, STM32G411CBT6, STM32G411CBU3, STM32G411CBU6, STM32G411CCT3, STM32G411CCT6, STM32G411CCU3, STM32G411CCU6, STM32G411K6T3, STM32G411K6T6, STM32G411K6U3, STM32G411K6U6, STM32G411K8T3, STM32G411K8T6, STM32G411K8U3, STM32G411K8U6, STM32G411KBT3, STM32G411KBT6, STM32G411KBU3, STM32G411KBU6, STM32G411M6T3, STM32G411M6T6, STM32G411M8T3, STM32G411M8T6, STM32G411MBT3, STM32G411MBT6, STM32G411MCT3, STM32G411MCT6, STM32G411R6T3, STM32G411R6T6, STM32G411R8T3, STM32G411R8T6, STM32G411RBT3, STM32G411RBT6, STM32G411RCT3, STM32G411RCT6, STM32G414CBT3, STM32G414CBT6, STM32G414CBU3, STM32G414CBU6, STM32G414CCT3, STM32G414CCT6, STM32G414CCU3, STM32G414CCU6, STM32G414MBT3, STM32G414MBT6, STM32G414MCT3, STM32G414MCT6, STM32G414RBT3, STM32G414RBT6, STM32G414RCT3, STM32G414RCT6, STM32G414VBT3, STM32G414VBT6, STM32G414VCT3, STM32G414VCT6, STM32G431CBT3Z, STM32G431RBT3Z, STM32G471CCT6, STM32G471CCU6, STM32G471CET3, STM32G471CET6, STM32G471CEU3, STM32G471CEU6, STM32G471MCT6, STM32G471MET3, STM32G471MET6, STM32G471MEY6TR, STM32G471QCT6, STM32G471QET3, STM32G471RCT6, STM32G471RET3, STM32G471RET6, STM32G471VCH6, STM32G471VCI6, STM32G471VCT6, STM32G471VEH3, STM32G471VEH6, STM32G471VEI3, STM32G471VEI6, STM32G471VET3, STM32G471VET6, STM32G473QET3Z, STM32G473RET3Z, STM32G474CCT6, STM32G491RET3Z, STM32H503CBT6, STM32H503CBU6, STM32H503EBY6TR, STM32H503KBU6, STM32H503RBT6, STM32H523CCT6, STM32H523CCU6, STM32H523CET6, STM32H523CEU6, STM32H523HEY6TR, STM32H523RCT6, STM32H523RET6, STM32H523VCI6, STM32H523VCT6, STM32H523VEI6, STM32H523VET6, STM32H523ZCJ6, STM32H523ZCT6, STM32H523ZEJ6, STM32H523ZET6, STM32H533CET6, STM32H533CEU6, STM32H533HEY6TR, STM32H533RET6, STM32H533VEI6, STM32H533VET6, STM32H533ZEJ6, STM32H533ZET6, STM32H562AGI6, STM32H562AII6, STM32H562IGK6, STM32H562IGT6, STM32H562IIK6, STM32H562IIT6, STM32H562RGT6, STM32H562RGV6, STM32H562RIT6, STM32H562RIV6, STM32H562VGT6, STM32H562VIT6, STM32H562ZGT6, STM32H562ZIT6, STM32H563AGI6, STM32H563AII3Q, STM32H563AII6, STM32H563IGK6, STM32H563IGT6, STM32H563IIK3Q, STM32H563IIK6, STM32H563IIT3Q, STM32H563IIT6, STM32H563MIY3QTR, STM32H563RGT6, STM32H563RGV6, STM32H563RIT6, STM32H563RIV6, STM32H563VGT6, STM32H563VIT3Q, STM32H563VIT6, STM32H563ZGT6, STM32H563ZIT3Q, STM32H563ZIT6, STM32H573AII3Q, STM32H573AII6, STM32H573I-DK, STM32H573IIK3Q, STM32H573IIK6, STM32H573IIT3Q, STM32H573IIT6, STM32H573MIY3QTR, STM32H573RIT6, STM32H573RIV6, STM32H573VIT3Q, STM32H573VIT6, STM32H573ZIT3Q, STM32H573ZIT6, STM32H7R3A8I6, STM32H7R3I8K6, STM32H7R3I8T6, STM32H7R3L8H6, STM32H7R3L8H6H, STM32H7R3R8V6, STM32H7R3V8H6, STM32H7R3V8T6, STM32H7R3V8Y6TR, STM32H7R3Z8J6, STM32H7R3Z8T6, STM32H7R7A8I6, STM32H7R7I8K6, STM32H7R7I8T6, STM32H7R7L8H6, STM32H7R7L8H6H, STM32H7R7Z8J6, STM32H7S3A8I6, STM32H7S3I8K6, STM32H7S3I8T6, STM32H7S3L8H6, STM32H7S3L8H6H, STM32H7S3R8V6, STM32H7S3V8H6, STM32H7S3V8T6, STM32H7S3V8Y6TR, STM32H7S3Z8J6, STM32H7S3Z8T6, STM32H7S78-DK, STM32H7S7A8I6, STM32H7S7I8K6, STM32H7S7I8T6, STM32H7S7L8H6, STM32H7S7L8H6H, STM32H7S7Z8J6, STM32L4R5QGI6STR, STM32MP131AAE3, STM32MP131AAF3, STM32MP131AAG3, STM32MP131CAE3, STM32MP131CAF3, STM32MP131CAG3, STM32MP131DAE7, STM32MP131DAF7, STM32MP131DAG7, STM32MP131FAE7, STM32MP131FAF7, STM32MP131FAG7, STM32MP133AAE3, STM32MP133AAF3, STM32MP133AAG3, STM32MP133CAE3, STM32MP133CAF3, STM32MP133CAG3, STM32MP133DAE7, STM32MP133DAF7, STM32MP133DAG7, STM32MP133FAE7, STM32MP133FAF7, STM32MP133FAG7, STM32MP135AAE3, STM32MP135AAF3, STM32MP135AAG3, STM32MP135CAE3, STM32MP135CAF3, STM32MP135CAG3, STM32MP135DAE7, STM32MP135DAF7, STM32MP135DAG7, STM32MP135F-DK, STM32MP135FAE7, STM32MP135FAF7, STM32MP135FAF7T, STM32MP135FAF7U, STM32MP135FAG7, STM32MP231AAJ3, STM32MP231AAK3, STM32MP231AAL3, STM32MP231CAJ3, STM32MP231CAK3, STM32MP231CAL3, STM32MP231DAJ3, STM32MP231DAK3, STM32MP231DAL3, STM32MP231FAJ3, STM32MP231FAK3, STM32MP231FAL3, STM32MP233AAJ3, STM32MP233AAK3, STM32MP233AAL3, STM32MP233CAJ3, STM32MP233CAK3, STM32MP233CAL3, STM32MP233DAJ3, STM32MP233DAK3, STM32MP233DAL3, STM32MP233FAJ3, STM32MP233FAK3, STM32MP233FAL3, STM32MP235AAJ3, STM32MP235AAK3, STM32MP235AAL3, STM32MP235CAJ3, STM32MP235CAK3, STM32MP235CAL3, STM32MP235DAJ3, STM32MP235DAK3, STM32MP235DAL3, STM32MP235FAJ3, STM32MP235FAK3, STM32MP235FAL3, STM32MP251AAI3, STM32MP251AAJ3, STM32MP251AAK3, STM32MP251AAL3, STM32MP251CAI3, STM32MP251CAJ3, STM32MP251CAK3, STM32MP251CAL3, STM32MP251DAI3, STM32MP251DAJ3, STM32MP251DAK3, STM32MP251DAL3, STM32MP251FAI3, STM32MP251FAJ3, STM32MP251FAK3, STM32MP251FAL3, STM32MP253AAI3, STM32MP253AAJ3, STM32MP253AAK3, STM32MP253AAL3, STM32MP253CAI3, STM32MP253CAJ3, STM32MP253CAK3, STM32MP253CAL3, STM32MP253DAI3, STM32MP253DAJ3, STM32MP253DAK3, STM32MP253DAL3, STM32MP253FAI3, STM32MP253FAJ3, STM32MP253FAK3, STM32MP253FAL3, STM32MP255AAI3, STM32MP255AAJ3, STM32MP255AAK3, STM32MP255AAL3, STM32MP255CAI3, STM32MP255CAJ3, STM32MP255CAK3, STM32MP255CAL3, STM32MP255DAI3, STM32MP255DAJ3, STM32MP255DAK3, STM32MP255DAL3, STM32MP255FAI3, STM32MP255FAJ3, STM32MP255FAK3, STM32MP255FAL3, STM32MP257AAI3, STM32MP257AAJ3, STM32MP257AAK3, STM32MP257AAL3, STM32MP257CAI3, STM32MP257CAJ3, STM32MP257CAK3, STM32MP257CAL3, STM32MP257DAI3, STM32MP257DAJ3, STM32MP257DAK3, STM32MP257DAL3, STM32MP257F-DK, STM32MP257F-EV1, STM32MP257FAI3, STM32MP257FAJ3, STM32MP257FAK3, STM32MP257FAL3, STM32N645A0H3Q, STM32N645B0H3Q, STM32N645I0H3Q, STM32N645L0H3Q, STM32N645X0H3Q, STM32N645Z0H3Q, STM32N647A0H3Q, STM32N647B0H3Q, STM32N647I0H3Q, STM32N647L0H3Q, STM32N647X0H3Q, STM32N647Z0H3Q, STM32N655A0H3Q, STM32N655B0H3Q, STM32N655I0H3Q, STM32N655L0H3Q, STM32N655X0H3Q, STM32N655Z0H3Q, STM32N6570-DK, STM32N657A0H3Q, STM32N657B0H3Q, STM32N657I0H3Q, STM32N657L0H3Q, STM32N657X0H3Q, STM32N657Z0H3Q, STM32U031C6T6, STM32U031C6U6, STM32U031C8T6, STM32U031C8U6, STM32U031F4P6, STM32U031F6P6, STM32U031F8P6, STM32U031G6Y6TR, STM32U031G8Y6TR, STM32U031K4U6, STM32U031K6U6, STM32U031K8U6, STM32U031R6I6, STM32U031R6T6, STM32U031R8I6, STM32U031R8T6, STM32U073C8T6, STM32U073C8U6, STM32U073CBT6, STM32U073CBU6, STM32U073CCT6, STM32U073CCU6, STM32U073H8Y6TR, STM32U073HBY6TR, STM32U073HCY6TR, STM32U073K8U6, STM32U073KBU6, STM32U073KCU6, STM32U073M8I6, STM32U073M8T6, STM32U073MBI6, STM32U073MBT6, STM32U073MCI6, STM32U073MCT6, STM32U073R8I6, STM32U073R8T6, STM32U073RBI6, STM32U073RBT6, STM32U073RCI6, STM32U073RCT6, STM32U083C-DK, STM32U083CCT6, STM32U083CCU6, STM32U083HCY6TR, STM32U083KCU6, STM32U083MCI6, STM32U083MCT6, STM32U083RCI6, STM32U083RCT6, STM32U375CET6, STM32U375CET6Q, STM32U375CEU6, STM32U375CEU6Q, STM32U375CEY6QTR, STM32U375CGT6, STM32U375CGT6Q, STM32U375CGU6, STM32U375CGU6Q, STM32U375CGY6QTR, STM32U375KEU6, STM32U375KGU6, STM32U375REI6, STM32U375REI6Q, STM32U375RET6, STM32U375RET6Q, STM32U375REY6GTR, STM32U375REY6QTR, STM32U375RGI6, STM32U375RGI6Q, STM32U375RGT6, STM32U375RGT6Q, STM32U375RGY6GTR, STM32U375RGY6QTR, STM32U375VEI6, STM32U375VEI6Q, STM32U375VET6, STM32U375VET6Q, STM32U375VGI6, STM32U375VGI6Q, STM32U375VGT6, STM32U375VGT6Q, STM32U385CGT6, STM32U385CGT6Q, STM32U385CGU6, STM32U385CGU6Q, STM32U385CGY6QTR, STM32U385KGU6, STM32U385RGI6, STM32U385RGI6Q, STM32U385RGT6, STM32U385RGT6Q, STM32U385RGY6GTR, STM32U385RGY6QTR, STM32U385VGI6, STM32U385VGI6Q, STM32U385VGT6, STM32U385VGT6Q, STM32U535CBT6, STM32U535CBT6Q, STM32U535CBU6, STM32U535CBU6Q, STM32U535CCT6, STM32U535CCT6Q, STM32U535CCU6, STM32U535CCU6Q, STM32U535CET6, STM32U535CET6Q, STM32U535CEU6, STM32U535CEU6Q, STM32U535JEY6QTR, STM32U535NCY6QTR, STM32U535NEY6QTR, STM32U535RBI6, STM32U535RBI6Q, STM32U535RBT6, STM32U535RBT6Q, STM32U535RCI6, STM32U535RCI6Q, STM32U535RCT6, STM32U535RCT6Q, STM32U535REI6, STM32U535REI6Q, STM32U535RET6, STM32U535RET6Q, STM32U535VCI6, STM32U535VCI6Q, STM32U535VCT6, STM32U535VCT6Q, STM32U535VEI6, STM32U535VEI6Q, STM32U535VET6, STM32U535VET6Q, STM32U545CET6, STM32U545CET6Q, STM32U545CEU6, STM32U545CEU6Q, STM32U545JEY6QTR, STM32U545NEY6QTR, STM32U545REI6, STM32U545REI6Q, STM32U545RET6, STM32U545RET6Q, STM32U545VEI6, STM32U545VEI6Q, STM32U545VET6, STM32U545VET6Q, STM32U595AIH6, STM32U595AIH6Q, STM32U595AJH6, STM32U595AJH6Q, STM32U595QII6, STM32U595QII6Q, STM32U595QJI6, STM32U595QJI6Q, STM32U595RIT6, STM32U595RIT6Q, STM32U595RJT6, STM32U595RJT6Q, STM32U595VIT6, STM32U595VIT6Q, STM32U595VJT6, STM32U595VJT6Q, STM32U595ZIT6, STM32U595ZIT6Q, STM32U595ZIY6QTR, STM32U595ZJT6, STM32U595ZJT6Q, STM32U595ZJY6QTR, STM32U599BJY6QTR, STM32U599NIH6Q, STM32U599NJH6Q, STM32U599VIT6Q, STM32U599VJT6, STM32U599VJT6Q, STM32U599ZIT6Q, STM32U599ZIY6QTR, STM32U599ZJT6Q, STM32U599ZJY6QTR, STM32U5A5AJH6, STM32U5A5AJH6Q, STM32U5A5QII3Q , STM32U5A5QJI6, STM32U5A5QJI6Q, STM32U5A5RJT6, STM32U5A5RJT6Q, STM32U5A5VJT6, STM32U5A5VJT6Q, STM32U5A5ZJT6, STM32U5A5ZJT6Q, STM32U5A5ZJY6QTR, STM32U5A9BJY6QTR, STM32U5A9J-DK, STM32U5A9NJH6Q, STM32U5A9VJT6Q, STM32U5A9ZJT6Q, STM32U5A9ZJY6QTR, STM32U5F7VIT6, STM32U5F7VIT6Q, STM32U5F7VJT6, STM32U5F7VJT6Q, STM32U5F9BJY6QTR, STM32U5F9NJH6Q, STM32U5F9VIT6Q, STM32U5F9VJT6Q, STM32U5F9ZIJ6QTR, STM32U5F9ZIT6Q, STM32U5F9ZJJ6QTR, STM32U5F9ZJT6Q, STM32U5G7VJT6, STM32U5G7VJT6Q, STM32U5G9BJY6QTR, STM32U5G9J-DK1, STM32U5G9J-DK2, STM32U5G9NJH6Q, STM32U5G9VJT6Q, STM32U5G9ZJJ6QTR, STM32U5G9ZJT6Q, STM32WB05KZV6TR, STM32WB05KZV7TR, STM32WB05TZF6TR, STM32WB05TZF7TR, STM32WB06CCF6TR, STM32WB06CCF7TR, STM32WB06CCV6TR, STM32WB06CCV7TR, STM32WB06KCV6TR, STM32WB06KCV7TR, STM32WB07CCF6TR, STM32WB07CCF7TR, STM32WB07CCV6TR, STM32WB07CCV7TR, STM32WB07KCV6TR, STM32WB07KCV7TR, STM32WB09KEV6TR, STM32WB09KEV7TR, STM32WB09TEF6TR, STM32WB09TEF7TR, STM32WB1MMCH6, STM32WBA50KGU6, STM32WBA50KGU6TR, STM32WBA52CEU6, STM32WBA52CEU6TR, STM32WBA52CEU7, STM32WBA52CEU7TR, STM32WBA52CGU6, STM32WBA52CGU6TR, STM32WBA52CGU6U, STM32WBA52CGU7, STM32WBA52CGU7TR, STM32WBA52KEU6, STM32WBA52KEU6TR, STM32WBA52KGU6, STM32WBA52KGU6TR, STM32WBA54CEU6, STM32WBA54CEU6TR, STM32WBA54CEU7, STM32WBA54CEU7TR, STM32WBA54CGU6, STM32WBA54CGU6TR, STM32WBA54CGU7, STM32WBA54CGU7TR, STM32WBA54KEU6, STM32WBA54KEU6TR, STM32WBA54KEU7, STM32WBA54KEU7TR, STM32WBA54KGU6, STM32WBA54KGU6TR, STM32WBA54KGU7, STM32WBA54KGU7TR, STM32WBA55CEU6, STM32WBA55CEU6TR, STM32WBA55CEU7, STM32WBA55CEU7TR, STM32WBA55CGU6, STM32WBA55CGU6TR, STM32WBA55CGU6U, STM32WBA55CGU7, STM32WBA55CGU7TR, STM32WBA55G-DK1, STM32WBA55HEF6, STM32WBA55HEF7, STM32WBA55HGF6, STM32WBA55HGF7, STM32WBA55UEI6, STM32WBA55UEI6TR, STM32WBA55UEI7, STM32WBA55UEI7TR, STM32WBA55UGI6, STM32WBA55UGI6TR, STM32WBA55UGI7, STM32WBA55UGI7TR, STM32WBA5MJGH6TR, STM32WBA5MJGH6U, STM32WL33C8V6, STM32WL33C8V6TR, STM32WL33C8V7, STM32WL33C8V7TR, STM32WL33CBV6, STM32WL33CBV6TR, STM32WL33CBV7, STM32WL33CBV7TR, STM32WL33CCV6, STM32WL33CCV6TR, STM32WL33CCV7, STM32WL33CCV7A, STM32WL33CCV7ATR, STM32WL33CCV7TR, STM32WL33K8V6, STM32WL33K8V6TR, STM32WL33K8V7, STM32WL33K8V7TR, STM32WL33KBV6, STM32WL33KBV6TR, STM32WL33KBV7, STM32WL33KBV7TR, STM32WL33KCV6, STM32WL33KCV6TR, STM32WL33KCV7, STM32WL33KCV7TR, STM32WL5MOCH6, STM32WL5MOCH6TR]
2025-07-06 18:20:36,850 [INFO] DbMcus:218 - Found 4674 MCUs, 4674 are supported
2025-07-06 18:20:36,851 [INFO] ApiDb:423 - Load user favorites file C:\Users\Santiago/.stm32cubeide/favorites.mcus.txt: 0 item(s)
2025-07-06 18:20:36,851 [INFO] ApiDb:427 - User favorites MCUs=[]
2025-07-06 18:20:36,851 [INFO] DbMcus:224 - Set 0 / 0 favorites MCUs
2025-07-06 18:20:37,736 [INFO] ApiDb:448 - Save user favorites file C:\Users\Santiago/.stm32cubeide/favorites.boards.txt: 1 item(s)
2025-07-06 18:20:37,736 [INFO] ApiDb:452 - User favorites Boards=[NUCLEO-F103RB]
2025-07-06 18:20:37,740 [INFO] ApiDb:581 - Connected to CubeFinder SQLite database (C:\Users\Santiago\.stmcufinder\plugins\mcufinder\mcu\cube-finder-db.db)
2025-07-06 18:20:37,836 [INFO] ApiDb:668 - CubeFinder database Data Model version=2.1
2025-07-06 18:20:37,837 [INFO] ApiDb:669 - CubeFinder database Configuration version=3.0.39
2025-07-06 18:20:37,837 [INFO] ApiDb:670 - CubeFinder database generation date=2025-06-16 (1750072209)
2025-07-06 18:20:37,838 [INFO] ApiDb:671 - CubeFinder database FW Pack versions=[FP-ATR-ASTRA1_V2.0.0, FP-SNS-FLIGHT1_V5.1.0, FP-SNS-MOTENV1_V5.0.0, FP-SNS-MOTENVWB1_V1.4.0, FP-SNS-SMARTAG2_V1.2.0, FP-SNS-STBOX1_V2.0.0, STM32Cube_FW_C0_V1.4.0, STM32Cube_FW_F4_V1.28.2, STM32Cube_FW_F7_V1.17.3, STM32Cube_FW_G0_V1.6.2, STM32Cube_FW_G4_V1.6.1, STM32Cube_FW_H5_V1.5.0, STM32Cube_FW_H7RS_V1.2.0, STM32Cube_FW_H7_V1.12.1, STM32Cube_FW_L0_V1.12.2, STM32Cube_FW_L4_V1.18.1, STM32Cube_FW_L5_V1.5.1, STM32Cube_FW_N6_V1.1.1, STM32Cube_FW_U0_V1.2.0, STM32Cube_FW_U3_V1.1.0, STM32Cube_FW_U5_V1.7.0, STM32Cube_FW_WB0_V1.2.0, STM32Cube_FW_WBA_V1.6.0, STM32Cube_FW_WB_V1.22.0, STM32Cube_FW_WL3_V1.1.0, STM32Cube_FW_WL_V1.3.1, X-CUBE-ALGOBUILD_V1.4.0, X-CUBE-ALS_V1.0.2, X-CUBE-AZRTOS-F4_V1.1.0, X-CUBE-AZRTOS-F7_V1.1.0, X-CUBE-AZRTOS-G0_V1.1.0, X-CUBE-AZRTOS-G4_V2.0.0, X-CUBE-AZRTOS-H7RS_V1.1.0, X-CUBE-AZRTOS-H7_V3.3.0, X-CUBE-AZRTOS-L4_V2.0.0, X-CUBE-AZRTOS-L5_V2.0.0, X-CUBE-AZRTOS-WB_V2.0.0, X-CUBE-AZRTOS-WL_V2.0.0, X-CUBE-BLE1_V7.1.0, X-CUBE-BLE2_V3.3.0, X-CUBE-BLEMGR_V4.0.0, X-CUBE-EEPRMA1_V5.1.0, X-CUBE-FREERTOS_V1.3.1, X-CUBE-GNSS1_V6.0.0, X-CUBE-MEMS1_V11.3.0, X-CUBE-NFC4_V3.0.0, X-CUBE-NFC7_V2.0.0, X-CUBE-SFXS2LP1_V4.0.0, X-CUBE-SUBG2_V5.0.0, X-CUBE-TOF1_V3.4.3]
2025-07-06 18:20:37,941 [INFO] DbBoardsSqlite:226 - include board P-NUCLEO-WB55-NUCLEO as a kit item of type 'Nucleo-64'
2025-07-06 18:20:37,942 [INFO] DbBoardsSqlite:226 - include board P-NUCLEO-WB55-USBDONGLE as a kit item of type 'Nucleo USB Dongle'
2025-07-06 18:20:37,942 [INFO] DbBoardsSqlite:226 - include board STEVAL-IDP005V1 as a kit item of type 'Evaluation Board'
2025-07-06 18:20:37,943 [INFO] DbBoardsSqlite:226 - include board STEVAL-IDP005V2 as a kit item of type 'Evaluation Board'
2025-07-06 18:20:38,041 [INFO] ApiDb:240 - Found 858 in-development CPN: [B-G473E-ZEST1S, B-WB1M-WPAN1, B-WBA5M-WPAN, B-WL5M-SUBG1, NUCLEO-C031C6, NUCLEO-C051C8, NUCLEO-C071RB, NUCLEO-C092RC, NUCLEO-H503RB, NUCLEO-H533RE, NUCLEO-H563ZI, NUCLEO-H7S3L8, NUCLEO-N657X0-Q, NUCLEO-U031R8, NUCLEO-U083RC, NUCLEO-U385RG-Q, NUCLEO-U545RE-Q, NUCLEO-U5A5ZJ-Q, NUCLEO-WB05KZ, NUCLEO-WB07CC, NUCLEO-WB09KE, NUCLEO-WBA52CG, NUCLEO-WBA55CG, NUCLEO-WL33CC1, NUCLEO-WL33CC2, STEVAL-PROTEUS1, STEVAL-SMARTAG2, STEVAL-STWINBX1, STM320518-EVAL, STM32C0116-DK, STM32C011D6Y3TR, STM32C011D6Y6TR, STM32C011F4P3, STM32C011F4P6, STM32C011F4U3, STM32C011F4U6TR, STM32C011F6P3, STM32C011F6P6, STM32C011F6U3, STM32C011F6U6TR, STM32C011J4M3, STM32C011J4M6, STM32C011J6M3, STM32C011J6M6, STM32C0316-DK, STM32C031C4T3, STM32C031C4T6, STM32C031C4U3, STM32C031C4U6, STM32C031C6T3, STM32C031C6T6, STM32C031C6U3, STM32C031C6U6, STM32C031F4P3, STM32C031F4P6, STM32C031F6P3, STM32C031F6P6, STM32C031G4U3, STM32C031G4U6, STM32C031G6U3, STM32C031G6U6, STM32C031K4T3, STM32C031K4T6, STM32C031K4U3, STM32C031K4U6, STM32C031K6T3, STM32C031K6T6, STM32C031K6U3, STM32C031K6U6, STM32C051C6T6, STM32C051C6U6, STM32C051C8T6, STM32C051C8U6, STM32C051D8Y6TR, STM32C051F6P6, STM32C051F8P6, STM32C051G6U6, STM32C051G8U6, STM32C051K6T6, STM32C051K6U6, STM32C051K8T6, STM32C071C8T6, STM32C071C8T6N, STM32C071C8U6, STM32C071C8U6N, STM32C071CBT6, STM32C071CBT6N, STM32C071CBU6, STM32C071CBU6N, STM32C071F8P6, STM32C071F8P6N, STM32C071FBP6, STM32C071FBP6N, STM32C071FBY6TR, STM32C071G8U6, STM32C071G8U6N, STM32C071GBU6, STM32C071GBU6N, STM32C071K8T6, STM32C071K8T6N, STM32C071K8U6, STM32C071K8U6N, STM32C071KBT6, STM32C071KBT6N, STM32C071KBU6, STM32C071KBU6N, STM32C071R8T6, STM32C071R8T6N, STM32C071RBI6N, STM32C071RBT6, STM32C071RBT6N, STM32C091CBT6, STM32C091CBU6, STM32C091CCT6, STM32C091CCU6, STM32C091ECY6TR, STM32C091FBP6, STM32C091FCP6, STM32C091GBU6, STM32C091GCU6, STM32C091KBT6, STM32C091KBU6, STM32C091KCT6, STM32C091KCU6, STM32C091RBT6, STM32C091RCI6, STM32C091RCT6, STM32C092CBT6, STM32C092CBU6, STM32C092CCT6, STM32C092CCU6, STM32C092ECY6TR, STM32C092FBP6, STM32C092FCP6, STM32C092GBU6, STM32C092GCU6, STM32C092KBT6, STM32C092KBU6, STM32C092KCT6, STM32C092KCU6, STM32C092RBT6, STM32C092RCI6, STM32C092RCT6, STM32G071K8TXN, STM32G071K8UXN, STM32G081GBU6N, STM32G081KBT6N, STM32G081KBUXN, STM32G0B1CCT6N, STM32G0B1KCT6, STM32G0B1NEY6TR, STM32G0B1RCT6N, STM32G0C1CCT6, STM32G0C1CCT6N, STM32G0C1CCU6N, STM32G0C1CET6N, STM32G0C1CEU6N, STM32G0C1KCT6, STM32G0C1NEY6TR, STM32G0C1RCI6N, STM32G0C1RCT6N, STM32G0C1REI6N, STM32G0C1RET6N, STM32G0C1VCI6, STM32G0C1VEI6, STM32G411C6T3, STM32G411C6T6, STM32G411C6U3, STM32G411C6U6, STM32G411C8T3, STM32G411C8T6, STM32G411C8U3, STM32G411C8U6, STM32G411CBT3, STM32G411CBT6, STM32G411CBU3, STM32G411CBU6, STM32G411CCT3, STM32G411CCT6, STM32G411CCU3, STM32G411CCU6, STM32G411K6T3, STM32G411K6T6, STM32G411K6U3, STM32G411K6U6, STM32G411K8T3, STM32G411K8T6, STM32G411K8U3, STM32G411K8U6, STM32G411KBT3, STM32G411KBT6, STM32G411KBU3, STM32G411KBU6, STM32G411M6T3, STM32G411M6T6, STM32G411M8T3, STM32G411M8T6, STM32G411MBT3, STM32G411MBT6, STM32G411MCT3, STM32G411MCT6, STM32G411R6T3, STM32G411R6T6, STM32G411R8T3, STM32G411R8T6, STM32G411RBT3, STM32G411RBT6, STM32G411RCT3, STM32G411RCT6, STM32G414CBT3, STM32G414CBT6, STM32G414CBU3, STM32G414CBU6, STM32G414CCT3, STM32G414CCT6, STM32G414CCU3, STM32G414CCU6, STM32G414MBT3, STM32G414MBT6, STM32G414MCT3, STM32G414MCT6, STM32G414RBT3, STM32G414RBT6, STM32G414RCT3, STM32G414RCT6, STM32G414VBT3, STM32G414VBT6, STM32G414VCT3, STM32G414VCT6, STM32G431CBT3Z, STM32G431RBT3Z, STM32G471CCT6, STM32G471CCU6, STM32G471CET3, STM32G471CET6, STM32G471CEU3, STM32G471CEU6, STM32G471MCT6, STM32G471MET3, STM32G471MET6, STM32G471MEY6TR, STM32G471QCT6, STM32G471QET3, STM32G471RCT6, STM32G471RET3, STM32G471RET6, STM32G471VCH6, STM32G471VCI6, STM32G471VCT6, STM32G471VEH3, STM32G471VEH6, STM32G471VEI3, STM32G471VEI6, STM32G471VET3, STM32G471VET6, STM32G473QET3Z, STM32G473RET3Z, STM32G474CCT6, STM32G491RET3Z, STM32H503CBT6, STM32H503CBU6, STM32H503EBY6TR, STM32H503KBU6, STM32H503RBT6, STM32H523CCT6, STM32H523CCU6, STM32H523CET6, STM32H523CEU6, STM32H523HEY6TR, STM32H523RCT6, STM32H523RET6, STM32H523VCI6, STM32H523VCT6, STM32H523VEI6, STM32H523VET6, STM32H523ZCJ6, STM32H523ZCT6, STM32H523ZEJ6, STM32H523ZET6, STM32H533CET6, STM32H533CEU6, STM32H533HEY6TR, STM32H533RET6, STM32H533VEI6, STM32H533VET6, STM32H533ZEJ6, STM32H533ZET6, STM32H562AGI6, STM32H562AII6, STM32H562IGK6, STM32H562IGT6, STM32H562IIK6, STM32H562IIT6, STM32H562RGT6, STM32H562RGV6, STM32H562RIT6, STM32H562RIV6, STM32H562VGT6, STM32H562VIT6, STM32H562ZGT6, STM32H562ZIT6, STM32H563AGI6, STM32H563AII3Q, STM32H563AII6, STM32H563IGK6, STM32H563IGT6, STM32H563IIK3Q, STM32H563IIK6, STM32H563IIT3Q, STM32H563IIT6, STM32H563MIY3QTR, STM32H563RGT6, STM32H563RGV6, STM32H563RIT6, STM32H563RIV6, STM32H563VGT6, STM32H563VIT3Q, STM32H563VIT6, STM32H563ZGT6, STM32H563ZIT3Q, STM32H563ZIT6, STM32H573AII3Q, STM32H573AII6, STM32H573I-DK, STM32H573IIK3Q, STM32H573IIK6, STM32H573IIT3Q, STM32H573IIT6, STM32H573MIY3QTR, STM32H573RIT6, STM32H573RIV6, STM32H573VIT3Q, STM32H573VIT6, STM32H573ZIT3Q, STM32H573ZIT6, STM32H7R3A8I6, STM32H7R3I8K6, STM32H7R3I8T6, STM32H7R3L8H6, STM32H7R3L8H6H, STM32H7R3R8V6, STM32H7R3V8H6, STM32H7R3V8T6, STM32H7R3V8Y6TR, STM32H7R3Z8J6, STM32H7R3Z8T6, STM32H7R7A8I6, STM32H7R7I8K6, STM32H7R7I8T6, STM32H7R7L8H6, STM32H7R7L8H6H, STM32H7R7Z8J6, STM32H7S3A8I6, STM32H7S3I8K6, STM32H7S3I8T6, STM32H7S3L8H6, STM32H7S3L8H6H, STM32H7S3R8V6, STM32H7S3V8H6, STM32H7S3V8T6, STM32H7S3V8Y6TR, STM32H7S3Z8J6, STM32H7S3Z8T6, STM32H7S78-DK, STM32H7S7A8I6, STM32H7S7I8K6, STM32H7S7I8T6, STM32H7S7L8H6, STM32H7S7L8H6H, STM32H7S7Z8J6, STM32L4R5QGI6STR, STM32MP131AAE3, STM32MP131AAF3, STM32MP131AAG3, STM32MP131CAE3, STM32MP131CAF3, STM32MP131CAG3, STM32MP131DAE7, STM32MP131DAF7, STM32MP131DAG7, STM32MP131FAE7, STM32MP131FAF7, STM32MP131FAG7, STM32MP133AAE3, STM32MP133AAF3, STM32MP133AAG3, STM32MP133CAE3, STM32MP133CAF3, STM32MP133CAG3, STM32MP133DAE7, STM32MP133DAF7, STM32MP133DAG7, STM32MP133FAE7, STM32MP133FAF7, STM32MP133FAG7, STM32MP135AAE3, STM32MP135AAF3, STM32MP135AAG3, STM32MP135CAE3, STM32MP135CAF3, STM32MP135CAG3, STM32MP135DAE7, STM32MP135DAF7, STM32MP135DAG7, STM32MP135F-DK, STM32MP135FAE7, STM32MP135FAF7, STM32MP135FAF7T, STM32MP135FAF7U, STM32MP135FAG7, STM32MP231AAJ3, STM32MP231AAK3, STM32MP231AAL3, STM32MP231CAJ3, STM32MP231CAK3, STM32MP231CAL3, STM32MP231DAJ3, STM32MP231DAK3, STM32MP231DAL3, STM32MP231FAJ3, STM32MP231FAK3, STM32MP231FAL3, STM32MP233AAJ3, STM32MP233AAK3, STM32MP233AAL3, STM32MP233CAJ3, STM32MP233CAK3, STM32MP233CAL3, STM32MP233DAJ3, STM32MP233DAK3, STM32MP233DAL3, STM32MP233FAJ3, STM32MP233FAK3, STM32MP233FAL3, STM32MP235AAJ3, STM32MP235AAK3, STM32MP235AAL3, STM32MP235CAJ3, STM32MP235CAK3, STM32MP235CAL3, STM32MP235DAJ3, STM32MP235DAK3, STM32MP235DAL3, STM32MP235FAJ3, STM32MP235FAK3, STM32MP235FAL3, STM32MP251AAI3, STM32MP251AAJ3, STM32MP251AAK3, STM32MP251AAL3, STM32MP251CAI3, STM32MP251CAJ3, STM32MP251CAK3, STM32MP251CAL3, STM32MP251DAI3, STM32MP251DAJ3, STM32MP251DAK3, STM32MP251DAL3, STM32MP251FAI3, STM32MP251FAJ3, STM32MP251FAK3, STM32MP251FAL3, STM32MP253AAI3, STM32MP253AAJ3, STM32MP253AAK3, STM32MP253AAL3, STM32MP253CAI3, STM32MP253CAJ3, STM32MP253CAK3, STM32MP253CAL3, STM32MP253DAI3, STM32MP253DAJ3, STM32MP253DAK3, STM32MP253DAL3, STM32MP253FAI3, STM32MP253FAJ3, STM32MP253FAK3, STM32MP253FAL3, STM32MP255AAI3, STM32MP255AAJ3, STM32MP255AAK3, STM32MP255AAL3, STM32MP255CAI3, STM32MP255CAJ3, STM32MP255CAK3, STM32MP255CAL3, STM32MP255DAI3, STM32MP255DAJ3, STM32MP255DAK3, STM32MP255DAL3, STM32MP255FAI3, STM32MP255FAJ3, STM32MP255FAK3, STM32MP255FAL3, STM32MP257AAI3, STM32MP257AAJ3, STM32MP257AAK3, STM32MP257AAL3, STM32MP257CAI3, STM32MP257CAJ3, STM32MP257CAK3, STM32MP257CAL3, STM32MP257DAI3, STM32MP257DAJ3, STM32MP257DAK3, STM32MP257DAL3, STM32MP257F-DK, STM32MP257F-EV1, STM32MP257FAI3, STM32MP257FAJ3, STM32MP257FAK3, STM32MP257FAL3, STM32N645A0H3Q, STM32N645B0H3Q, STM32N645I0H3Q, STM32N645L0H3Q, STM32N645X0H3Q, STM32N645Z0H3Q, STM32N647A0H3Q, STM32N647B0H3Q, STM32N647I0H3Q, STM32N647L0H3Q, STM32N647X0H3Q, STM32N647Z0H3Q, STM32N655A0H3Q, STM32N655B0H3Q, STM32N655I0H3Q, STM32N655L0H3Q, STM32N655X0H3Q, STM32N655Z0H3Q, STM32N6570-DK, STM32N657A0H3Q, STM32N657B0H3Q, STM32N657I0H3Q, STM32N657L0H3Q, STM32N657X0H3Q, STM32N657Z0H3Q, STM32U031C6T6, STM32U031C6U6, STM32U031C8T6, STM32U031C8U6, STM32U031F4P6, STM32U031F6P6, STM32U031F8P6, STM32U031G6Y6TR, STM32U031G8Y6TR, STM32U031K4U6, STM32U031K6U6, STM32U031K8U6, STM32U031R6I6, STM32U031R6T6, STM32U031R8I6, STM32U031R8T6, STM32U073C8T6, STM32U073C8U6, STM32U073CBT6, STM32U073CBU6, STM32U073CCT6, STM32U073CCU6, STM32U073H8Y6TR, STM32U073HBY6TR, STM32U073HCY6TR, STM32U073K8U6, STM32U073KBU6, STM32U073KCU6, STM32U073M8I6, STM32U073M8T6, STM32U073MBI6, STM32U073MBT6, STM32U073MCI6, STM32U073MCT6, STM32U073R8I6, STM32U073R8T6, STM32U073RBI6, STM32U073RBT6, STM32U073RCI6, STM32U073RCT6, STM32U083C-DK, STM32U083CCT6, STM32U083CCU6, STM32U083HCY6TR, STM32U083KCU6, STM32U083MCI6, STM32U083MCT6, STM32U083RCI6, STM32U083RCT6, STM32U375CET6, STM32U375CET6Q, STM32U375CEU6, STM32U375CEU6Q, STM32U375CEY6QTR, STM32U375CGT6, STM32U375CGT6Q, STM32U375CGU6, STM32U375CGU6Q, STM32U375CGY6QTR, STM32U375KEU6, STM32U375KGU6, STM32U375REI6, STM32U375REI6Q, STM32U375RET6, STM32U375RET6Q, STM32U375REY6GTR, STM32U375REY6QTR, STM32U375RGI6, STM32U375RGI6Q, STM32U375RGT6, STM32U375RGT6Q, STM32U375RGY6GTR, STM32U375RGY6QTR, STM32U375VEI6, STM32U375VEI6Q, STM32U375VET6, STM32U375VET6Q, STM32U375VGI6, STM32U375VGI6Q, STM32U375VGT6, STM32U375VGT6Q, STM32U385CGT6, STM32U385CGT6Q, STM32U385CGU6, STM32U385CGU6Q, STM32U385CGY6QTR, STM32U385KGU6, STM32U385RGI6, STM32U385RGI6Q, STM32U385RGT6, STM32U385RGT6Q, STM32U385RGY6GTR, STM32U385RGY6QTR, STM32U385VGI6, STM32U385VGI6Q, STM32U385VGT6, STM32U385VGT6Q, STM32U535CBT6, STM32U535CBT6Q, STM32U535CBU6, STM32U535CBU6Q, STM32U535CCT6, STM32U535CCT6Q, STM32U535CCU6, STM32U535CCU6Q, STM32U535CET6, STM32U535CET6Q, STM32U535CEU6, STM32U535CEU6Q, STM32U535JEY6QTR, STM32U535NCY6QTR, STM32U535NEY6QTR, STM32U535RBI6, STM32U535RBI6Q, STM32U535RBT6, STM32U535RBT6Q, STM32U535RCI6, STM32U535RCI6Q, STM32U535RCT6, STM32U535RCT6Q, STM32U535REI6, STM32U535REI6Q, STM32U535RET6, STM32U535RET6Q, STM32U535VCI6, STM32U535VCI6Q, STM32U535VCT6, STM32U535VCT6Q, STM32U535VEI6, STM32U535VEI6Q, STM32U535VET6, STM32U535VET6Q, STM32U545CET6, STM32U545CET6Q, STM32U545CEU6, STM32U545CEU6Q, STM32U545JEY6QTR, STM32U545NEY6QTR, STM32U545REI6, STM32U545REI6Q, STM32U545RET6, STM32U545RET6Q, STM32U545VEI6, STM32U545VEI6Q, STM32U545VET6, STM32U545VET6Q, STM32U595AIH6, STM32U595AIH6Q, STM32U595AJH6, STM32U595AJH6Q, STM32U595QII6, STM32U595QII6Q, STM32U595QJI6, STM32U595QJI6Q, STM32U595RIT6, STM32U595RIT6Q, STM32U595RJT6, STM32U595RJT6Q, STM32U595VIT6, STM32U595VIT6Q, STM32U595VJT6, STM32U595VJT6Q, STM32U595ZIT6, STM32U595ZIT6Q, STM32U595ZIY6QTR, STM32U595ZJT6, STM32U595ZJT6Q, STM32U595ZJY6QTR, STM32U599BJY6QTR, STM32U599NIH6Q, STM32U599NJH6Q, STM32U599VIT6Q, STM32U599VJT6, STM32U599VJT6Q, STM32U599ZIT6Q, STM32U599ZIY6QTR, STM32U599ZJT6Q, STM32U599ZJY6QTR, STM32U5A5AJH6, STM32U5A5AJH6Q, STM32U5A5QII3Q , STM32U5A5QJI6, STM32U5A5QJI6Q, STM32U5A5RJT6, STM32U5A5RJT6Q, STM32U5A5VJT6, STM32U5A5VJT6Q, STM32U5A5ZJT6, STM32U5A5ZJT6Q, STM32U5A5ZJY6QTR, STM32U5A9BJY6QTR, STM32U5A9J-DK, STM32U5A9NJH6Q, STM32U5A9VJT6Q, STM32U5A9ZJT6Q, STM32U5A9ZJY6QTR, STM32U5F7VIT6, STM32U5F7VIT6Q, STM32U5F7VJT6, STM32U5F7VJT6Q, STM32U5F9BJY6QTR, STM32U5F9NJH6Q, STM32U5F9VIT6Q, STM32U5F9VJT6Q, STM32U5F9ZIJ6QTR, STM32U5F9ZIT6Q, STM32U5F9ZJJ6QTR, STM32U5F9ZJT6Q, STM32U5G7VJT6, STM32U5G7VJT6Q, STM32U5G9BJY6QTR, STM32U5G9J-DK1, STM32U5G9J-DK2, STM32U5G9NJH6Q, STM32U5G9VJT6Q, STM32U5G9ZJJ6QTR, STM32U5G9ZJT6Q, STM32WB05KZV6TR, STM32WB05KZV7TR, STM32WB05TZF6TR, STM32WB05TZF7TR, STM32WB06CCF6TR, STM32WB06CCF7TR, STM32WB06CCV6TR, STM32WB06CCV7TR, STM32WB06KCV6TR, STM32WB06KCV7TR, STM32WB07CCF6TR, STM32WB07CCF7TR, STM32WB07CCV6TR, STM32WB07CCV7TR, STM32WB07KCV6TR, STM32WB07KCV7TR, STM32WB09KEV6TR, STM32WB09KEV7TR, STM32WB09TEF6TR, STM32WB09TEF7TR, STM32WB1MMCH6, STM32WBA50KGU6, STM32WBA50KGU6TR, STM32WBA52CEU6, STM32WBA52CEU6TR, STM32WBA52CEU7, STM32WBA52CEU7TR, STM32WBA52CGU6, STM32WBA52CGU6TR, STM32WBA52CGU6U, STM32WBA52CGU7, STM32WBA52CGU7TR, STM32WBA52KEU6, STM32WBA52KEU6TR, STM32WBA52KGU6, STM32WBA52KGU6TR, STM32WBA54CEU6, STM32WBA54CEU6TR, STM32WBA54CEU7, STM32WBA54CEU7TR, STM32WBA54CGU6, STM32WBA54CGU6TR, STM32WBA54CGU7, STM32WBA54CGU7TR, STM32WBA54KEU6, STM32WBA54KEU6TR, STM32WBA54KEU7, STM32WBA54KEU7TR, STM32WBA54KGU6, STM32WBA54KGU6TR, STM32WBA54KGU7, STM32WBA54KGU7TR, STM32WBA55CEU6, STM32WBA55CEU6TR, STM32WBA55CEU7, STM32WBA55CEU7TR, STM32WBA55CGU6, STM32WBA55CGU6TR, STM32WBA55CGU6U, STM32WBA55CGU7, STM32WBA55CGU7TR, STM32WBA55G-DK1, STM32WBA55HEF6, STM32WBA55HEF7, STM32WBA55HGF6, STM32WBA55HGF7, STM32WBA55UEI6, STM32WBA55UEI6TR, STM32WBA55UEI7, STM32WBA55UEI7TR, STM32WBA55UGI6, STM32WBA55UGI6TR, STM32WBA55UGI7, STM32WBA55UGI7TR, STM32WBA5MJGH6TR, STM32WBA5MJGH6U, STM32WL33C8V6, STM32WL33C8V6TR, STM32WL33C8V7, STM32WL33C8V7TR, STM32WL33CBV6, STM32WL33CBV6TR, STM32WL33CBV7, STM32WL33CBV7TR, STM32WL33CCV6, STM32WL33CCV6TR, STM32WL33CCV7, STM32WL33CCV7A, STM32WL33CCV7ATR, STM32WL33CCV7TR, STM32WL33K8V6, STM32WL33K8V6TR, STM32WL33K8V7, STM32WL33K8V7TR, STM32WL33KBV6, STM32WL33KBV6TR, STM32WL33KBV7, STM32WL33KBV7TR, STM32WL33KCV6, STM32WL33KCV6TR, STM32WL33KCV7, STM32WL33KCV7TR, STM32WL5MOCH6, STM32WL5MOCH6TR]
2025-07-06 18:20:38,583 [INFO] BoardInfo:889 - No configuration file found for board NUCLEO-WBA65RI
2025-07-06 18:20:38,587 [INFO] DbBoards:161 - Board is not supported: NUCLEO-WBA65RI
2025-07-06 18:20:38,624 [INFO] BoardInfo:889 - No configuration file found for board P-NUCLEO-WB55
2025-07-06 18:20:38,626 [INFO] DbBoards:161 - Kit is not supported: P-NUCLEO-WB55
2025-07-06 18:20:38,643 [INFO] BoardInfo:889 - No configuration file found for board STEVAL-BFA001V1B
2025-07-06 18:20:38,645 [INFO] DbBoards:161 - Kit is not supported: STEVAL-BFA001V1B
2025-07-06 18:20:38,648 [INFO] BoardInfo:889 - No configuration file found for board STEVAL-BFA001V2B
2025-07-06 18:20:38,652 [INFO] DbBoards:161 - Kit is not supported: STEVAL-BFA001V2B
2025-07-06 18:20:39,283 [INFO] BoardInfo:889 - No configuration file found for board STM32WBA65I-DK1
2025-07-06 18:20:39,288 [INFO] DbBoards:161 - Board is not supported: STM32WBA65I-DK1
2025-07-06 18:20:39,288 [INFO] DbBoards:168 - Found 211 boards, 206 are supported
2025-07-06 18:20:39,288 [INFO] DbBoards:169 - Found 211 boards, 42 of them is supported for  Bsp
2025-07-06 18:20:39,293 [INFO] ApiDb:423 - Load user favorites file C:\Users\Santiago/.stm32cubeide/favorites.boards.txt: 1 item(s)
2025-07-06 18:20:39,293 [INFO] ApiDb:427 - User favorites Boards=[NUCLEO-F103RB]
2025-07-06 18:20:39,293 [INFO] DbBoards:198 - Set 1 / 1 favorites Boards
2025-07-06 18:20:39,343 [INFO] LoadUrlFilesThread:185 - End of LoadServerUrlFiles without Thread
2025-07-06 18:20:39,344 [INFO] TargetSelectorAdapter:259 - Refresh data is successful
2025-07-06 18:20:39,349 [INFO] ApiDb:668 - CubeFinder database Data Model version=2.1
2025-07-06 18:20:39,350 [INFO] ApiDb:669 - CubeFinder database Configuration version=3.0.39
2025-07-06 18:20:39,350 [INFO] ApiDb:670 - CubeFinder database generation date=2025-06-16 (1750072209)
2025-07-06 18:20:39,350 [INFO] ApiDb:671 - CubeFinder database FW Pack versions=[FP-ATR-ASTRA1_V2.0.0, FP-SNS-FLIGHT1_V5.1.0, FP-SNS-MOTENV1_V5.0.0, FP-SNS-MOTENVWB1_V1.4.0, FP-SNS-SMARTAG2_V1.2.0, FP-SNS-STBOX1_V2.0.0, STM32Cube_FW_C0_V1.4.0, STM32Cube_FW_F4_V1.28.2, STM32Cube_FW_F7_V1.17.3, STM32Cube_FW_G0_V1.6.2, STM32Cube_FW_G4_V1.6.1, STM32Cube_FW_H5_V1.5.0, STM32Cube_FW_H7RS_V1.2.0, STM32Cube_FW_H7_V1.12.1, STM32Cube_FW_L0_V1.12.2, STM32Cube_FW_L4_V1.18.1, STM32Cube_FW_L5_V1.5.1, STM32Cube_FW_N6_V1.1.1, STM32Cube_FW_U0_V1.2.0, STM32Cube_FW_U3_V1.1.0, STM32Cube_FW_U5_V1.7.0, STM32Cube_FW_WB0_V1.2.0, STM32Cube_FW_WBA_V1.6.0, STM32Cube_FW_WB_V1.22.0, STM32Cube_FW_WL3_V1.1.0, STM32Cube_FW_WL_V1.3.1, X-CUBE-ALGOBUILD_V1.4.0, X-CUBE-ALS_V1.0.2, X-CUBE-AZRTOS-F4_V1.1.0, X-CUBE-AZRTOS-F7_V1.1.0, X-CUBE-AZRTOS-G0_V1.1.0, X-CUBE-AZRTOS-G4_V2.0.0, X-CUBE-AZRTOS-H7RS_V1.1.0, X-CUBE-AZRTOS-H7_V3.3.0, X-CUBE-AZRTOS-L4_V2.0.0, X-CUBE-AZRTOS-L5_V2.0.0, X-CUBE-AZRTOS-WB_V2.0.0, X-CUBE-AZRTOS-WL_V2.0.0, X-CUBE-BLE1_V7.1.0, X-CUBE-BLE2_V3.3.0, X-CUBE-BLEMGR_V4.0.0, X-CUBE-EEPRMA1_V5.1.0, X-CUBE-FREERTOS_V1.3.1, X-CUBE-GNSS1_V6.0.0, X-CUBE-MEMS1_V11.3.0, X-CUBE-NFC4_V3.0.0, X-CUBE-NFC7_V2.0.0, X-CUBE-SFXS2LP1_V4.0.0, X-CUBE-SUBG2_V5.0.0, X-CUBE-TOF1_V3.4.3]
2025-07-06 18:20:40,403 [ERROR] DbExamplesSqlite:437 - Missing JSON key: board_cpn
2025-07-06 18:20:40,404 [ERROR] DbExamplesSqlite:437 - Missing JSON key: board_cpn
2025-07-06 18:20:40,404 [ERROR] DbExamplesSqlite:437 - Missing JSON key: board_cpn
2025-07-06 18:20:40,405 [ERROR] DbExamplesSqlite:437 - Missing JSON key: board_cpn
2025-07-06 18:20:40,580 [ERROR] DbExamplesSqlite:437 - Missing JSON key: board_cpn
2025-07-06 18:20:40,580 [ERROR] DbExamplesSqlite:437 - Missing JSON key: board_cpn
2025-07-06 18:20:40,580 [ERROR] DbExamplesSqlite:437 - Missing JSON key: board_cpn
2025-07-06 18:20:40,580 [ERROR] DbExamplesSqlite:437 - Missing JSON key: board_cpn
2025-07-06 18:20:40,581 [ERROR] DbExamplesSqlite:437 - Missing JSON key: board_cpn
2025-07-06 18:20:40,581 [ERROR] DbExamplesSqlite:437 - Missing JSON key: board_cpn
2025-07-06 18:20:40,581 [ERROR] DbExamplesSqlite:437 - Missing JSON key: board_cpn
2025-07-06 18:20:40,581 [ERROR] DbExamplesSqlite:437 - Missing JSON key: board_cpn
2025-07-06 18:20:40,582 [ERROR] DbExamplesSqlite:437 - Missing JSON key: board_cpn
2025-07-06 18:20:40,850 [ERROR] DbExamplesSqlite:437 - Missing JSON key: board_cpn
2025-07-06 18:20:40,874 [INFO] DbExamplesSqlite:395 - Ignored 46 examples not supported by CubeIDE
2025-07-06 18:20:40,874 [INFO] DbExamplesSqlite:396 - Found 10825 examples active
2025-07-06 18:20:40,875 [INFO] DbExamplesSqlite:397 - Found 0 examples obsolete
2025-07-06 18:20:40,875 [INFO] DbExamplesSqlite:398 - Found 0 examples under development
2025-07-06 18:20:40,875 [INFO] DbExamplesSqlite:399 - Found 79 examples not building
2025-07-06 18:20:40,879 [INFO] DbExamples:125 - Found 10858 examples
2025-07-06 18:20:40,914 [ERROR] DbExamples:208 - Found 3 examples with invalid data (board or MCU)
2025-07-06 18:20:40,915 [INFO] DbExamples:222 - Found 133 boards with related examples
2025-07-06 18:20:40,917 [INFO] DbExamples:235 - Found 109 MCUs with related examples
2025-07-06 18:20:40,969 [INFO] ApiDb:423 - Load user favorites file C:\Users\Santiago/.stm32cubeide/favorites.examples.txt: 0 item(s)
2025-07-06 18:20:40,970 [INFO] ApiDb:427 - User favorites Examples=[]
2025-07-06 18:20:40,970 [INFO] DbExamples:250 - Set 0 / 0 favorites Examples
2025-07-06 18:20:41,079 [INFO] McuFinderGlobals:76 - Set McuFinderConnectedMode to true
2025-07-06 18:20:41,086 [INFO] MultiScanPanel:200 - Auto-refresh data requested => check proxy status ongoing
2025-07-06 18:20:41,087 [INFO] FinderPluginLoader:95 - Searching for filters in installed packs
2025-07-06 18:20:43,341 [INFO] LoadUrlFilesThread:185 - End of LoadServerUrlFiles without Thread
2025-07-06 18:20:43,342 [INFO] DetailPanel:341 - Set advertising image to C:/Users/Santiago/STM32Cube/Repository/\en.cubemxfinderstm32wba6.jpg
2025-07-06 18:20:58,377 [INFO] MultiScanPanel:200 - Auto-refresh data requested => check proxy status ongoing
2025-07-06 18:20:58,523 [INFO] LoadUrlFilesThread:185 - End of LoadServerUrlFiles without Thread
2025-07-06 18:20:58,524 [INFO] DetailPanel:341 - Set advertising image to C:/Users/Santiago/STM32Cube/Repository/\en.cubemxfinderstm32wba6.jpg
2025-07-06 18:20:58,537 [INFO] DbBoards:642 - Loading board mini-images...
2025-07-06 18:21:01,383 [INFO] DbBoards:665 - Loaded 211 board mini-images
2025-07-06 18:21:10,044 [INFO] BoardResultTable:719 - Unmark Board NUCLEO-F103RB as favorite
2025-07-06 18:21:12,473 [INFO] BoardResultTable:719 - Mark Board NUCLEO-F103RB as favorite
2025-07-06 18:21:23,205 [INFO] MainUpdater:2872 - connection check result : 10
2025-07-06 18:21:23,206 [INFO] MainUpdater:2872 - connection check result : 10
2025-07-06 18:21:23,437 [INFO] MicroXplorer:468 - Change Database Path : 
2025-07-06 18:21:23,437 [INFO] MicroXplorer:498 - Change Database Version : DB.6.0.130
2025-07-06 18:21:23,535 [ERROR] ProjectManagerView:394 - 
java.lang.NullPointerException: Cannot invoke "javax.swing.JTextField.getText()" because the return value of "java.util.List.get(int)" is null
	at com.st.microxplorer.plugins.projectmanager.gui.ProjectChoiceTab$9.caretUpdate(ProjectChoiceTab.java:2616) ~[filemanager.jar:?]
	at javax.swing.text.JTextComponent.fireCaretUpdate(JTextComponent.java:408) ~[?:?]
	at javax.swing.text.JTextComponent$MutableCaretEvent.fire(JTextComponent.java:4484) ~[?:?]
	at javax.swing.text.JTextComponent$MutableCaretEvent.stateChanged(JTextComponent.java:4506) ~[?:?]
	at javax.swing.text.DefaultCaret.fireStateChanged(DefaultCaret.java:857) ~[?:?]
	at javax.swing.text.DefaultCaret.changeCaretPosition(DefaultCaret.java:1343) ~[?:?]
	at javax.swing.text.DefaultCaret.handleSetDot(DefaultCaret.java:1242) ~[?:?]
	at javax.swing.text.DefaultCaret.setDot(DefaultCaret.java:1223) ~[?:?]
	at javax.swing.text.DefaultCaret$Handler.insertUpdate(DefaultCaret.java:1819) ~[?:?]
	at javax.swing.text.AbstractDocument.fireInsertUpdate(AbstractDocument.java:227) ~[?:?]
	at javax.swing.text.AbstractDocument.handleInsertString(AbstractDocument.java:781) ~[?:?]
	at javax.swing.text.AbstractDocument.insertString(AbstractDocument.java:740) ~[?:?]
	at javax.swing.text.PlainDocument.insertString(PlainDocument.java:131) ~[?:?]
	at javax.swing.text.AbstractDocument.replace(AbstractDocument.java:699) ~[?:?]
	at javax.swing.text.JTextComponent.setText(JTextComponent.java:1725) ~[?:?]
	at com.st.microxplorer.plugins.projectmanager.gui.ProjectChoiceTab.createHeapStackFields(ProjectChoiceTab.java:975) ~[filemanager.jar:?]
	at com.st.microxplorer.plugins.projectmanager.gui.ProjectChoiceTab.buildLinkSettingsPanel(ProjectChoiceTab.java:3666) ~[filemanager.jar:?]
	at com.st.microxplorer.plugins.projectmanager.gui.ProjectChoiceTab.defineWindowsFields(ProjectChoiceTab.java:1934) ~[filemanager.jar:?]
	at com.st.microxplorer.plugins.projectmanager.gui.ProjectChoiceTab.updateSettings(ProjectChoiceTab.java:553) ~[filemanager.jar:?]
	at com.st.microxplorer.plugins.projectmanager.gui.ProjectSettingsPanel.UpdateDialog(ProjectSettingsPanel.java:245) ~[filemanager.jar:?]
	at com.st.microxplorer.plugins.projectmanager.ProjectManagerView.propertyChange(ProjectManagerView.java:391) ~[filemanager.jar:?]
	at java.beans.PropertyChangeSupport.fire(PropertyChangeSupport.java:343) ~[?:?]
	at java.beans.PropertyChangeSupport.firePropertyChange(PropertyChangeSupport.java:335) ~[?:?]
	at java.beans.PropertyChangeSupport.firePropertyChange(PropertyChangeSupport.java:268) ~[?:?]
	at com.st.microxplorer.util.MXPropertyChangeSupport.firePropertyChange(MXPropertyChangeSupport.java:54) ~[STM32CubeMX.jar:?]
	at com.st.microxplorer.mxsystem.MxSystem.closeConfig(MxSystem.java:899) ~[STM32CubeMX.jar:?]
	at com.st.microxplorer.maingui.MainPanel.closeConfig(MainPanel.java:789) ~[STM32CubeMX.jar:?]
	at com.st.microxplorer.plugins.filemanager.engine.OpenFileManager.loadConfigurationFile(OpenFileManager.java:265) ~[filemanager.jar:?]
	at com.st.microxplorer.plugins.filemanager.engine.MainFileManager.userLoadConfig(MainFileManager.java:340) ~[filemanager.jar:?]
	at com.st.microxplorer.plugins.filemanager.FileManagerView.getSpecificTask(FileManagerView.java:250) ~[filemanager.jar:?]
	at com.st.stm32cube.common.mx.editor.CubeMxEditor.getMxTabbedPaneInstance(CubeMxEditor.java:1191) ~[com.st.stm32cube.common.mx_6.13.0.202411220809/:?]
	at com.st.stm32cube.common.mx.editor.CubeMxEditor$12$1.createSwingComponent(CubeMxEditor.java:1068) ~[com.st.stm32cube.common.mx_6.13.0.202411220809/:?]
	at com.st.stm32cube.common.mx.oss.core.awtswtbridge.EmbeddedSwingComposite.doComponentCreation(EmbeddedSwingComposite.java:492) ~[com.st.stm32cube.common.mx.oss_6.13.0.202411220809/:?]
	at com.st.stm32cube.common.mx.oss.core.awtswtbridge.EmbeddedSwingComposite$4.run(EmbeddedSwingComposite.java:291) ~[com.st.stm32cube.common.mx.oss_6.13.0.202411220809/:?]
	at com.st.stm32cube.common.mx.oss.core.awtswtbridge.AwtEnvironment$2.run(AwtEnvironment.java:166) ~[com.st.stm32cube.common.mx.oss_6.13.0.202411220809/:?]
	at java.awt.event.InvocationEvent.dispatch(InvocationEvent.java:318) ~[?:?]
	at java.awt.EventQueue.dispatchEventImpl(EventQueue.java:773) ~[?:?]
	at java.awt.EventQueue$4.run(EventQueue.java:720) ~[?:?]
	at java.awt.EventQueue$4.run(EventQueue.java:714) ~[?:?]
	at java.security.AccessController.doPrivileged(AccessController.java:400) ~[?:?]
	at java.security.ProtectionDomain$JavaSecurityAccessImpl.doIntersectionPrivilege(ProtectionDomain.java:87) ~[?:?]
	at java.awt.EventQueue.dispatchEvent(EventQueue.java:742) ~[?:?]
	at java.awt.EventDispatchThread.pumpOneEventForFilters(EventDispatchThread.java:203) ~[?:?]
	at java.awt.EventDispatchThread.pumpEventsForFilter(EventDispatchThread.java:124) ~[?:?]
	at java.awt.EventDispatchThread.pumpEventsForHierarchy(EventDispatchThread.java:113) ~[?:?]
	at java.awt.EventDispatchThread.pumpEvents(EventDispatchThread.java:109) ~[?:?]
	at java.awt.EventDispatchThread.pumpEvents(EventDispatchThread.java:101) ~[?:?]
	at java.awt.EventDispatchThread.run(EventDispatchThread.java:90) ~[?:?]
2025-07-06 18:21:23,555 [WARN] ThirdParty:871 - waiting for thirdparty lock release [close project]
2025-07-06 18:21:23,556 [INFO] ThirdParty:873 - entering critical section [close project]
2025-07-06 18:21:23,556 [INFO] ThirdParty:883 - exiting critical section [close project]
2025-07-06 18:21:23,561 [INFO] PinOutPanel:1589 - setPackage(No Configuration,No Configuration)
2025-07-06 18:21:23,580 [INFO] UtilMem:75 - Begin LoadConfig() Used Memory: 713829424 Bytes (1008730112)
2025-07-06 18:21:23,582 [INFO] OpenFileManager:332 - Change cursor
2025-07-06 18:21:23,674 [INFO] RulesReader:64 - Compatibility file has been processed (297 Rules)
2025-07-06 18:21:23,705 [INFO] ProjectFactory:442 - No CPN specified for board NUCLEO-F103RB => set CPN to STM32F103RBT6
2025-07-06 18:21:23,705 [INFO] Mcu:2035 - Initializing MCU STM32F103R(8-B)Tx STM32F103RBTx STM32F103RBT6
2025-07-06 18:21:25,425 [INFO] Context:748 - Trying to add GPIOservice into a context  which must be forbidden
2025-07-06 18:21:25,759 [INFO] Rule:228 - rule 117617 - U5Cobra4M][GTZC] default value MPCBB3 and MPCBB5 - Not Secured memory - MPCBB1 is applicable
2025-07-06 18:21:25,760 [INFO] Rule:228 - rule 117617 - U5Cobra4M][GTZC] default value MPCBB3 and MPCBB5 - Not Secured memory - MPCBB1 is applicable
2025-07-06 18:21:25,760 [INFO] Rule:228 - rule 117617 - U5Cobra4M][GTZC] default value MPCBB3 and MPCBB5 - Not Secured memory - MPCBB2 is applicable
2025-07-06 18:21:25,760 [INFO] Rule:228 - rule 117617 - U5Cobra4M][GTZC] default value MPCBB3 and MPCBB5 - Not Secured memory - MPCBB2 is applicable
2025-07-06 18:21:25,760 [INFO] Rule:228 - rule 117617 - U5Cobra4M][GTZC] default value MPCBB3 and MPCBB5 - Not Secured memory - MPCBB3 is applicable
2025-07-06 18:21:25,760 [INFO] Rule:228 - rule 117617 - U5Cobra4M][GTZC] default value MPCBB3 and MPCBB5 - Not Secured memory - MPCBB3 is applicable
2025-07-06 18:21:25,760 [INFO] Rule:228 - rule 117617 - U5Cobra4M][GTZC] default value MPCBB3 and MPCBB5 - Not Secured memory - MPCBB4 is applicable
2025-07-06 18:21:25,760 [INFO] Rule:228 - rule 117617 - U5Cobra4M][GTZC] default value MPCBB3 and MPCBB5 - Not Secured memory - MPCBB4 is applicable
2025-07-06 18:21:25,761 [INFO] Rule:228 - rule 117617 - U5Cobra4M][GTZC] default value MPCBB3 and MPCBB5 - Secured memory - MPCBB1 is applicable
2025-07-06 18:21:25,761 [INFO] Rule:228 - rule 117617 - U5Cobra4M][GTZC] default value MPCBB3 and MPCBB5 - Secured memory - MPCBB2 is applicable
2025-07-06 18:21:25,761 [INFO] Rule:228 - rule 117617 - U5Cobra4M][GTZC] default value MPCBB3 and MPCBB5 - Secured memory - MPCBB3 is applicable
2025-07-06 18:21:25,761 [INFO] Rule:228 - rule 117617 - U5Cobra4M][GTZC] default value MPCBB3 and MPCBB5 - Secured memory - MPCBB4 is applicable
2025-07-06 18:21:25,761 [INFO] Rule:228 - rule 117617 - U5Cobra4M][GTZC] default value MPCBB3 and MPCBB5 - Privileged memory - MPCBB1 is applicable
2025-07-06 18:21:25,761 [INFO] Rule:228 - rule 117617 - U5Cobra4M][GTZC] default value MPCBB3 and MPCBB5 - Privileged memory - MPCBB2 is applicable
2025-07-06 18:21:25,761 [INFO] Rule:228 - rule 117617 - U5Cobra4M][GTZC] default value MPCBB3 and MPCBB5 - Privileged memory - MPCBB3 is applicable
2025-07-06 18:21:25,761 [INFO] Rule:228 - rule 117617 - U5Cobra4M][GTZC] default value MPCBB3 and MPCBB5 - Privileged memory - MPCBB4 is applicable
2025-07-06 18:21:25,761 [INFO] Rule:228 - rule 117617 - U5Cobra4M][GTZC] default value MPCBB3 and MPCBB5 - Not Privileged memory - MPCBB1 is applicable
2025-07-06 18:21:25,762 [INFO] Rule:228 - rule 117617 - U5Cobra4M][GTZC] default value MPCBB3 and MPCBB5 - Not Privileged memory - MPCBB2 is applicable
2025-07-06 18:21:25,762 [INFO] Rule:228 - rule 117617 - U5Cobra4M][GTZC] default value MPCBB3 and MPCBB5 - Not Privileged memory - MPCBB3 is applicable
2025-07-06 18:21:25,762 [INFO] Rule:228 - rule 117617 - U5Cobra4M][GTZC] default value MPCBB3 and MPCBB5 - Not Privileged memory - MPCBB4 is applicable
2025-07-06 18:21:25,762 [INFO] Rule:228 - rule 117617 - U5Cobra4M][GTZC] default value MPCBB3 and MPCBB5 - Privileged memory - MPCBB1 is applicable
2025-07-06 18:21:25,764 [INFO] Rule:228 - rule 117617 - U5Cobra4M][GTZC] default value MPCBB3 and MPCBB5 - Privileged memory - MPCBB2 is applicable
2025-07-06 18:21:25,765 [INFO] Rule:228 - rule 117617 - U5Cobra4M][GTZC] default value MPCBB3 and MPCBB5 - Privileged memory - MPCBB3 is applicable
2025-07-06 18:21:25,765 [INFO] Rule:228 - rule 117617 - U5Cobra4M][GTZC] default value MPCBB3 and MPCBB5 - Privileged memory - MPCBB4 is applicable
2025-07-06 18:21:25,765 [INFO] Rule:228 - rule 117617 - U5Cobra4M][GTZC] default value MPCBB3 and MPCBB5 - Privileged memory - MPCBB1 is applicable
2025-07-06 18:21:25,765 [INFO] Rule:228 - rule 117617 - U5Cobra4M][GTZC] default value MPCBB3 and MPCBB5 - Privileged memory - MPCBB2 is applicable
2025-07-06 18:21:25,765 [INFO] Rule:228 - rule 117617 - U5Cobra4M][GTZC] default value MPCBB3 and MPCBB5 - Privileged memory - MPCBB3 is applicable
2025-07-06 18:21:25,765 [INFO] Rule:228 - rule 117617 - U5Cobra4M][GTZC] default value MPCBB3 and MPCBB5 - Privileged memory - MPCBB4 is applicable
2025-07-06 18:21:25,765 [INFO] Rule:228 - rule 117617 - U5Cobra4M][GTZC] default value MPCBB3 and MPCBB5 - Not Privileged memory - MPCBB1 is applicable
2025-07-06 18:21:25,765 [INFO] Rule:228 - rule 117617 - U5Cobra4M][GTZC] default value MPCBB3 and MPCBB5 - Not Privileged memory - MPCBB2 is applicable
2025-07-06 18:21:25,765 [INFO] Rule:228 - rule 117617 - U5Cobra4M][GTZC] default value MPCBB3 and MPCBB5 - Not Privileged memory - MPCBB3 is applicable
2025-07-06 18:21:25,765 [INFO] Rule:228 - rule 117617 - U5Cobra4M][GTZC] default value MPCBB3 and MPCBB5 - Not Privileged memory - MPCBB4 is applicable
2025-07-06 18:21:25,765 [INFO] Rule:228 - rule 117617 - U5Cobra4M][GTZC] default value MPCBB3 and MPCBB5 - Privileged memory - MPCBB1 is applicable
2025-07-06 18:21:25,765 [INFO] Rule:228 - rule 117617 - U5Cobra4M][GTZC] default value MPCBB3 and MPCBB5 - Privileged memory - MPCBB2 is applicable
2025-07-06 18:21:25,766 [INFO] Rule:228 - rule 117617 - U5Cobra4M][GTZC] default value MPCBB3 and MPCBB5 - Privileged memory - MPCBB3 is applicable
2025-07-06 18:21:25,766 [INFO] Rule:228 - rule 117617 - U5Cobra4M][GTZC] default value MPCBB3 and MPCBB5 - Privileged memory - MPCBB4 is applicable
2025-07-06 18:21:25,766 [INFO] Rule:228 - rule Rename SubGHz_Phy SUBGHZ_APPLICATION SUBGHZ_PINGPONG to SUBGHZ_ADV_APPLICATION is applicable
2025-07-06 18:21:25,766 [INFO] Rule:228 - rule Rename Enabled to IBEACON is applicable
2025-07-06 18:21:25,766 [INFO] Rule:228 - rule GTZC_S instance for project manager is applicable
2025-07-06 18:21:25,766 [INFO] Rule:228 - rule GTZC_S instance for context M33S is applicable
2025-07-06 18:21:25,766 [INFO] Rule:228 - rule GTZC_S instance value for IP GTZC is applicable
2025-07-06 18:21:25,766 [INFO] Rule:228 - rule GTZC_S instance for mcu.IP is applicable
2025-07-06 18:21:25,767 [INFO] Rule:228 - rule GTZC_S instance for VP is applicable
2025-07-06 18:21:25,767 [INFO] Rule:228 - rule GTZC_S instance for signal is applicable
2025-07-06 18:21:25,767 [INFO] Rule:228 - rule GTZC_S instance for mcu.Pin is applicable
2025-07-06 18:21:25,767 [INFO] Rule:228 - rule GTZC_S instance for VP is applicable
2025-07-06 18:21:25,767 [INFO] Rule:228 - rule GTZC_S instance for signal is applicable
2025-07-06 18:21:25,767 [INFO] Rule:228 - rule GTZC_S instance for mcu is applicable
2025-07-06 18:21:25,767 [INFO] Rule:228 - rule GTZC_S instance for mcu.Pin is applicable
2025-07-06 18:21:25,767 [INFO] Rule:228 - rule GTZC_S instance value for IP GTZC is applicable
2025-07-06 18:21:25,767 [INFO] Rule:228 - rule GTZC_S instance for project manager is applicable
2025-07-06 18:21:25,768 [INFO] Rule:228 - rule GTZC_S instance for context M33S is applicable
2025-07-06 18:21:25,768 [INFO] Rule:228 - rule GTZC_S instance for VP is applicable
2025-07-06 18:21:25,768 [INFO] Rule:228 - rule GTZC_S instance for signal is applicable
2025-07-06 18:21:25,768 [INFO] Rule:228 - rule SPDIFRX instance for mcu is applicable
2025-07-06 18:21:25,768 [INFO] Rule:228 - rule Rename Tracer Mode is applicable
2025-07-06 18:21:25,768 [INFO] Rule:228 - rule SPDIFRX instance value for IP SPDIFRX is applicable
2025-07-06 18:21:25,768 [INFO] Rule:228 - rule SPDIFRX instance for signal is applicable
2025-07-06 18:21:25,768 [INFO] Rule:228 - rule SPDIFRX instance for project manager is applicable
2025-07-06 18:21:25,768 [INFO] Rule:228 - rule SPDIFRX instance for project manager is applicable
2025-07-06 18:21:25,768 [INFO] Rule:228 - rule ADC Scan  fix with FW F7 is applicable
2025-07-06 18:21:25,769 [INFO] Rule:228 - rule ADC Scan  fix with FW F7 is applicable
2025-07-06 18:21:25,769 [INFO] Rule:228 - rule WakeUp0 Mode is applicable
2025-07-06 18:21:25,769 [INFO] Rule:228 - rule WakeUp0 SIGNAL is applicable
2025-07-06 18:21:25,769 [INFO] Rule:228 - rule WakeUp1 Mode is applicable
2025-07-06 18:21:25,769 [INFO] Rule:228 - rule WakeUp1 SIGNAL is applicable
2025-07-06 18:21:25,769 [INFO] Rule:228 - rule WakeUp2 Mode is applicable
2025-07-06 18:21:25,769 [INFO] Rule:228 - rule WakeUp2 SIGNAL is applicable
2025-07-06 18:21:25,770 [INFO] Rule:228 - rule WakeUp4 Mode is applicable
2025-07-06 18:21:25,770 [INFO] Rule:228 - rule WakeUp4 SIGNAL is applicable
2025-07-06 18:21:25,770 [INFO] Rule:228 - rule WakeUp5 Mode is applicable
2025-07-06 18:21:25,770 [INFO] Rule:228 - rule WakeUp5 SIGNAL is applicable
2025-07-06 18:21:25,770 [INFO] Rule:228 - rule UART/USART WORD LENGTH 7 is applicable
2025-07-06 18:21:25,770 [INFO] Rule:228 - rule UART/USART WORD LENGTH 8 is applicable
2025-07-06 18:21:25,770 [INFO] Rule:228 - rule UART/USART WORD LENGTH 9 is applicable
2025-07-06 18:21:25,771 [INFO] Rule:228 - rule Change Default Value for LSE Drive Capability for WB family is applicable
2025-07-06 18:21:25,771 [INFO] Rule:228 - rule Change Default Value for ADC Clock Prescaler G0 family is applicable
2025-07-06 18:21:25,771 [INFO] Rule:228 - rule ADC SamplingTime fix with FW L0  is applicable
2025-07-06 18:21:25,771 [INFO] Rule:228 - rule ADC SamplingTime fix with FW L0  is applicable
2025-07-06 18:21:25,771 [INFO] Rule:228 - rule ADC SamplingTime fix with FW L0 is applicable
2025-07-06 18:21:25,771 [INFO] Rule:228 - rule ADC SamplingTime fix with FW L0 is applicable
2025-07-06 18:21:25,772 [INFO] Rule:228 - rule ADC SamplingTime fix with FW L0  is applicable
2025-07-06 18:21:25,772 [INFO] Rule:228 - rule ADC SamplingTime fix with FW L0 is applicable
2025-07-06 18:21:25,772 [INFO] Rule:228 - rule Rename USB_OE Signal is applicable
2025-07-06 18:21:25,772 [INFO] Rule:228 - rule Rename Activate_OE Mode is applicable
2025-07-06 18:21:25,772 [INFO] Rule:228 - rule Rename DIE462/DIE415 pin PC14/OSC32_IN -> PC14-OSC32_IN (PC14) is applicable
2025-07-06 18:21:25,772 [INFO] Rule:228 - rule Rename DIE462/DIE415 pin PC15/OSC32_OUT -> PC15-OSC32_OUT (PC15) is applicable
2025-07-06 18:21:25,772 [INFO] Rule:228 - rule Rename DIE462/DIE415 pin PH0/OSC_IN -> PH0-OSC_IN (PH0) is applicable
2025-07-06 18:21:25,772 [INFO] Rule:228 - rule Rename DIE462/DIE415 pin PH1/OSC_OUT -> PH1-OSC_OUT (PH1) is applicable
2025-07-06 18:21:25,772 [INFO] Rule:228 - rule Rename DIE462 pin PA13 -> PA13 (JTMS/SWDIO) is applicable
2025-07-06 18:21:25,772 [INFO] Rule:228 - rule Rename DIE415 pin PA13 -> PA13 (JTMS/SWDIO) is applicable
2025-07-06 18:21:25,773 [INFO] Rule:228 - rule Rename DIE462 pin PA14 -> PA14 (JTCK/SWCLK) is applicable
2025-07-06 18:21:25,773 [INFO] Rule:228 - rule Rename DIE415 pin PA14 -> PA14 (JTCK/SWCLK) is applicable
2025-07-06 18:21:25,773 [INFO] Rule:228 - rule Rename DIE462/DIE415 pin PA15 -> PA15 (JTDI) is applicable
2025-07-06 18:21:25,773 [INFO] Rule:228 - rule Rename DIE462 pin PB3 -> PB3 (JTD0/TRACESWO) is applicable
2025-07-06 18:21:25,773 [INFO] Rule:228 - rule Rename DIE415 pin PB3 -> PB3 (JTD0-TRACESWO) is applicable
2025-07-06 18:21:25,773 [INFO] Rule:228 - rule Rename DIE462/DIE415 pin PB4 -> PB4 (NJTRST) is applicable
2025-07-06 18:21:25,773 [INFO] Rule:228 - rule Rename DIE462 pin PH3/BOOT0 -> PH3-BOOT0 (BOOT0) is applicable
2025-07-06 18:21:25,773 [INFO] Rule:228 - rule Rename CRYP DataEncryptionTypesList to Algorithm is applicable
2025-07-06 18:21:25,773 [INFO] Rule:228 - rule Rename AES DataEncryptionTypesList to Algorithm is applicable
2025-07-06 18:21:25,773 [INFO] Rule:228 - rule Rename TDESECB to CRYP_TDES_ECB is applicable
2025-07-06 18:21:25,773 [INFO] Rule:228 - rule Rename TDESCBC to CRYP_TDES_CBC is applicable
2025-07-06 18:21:25,774 [INFO] Rule:228 - rule Rename DESECB to CRYP_DES_ECB is applicable
2025-07-06 18:21:25,774 [INFO] Rule:228 - rule Rename DESCBC to CRYP_DES_CBC is applicable
2025-07-06 18:21:25,774 [INFO] Rule:228 - rule Rename AESECB to CRYP_AES_ECB is applicable
2025-07-06 18:21:25,774 [INFO] Rule:228 - rule Rename AESCBC to CRYP_AES_CBC is applicable
2025-07-06 18:21:25,774 [INFO] Rule:228 - rule Rename AESCTR to CRYP_AES_CTR is applicable
2025-07-06 18:21:25,774 [INFO] Rule:228 - rule Rename AESGCM to CRYP_AES_GCM is applicable
2025-07-06 18:21:25,774 [INFO] Rule:228 - rule Rename AESCCM to CRYP_AES_CCM is applicable
2025-07-06 18:21:25,774 [INFO] Rule:228 - rule Rename CAN TimeSeg1 to BS1 is applicable
2025-07-06 18:21:25,774 [INFO] Rule:228 - rule Rename CAN TimeSeg2 to BS2 is applicable
2025-07-06 18:21:25,774 [INFO] Rule:228 - rule Rename CAN SyncJumpWidth to SJW is applicable
2025-07-06 18:21:25,774 [INFO] Rule:228 - rule TimeTriggeredMode to TTCM is applicable
2025-07-06 18:21:25,774 [INFO] Rule:228 - rule Rename CAN AutoBusOff to ABOM is applicable
2025-07-06 18:21:25,775 [INFO] Rule:228 - rule Rename CAN AutoWakeUp to AWUM is applicable
2025-07-06 18:21:25,775 [INFO] Rule:228 - rule Rename CAN AutoRetransmission to NART is applicable
2025-07-06 18:21:25,775 [INFO] Rule:228 - rule Rename CAN ReceiveFifoLocked to RFLM is applicable
2025-07-06 18:21:25,775 [INFO] Rule:228 - rule Rename CAN TransmitFifoPriority to TXFP is applicable
2025-07-06 18:21:25,775 [INFO] Rule:228 - rule Rename HRTIMER HRTIM_OUTPUTFAULTLEVEL_HIGH in HRTIMER HRTIM_OUTPUTFAULTLEVEL_HIGHZ is applicable
2025-07-06 18:21:25,775 [INFO] Rule:228 - rule Rename TIMER TIM_CLEARINPUTSOURCE_OCREFCLR in  TIMER TIM_CLEARINPUTSOURCE_NONE for F7 family is applicable
2025-07-06 18:21:25,775 [INFO] Rule:228 - rule FDCAN_R1 - Rename FDCAN mode Master into Classic is applicable
2025-07-06 18:21:25,775 [INFO] Rule:228 - rule FDCAN_R2 - Rename FDCAN mode Slave into Classic is applicable
2025-07-06 18:21:25,775 [INFO] Rule:228 - rule FDCAN1_R3 - if PA10.Mode=FullDuplex, add Pin PA12 is applicable
2025-07-06 18:21:25,775 [INFO] Rule:228 - rule FDCAN1_R3 - if PA9.Mode=FullDuplex, add Pin PA11 is applicable
2025-07-06 18:21:25,775 [INFO] Rule:228 - rule FDCAN1_R3 - Alternatepin_1 - if PE1.Mode=FullDuplex, add Pin PB9 is applicable
2025-07-06 18:21:25,776 [INFO] Rule:228 - rule FDCAN1_R3 - Alternatepin_1 - if PE0.Mode=FullDuplex, add Pin PB8 is applicable
2025-07-06 18:21:25,776 [INFO] Rule:228 - rule FDCAN1_R3 - Alternatepin_2 - if PD5.Mode=FullDuplex, add Pin PD1 is applicable
2025-07-06 18:21:25,776 [INFO] Rule:228 - rule FDCAN1_R3 - Alternatepin_2 - if PD4.Mode=FullDuplex, add Pin PD0 is applicable
2025-07-06 18:21:25,776 [INFO] Rule:228 - rule FDCAN1_R4 - Rename Mode FullDuplex into Enable FDCAN_TXFD for pin PA10 is applicable
2025-07-06 18:21:25,776 [INFO] Rule:228 - rule FDCAN1_R4 - Rename Mode FullDuplex into Enable FDCAN_TXFD for pin PA9 is applicable
2025-07-06 18:21:25,776 [INFO] Rule:228 - rule FDCAN1_R4 - Alternatepin_1 - Rename Mode FullDuplex into Enable FDCAN_TXFD for pin PE1 is applicable
2025-07-06 18:21:25,776 [INFO] Rule:228 - rule FDCAN1_R4 - Alternatepin_1 - Rename Mode FullDuplex into Enable FDCAN_TXFD for pin PE0 is applicable
2025-07-06 18:21:25,776 [INFO] Rule:228 - rule FDCAN1_R4 - Alternatepin_2 - Rename Mode FullDuplex into Enable FDCAN_TXFD for pin PD5 is applicable
2025-07-06 18:21:25,776 [INFO] Rule:228 - rule FDCAN1_R4 - Alternatepin_2 - Rename Mode FullDuplex into Enable FDCAN_TXFD for pin PD4 is applicable
2025-07-06 18:21:25,776 [INFO] Rule:228 - rule FDCAN2_R3 - if PD10.Mode=FullDuplex, add Pin PB13 is applicable
2025-07-06 18:21:25,777 [INFO] Rule:228 - rule FDCAN2_R3 - if PD9.Mode=FullDuplex, add Pin PB12 is applicable
2025-07-06 18:21:25,777 [INFO] Rule:228 - rule FDCAN2_R3 - Alternatepin_1 - if PB7.Mode=FullDuplex, add Pin PB6 is applicable
2025-07-06 18:21:25,777 [INFO] Rule:228 - rule FDCAN2_R3 - Alternatepin_1 - if PD9.Mode=FullDuplex, add Pin PB12 is applicable
2025-07-06 18:21:25,777 [INFO] Rule:228 - rule FDCAN2_R4 - Rename Mode FullDuplex into Enable FDCAN_TXFD for pin PD10 is applicable
2025-07-06 18:21:25,777 [INFO] Rule:228 - rule FDCAN2_R4 - Rename Mode FullDuplex into Enable FDCAN_TXFD for pin PD9 is applicable
2025-07-06 18:21:25,777 [INFO] Rule:228 - rule FDCAN2_R4 - Alternatepin_1 - Rename Mode FullDuplex into Enable FDCAN_TXFD for pin PB7 is applicable
2025-07-06 18:21:25,777 [INFO] Rule:228 - rule FDCAN2_R4 - Alternatepin_1 - Rename Mode FullDuplex into Enable FDCAN_TXFD for pin PD6 is applicable
2025-07-06 18:21:25,777 [INFO] Rule:228 - rule USART TxPinLevelInvertParam Mode is applicable
2025-07-06 18:21:25,778 [INFO] Rule:228 - rule USART RxPinLevelInvertParam Mode is applicable
2025-07-06 18:21:25,778 [INFO] Rule:228 - rule USART DataInvertParam Mode is applicable
2025-07-06 18:21:25,778 [INFO] Rule:228 - rule USART SwapParam Mode is applicable
2025-07-06 18:21:25,778 [INFO] Rule:228 - rule USART OverrunDisableParam Mode is applicable
2025-07-06 18:21:25,778 [INFO] Rule:228 - rule USART DMADisableonRxErrorParam Mode is applicable
2025-07-06 18:21:25,778 [INFO] Rule:228 - rule USART MSBFirstParam Mode is applicable
2025-07-06 18:21:25,778 [INFO] Rule:228 - rule Update MwName for USB_DEVICE is applicable
2025-07-06 18:21:25,778 [INFO] Rule:228 - rule Change PWR_Regulator_Voltage_Scale Default Value for RCC  H7 family is applicable
2025-07-06 18:21:25,778 [INFO] Rule:228 - rule UART/USART IPParameter rename Prescaler parameter to ClockPrescaler is applicable
2025-07-06 18:21:25,778 [INFO] Rule:228 - rule UART/USART Prescaler rename Prescaler parameter to ClockPrescaler is applicable
2025-07-06 18:21:25,778 [INFO] Rule:228 - rule TIM1CLockSelection is applicable
2025-07-06 18:21:25,779 [INFO] Rule:228 - rule TIM15CLockSelection is applicable
2025-07-06 18:21:25,779 [INFO] Rule:228 - rule align RCC SDMMC3CLockSelection default value on MP1 is applicable
2025-07-06 18:21:25,779 [INFO] Rule:228 - rule align RCC SDMMC12CLockSelection default value on MP1 is applicable
2025-07-06 18:21:25,779 [INFO] Rule:228 - rule align RCC QSPICLockSelection default value on MP1 is applicable
2025-07-06 18:21:25,779 [INFO] Rule:228 - rule align RCC QSPICLockSelection default value on MP1 is applicable
2025-07-06 18:21:25,779 [INFO] Rule:228 - rule align RCC SPI6CLockSelection default value on MP1 is applicable
2025-07-06 18:21:25,779 [INFO] Rule:228 - rule align RCC LPTIM23CLockSelection default value on MP1 is applicable
2025-07-06 18:21:25,779 [INFO] Rule:228 - rule align RCC LPTIM1CLockSelection default value on MP1 is applicable
2025-07-06 18:21:25,779 [INFO] Rule:228 - rule align RCC USART1CLockSelection default value on MP1 is applicable
2025-07-06 18:21:25,780 [INFO] Rule:228 - rule align RCC USART24CLockSelection default value on MP1 is applicable
2025-07-06 18:21:25,780 [INFO] Rule:228 - rule align RCC USART6CLockSelection default value on MP1 is applicable
2025-07-06 18:21:25,780 [INFO] Rule:228 - rule align RCC UART78CLockSelection default value on MP1 is applicable
2025-07-06 18:21:25,780 [INFO] Rule:228 - rule align RCC USART35CLockSelection default value on MP1 is applicable
2025-07-06 18:21:25,780 [INFO] Rule:228 - rule align RCC SPI45CLockSelection default value on MP1 is applicable
2025-07-06 18:21:25,780 [INFO] Rule:228 - rule align RCC I2C46CLockSelection BCLK value on MP1 is applicable
2025-07-06 18:21:25,780 [INFO] Rule:228 - rule align RCC SPI45CLockSelection default value on MP1 is applicable
2025-07-06 18:21:25,780 [INFO] Rule:228 - rule align RCC I2C12CLockSelection default value on MP1 is applicable
2025-07-06 18:21:25,780 [INFO] Rule:228 - rule align RCC I2C35CLockSelection default value on MP1 is applicable
2025-07-06 18:21:25,780 [INFO] Rule:228 - rule align RCC LPTIM45CLockSelection default value on MP1 is applicable
2025-07-06 18:21:25,780 [INFO] Rule:228 - rule Rename DCMI PIXCK signal is applicable
2025-07-06 18:21:25,781 [INFO] Rule:228 - rule Change Default Value for I2C46CLockSelection MP1 family is applicable
2025-07-06 18:21:25,781 [INFO] Rule:228 - rule Change Default Value for UART for G4, G0 and WB families is applicable
2025-07-06 18:21:25,781 [INFO] Rule:228 - rule Change Default Value for USART for G4, G0 and WB families is applicable
2025-07-06 18:21:25,781 [INFO] Rule:228 - rule Change Default Value for USART for G4 family is applicable
2025-07-06 18:21:25,781 [INFO] Rule:228 - rule Change USART1CLockSelection refparam name for MP1 is applicable
2025-07-06 18:21:25,781 [INFO] Rule:228 - rule Change USART2CLockSelection refparam name for MP1 is applicable
2025-07-06 18:21:25,781 [INFO] Rule:228 - rule Change USART3CLockSelection refparam name for MP1 is applicable
2025-07-06 18:21:25,781 [INFO] Rule:228 - rule Change UART4CLockSelection refparam name for MP1 is applicable
2025-07-06 18:21:25,781 [INFO] Rule:228 - rule Change UART5CLockSelection refparam name for MP1 is applicable
2025-07-06 18:21:25,782 [INFO] Rule:228 - rule Change LPUART1CLockSelection refparam name for MP1 is applicable
2025-07-06 18:21:25,782 [INFO] Rule:228 - rule Change LPTIM1CLockSelection refparam name for MP1 is applicable
2025-07-06 18:21:25,782 [INFO] Rule:228 - rule Change LPTIM2CLockSelection refparam name for MP1 is applicable
2025-07-06 18:21:25,782 [INFO] Rule:228 - rule Change RCC_MCO1Source refparam name for MP1 is applicable
2025-07-06 18:21:25,782 [INFO] Rule:228 - rule Change LSCOSource1 refparam name for MP1 is applicable
2025-07-06 18:21:25,782 [INFO] Rule:228 - rule Change SMPSCLockSelection refparam name for MP1 is applicable
2025-07-06 18:21:25,782 [INFO] Rule:228 - rule Change LPTIM3CLockSelection refparam name for MP1 is applicable
2025-07-06 18:21:25,782 [INFO] Rule:228 - rule Change MPCBB* Default Template Mode to Parameters is applicable
2025-07-06 18:21:25,782 [INFO] Rule:228 - rule Change MPCWM* or MPCBB* Secure Mode to Parameters is applicable
2025-07-06 18:21:25,783 [INFO] Rule:228 - rule Change MPCWM* or MPCBB* No Secure Mode to Parameters is applicable
2025-07-06 18:21:25,783 [INFO] Rule:228 - rule Change TZSC IP Secure Mode to Parameters is applicable
2025-07-06 18:21:25,783 [INFO] Rule:228 - rule Change TZSC IP No Secure Mode to Parameters is applicable
2025-07-06 18:21:25,783 [INFO] Rule:228 - rule Change TZSC IP Privilege Mode to Parameters is applicable
2025-07-06 18:21:25,783 [INFO] Rule:228 - rule Change TZSC IP No Privilege Mode to Parameters is applicable
2025-07-06 18:21:25,783 [INFO] Rule:228 - rule Change TZIC IT Secure Mode to Parameters is applicable
2025-07-06 18:21:25,783 [INFO] Rule:228 - rule Change TZIC IT No Secure Mode to Parameters is applicable
2025-07-06 18:21:25,783 [INFO] Rule:228 - rule Add MPCBB1_NonSecureArea_Start_Address value with referenced to MPCBB1_NonSecureArea_Start value is applicable
2025-07-06 18:21:25,783 [INFO] Rule:228 - rule Add MPCBB2_NonSecureArea_Start_Address value with referenced to MPCBB2_NonSecureArea_Start value is applicable
2025-07-06 18:21:25,783 [INFO] Rule:228 - rule Add MPCWM1_NonSecureArea*_Start_Address value with referenced to MPCWM1_NonSecureArea*_Start value is applicable
2025-07-06 18:21:25,783 [INFO] Rule:228 - rule Add MPCWM2_NonSecureArea*_Start_Address value with referenced to MPCWM2_NonSecureArea*_Start value is applicable
2025-07-06 18:21:25,783 [INFO] Rule:228 - rule Add MPCWM3_NonSecureArea_Start_Address value with referenced to MPCWM3_NonSecureArea_Start value is applicable
2025-07-06 18:21:25,783 [INFO] Rule:228 - rule Change Default Value for PLL1UserDefinedConfig is applicable
2025-07-06 18:21:25,784 [INFO] Rule:228 - rule Change GPIO_PuPd Default Value for USART in async mode is applicable
2025-07-06 18:21:25,784 [INFO] Rule:228 - rule Change SMPSDivider Default Value is applicable
2025-07-06 18:21:25,784 [INFO] Rule:228 - rule OPAMP is applicable
2025-07-06 18:21:25,784 [INFO] Rule:228 - rule LPUART IPParameter rename Prescaler parameter to ClockPrescaler for STM32H7 is applicable
2025-07-06 18:21:25,784 [INFO] Rule:228 - rule LPUART IPParameter rename Prescaler parameter to ClockPrescaler for STM32H7 is applicable
2025-07-06 18:21:25,784 [INFO] Rule:228 - rule LPUART IPParameter rename Prescaler parameter to ClockPrescaler for STM32WB is applicable
2025-07-06 18:21:25,784 [INFO] Rule:228 - rule LPUART IPParameter rename Prescaler parameter to ClockPrescaler for STM32WB is applicable
2025-07-06 18:21:25,784 [INFO] Rule:228 - rule LPUART IPParameter rename Prescaler parameter to ClockPrescaler for STM32G4 is applicable
2025-07-06 18:21:25,784 [INFO] Rule:228 - rule LPUART IPParameter rename Prescaler parameter to ClockPrescaler for STM32G4 is applicable
2025-07-06 18:21:25,784 [INFO] Rule:228 - rule LPUART IPParameter rename Prescaler parameter to ClockPrescaler for STM32L5 is applicable
2025-07-06 18:21:25,784 [INFO] Rule:228 - rule LPUART IPParameter rename Prescaler parameter to ClockPrescaler for STM32L5 is applicable
2025-07-06 18:21:25,784 [INFO] Rule:228 - rule LPUART IPParameter rename Prescaler parameter to ClockPrescaler for STM32G4 is applicable
2025-07-06 18:21:25,785 [INFO] Rule:228 - rule LPUART IPParameter rename Prescaler parameter to ClockPrescaler for STM32G4 is applicable
2025-07-06 18:21:25,785 [INFO] Rule:228 - rule USB device lib V2.5.3 for L0 rename USBD_SUPPORT_USER_STRING parameter to USBD_SUPPORT_USER_STRING_DESC4 is applicable
2025-07-06 18:21:25,785 [INFO] Rule:228 - rule I2SCLockSelection clock entry align is applicable
2025-07-06 18:21:25,785 [INFO] Rule:228 - rule Assign TIMx context if used as SYS timebase is applicable
2025-07-06 18:21:25,785 [INFO] Rule:228 - rule Change GPIO_Pu Default Value for I2C is applicable
2025-07-06 18:21:25,785 [INFO] Rule:228 - rule Change GPIO_Pu Default Value for SMBus is applicable
2025-07-06 18:21:25,785 [INFO] Rule:228 - rule change FDCAN default value is applicable
2025-07-06 18:21:25,785 [INFO] Rule:228 - rule Change mode sai is applicable
2025-07-06 18:21:25,785 [INFO] Rule:228 - rule **Change sai mode is applicable
2025-07-06 18:21:25,785 [INFO] Rule:228 - rule Rename STM32WPAN CFG_BLE_IRK to CFG_BLE_IR is applicable
2025-07-06 18:21:25,785 [INFO] Rule:228 - rule Rename STM32WPAN CFG_BLE_ERK to CFG_BLE_ER is applicable
2025-07-06 18:21:25,785 [INFO] Rule:228 - rule Rename STM32WPAN CFG_BLE_IRK_HEX to CFG_BLE_IR_HEX is applicable
2025-07-06 18:21:25,786 [INFO] Rule:228 - rule Rename STM32WPAN CFG_BLE_ERK_HEX to CFG_BLE_ER_HEX is applicable
2025-07-06 18:21:25,794 [INFO] DbConfProperties:307 - Apply Compatibility (24/230 Rules)
2025-07-06 18:21:25,845 [INFO] ImportTextPane:218 - (OptionalMessage_ERROR) Unable to find key (Mcu.ThirdPartyNb) in loaded IOC file
2025-07-06 18:21:26,423 [INFO] RtosManager:555 - Registered RTOS mode: class=CMSIS, group=RTOS, mode=CMSIS_V1, owner=FREERTOS
2025-07-06 18:21:26,423 [INFO] RtosManager:555 - Registered RTOS mode: class=CMSIS, group=RTOS2, mode=CMSIS_V2, owner=FREERTOS
2025-07-06 18:21:26,423 [INFO] RtosManager:555 - Registered RTOS mode: class=RTOS, group=Core, mode=CMSIS_V1, owner=FREERTOS
2025-07-06 18:21:26,424 [INFO] RtosManager:555 - Registered RTOS mode: class=RTOS, group=Core, mode=CMSIS_V2, owner=FREERTOS
2025-07-06 18:21:26,424 [WARN] ModelIntegratedComponent:184 - Missing modes for component STMicroelectronics:FreeRTOS:0.0.1:STMicroelectronics:RTOS:FreeRTOS:Core:::10.2.0:
2025-07-06 18:21:26,450 [WARN] ModelIntegratedComponent:63 - No mode defined for component null
2025-07-06 18:21:26,450 [WARN] ModelIntegratedComponent:63 - No mode defined for component null
2025-07-06 18:21:26,451 [WARN] ModelIntegratedComponent:63 - No mode defined for component null
2025-07-06 18:21:26,451 [WARN] ModelIntegratedComponent:63 - No mode defined for component null
2025-07-06 18:21:26,451 [WARN] ModelIntegratedComponent:63 - No mode defined for component null
2025-07-06 18:21:26,451 [WARN] ModelIntegratedComponent:63 - No mode defined for component null
2025-07-06 18:21:26,451 [WARN] ModelIntegratedComponent:63 - No mode defined for component null
2025-07-06 18:21:26,451 [WARN] ModelIntegratedComponent:63 - No mode defined for component null
2025-07-06 18:21:26,451 [WARN] ModelIntegratedComponent:63 - No mode defined for component null
2025-07-06 18:21:26,451 [WARN] ModelIntegratedComponent:63 - No mode defined for component null
2025-07-06 18:21:26,451 [WARN] ModelIntegratedComponent:63 - No mode defined for component null
2025-07-06 18:21:26,451 [WARN] ModelIntegratedComponent:63 - No mode defined for component null
2025-07-06 18:21:26,451 [WARN] ModelIntegratedComponent:63 - No mode defined for component null
2025-07-06 18:21:26,451 [WARN] ModelIntegratedComponent:63 - No mode defined for component null
2025-07-06 18:21:26,451 [WARN] ModelIntegratedComponent:63 - No mode defined for component null
2025-07-06 18:21:26,452 [WARN] ModelIntegratedComponent:63 - No mode defined for component null
2025-07-06 18:21:26,452 [WARN] ModelIntegratedComponent:63 - No mode defined for component null
2025-07-06 18:21:26,452 [WARN] ModelIntegratedComponent:63 - No mode defined for component null
2025-07-06 18:21:26,452 [WARN] ModelIntegratedComponent:63 - No mode defined for component null
2025-07-06 18:21:26,452 [WARN] ModelIntegratedComponent:63 - No mode defined for component null
2025-07-06 18:21:26,452 [WARN] ModelIntegratedComponent:63 - No mode defined for component null
2025-07-06 18:21:26,452 [WARN] ModelIntegratedComponent:63 - No mode defined for component null
2025-07-06 18:21:26,452 [WARN] ModelIntegratedComponent:63 - No mode defined for component null
2025-07-06 18:21:26,452 [WARN] ModelIntegratedComponent:63 - No mode defined for component null
2025-07-06 18:21:26,452 [WARN] ModelIntegratedComponent:63 - No mode defined for component null
2025-07-06 18:21:26,452 [WARN] ModelIntegratedComponent:63 - No mode defined for component null
2025-07-06 18:21:26,452 [WARN] ModelIntegratedComponent:63 - No mode defined for component null
2025-07-06 18:21:26,452 [WARN] ModelIntegratedComponent:63 - No mode defined for component null
2025-07-06 18:21:26,452 [WARN] ModelIntegratedComponent:63 - No mode defined for component null
2025-07-06 18:21:26,453 [WARN] ModelIntegratedComponent:63 - No mode defined for component null
2025-07-06 18:21:26,453 [WARN] ModelIntegratedComponent:63 - No mode defined for component null
2025-07-06 18:21:26,453 [WARN] ModelIntegratedComponent:63 - No mode defined for component null
2025-07-06 18:21:26,453 [WARN] ModelIntegratedComponent:63 - No mode defined for component null
2025-07-06 18:21:26,453 [WARN] ModelIntegratedComponent:63 - No mode defined for component null
2025-07-06 18:21:26,453 [WARN] ModelIntegratedComponent:63 - No mode defined for component null
2025-07-06 18:21:26,453 [WARN] ModelPack:524 - Component already loaded: STMicroelectronics:HAL Drivers:0.0.0:STMicroelectronics:Device:STMicro_Driver:XSPI:HAL::0.0.1:HAL_XSPI
2025-07-06 18:21:27,692 [INFO] ThirdPartyModel:298 - Start build external matchings
2025-07-06 18:21:29,709 [INFO] ThirdPartyModel:316 - End build external matchings
2025-07-06 18:21:29,828 [INFO] ImportTextPane:218 - (OptionalMessage_ERROR) IP (RCC) : Parameter (ADCFreqValue) has invalid value (32000000)
2025-07-06 18:21:29,829 [INFO] ImportTextPane:218 - (OptionalMessage_ERROR) IP (RCC) : Invalid parameter (FamilyName)
2025-07-06 18:21:29,829 [INFO] ImportTextPane:218 - (OptionalMessage_ERROR) IP (RCC) : Parameter (MCOFreq_Value) has invalid value (64000000)
2025-07-06 18:21:29,831 [INFO] ImportTextPane:218 - (OptionalMessage_ERROR) IP (RCC) : Parameter (USBFreq_Value) has invalid value (64000000)
2025-07-06 18:21:30,289 [INFO] UtilMem:75 - End LoadConfig() Used Memory: 740019120 Bytes (1073741824)
2025-07-06 18:21:30,565 [WARN] ThirdParty:833 - waiting for thirdparty lock release [change project]
2025-07-06 18:21:30,566 [INFO] ThirdParty:835 - entering critical section [change project]
2025-07-06 18:21:30,567 [INFO] ThirdParty:1030 - CMSIS Pack Vendor :STMicroelectronics X-CUBE-PM33A1 1.0.0
2025-07-06 18:21:30,567 [INFO] ThirdParty:1030 - CMSIS Pack Vendor :STMicroelectronics USBPD 4.1
2025-07-06 18:21:30,567 [INFO] ThirdParty:1030 - CMSIS Pack Vendor :STMicroelectronics X-CUBE-AZRTOS-H7 3.3.0
2025-07-06 18:21:30,567 [INFO] ThirdParty:1030 - CMSIS Pack Vendor :STMicroelectronics X-CUBE-NFC9 1.0.0
2025-07-06 18:21:30,567 [INFO] ThirdParty:1030 - CMSIS Pack Vendor :STMicroelectronics USB_HOST 2.0.0
2025-07-06 18:21:30,567 [INFO] ThirdParty:1030 - CMSIS Pack Vendor :STMicroelectronics FP-SNS-MOTENVWB1 1.4.0
2025-07-06 18:21:30,567 [INFO] ThirdParty:1030 - CMSIS Pack Vendor :STMicroelectronics X-CUBE-AZRTOS-F4 1.1.0
2025-07-06 18:21:30,567 [INFO] ThirdParty:1030 - CMSIS Pack Vendor :STMicroelectronics LIBJPEG 8.0.0
2025-07-06 18:21:30,567 [INFO] ThirdParty:1030 - CMSIS Pack Vendor :STMicroelectronics FP-ATR-ASTRA1 2.0.2
2025-07-06 18:21:30,567 [INFO] ThirdParty:1030 - CMSIS Pack Vendor :STMicroelectronics X-CUBE-BLE1 7.1.0
2025-07-06 18:21:30,568 [INFO] ThirdParty:1030 - CMSIS Pack Vendor :Avnet-IotConnect X-CUBE-IoTC-DA16k-PMOD 1.0.0
2025-07-06 18:21:30,568 [INFO] ThirdParty:1030 - CMSIS Pack Vendor :STMicroelectronics X-CUBE-SMBUS 2.1.0
2025-07-06 18:21:30,568 [INFO] ThirdParty:1030 - CMSIS Pack Vendor :STMicroelectronics X-CUBE-WB05N 1.1.0
2025-07-06 18:21:30,568 [INFO] ThirdParty:1030 - CMSIS Pack Vendor :wolfSSL I-CUBE-wolfMQTT 1.19.2
2025-07-06 18:21:30,568 [INFO] ThirdParty:1030 - CMSIS Pack Vendor :STMicroelectronics USB_DEVICE 3.0.0
2025-07-06 18:21:30,569 [INFO] ThirdParty:1030 - CMSIS Pack Vendor :STMicroelectronics X-CUBE-ISPU 2.1.0
2025-07-06 18:21:30,569 [INFO] ThirdParty:1030 - CMSIS Pack Vendor :STMicroelectronics X-CUBE-AZRTOS-WB 2.0.0
2025-07-06 18:21:30,569 [INFO] ThirdParty:1030 - CMSIS Pack Vendor :STMicroelectronics X-CUBE-ST60 1.0.0
2025-07-06 18:21:30,569 [INFO] ThirdParty:1030 - CMSIS Pack Vendor :STMicroelectronics X-CUBE-GNSS1 7.0.1
2025-07-06 18:21:30,569 [INFO] ThirdParty:1030 - CMSIS Pack Vendor :STMicroelectronics X-CUBE-AZRTOS-F7 1.1.0
2025-07-06 18:21:30,569 [INFO] ThirdParty:1030 - CMSIS Pack Vendor :STMicroelectronics X-CUBE-AZRTOS-L5 2.0.0
2025-07-06 18:21:30,569 [INFO] ThirdParty:1030 - CMSIS Pack Vendor :STMicroelectronics X-CUBE-TOUCHGFX 4.25.0
2025-07-06 18:21:30,570 [INFO] ThirdParty:1030 - CMSIS Pack Vendor :STMicroelectronics USB_DEVICE 2.0.0
2025-07-06 18:21:30,570 [INFO] ThirdParty:1030 - CMSIS Pack Vendor :STMicroelectronics X-CUBE-NFC6 3.1.0
2025-07-06 18:21:30,570 [INFO] ThirdParty:1030 - CMSIS Pack Vendor :STMicroelectronics X-CUBE-AI 10.1.0
2025-07-06 18:21:30,570 [INFO] ThirdParty:1030 - CMSIS Pack Vendor :STMicroelectronics FP-SNS-STBOX1 2.0.0
2025-07-06 18:21:30,570 [INFO] ThirdParty:1030 - CMSIS Pack Vendor :STMicroelectronics X-CUBE-MEMS1 11.2.0
2025-07-06 18:21:30,570 [INFO] ThirdParty:1030 - CMSIS Pack Vendor :STMicroelectronics FreeRTOS 0.0.1
2025-07-06 18:21:30,570 [INFO] ThirdParty:1030 - CMSIS Pack Vendor :STMicroelectronics X-CUBE-AZRTOS-G0 1.1.0
2025-07-06 18:21:30,570 [INFO] ThirdParty:1030 - CMSIS Pack Vendor :STMicroelectronics X-CUBE-SAFEA1 1.2.2
2025-07-06 18:21:30,570 [INFO] ThirdParty:1030 - CMSIS Pack Vendor :STMicroelectronics X-CUBE-NFC4 3.0.0
2025-07-06 18:21:30,571 [INFO] ThirdParty:1030 - CMSIS Pack Vendor :STMicroelectronics X-CUBE-DPower 1.2.0
2025-07-06 18:21:30,571 [INFO] ThirdParty:1030 - CMSIS Pack Vendor :STMicroelectronics X-CUBE-SUBG2 5.0.0
2025-07-06 18:21:30,571 [INFO] ThirdParty:1030 - CMSIS Pack Vendor :STMicroelectronics X-CUBE-AZRTOS-H7RS 1.1.0
2025-07-06 18:21:30,571 [INFO] ThirdParty:1030 - CMSIS Pack Vendor :STMicroelectronics STM32_WPAN 1.0.0
2025-07-06 18:21:30,571 [INFO] ThirdParty:1030 - CMSIS Pack Vendor :EmbeddedOffice I-CUBE-FS-RTOS 1.0.1
2025-07-06 18:21:30,571 [INFO] ThirdParty:1030 - CMSIS Pack Vendor :STMicroelectronics lwIP 2.0.3
2025-07-06 18:21:30,571 [INFO] ThirdParty:1030 - CMSIS Pack Vendor :Cesanta I-CUBE-Mongoose 7.13.0
2025-07-06 18:21:30,571 [INFO] ThirdParty:1030 - CMSIS Pack Vendor :STMicroelectronics USB_HOST 1.0.0
2025-07-06 18:21:30,571 [INFO] ThirdParty:1030 - CMSIS Pack Vendor :Infineon AIROC-Wi-Fi-Bluetooth-STM32 1.7.0
2025-07-06 18:21:30,571 [INFO] ThirdParty:1030 - CMSIS Pack Vendor :STMicroelectronics X-CUBE-AZRTOS-G4 2.0.0
2025-07-06 18:21:30,571 [INFO] ThirdParty:1030 - CMSIS Pack Vendor :STMicroelectronics X-CUBE-WB05N 2.0.0
2025-07-06 18:21:30,572 [INFO] ThirdParty:1030 - CMSIS Pack Vendor :STMicroelectronics PDM2PCM 3.1.0
2025-07-06 18:21:30,572 [INFO] ThirdParty:1030 - CMSIS Pack Vendor :STMicroelectronics PDM2PCM 3.3.0
2025-07-06 18:21:30,572 [INFO] ThirdParty:1030 - CMSIS Pack Vendor :wolfSSL I-CUBE-wolfTPM 3.8.0
2025-07-06 18:21:30,572 [INFO] ThirdParty:1030 - CMSIS Pack Vendor :STMicroelectronics X-CUBE-DISPLAY 3.0.0
2025-07-06 18:21:30,572 [INFO] ThirdParty:1030 - CMSIS Pack Vendor :wolfSSL I-CUBE-wolfSSH 1.4.20
2025-07-06 18:21:30,572 [INFO] ThirdParty:1030 - CMSIS Pack Vendor :STMicroelectronics X-CUBE-NFC7 2.0.0
2025-07-06 18:21:30,572 [INFO] ThirdParty:1030 - CMSIS Pack Vendor :STMicroelectronics X-CUBE-TCPP 4.2.0
2025-07-06 18:21:30,573 [INFO] ThirdParty:1030 - CMSIS Pack Vendor :RealThread X-CUBE-RT-Thread_Nano 4.1.1
2025-07-06 18:21:30,573 [INFO] ThirdParty:1030 - CMSIS Pack Vendor :STMicroelectronics FP-ATR-SIGFOX1 3.2.0
2025-07-06 18:21:30,573 [INFO] ThirdParty:1030 - CMSIS Pack Vendor :STMicroelectronics X-CUBE-NFC10 1.0.0
2025-07-06 18:21:30,573 [INFO] ThirdParty:1030 - CMSIS Pack Vendor :STMicroelectronics X-CUBE-BLEMGR 4.0.0
2025-07-06 18:21:30,573 [INFO] ThirdParty:1030 - CMSIS Pack Vendor :STMicroelectronics X-CUBE-EEPRMA1 5.1.0
2025-07-06 18:21:30,574 [INFO] ThirdParty:1030 - CMSIS Pack Vendor :STMicroelectronics X-CUBE-FREERTOS 1.3.1
2025-07-06 18:21:30,574 [INFO] ThirdParty:1030 - CMSIS Pack Vendor :STMicroelectronics HAL Drivers 0.0.0
2025-07-06 18:21:30,574 [INFO] ThirdParty:1030 - CMSIS Pack Vendor :STMicroelectronics MBEDTLS 2.16.2
2025-07-06 18:21:30,574 [INFO] ThirdParty:1030 - CMSIS Pack Vendor :STMicroelectronics X-CUBE-IPS 3.1.0
2025-07-06 18:21:30,574 [INFO] ThirdParty:1030 - CMSIS Pack Vendor :STMicroelectronics X-CUBE-ALS 1.0.2
2025-07-06 18:21:30,574 [INFO] ThirdParty:1030 - CMSIS Pack Vendor :emotas I-CUBE-CANOPEN 1.3.0
2025-07-06 18:21:30,574 [INFO] ThirdParty:1030 - CMSIS Pack Vendor :STMicroelectronics X-CUBE-FREERTOS 1.3.0
2025-07-06 18:21:30,574 [INFO] ThirdParty:1030 - CMSIS Pack Vendor :STMicroelectronics X-CUBE-NFC7 1.0.1
2025-07-06 18:21:30,575 [INFO] ThirdParty:1030 - CMSIS Pack Vendor :STMicroelectronics MBEDTLS 2.14.1
2025-07-06 18:21:30,575 [INFO] ThirdParty:1030 - CMSIS Pack Vendor :wolfSSL I-CUBE-wolfSSL 5.7.6
2025-07-06 18:21:30,575 [INFO] ThirdParty:1030 - CMSIS Pack Vendor :ITTIA_DB I-CUBE-ITTIADB 8.9.0
2025-07-06 18:21:30,575 [INFO] ThirdParty:1030 - CMSIS Pack Vendor :portGmbH I-Cube-SoM-uGOAL 1.1.0
2025-07-06 18:21:30,575 [INFO] ThirdParty:1030 - CMSIS Pack Vendor :quantropi X-CUBE-qispace-sdk-base 2.0.0
2025-07-06 18:21:30,575 [INFO] ThirdParty:1030 - CMSIS Pack Vendor :STMicroelectronics X-CUBE-AI 10.0.0
2025-07-06 18:21:30,576 [INFO] ThirdParty:1030 - CMSIS Pack Vendor :STMicroelectronics X-CUBE-ST67W61 1.0.0
2025-07-06 18:21:30,576 [INFO] ThirdParty:1030 - CMSIS Pack Vendor :STMicroelectronics FP-SNS-STAIOTCFT 1.0.0
2025-07-06 18:21:30,576 [INFO] ThirdParty:1030 - CMSIS Pack Vendor :STMicroelectronics ThreadX 1.0.0
2025-07-06 18:21:30,576 [INFO] ThirdParty:1030 - CMSIS Pack Vendor :STMicroelectronics FP-SNS-SMARTAG2 1.2.0
2025-07-06 18:21:30,576 [INFO] ThirdParty:1030 - CMSIS Pack Vendor :STMicroelectronics FP-SNS-FLIGHT1 5.1.0
2025-07-06 18:21:30,577 [INFO] ThirdParty:1030 - CMSIS Pack Vendor :STMicroelectronics X-CUBE-MEMS1 11.1.0
2025-07-06 18:21:30,577 [INFO] ThirdParty:1030 - CMSIS Pack Vendor :STMicroelectronics X-CUBE-AZRTOS-WL 2.0.0
2025-07-06 18:21:30,577 [INFO] ThirdParty:1030 - CMSIS Pack Vendor :SEGGER I-CUBE-embOS 1.3.1
2025-07-06 18:21:30,577 [INFO] ThirdParty:1030 - CMSIS Pack Vendor :STMicroelectronics X-CUBE-ALGOBUILD 1.4.0
2025-07-06 18:21:30,577 [INFO] ThirdParty:1030 - CMSIS Pack Vendor :STMicroelectronics X-CUBE-DPower 1.3.0
2025-07-06 18:21:30,577 [INFO] ThirdParty:1030 - CMSIS Pack Vendor :STMicroelectronics X-CUBE-MEMS1 11.3.0
2025-07-06 18:21:30,578 [INFO] ThirdParty:1030 - CMSIS Pack Vendor :STMicroelectronics FP-SNS-MOTENV1 5.0.0
2025-07-06 18:21:30,578 [INFO] ThirdParty:1030 - CMSIS Pack Vendor :STMicroelectronics USB_DEVICE 1.0.0
2025-07-06 18:21:30,578 [INFO] ThirdParty:1030 - CMSIS Pack Vendor :STMicroelectronics X-CUBE-AZRTOS-L4 2.0.0
2025-07-06 18:21:30,578 [INFO] ThirdParty:1030 - CMSIS Pack Vendor :STMicroelectronics ThreadX 0.0.2
2025-07-06 18:21:30,578 [INFO] ThirdParty:1030 - CMSIS Pack Vendor :WES I-CUBE-Cesium 1.3.0
2025-07-06 18:21:30,578 [INFO] ThirdParty:1030 - CMSIS Pack Vendor :STMicroelectronics lwIP 2.1.2
2025-07-06 18:21:30,579 [INFO] ThirdParty:1030 - CMSIS Pack Vendor :STMicroelectronics X-CUBE-SFXS2LP1 4.0.0
2025-07-06 18:21:30,579 [INFO] ThirdParty:1030 - CMSIS Pack Vendor :STMicroelectronics X-CUBE-BLE2 3.3.0
2025-07-06 18:21:30,579 [INFO] ThirdParty:1030 - CMSIS Pack Vendor :STMicroelectronics X-CUBE-TOF1 3.4.2
2025-07-06 18:21:30,579 [INFO] ThirdParty:1030 - CMSIS Pack Vendor :STMicroelectronics X-CUBE-TOF1 3.4.3
2025-07-06 18:21:30,579 [INFO] ThirdParty:1030 - CMSIS Pack Vendor :STMicroelectronics PDM2PCM 3.2.0
2025-07-06 18:21:30,579 [INFO] ThirdParty:841 - exiting critical section [change project]
2025-07-06 18:21:30,955 [INFO] PinOutPanel:1589 - setPackage(No Configuration,No Configuration)
2025-07-06 18:21:30,957 [INFO] PinOutPanel:1589 - setPackage(STM32F103RBTx,LQFP64)
2025-07-06 18:21:31,609 [INFO] UtilMem:75 - Before build in PCC Used Memory: 829199440 Bytes (1073741824)
2025-07-06 18:21:32,194 [INFO] UtilMem:75 - After build in PCC Used Memory: 873761872 Bytes (1073741824)
2025-07-06 18:21:32,224 [INFO] IPUIPlugin:80 - create IPUIPlugin
2025-07-06 18:21:32,224 [INFO] IPUIPlugin:80 - create IPUIPlugin
2025-07-06 18:21:32,225 [INFO] IPUIPlugin:80 - create IPUIPlugin
2025-07-06 18:21:32,225 [INFO] IPUIPlugin:80 - create IPUIPlugin
2025-07-06 18:21:32,225 [INFO] IPUIPlugin:80 - create IPUIPlugin
2025-07-06 18:21:32,225 [INFO] IPUIPlugin:80 - create IPUIPlugin
2025-07-06 18:21:32,226 [INFO] IPUIPlugin:80 - create IPUIPlugin
2025-07-06 18:21:32,226 [INFO] IPUIPlugin:80 - create IPUIPlugin
2025-07-06 18:21:32,226 [INFO] IPUIPlugin:80 - create IPUIPlugin
2025-07-06 18:21:32,227 [INFO] IPUIPlugin:80 - create IPUIPlugin
2025-07-06 18:21:32,228 [INFO] IPUIPlugin:80 - create IPUIPlugin
2025-07-06 18:21:32,228 [INFO] IPUIPlugin:80 - create IPUIPlugin
2025-07-06 18:21:32,229 [INFO] IPUIPlugin:80 - create IPUIPlugin
2025-07-06 18:21:32,229 [INFO] IPUIPlugin:80 - create IPUIPlugin
2025-07-06 18:21:32,230 [INFO] IPUIPlugin:80 - create IPUIPlugin
2025-07-06 18:21:32,230 [INFO] IPUIPlugin:80 - create IPUIPlugin
2025-07-06 18:21:32,230 [INFO] IPUIPlugin:80 - create IPUIPlugin
2025-07-06 18:21:32,231 [INFO] IPUIPlugin:80 - create IPUIPlugin
2025-07-06 18:21:32,231 [INFO] IPUIPlugin:80 - create IPUIPlugin
2025-07-06 18:21:32,231 [INFO] IPUIPlugin:80 - create IPUIPlugin
2025-07-06 18:21:32,231 [INFO] IPUIPlugin:80 - create IPUIPlugin
2025-07-06 18:21:32,232 [INFO] IPUIPlugin:80 - create IPUIPlugin
2025-07-06 18:21:32,232 [INFO] IPUIPlugin:80 - create IPUIPlugin
2025-07-06 18:21:32,232 [INFO] IPUIPlugin:80 - create IPUIPlugin
2025-07-06 18:21:32,233 [INFO] IPUIPlugin:80 - create IPUIPlugin
2025-07-06 18:21:32,233 [INFO] IPUIPlugin:80 - create IPUIPlugin
2025-07-06 18:21:32,234 [INFO] IPUIPlugin:80 - create IPUIPlugin
2025-07-06 18:21:32,335 [INFO] CADModel:165 - CPN selected for project levelSTM32F103RBT6
2025-07-06 18:21:32,335 [INFO] CADModel:114 - Register for checkConnection events
2025-07-06 18:21:32,417 [INFO] OpenFileManager:363 - Restore cursor
2025-07-06 18:21:32,854 [INFO] UtilMem:75 - End SaveConfig() Used Memory: 951940960 Bytes (1073741824)
2025-07-06 18:21:33,002 [INFO] UtilMem:75 - End SaveConfig() Used Memory: 966036560 Bytes (1073741824)
2025-07-06 18:21:33,433 [INFO] BlockDiagram:2766 - set Specific Code input for plugin: NVIC
2025-07-06 18:21:33,433 [INFO] BlockDiagram:2766 - set Specific Code input for plugin: USART
2025-07-06 18:21:33,434 [INFO] BlockDiagram:2766 - set Specific Code input for plugin: SYS
2025-07-06 18:21:33,434 [INFO] BlockDiagram:2766 - set Specific Code input for plugin: GPIO
2025-07-06 18:21:33,434 [INFO] BlockDiagram:2766 - set Specific Code input for plugin: RCC
2025-07-06 18:21:33,436 [INFO] CodeGenerator:896 - code generatio: config db path: C:\ST\STM32CubeIDE_1.17.0\STM32CubeIDE\plugins\com.st.stm32cube.common.mx_6.13.0.202411220809\\db\
2025-07-06 18:21:33,692 [INFO] CodeEngine:255 - oldGeneratedFile, C:\Users\Santiago\Desktop\facu\2025c1\TPF_TDSE\Pruebas_workspace\Pulsaciones\MXTmpFiles\license.tmp_save
2025-07-06 18:21:34,215 [INFO] CodeEngine:279 - Generated code: C:\Users\Santiago\Desktop\facu\2025c1\TPF_TDSE\Pruebas_workspace\Pulsaciones\MXTmpFiles\license.tmp
2025-07-06 18:21:34,317 [INFO] CodeEngine:255 - oldGeneratedFile, C:\Users\Santiago\Desktop\facu\2025c1\TPF_TDSE\Pruebas_workspace\Pulsaciones\MXTmpFiles\gpio.tmp_save
2025-07-06 18:21:34,615 [INFO] CodeEngine:279 - Generated code: C:\Users\Santiago\Desktop\facu\2025c1\TPF_TDSE\Pruebas_workspace\Pulsaciones\MXTmpFiles\gpio.tmp
2025-07-06 18:21:34,696 [INFO] CodeEngine:255 - oldGeneratedFile, C:\Users\Santiago\Desktop\facu\2025c1\TPF_TDSE\Pruebas_workspace\Pulsaciones\Core\Src\stm32f1xx_it.c_save
2025-07-06 18:21:35,154 [INFO] CodeEngine:279 - Generated code: C:\Users\Santiago\Desktop\facu\2025c1\TPF_TDSE\Pruebas_workspace\Pulsaciones\Core\Src\stm32f1xx_it.c
2025-07-06 18:21:35,165 [INFO] CodeEngine:255 - oldGeneratedFile, C:\Users\Santiago\Desktop\facu\2025c1\TPF_TDSE\Pruebas_workspace\Pulsaciones\Core\Inc\stm32f1xx_it.h_save
2025-07-06 18:21:35,420 [INFO] CodeEngine:279 - Generated code: C:\Users\Santiago\Desktop\facu\2025c1\TPF_TDSE\Pruebas_workspace\Pulsaciones\Core\Inc\stm32f1xx_it.h
2025-07-06 18:21:35,456 [INFO] CodeEngine:255 - oldGeneratedFile, C:\Users\Santiago\Desktop\facu\2025c1\TPF_TDSE\Pruebas_workspace\Pulsaciones\Core\Src\stm32f1xx_hal_msp.c_save
2025-07-06 18:21:35,785 [INFO] CodeEngine:279 - Generated code: C:\Users\Santiago\Desktop\facu\2025c1\TPF_TDSE\Pruebas_workspace\Pulsaciones\Core\Src\stm32f1xx_hal_msp.c
2025-07-06 18:21:35,793 [INFO] CodeEngine:255 - oldGeneratedFile, C:\Users\Santiago\Desktop\facu\2025c1\TPF_TDSE\Pruebas_workspace\Pulsaciones\MXTmpFiles\system.tmp_save
2025-07-06 18:21:35,927 [INFO] CodeEngine:279 - Generated code: C:\Users\Santiago\Desktop\facu\2025c1\TPF_TDSE\Pruebas_workspace\Pulsaciones\MXTmpFiles\system.tmp
2025-07-06 18:21:35,967 [INFO] CodeEngine:311 - oldGeneratedFile, C:\Users\Santiago\Desktop\facu\2025c1\TPF_TDSE\Pruebas_workspace\Pulsaciones\Core\Inc\stm32f1xx_hal_conf.h_save
2025-07-06 18:21:36,236 [INFO] CodeEngine:335 - Generated code: C:\Users\Santiago\Desktop\facu\2025c1\TPF_TDSE\Pruebas_workspace\Pulsaciones\Core\Inc\stm32f1xx_hal_conf.h
2025-07-06 18:21:36,305 [INFO] ApiDbMcu:508 - Load IP Config File for USART2
2025-07-06 18:21:36,309 [INFO] ApiDbMcu:508 - Load IP Config File for RCC
2025-07-06 18:21:36,332 [INFO] CodeEngine:255 - oldGeneratedFile, C:\Users\Santiago\Desktop\facu\2025c1\TPF_TDSE\Pruebas_workspace\Pulsaciones\Core\Inc\main.h_save
2025-07-06 18:21:36,574 [INFO] CodeEngine:279 - Generated code: C:\Users\Santiago\Desktop\facu\2025c1\TPF_TDSE\Pruebas_workspace\Pulsaciones\Core\Inc\main.h
2025-07-06 18:21:36,583 [INFO] CodeEngine:255 - oldGeneratedFile, C:\Users\Santiago\Desktop\facu\2025c1\TPF_TDSE\Pruebas_workspace\Pulsaciones\Core\Src\main.c_save
2025-07-06 18:21:36,864 [INFO] CodeEngine:279 - Generated code: C:\Users\Santiago\Desktop\facu\2025c1\TPF_TDSE\Pruebas_workspace\Pulsaciones\Core\Src\main.c
2025-07-06 18:21:37,447 [INFO] ProjectBuilder:3289 - Time for Copy HAL[1] : 263mS.
2025-07-06 18:21:37,457 [INFO] ProjectBuilder:4876 - Project Generator version: 4.5.0-RC5
2025-07-06 18:21:37,630 [INFO] ConfigFileManager:1579 - The Die is : DIE410
2025-07-06 18:21:37,657 [INFO] ApiDbMcu:508 - Load IP Config File for FATFS
2025-07-06 18:21:37,683 [INFO] ApiDbMcu:508 - Load IP Config File for FREERTOS
2025-07-06 18:21:37,714 [INFO] ApiDbMcu:508 - Load IP Config File for USB_DEVICE
2025-07-06 18:21:43,342 [INFO] ProjectBuilder:5154 - Time for Generating toolchain IDE Files: 5884mS.
2025-07-06 18:21:43,343 [INFO] ProjectBuilder:3146 - Time for Copy CMSIS : 1mS.
2025-07-06 18:21:43,349 [INFO] ProjectBuilder:3146 - Time for Copy CMSIS : 0mS.
2025-07-06 18:21:46,338 [INFO] McuFinderGlobals:76 - Set McuFinderConnectedMode to true
2025-07-06 18:21:46,342 [INFO] ApiDb:448 - Save user favorites file C:\Users\Santiago/.stm32cubeide/favorites.mcus.txt: 0 item(s)
2025-07-06 18:21:46,342 [INFO] ApiDb:452 - User favorites MCUs=[]
2025-07-06 18:21:46,344 [INFO] ApiDb:448 - Save user favorites file C:\Users\Santiago/.stm32cubeide/favorites.boards.txt: 1 item(s)
2025-07-06 18:21:46,346 [INFO] ApiDb:452 - User favorites Boards=[NUCLEO-F103RB]
2025-07-06 18:25:32,112 [INFO] UtilMem:75 - End SaveConfig() Used Memory: 555206024 Bytes (1073741824)
2025-07-06 18:25:34,703 [INFO] UtilMem:75 - End SaveConfig() Used Memory: 575554544 Bytes (1073741824)
2025-07-06 18:25:37,631 [INFO] UtilMem:75 - End SaveConfig() Used Memory: 698237936 Bytes (1073741824)
2025-07-06 18:25:37,848 [INFO] BlockDiagram:2766 - set Specific Code input for plugin: NVIC
2025-07-06 18:25:37,848 [INFO] BlockDiagram:2766 - set Specific Code input for plugin: USART
2025-07-06 18:25:37,848 [INFO] BlockDiagram:2766 - set Specific Code input for plugin: TIM1_8F1
2025-07-06 18:25:37,848 [INFO] BlockDiagram:2766 - set Specific Code input for plugin: SYS
2025-07-06 18:25:37,849 [INFO] BlockDiagram:2766 - set Specific Code input for plugin: GPIO
2025-07-06 18:25:37,849 [INFO] BlockDiagram:2766 - set Specific Code input for plugin: RCC
2025-07-06 18:25:37,851 [INFO] CodeGenerator:896 - code generatio: config db path: C:\ST\STM32CubeIDE_1.17.0\STM32CubeIDE\plugins\com.st.stm32cube.common.mx_6.13.0.202411220809\\db\
2025-07-06 18:25:38,065 [INFO] CodeEngine:255 - oldGeneratedFile, C:\Users\Santiago\Desktop\facu\2025c1\TPF_TDSE\Pruebas_workspace\Pulsaciones\MXTmpFiles\license.tmp_save
2025-07-06 18:25:38,382 [INFO] CodeEngine:279 - Generated code: C:\Users\Santiago\Desktop\facu\2025c1\TPF_TDSE\Pruebas_workspace\Pulsaciones\MXTmpFiles\license.tmp
2025-07-06 18:25:38,495 [INFO] CodeEngine:255 - oldGeneratedFile, C:\Users\Santiago\Desktop\facu\2025c1\TPF_TDSE\Pruebas_workspace\Pulsaciones\MXTmpFiles\gpio.tmp_save
2025-07-06 18:25:38,817 [INFO] CodeEngine:279 - Generated code: C:\Users\Santiago\Desktop\facu\2025c1\TPF_TDSE\Pruebas_workspace\Pulsaciones\MXTmpFiles\gpio.tmp
2025-07-06 18:25:39,156 [INFO] CodeEngine:255 - oldGeneratedFile, C:\Users\Santiago\Desktop\facu\2025c1\TPF_TDSE\Pruebas_workspace\Pulsaciones\Core\Src\stm32f1xx_it.c_save
2025-07-06 18:25:39,427 [INFO] CodeEngine:279 - Generated code: C:\Users\Santiago\Desktop\facu\2025c1\TPF_TDSE\Pruebas_workspace\Pulsaciones\Core\Src\stm32f1xx_it.c
2025-07-06 18:25:39,440 [INFO] CodeEngine:255 - oldGeneratedFile, C:\Users\Santiago\Desktop\facu\2025c1\TPF_TDSE\Pruebas_workspace\Pulsaciones\Core\Inc\stm32f1xx_it.h_save
2025-07-06 18:25:39,640 [INFO] CodeEngine:279 - Generated code: C:\Users\Santiago\Desktop\facu\2025c1\TPF_TDSE\Pruebas_workspace\Pulsaciones\Core\Inc\stm32f1xx_it.h
2025-07-06 18:25:39,698 [INFO] CodeEngine:255 - oldGeneratedFile, C:\Users\Santiago\Desktop\facu\2025c1\TPF_TDSE\Pruebas_workspace\Pulsaciones\Core\Src\stm32f1xx_hal_msp.c_save
2025-07-06 18:25:40,044 [INFO] CodeEngine:279 - Generated code: C:\Users\Santiago\Desktop\facu\2025c1\TPF_TDSE\Pruebas_workspace\Pulsaciones\Core\Src\stm32f1xx_hal_msp.c
2025-07-06 18:25:40,056 [INFO] CodeEngine:255 - oldGeneratedFile, C:\Users\Santiago\Desktop\facu\2025c1\TPF_TDSE\Pruebas_workspace\Pulsaciones\MXTmpFiles\system.tmp_save
2025-07-06 18:25:40,262 [INFO] CodeEngine:279 - Generated code: C:\Users\Santiago\Desktop\facu\2025c1\TPF_TDSE\Pruebas_workspace\Pulsaciones\MXTmpFiles\system.tmp
2025-07-06 18:25:40,338 [INFO] CodeEngine:311 - oldGeneratedFile, C:\Users\Santiago\Desktop\facu\2025c1\TPF_TDSE\Pruebas_workspace\Pulsaciones\Core\Inc\stm32f1xx_hal_conf.h_save
2025-07-06 18:25:40,797 [INFO] CodeEngine:335 - Generated code: C:\Users\Santiago\Desktop\facu\2025c1\TPF_TDSE\Pruebas_workspace\Pulsaciones\Core\Inc\stm32f1xx_hal_conf.h
2025-07-06 18:25:40,980 [INFO] ApiDbMcu:508 - Load IP Config File for TIM2
2025-07-06 18:25:40,983 [WARN] IPConfigManager:3618 - IP not found : TIM
2025-07-06 18:25:40,984 [WARN] CodeGenerator:4152 - IP not found : null
2025-07-06 18:25:41,044 [INFO] CodeEngine:255 - oldGeneratedFile, C:\Users\Santiago\Desktop\facu\2025c1\TPF_TDSE\Pruebas_workspace\Pulsaciones\Core\Inc\main.h_save
2025-07-06 18:25:41,193 [INFO] CodeEngine:279 - Generated code: C:\Users\Santiago\Desktop\facu\2025c1\TPF_TDSE\Pruebas_workspace\Pulsaciones\Core\Inc\main.h
2025-07-06 18:25:41,235 [INFO] CodeEngine:255 - oldGeneratedFile, C:\Users\Santiago\Desktop\facu\2025c1\TPF_TDSE\Pruebas_workspace\Pulsaciones\Core\Src\main.c_save
2025-07-06 18:25:41,477 [INFO] CodeEngine:279 - Generated code: C:\Users\Santiago\Desktop\facu\2025c1\TPF_TDSE\Pruebas_workspace\Pulsaciones\Core\Src\main.c
2025-07-06 18:25:42,043 [INFO] ProjectBuilder:3289 - Time for Copy HAL[1] : 277mS.
2025-07-06 18:25:42,049 [INFO] ProjectBuilder:4876 - Project Generator version: 4.5.0-RC5
2025-07-06 18:25:42,168 [INFO] ConfigFileManager:1579 - The Die is : DIE410
2025-07-06 18:25:44,073 [INFO] ProjectBuilder:5154 - Time for Generating toolchain IDE Files: 2024mS.
2025-07-06 18:25:44,075 [INFO] ProjectBuilder:3146 - Time for Copy CMSIS : 1mS.
2025-07-06 18:25:44,079 [INFO] ProjectBuilder:3146 - Time for Copy CMSIS : 0mS.
2025-07-06 18:25:44,789 [INFO] MainUpdater:2872 - connection check result : 10
2025-07-06 18:25:44,789 [INFO] MainUpdater:2872 - connection check result : 10
2025-07-06 18:25:44,920 [INFO] MicroXplorer:468 - Change Database Path : 
2025-07-06 18:25:44,920 [INFO] MicroXplorer:498 - Change Database Version : DB.6.0.130
2025-07-06 18:25:44,949 [ERROR] ProjectManagerView:394 - 
java.lang.NullPointerException: Cannot invoke "javax.swing.JTextField.getText()" because the return value of "java.util.List.get(int)" is null
	at com.st.microxplorer.plugins.projectmanager.gui.ProjectChoiceTab$9.caretUpdate(ProjectChoiceTab.java:2616) ~[filemanager.jar:?]
	at javax.swing.text.JTextComponent.fireCaretUpdate(JTextComponent.java:408) ~[?:?]
	at javax.swing.text.JTextComponent$MutableCaretEvent.fire(JTextComponent.java:4484) ~[?:?]
	at javax.swing.text.JTextComponent$MutableCaretEvent.stateChanged(JTextComponent.java:4506) ~[?:?]
	at javax.swing.text.DefaultCaret.fireStateChanged(DefaultCaret.java:857) ~[?:?]
	at javax.swing.text.DefaultCaret.changeCaretPosition(DefaultCaret.java:1343) ~[?:?]
	at javax.swing.text.DefaultCaret.handleSetDot(DefaultCaret.java:1242) ~[?:?]
	at javax.swing.text.DefaultCaret.setDot(DefaultCaret.java:1223) ~[?:?]
	at javax.swing.text.DefaultCaret$Handler.insertUpdate(DefaultCaret.java:1819) ~[?:?]
	at javax.swing.text.AbstractDocument.fireInsertUpdate(AbstractDocument.java:227) ~[?:?]
	at javax.swing.text.AbstractDocument.handleInsertString(AbstractDocument.java:781) ~[?:?]
	at javax.swing.text.AbstractDocument.insertString(AbstractDocument.java:740) ~[?:?]
	at javax.swing.text.PlainDocument.insertString(PlainDocument.java:131) ~[?:?]
	at javax.swing.text.AbstractDocument.replace(AbstractDocument.java:699) ~[?:?]
	at javax.swing.text.JTextComponent.setText(JTextComponent.java:1725) ~[?:?]
	at com.st.microxplorer.plugins.projectmanager.gui.ProjectChoiceTab.createHeapStackFields(ProjectChoiceTab.java:975) ~[filemanager.jar:?]
	at com.st.microxplorer.plugins.projectmanager.gui.ProjectChoiceTab.buildLinkSettingsPanel(ProjectChoiceTab.java:3666) ~[filemanager.jar:?]
	at com.st.microxplorer.plugins.projectmanager.gui.ProjectChoiceTab.defineWindowsFields(ProjectChoiceTab.java:1934) ~[filemanager.jar:?]
	at com.st.microxplorer.plugins.projectmanager.gui.ProjectChoiceTab.updateSettings(ProjectChoiceTab.java:553) ~[filemanager.jar:?]
	at com.st.microxplorer.plugins.projectmanager.gui.ProjectSettingsPanel.UpdateDialog(ProjectSettingsPanel.java:245) ~[filemanager.jar:?]
	at com.st.microxplorer.plugins.projectmanager.ProjectManagerView.propertyChange(ProjectManagerView.java:391) ~[filemanager.jar:?]
	at java.beans.PropertyChangeSupport.fire(PropertyChangeSupport.java:343) ~[?:?]
	at java.beans.PropertyChangeSupport.firePropertyChange(PropertyChangeSupport.java:335) ~[?:?]
	at java.beans.PropertyChangeSupport.firePropertyChange(PropertyChangeSupport.java:268) ~[?:?]
	at com.st.microxplorer.util.MXPropertyChangeSupport.firePropertyChange(MXPropertyChangeSupport.java:54) ~[STM32CubeMX.jar:?]
	at com.st.microxplorer.mxsystem.MxSystem.closeConfig(MxSystem.java:899) ~[STM32CubeMX.jar:?]
	at com.st.microxplorer.maingui.MainPanel.closeConfig(MainPanel.java:789) ~[STM32CubeMX.jar:?]
	at com.st.microxplorer.plugins.filemanager.engine.OpenFileManager.loadConfigurationFile(OpenFileManager.java:265) ~[filemanager.jar:?]
	at com.st.microxplorer.plugins.filemanager.engine.MainFileManager.userLoadConfig(MainFileManager.java:340) ~[filemanager.jar:?]
	at com.st.microxplorer.plugins.filemanager.engine.MainFileManager.userLoadConfig(MainFileManager.java:318) ~[filemanager.jar:?]
	at com.st.microxplorer.plugins.filemanager.FileManagerView.getSpecificTask(FileManagerView.java:246) ~[filemanager.jar:?]
	at com.st.stm32cube.common.mx.editor.CubeMxEditor.getMxTabbedPaneInstance(CubeMxEditor.java:1198) ~[com.st.stm32cube.common.mx_6.13.0.202411220809/:?]
	at com.st.stm32cube.common.mx.editor.CubeMxEditor$12$1.createSwingComponent(CubeMxEditor.java:1068) ~[com.st.stm32cube.common.mx_6.13.0.202411220809/:?]
	at com.st.stm32cube.common.mx.oss.core.awtswtbridge.EmbeddedSwingComposite.doComponentCreation(EmbeddedSwingComposite.java:492) ~[com.st.stm32cube.common.mx.oss_6.13.0.202411220809/:?]
	at com.st.stm32cube.common.mx.oss.core.awtswtbridge.EmbeddedSwingComposite$4.run(EmbeddedSwingComposite.java:291) ~[com.st.stm32cube.common.mx.oss_6.13.0.202411220809/:?]
	at com.st.stm32cube.common.mx.oss.core.awtswtbridge.AwtEnvironment$2.run(AwtEnvironment.java:166) ~[com.st.stm32cube.common.mx.oss_6.13.0.202411220809/:?]
	at java.awt.event.InvocationEvent.dispatch(InvocationEvent.java:318) ~[?:?]
	at java.awt.EventQueue.dispatchEventImpl(EventQueue.java:773) ~[?:?]
	at java.awt.EventQueue$4.run(EventQueue.java:720) ~[?:?]
	at java.awt.EventQueue$4.run(EventQueue.java:714) ~[?:?]
	at java.security.AccessController.doPrivileged(AccessController.java:400) ~[?:?]
	at java.security.ProtectionDomain$JavaSecurityAccessImpl.doIntersectionPrivilege(ProtectionDomain.java:87) ~[?:?]
	at java.awt.EventQueue.dispatchEvent(EventQueue.java:742) ~[?:?]
	at java.awt.EventDispatchThread.pumpOneEventForFilters(EventDispatchThread.java:203) ~[?:?]
	at java.awt.EventDispatchThread.pumpEventsForFilter(EventDispatchThread.java:124) ~[?:?]
	at java.awt.EventDispatchThread.pumpEventsForHierarchy(EventDispatchThread.java:113) ~[?:?]
	at java.awt.EventDispatchThread.pumpEvents(EventDispatchThread.java:109) ~[?:?]
	at java.awt.EventDispatchThread.pumpEvents(EventDispatchThread.java:101) ~[?:?]
	at java.awt.EventDispatchThread.run(EventDispatchThread.java:90) ~[?:?]
2025-07-06 18:25:44,957 [WARN] ThirdParty:871 - waiting for thirdparty lock release [close project]
2025-07-06 18:25:44,957 [INFO] ThirdParty:873 - entering critical section [close project]
2025-07-06 18:25:44,957 [INFO] ThirdParty:883 - exiting critical section [close project]
2025-07-06 18:25:44,961 [INFO] PinOutPanel:1589 - setPackage(No Configuration,No Configuration)
2025-07-06 18:25:44,967 [INFO] UtilMem:75 - Begin LoadConfig() Used Memory: 755951520 Bytes (1073741824)
2025-07-06 18:25:44,968 [INFO] MicroXplorer:468 - Change Database Path : 
2025-07-06 18:25:44,969 [INFO] MicroXplorer:498 - Change Database Version : DB.6.0.130
2025-07-06 18:25:44,969 [INFO] OpenFileManager:332 - Change cursor
2025-07-06 18:25:44,994 [INFO] RulesReader:64 - Compatibility file has been processed (297 Rules)
2025-07-06 18:25:45,002 [INFO] Mcu:2035 - Initializing MCU STM32F103R(8-B)Tx STM32F103RBTx STM32F103RBT6
2025-07-06 18:25:47,228 [INFO] Context:748 - Trying to add GPIOservice into a context  which must be forbidden
2025-07-06 18:25:47,919 [INFO] RtosManager:555 - Registered RTOS mode: class=CMSIS, group=RTOS, mode=CMSIS_V1, owner=FREERTOS
2025-07-06 18:25:47,919 [INFO] RtosManager:555 - Registered RTOS mode: class=CMSIS, group=RTOS2, mode=CMSIS_V2, owner=FREERTOS
2025-07-06 18:25:47,919 [INFO] RtosManager:555 - Registered RTOS mode: class=RTOS, group=Core, mode=CMSIS_V1, owner=FREERTOS
2025-07-06 18:25:47,919 [INFO] RtosManager:555 - Registered RTOS mode: class=RTOS, group=Core, mode=CMSIS_V2, owner=FREERTOS
2025-07-06 18:25:47,919 [WARN] ModelIntegratedComponent:184 - Missing modes for component STMicroelectronics:FreeRTOS:0.0.1:STMicroelectronics:RTOS:FreeRTOS:Core:::10.2.0:
2025-07-06 18:25:47,935 [WARN] ModelIntegratedComponent:63 - No mode defined for component null
2025-07-06 18:25:47,935 [WARN] ModelIntegratedComponent:63 - No mode defined for component null
2025-07-06 18:25:47,935 [WARN] ModelIntegratedComponent:63 - No mode defined for component null
2025-07-06 18:25:47,935 [WARN] ModelIntegratedComponent:63 - No mode defined for component null
2025-07-06 18:25:47,935 [WARN] ModelIntegratedComponent:63 - No mode defined for component null
2025-07-06 18:25:47,935 [WARN] ModelIntegratedComponent:63 - No mode defined for component null
2025-07-06 18:25:47,935 [WARN] ModelIntegratedComponent:63 - No mode defined for component null
2025-07-06 18:25:47,936 [WARN] ModelIntegratedComponent:63 - No mode defined for component null
2025-07-06 18:25:47,936 [WARN] ModelIntegratedComponent:63 - No mode defined for component null
2025-07-06 18:25:47,936 [WARN] ModelIntegratedComponent:63 - No mode defined for component null
2025-07-06 18:25:47,936 [WARN] ModelIntegratedComponent:63 - No mode defined for component null
2025-07-06 18:25:47,936 [WARN] ModelIntegratedComponent:63 - No mode defined for component null
2025-07-06 18:25:47,936 [WARN] ModelIntegratedComponent:63 - No mode defined for component null
2025-07-06 18:25:47,936 [WARN] ModelIntegratedComponent:63 - No mode defined for component null
2025-07-06 18:25:47,936 [WARN] ModelIntegratedComponent:63 - No mode defined for component null
2025-07-06 18:25:47,936 [WARN] ModelIntegratedComponent:63 - No mode defined for component null
2025-07-06 18:25:47,936 [WARN] ModelIntegratedComponent:63 - No mode defined for component null
2025-07-06 18:25:47,936 [WARN] ModelIntegratedComponent:63 - No mode defined for component null
2025-07-06 18:25:47,936 [WARN] ModelIntegratedComponent:63 - No mode defined for component null
2025-07-06 18:25:47,936 [WARN] ModelIntegratedComponent:63 - No mode defined for component null
2025-07-06 18:25:47,936 [WARN] ModelIntegratedComponent:63 - No mode defined for component null
2025-07-06 18:25:47,936 [WARN] ModelIntegratedComponent:63 - No mode defined for component null
2025-07-06 18:25:47,937 [WARN] ModelIntegratedComponent:63 - No mode defined for component null
2025-07-06 18:25:47,937 [WARN] ModelIntegratedComponent:63 - No mode defined for component null
2025-07-06 18:25:47,937 [WARN] ModelIntegratedComponent:63 - No mode defined for component null
2025-07-06 18:25:47,937 [WARN] ModelIntegratedComponent:63 - No mode defined for component null
2025-07-06 18:25:47,937 [WARN] ModelIntegratedComponent:63 - No mode defined for component null
2025-07-06 18:25:47,937 [WARN] ModelIntegratedComponent:63 - No mode defined for component null
2025-07-06 18:25:47,937 [WARN] ModelIntegratedComponent:63 - No mode defined for component null
2025-07-06 18:25:47,937 [WARN] ModelIntegratedComponent:63 - No mode defined for component null
2025-07-06 18:25:47,937 [WARN] ModelIntegratedComponent:63 - No mode defined for component null
2025-07-06 18:25:47,937 [WARN] ModelIntegratedComponent:63 - No mode defined for component null
2025-07-06 18:25:47,937 [WARN] ModelIntegratedComponent:63 - No mode defined for component null
2025-07-06 18:25:47,937 [WARN] ModelIntegratedComponent:63 - No mode defined for component null
2025-07-06 18:25:47,937 [WARN] ModelIntegratedComponent:63 - No mode defined for component null
2025-07-06 18:25:47,937 [WARN] ModelPack:524 - Component already loaded: STMicroelectronics:HAL Drivers:0.0.0:STMicroelectronics:Device:STMicro_Driver:XSPI:HAL::0.0.1:HAL_XSPI
2025-07-06 18:25:48,284 [INFO] ThirdPartyModel:298 - Start build external matchings
2025-07-06 18:25:50,937 [INFO] ThirdPartyModel:316 - End build external matchings
2025-07-06 18:25:51,016 [INFO] ImportTextPane:218 - (OptionalMessage_ERROR) IP (RCC) : Parameter (ADCFreqValue) has invalid value (32000000)
2025-07-06 18:25:51,017 [INFO] ImportTextPane:218 - (OptionalMessage_ERROR) IP (RCC) : Invalid parameter (FamilyName)
2025-07-06 18:25:51,017 [INFO] ImportTextPane:218 - (OptionalMessage_ERROR) IP (RCC) : Parameter (MCOFreq_Value) has invalid value (64000000)
2025-07-06 18:25:51,018 [INFO] ImportTextPane:218 - (OptionalMessage_ERROR) IP (RCC) : Parameter (USBFreq_Value) has invalid value (64000000)
2025-07-06 18:25:51,368 [INFO] UtilMem:75 - End LoadConfig() Used Memory: 642494664 Bytes (1073741824)
2025-07-06 18:25:51,413 [WARN] ThirdParty:833 - waiting for thirdparty lock release [change project]
2025-07-06 18:25:51,413 [INFO] ThirdParty:835 - entering critical section [change project]
2025-07-06 18:25:51,413 [INFO] ThirdParty:1030 - CMSIS Pack Vendor :STMicroelectronics X-CUBE-PM33A1 1.0.0
2025-07-06 18:25:51,413 [INFO] ThirdParty:1030 - CMSIS Pack Vendor :STMicroelectronics USBPD 4.1
2025-07-06 18:25:51,413 [INFO] ThirdParty:1030 - CMSIS Pack Vendor :STMicroelectronics X-CUBE-AZRTOS-H7 3.3.0
2025-07-06 18:25:51,413 [INFO] ThirdParty:1030 - CMSIS Pack Vendor :STMicroelectronics X-CUBE-NFC9 1.0.0
2025-07-06 18:25:51,413 [INFO] ThirdParty:1030 - CMSIS Pack Vendor :STMicroelectronics USB_HOST 2.0.0
2025-07-06 18:25:51,414 [INFO] ThirdParty:1030 - CMSIS Pack Vendor :STMicroelectronics FP-SNS-MOTENVWB1 1.4.0
2025-07-06 18:25:51,414 [INFO] ThirdParty:1030 - CMSIS Pack Vendor :STMicroelectronics X-CUBE-AZRTOS-F4 1.1.0
2025-07-06 18:25:51,414 [INFO] ThirdParty:1030 - CMSIS Pack Vendor :STMicroelectronics LIBJPEG 8.0.0
2025-07-06 18:25:51,414 [INFO] ThirdParty:1030 - CMSIS Pack Vendor :STMicroelectronics FP-ATR-ASTRA1 2.0.2
2025-07-06 18:25:51,414 [INFO] ThirdParty:1030 - CMSIS Pack Vendor :STMicroelectronics X-CUBE-BLE1 7.1.0
2025-07-06 18:25:51,414 [INFO] ThirdParty:1030 - CMSIS Pack Vendor :Avnet-IotConnect X-CUBE-IoTC-DA16k-PMOD 1.0.0
2025-07-06 18:25:51,414 [INFO] ThirdParty:1030 - CMSIS Pack Vendor :STMicroelectronics X-CUBE-SMBUS 2.1.0
2025-07-06 18:25:51,414 [INFO] ThirdParty:1030 - CMSIS Pack Vendor :STMicroelectronics X-CUBE-WB05N 1.1.0
2025-07-06 18:25:51,414 [INFO] ThirdParty:1030 - CMSIS Pack Vendor :wolfSSL I-CUBE-wolfMQTT 1.19.2
2025-07-06 18:25:51,414 [INFO] ThirdParty:1030 - CMSIS Pack Vendor :STMicroelectronics USB_DEVICE 3.0.0
2025-07-06 18:25:51,414 [INFO] ThirdParty:1030 - CMSIS Pack Vendor :STMicroelectronics X-CUBE-ISPU 2.1.0
2025-07-06 18:25:51,414 [INFO] ThirdParty:1030 - CMSIS Pack Vendor :STMicroelectronics X-CUBE-AZRTOS-WB 2.0.0
2025-07-06 18:25:51,414 [INFO] ThirdParty:1030 - CMSIS Pack Vendor :STMicroelectronics X-CUBE-ST60 1.0.0
2025-07-06 18:25:51,414 [INFO] ThirdParty:1030 - CMSIS Pack Vendor :STMicroelectronics X-CUBE-GNSS1 7.0.1
2025-07-06 18:25:51,414 [INFO] ThirdParty:1030 - CMSIS Pack Vendor :STMicroelectronics X-CUBE-AZRTOS-F7 1.1.0
2025-07-06 18:25:51,415 [INFO] ThirdParty:1030 - CMSIS Pack Vendor :STMicroelectronics X-CUBE-AZRTOS-L5 2.0.0
2025-07-06 18:25:51,415 [INFO] ThirdParty:1030 - CMSIS Pack Vendor :STMicroelectronics X-CUBE-TOUCHGFX 4.25.0
2025-07-06 18:25:51,415 [INFO] ThirdParty:1030 - CMSIS Pack Vendor :STMicroelectronics USB_DEVICE 2.0.0
2025-07-06 18:25:51,415 [INFO] ThirdParty:1030 - CMSIS Pack Vendor :STMicroelectronics X-CUBE-NFC6 3.1.0
2025-07-06 18:25:51,415 [INFO] ThirdParty:1030 - CMSIS Pack Vendor :STMicroelectronics X-CUBE-AI 10.1.0
2025-07-06 18:25:51,416 [INFO] ThirdParty:1030 - CMSIS Pack Vendor :STMicroelectronics FP-SNS-STBOX1 2.0.0
2025-07-06 18:25:51,416 [INFO] ThirdParty:1030 - CMSIS Pack Vendor :STMicroelectronics X-CUBE-MEMS1 11.2.0
2025-07-06 18:25:51,416 [INFO] ThirdParty:1030 - CMSIS Pack Vendor :STMicroelectronics FreeRTOS 0.0.1
2025-07-06 18:25:51,416 [INFO] ThirdParty:1030 - CMSIS Pack Vendor :STMicroelectronics X-CUBE-AZRTOS-G0 1.1.0
2025-07-06 18:25:51,416 [INFO] ThirdParty:1030 - CMSIS Pack Vendor :STMicroelectronics X-CUBE-SAFEA1 1.2.2
2025-07-06 18:25:51,416 [INFO] ThirdParty:1030 - CMSIS Pack Vendor :STMicroelectronics X-CUBE-NFC4 3.0.0
2025-07-06 18:25:51,416 [INFO] ThirdParty:1030 - CMSIS Pack Vendor :STMicroelectronics X-CUBE-DPower 1.2.0
2025-07-06 18:25:51,416 [INFO] ThirdParty:1030 - CMSIS Pack Vendor :STMicroelectronics X-CUBE-SUBG2 5.0.0
2025-07-06 18:25:51,416 [INFO] ThirdParty:1030 - CMSIS Pack Vendor :STMicroelectronics X-CUBE-AZRTOS-H7RS 1.1.0
2025-07-06 18:25:51,416 [INFO] ThirdParty:1030 - CMSIS Pack Vendor :STMicroelectronics STM32_WPAN 1.0.0
2025-07-06 18:25:51,416 [INFO] ThirdParty:1030 - CMSIS Pack Vendor :EmbeddedOffice I-CUBE-FS-RTOS 1.0.1
2025-07-06 18:25:51,417 [INFO] ThirdParty:1030 - CMSIS Pack Vendor :STMicroelectronics lwIP 2.0.3
2025-07-06 18:25:51,417 [INFO] ThirdParty:1030 - CMSIS Pack Vendor :Cesanta I-CUBE-Mongoose 7.13.0
2025-07-06 18:25:51,417 [INFO] ThirdParty:1030 - CMSIS Pack Vendor :STMicroelectronics USB_HOST 1.0.0
2025-07-06 18:25:51,417 [INFO] ThirdParty:1030 - CMSIS Pack Vendor :Infineon AIROC-Wi-Fi-Bluetooth-STM32 1.7.0
2025-07-06 18:25:51,417 [INFO] ThirdParty:1030 - CMSIS Pack Vendor :STMicroelectronics X-CUBE-AZRTOS-G4 2.0.0
2025-07-06 18:25:51,417 [INFO] ThirdParty:1030 - CMSIS Pack Vendor :STMicroelectronics X-CUBE-WB05N 2.0.0
2025-07-06 18:25:51,417 [INFO] ThirdParty:1030 - CMSIS Pack Vendor :STMicroelectronics PDM2PCM 3.1.0
2025-07-06 18:25:51,417 [INFO] ThirdParty:1030 - CMSIS Pack Vendor :STMicroelectronics PDM2PCM 3.3.0
2025-07-06 18:25:51,417 [INFO] ThirdParty:1030 - CMSIS Pack Vendor :wolfSSL I-CUBE-wolfTPM 3.8.0
2025-07-06 18:25:51,417 [INFO] ThirdParty:1030 - CMSIS Pack Vendor :STMicroelectronics X-CUBE-DISPLAY 3.0.0
2025-07-06 18:25:51,417 [INFO] ThirdParty:1030 - CMSIS Pack Vendor :wolfSSL I-CUBE-wolfSSH 1.4.20
2025-07-06 18:25:51,417 [INFO] ThirdParty:1030 - CMSIS Pack Vendor :STMicroelectronics X-CUBE-NFC7 2.0.0
2025-07-06 18:25:51,417 [INFO] ThirdParty:1030 - CMSIS Pack Vendor :STMicroelectronics X-CUBE-TCPP 4.2.0
2025-07-06 18:25:51,417 [INFO] ThirdParty:1030 - CMSIS Pack Vendor :RealThread X-CUBE-RT-Thread_Nano 4.1.1
2025-07-06 18:25:51,417 [INFO] ThirdParty:1030 - CMSIS Pack Vendor :STMicroelectronics FP-ATR-SIGFOX1 3.2.0
2025-07-06 18:25:51,418 [INFO] ThirdParty:1030 - CMSIS Pack Vendor :STMicroelectronics X-CUBE-NFC10 1.0.0
2025-07-06 18:25:51,418 [INFO] ThirdParty:1030 - CMSIS Pack Vendor :STMicroelectronics X-CUBE-BLEMGR 4.0.0
2025-07-06 18:25:51,418 [INFO] ThirdParty:1030 - CMSIS Pack Vendor :STMicroelectronics X-CUBE-EEPRMA1 5.1.0
2025-07-06 18:25:51,418 [INFO] ThirdParty:1030 - CMSIS Pack Vendor :STMicroelectronics X-CUBE-FREERTOS 1.3.1
2025-07-06 18:25:51,418 [INFO] ThirdParty:1030 - CMSIS Pack Vendor :STMicroelectronics HAL Drivers 0.0.0
2025-07-06 18:25:51,418 [INFO] ThirdParty:1030 - CMSIS Pack Vendor :STMicroelectronics MBEDTLS 2.16.2
2025-07-06 18:25:51,418 [INFO] ThirdParty:1030 - CMSIS Pack Vendor :STMicroelectronics X-CUBE-IPS 3.1.0
2025-07-06 18:25:51,418 [INFO] ThirdParty:1030 - CMSIS Pack Vendor :STMicroelectronics X-CUBE-ALS 1.0.2
2025-07-06 18:25:51,418 [INFO] ThirdParty:1030 - CMSIS Pack Vendor :emotas I-CUBE-CANOPEN 1.3.0
2025-07-06 18:25:51,418 [INFO] ThirdParty:1030 - CMSIS Pack Vendor :STMicroelectronics X-CUBE-FREERTOS 1.3.0
2025-07-06 18:25:51,418 [INFO] ThirdParty:1030 - CMSIS Pack Vendor :STMicroelectronics X-CUBE-NFC7 1.0.1
2025-07-06 18:25:51,418 [INFO] ThirdParty:1030 - CMSIS Pack Vendor :STMicroelectronics MBEDTLS 2.14.1
2025-07-06 18:25:51,418 [INFO] ThirdParty:1030 - CMSIS Pack Vendor :wolfSSL I-CUBE-wolfSSL 5.7.6
2025-07-06 18:25:51,418 [INFO] ThirdParty:1030 - CMSIS Pack Vendor :ITTIA_DB I-CUBE-ITTIADB 8.9.0
2025-07-06 18:25:51,418 [INFO] ThirdParty:1030 - CMSIS Pack Vendor :portGmbH I-Cube-SoM-uGOAL 1.1.0
2025-07-06 18:25:51,419 [INFO] ThirdParty:1030 - CMSIS Pack Vendor :quantropi X-CUBE-qispace-sdk-base 2.0.0
2025-07-06 18:25:51,419 [INFO] ThirdParty:1030 - CMSIS Pack Vendor :STMicroelectronics X-CUBE-AI 10.0.0
2025-07-06 18:25:51,419 [INFO] ThirdParty:1030 - CMSIS Pack Vendor :STMicroelectronics X-CUBE-ST67W61 1.0.0
2025-07-06 18:25:51,419 [INFO] ThirdParty:1030 - CMSIS Pack Vendor :STMicroelectronics FP-SNS-STAIOTCFT 1.0.0
2025-07-06 18:25:51,419 [INFO] ThirdParty:1030 - CMSIS Pack Vendor :STMicroelectronics ThreadX 1.0.0
2025-07-06 18:25:51,419 [INFO] ThirdParty:1030 - CMSIS Pack Vendor :STMicroelectronics FP-SNS-SMARTAG2 1.2.0
2025-07-06 18:25:51,419 [INFO] ThirdParty:1030 - CMSIS Pack Vendor :STMicroelectronics FP-SNS-FLIGHT1 5.1.0
2025-07-06 18:25:51,419 [INFO] ThirdParty:1030 - CMSIS Pack Vendor :STMicroelectronics X-CUBE-MEMS1 11.1.0
2025-07-06 18:25:51,419 [INFO] ThirdParty:1030 - CMSIS Pack Vendor :STMicroelectronics X-CUBE-AZRTOS-WL 2.0.0
2025-07-06 18:25:51,419 [INFO] ThirdParty:1030 - CMSIS Pack Vendor :SEGGER I-CUBE-embOS 1.3.1
2025-07-06 18:25:51,419 [INFO] ThirdParty:1030 - CMSIS Pack Vendor :STMicroelectronics X-CUBE-ALGOBUILD 1.4.0
2025-07-06 18:25:51,419 [INFO] ThirdParty:1030 - CMSIS Pack Vendor :STMicroelectronics X-CUBE-DPower 1.3.0
2025-07-06 18:25:51,419 [INFO] ThirdParty:1030 - CMSIS Pack Vendor :STMicroelectronics X-CUBE-MEMS1 11.3.0
2025-07-06 18:25:51,419 [INFO] ThirdParty:1030 - CMSIS Pack Vendor :STMicroelectronics FP-SNS-MOTENV1 5.0.0
2025-07-06 18:25:51,420 [INFO] ThirdParty:1030 - CMSIS Pack Vendor :STMicroelectronics USB_DEVICE 1.0.0
2025-07-06 18:25:51,421 [INFO] ThirdParty:1030 - CMSIS Pack Vendor :STMicroelectronics X-CUBE-AZRTOS-L4 2.0.0
2025-07-06 18:25:51,421 [INFO] ThirdParty:1030 - CMSIS Pack Vendor :STMicroelectronics ThreadX 0.0.2
2025-07-06 18:25:51,421 [INFO] ThirdParty:1030 - CMSIS Pack Vendor :WES I-CUBE-Cesium 1.3.0
2025-07-06 18:25:51,421 [INFO] ThirdParty:1030 - CMSIS Pack Vendor :STMicroelectronics lwIP 2.1.2
2025-07-06 18:25:51,421 [INFO] ThirdParty:1030 - CMSIS Pack Vendor :STMicroelectronics X-CUBE-SFXS2LP1 4.0.0
2025-07-06 18:25:51,421 [INFO] ThirdParty:1030 - CMSIS Pack Vendor :STMicroelectronics X-CUBE-BLE2 3.3.0
2025-07-06 18:25:51,421 [INFO] ThirdParty:1030 - CMSIS Pack Vendor :STMicroelectronics X-CUBE-TOF1 3.4.2
2025-07-06 18:25:51,421 [INFO] ThirdParty:1030 - CMSIS Pack Vendor :STMicroelectronics X-CUBE-TOF1 3.4.3
2025-07-06 18:25:51,422 [INFO] ThirdParty:1030 - CMSIS Pack Vendor :STMicroelectronics PDM2PCM 3.2.0
2025-07-06 18:25:51,422 [INFO] ThirdParty:841 - exiting critical section [change project]
2025-07-06 18:25:51,675 [INFO] PinOutPanel:1589 - setPackage(No Configuration,No Configuration)
2025-07-06 18:25:51,676 [INFO] PinOutPanel:1589 - setPackage(STM32F103RBTx,LQFP64)
2025-07-06 18:25:52,174 [INFO] UtilMem:75 - Before build in PCC Used Memory: 728996848 Bytes (1073741824)
2025-07-06 18:25:52,789 [INFO] UtilMem:75 - After build in PCC Used Memory: 773559280 Bytes (1073741824)
2025-07-06 18:25:52,816 [INFO] IPUIPlugin:80 - create IPUIPlugin
2025-07-06 18:25:52,816 [INFO] IPUIPlugin:80 - create IPUIPlugin
2025-07-06 18:25:52,816 [INFO] IPUIPlugin:80 - create IPUIPlugin
2025-07-06 18:25:52,816 [INFO] IPUIPlugin:80 - create IPUIPlugin
2025-07-06 18:25:52,816 [INFO] IPUIPlugin:80 - create IPUIPlugin
2025-07-06 18:25:52,817 [INFO] IPUIPlugin:80 - create IPUIPlugin
2025-07-06 18:25:52,817 [INFO] IPUIPlugin:80 - create IPUIPlugin
2025-07-06 18:25:52,817 [INFO] IPUIPlugin:80 - create IPUIPlugin
2025-07-06 18:25:52,817 [INFO] IPUIPlugin:80 - create IPUIPlugin
2025-07-06 18:25:52,817 [INFO] IPUIPlugin:80 - create IPUIPlugin
2025-07-06 18:25:52,818 [INFO] IPUIPlugin:80 - create IPUIPlugin
2025-07-06 18:25:52,818 [INFO] IPUIPlugin:80 - create IPUIPlugin
2025-07-06 18:25:52,818 [INFO] IPUIPlugin:80 - create IPUIPlugin
2025-07-06 18:25:52,818 [INFO] IPUIPlugin:80 - create IPUIPlugin
2025-07-06 18:25:52,819 [INFO] IPUIPlugin:80 - create IPUIPlugin
2025-07-06 18:25:52,819 [INFO] IPUIPlugin:80 - create IPUIPlugin
2025-07-06 18:25:52,820 [INFO] IPUIPlugin:80 - create IPUIPlugin
2025-07-06 18:25:52,820 [INFO] IPUIPlugin:80 - create IPUIPlugin
2025-07-06 18:25:52,820 [INFO] IPUIPlugin:80 - create IPUIPlugin
2025-07-06 18:25:52,821 [INFO] IPUIPlugin:80 - create IPUIPlugin
2025-07-06 18:25:52,821 [INFO] IPUIPlugin:80 - create IPUIPlugin
2025-07-06 18:25:52,822 [INFO] IPUIPlugin:80 - create IPUIPlugin
2025-07-06 18:25:52,822 [INFO] IPUIPlugin:80 - create IPUIPlugin
2025-07-06 18:25:52,822 [INFO] IPUIPlugin:80 - create IPUIPlugin
2025-07-06 18:25:52,823 [INFO] IPUIPlugin:80 - create IPUIPlugin
2025-07-06 18:25:52,823 [INFO] IPUIPlugin:80 - create IPUIPlugin
2025-07-06 18:25:52,823 [INFO] IPUIPlugin:80 - create IPUIPlugin
2025-07-06 18:25:52,897 [INFO] CADModel:165 - CPN selected for project levelSTM32F103RBT6
2025-07-06 18:25:52,897 [INFO] CADModel:114 - Register for checkConnection events
2025-07-06 18:25:52,981 [INFO] OpenFileManager:363 - Restore cursor
2025-07-06 18:25:52,989 [INFO] ApiDb:581 - Connected to CubeFinder SQLite database (C:\Users\Santiago\.stmcufinder\plugins\mcufinder\mcu\cube-finder-db.db)
2025-07-06 18:25:53,331 [ERROR] LogOutputStream:75 - [STDERR_REDIRECT] Exception in thread "AWT-EventQueue-0" java.lang.NullPointerException: Cannot invoke "com.st.stm32cube.common.mx.oss.core.awtswtbridge.EmbeddedSwingComposite$AwtContext.setContentPane(java.awt.Container)" because "this.awtContext" is null
2025-07-06 18:25:53,344 [ERROR] LogOutputStream:75 - [STDERR_REDIRECT] 	at com.st.stm32cube.common.mx.oss.core.awtswtbridge.EmbeddedSwingComposite.doComponentCreation(EmbeddedSwingComposite.java:494)
2025-07-06 18:25:53,346 [ERROR] LogOutputStream:75 - [STDERR_REDIRECT] 	at com.st.stm32cube.common.mx.oss.core.awtswtbridge.EmbeddedSwingComposite$4.run(EmbeddedSwingComposite.java:291)
2025-07-06 18:25:53,349 [ERROR] LogOutputStream:75 - [STDERR_REDIRECT] 	at com.st.stm32cube.common.mx.oss.core.awtswtbridge.AwtEnvironment$2.run(AwtEnvironment.java:166)
2025-07-06 18:25:53,357 [ERROR] LogOutputStream:75 - [STDERR_REDIRECT] 	at java.desktop/java.awt.event.InvocationEvent.dispatch(InvocationEvent.java:318)
2025-07-06 18:25:53,364 [ERROR] LogOutputStream:75 - [STDERR_REDIRECT] 	at java.desktop/java.awt.EventQueue.dispatchEventImpl(EventQueue.java:773)
2025-07-06 18:25:53,366 [ERROR] LogOutputStream:75 - [STDERR_REDIRECT] 	at java.desktop/java.awt.EventQueue$4.run(EventQueue.java:720)
2025-07-06 18:25:53,369 [ERROR] LogOutputStream:75 - [STDERR_REDIRECT] 	at java.desktop/java.awt.EventQueue$4.run(EventQueue.java:714)
2025-07-06 18:25:53,372 [ERROR] LogOutputStream:75 - [STDERR_REDIRECT] 	at java.base/java.security.AccessController.doPrivileged(AccessController.java:400)
2025-07-06 18:25:53,375 [ERROR] LogOutputStream:75 - [STDERR_REDIRECT] 	at java.base/java.security.ProtectionDomain$JavaSecurityAccessImpl.doIntersectionPrivilege(ProtectionDomain.java:87)
2025-07-06 18:25:53,388 [ERROR] LogOutputStream:75 - [STDERR_REDIRECT] 	at java.desktop/java.awt.EventQueue.dispatchEvent(EventQueue.java:742)
2025-07-06 18:25:53,394 [ERROR] LogOutputStream:75 - [STDERR_REDIRECT] 	at java.desktop/java.awt.EventDispatchThread.pumpOneEventForFilters(EventDispatchThread.java:203)
2025-07-06 18:25:53,400 [ERROR] LogOutputStream:75 - [STDERR_REDIRECT] 	at java.desktop/java.awt.EventDispatchThread.pumpEventsForFilter(EventDispatchThread.java:124)
2025-07-06 18:25:53,404 [ERROR] LogOutputStream:75 - [STDERR_REDIRECT] 	at java.desktop/java.awt.EventDispatchThread.pumpEventsForHierarchy(EventDispatchThread.java:113)
2025-07-06 18:25:53,407 [ERROR] LogOutputStream:75 - [STDERR_REDIRECT] 	at java.desktop/java.awt.EventDispatchThread.pumpEvents(EventDispatchThread.java:109)
2025-07-06 18:25:53,410 [ERROR] LogOutputStream:75 - [STDERR_REDIRECT] 	at java.desktop/java.awt.EventDispatchThread.pumpEvents(EventDispatchThread.java:101)
2025-07-06 18:25:53,417 [ERROR] LogOutputStream:75 - [STDERR_REDIRECT] 	at java.desktop/java.awt.EventDispatchThread.run(EventDispatchThread.java:90)
2025-07-06 18:26:05,425 [INFO] MainUpdater:2872 - connection check result : 10
2025-07-06 18:26:05,426 [INFO] MainUpdater:2872 - connection check result : 10
2025-07-06 18:26:05,546 [INFO] MicroXplorer:468 - Change Database Path : 
2025-07-06 18:26:05,546 [INFO] MicroXplorer:498 - Change Database Version : DB.6.0.130
2025-07-06 18:26:05,556 [ERROR] ProjectManagerView:394 - 
java.lang.NullPointerException: Cannot invoke "javax.swing.JTextField.getText()" because the return value of "java.util.List.get(int)" is null
	at com.st.microxplorer.plugins.projectmanager.gui.ProjectChoiceTab$9.caretUpdate(ProjectChoiceTab.java:2616) ~[filemanager.jar:?]
	at javax.swing.text.JTextComponent.fireCaretUpdate(JTextComponent.java:408) ~[?:?]
	at javax.swing.text.JTextComponent$MutableCaretEvent.fire(JTextComponent.java:4484) ~[?:?]
	at javax.swing.text.JTextComponent$MutableCaretEvent.stateChanged(JTextComponent.java:4506) ~[?:?]
	at javax.swing.text.DefaultCaret.fireStateChanged(DefaultCaret.java:857) ~[?:?]
	at javax.swing.text.DefaultCaret.changeCaretPosition(DefaultCaret.java:1343) ~[?:?]
	at javax.swing.text.DefaultCaret.handleSetDot(DefaultCaret.java:1242) ~[?:?]
	at javax.swing.text.DefaultCaret.setDot(DefaultCaret.java:1223) ~[?:?]
	at javax.swing.text.DefaultCaret$Handler.insertUpdate(DefaultCaret.java:1819) ~[?:?]
	at javax.swing.text.AbstractDocument.fireInsertUpdate(AbstractDocument.java:227) ~[?:?]
	at javax.swing.text.AbstractDocument.handleInsertString(AbstractDocument.java:781) ~[?:?]
	at javax.swing.text.AbstractDocument.insertString(AbstractDocument.java:740) ~[?:?]
	at javax.swing.text.PlainDocument.insertString(PlainDocument.java:131) ~[?:?]
	at javax.swing.text.AbstractDocument.replace(AbstractDocument.java:699) ~[?:?]
	at javax.swing.text.JTextComponent.setText(JTextComponent.java:1725) ~[?:?]
	at com.st.microxplorer.plugins.projectmanager.gui.ProjectChoiceTab.createHeapStackFields(ProjectChoiceTab.java:975) ~[filemanager.jar:?]
	at com.st.microxplorer.plugins.projectmanager.gui.ProjectChoiceTab.buildLinkSettingsPanel(ProjectChoiceTab.java:3666) ~[filemanager.jar:?]
	at com.st.microxplorer.plugins.projectmanager.gui.ProjectChoiceTab.defineWindowsFields(ProjectChoiceTab.java:1934) ~[filemanager.jar:?]
	at com.st.microxplorer.plugins.projectmanager.gui.ProjectChoiceTab.updateSettings(ProjectChoiceTab.java:553) ~[filemanager.jar:?]
	at com.st.microxplorer.plugins.projectmanager.gui.ProjectSettingsPanel.UpdateDialog(ProjectSettingsPanel.java:245) ~[filemanager.jar:?]
	at com.st.microxplorer.plugins.projectmanager.ProjectManagerView.propertyChange(ProjectManagerView.java:391) ~[filemanager.jar:?]
	at java.beans.PropertyChangeSupport.fire(PropertyChangeSupport.java:343) ~[?:?]
	at java.beans.PropertyChangeSupport.firePropertyChange(PropertyChangeSupport.java:335) ~[?:?]
	at java.beans.PropertyChangeSupport.firePropertyChange(PropertyChangeSupport.java:268) ~[?:?]
	at com.st.microxplorer.util.MXPropertyChangeSupport.firePropertyChange(MXPropertyChangeSupport.java:54) ~[STM32CubeMX.jar:?]
	at com.st.microxplorer.mxsystem.MxSystem.closeConfig(MxSystem.java:899) ~[STM32CubeMX.jar:?]
	at com.st.microxplorer.maingui.MainPanel.closeConfig(MainPanel.java:789) ~[STM32CubeMX.jar:?]
	at com.st.microxplorer.plugins.filemanager.engine.OpenFileManager.loadConfigurationFile(OpenFileManager.java:265) ~[filemanager.jar:?]
	at com.st.microxplorer.plugins.filemanager.engine.MainFileManager.userLoadConfig(MainFileManager.java:340) ~[filemanager.jar:?]
	at com.st.microxplorer.plugins.filemanager.engine.MainFileManager.userLoadConfig(MainFileManager.java:318) ~[filemanager.jar:?]
	at com.st.microxplorer.plugins.filemanager.FileManagerView.getSpecificTask(FileManagerView.java:246) ~[filemanager.jar:?]
	at com.st.stm32cube.common.mx.editor.CubeMxEditor.getMxTabbedPaneInstance(CubeMxEditor.java:1198) ~[com.st.stm32cube.common.mx_6.13.0.202411220809/:?]
	at com.st.stm32cube.common.mx.editor.CubeMxEditor$12$1.createSwingComponent(CubeMxEditor.java:1068) ~[com.st.stm32cube.common.mx_6.13.0.202411220809/:?]
	at com.st.stm32cube.common.mx.oss.core.awtswtbridge.EmbeddedSwingComposite.doComponentCreation(EmbeddedSwingComposite.java:492) ~[com.st.stm32cube.common.mx.oss_6.13.0.202411220809/:?]
	at com.st.stm32cube.common.mx.oss.core.awtswtbridge.EmbeddedSwingComposite$4.run(EmbeddedSwingComposite.java:291) ~[com.st.stm32cube.common.mx.oss_6.13.0.202411220809/:?]
	at com.st.stm32cube.common.mx.oss.core.awtswtbridge.AwtEnvironment$2.run(AwtEnvironment.java:166) ~[com.st.stm32cube.common.mx.oss_6.13.0.202411220809/:?]
	at java.awt.event.InvocationEvent.dispatch(InvocationEvent.java:318) ~[?:?]
	at java.awt.EventQueue.dispatchEventImpl(EventQueue.java:773) ~[?:?]
	at java.awt.EventQueue$4.run(EventQueue.java:720) ~[?:?]
	at java.awt.EventQueue$4.run(EventQueue.java:714) ~[?:?]
	at java.security.AccessController.doPrivileged(AccessController.java:400) ~[?:?]
	at java.security.ProtectionDomain$JavaSecurityAccessImpl.doIntersectionPrivilege(ProtectionDomain.java:87) ~[?:?]
	at java.awt.EventQueue.dispatchEvent(EventQueue.java:742) ~[?:?]
	at java.awt.EventDispatchThread.pumpOneEventForFilters(EventDispatchThread.java:203) ~[?:?]
	at java.awt.EventDispatchThread.pumpEventsForFilter(EventDispatchThread.java:124) ~[?:?]
	at java.awt.EventDispatchThread.pumpEventsForHierarchy(EventDispatchThread.java:113) ~[?:?]
	at java.awt.EventDispatchThread.pumpEvents(EventDispatchThread.java:109) ~[?:?]
	at java.awt.EventDispatchThread.pumpEvents(EventDispatchThread.java:101) ~[?:?]
	at java.awt.EventDispatchThread.run(EventDispatchThread.java:90) ~[?:?]
2025-07-06 18:26:05,558 [WARN] ThirdParty:871 - waiting for thirdparty lock release [close project]
2025-07-06 18:26:05,558 [INFO] ThirdParty:873 - entering critical section [close project]
2025-07-06 18:26:05,558 [INFO] ThirdParty:883 - exiting critical section [close project]
2025-07-06 18:26:05,560 [INFO] PinOutPanel:1589 - setPackage(No Configuration,No Configuration)
2025-07-06 18:26:05,563 [INFO] UtilMem:75 - Begin LoadConfig() Used Memory: 862166000 Bytes (1073741824)
2025-07-06 18:26:05,564 [INFO] MicroXplorer:468 - Change Database Path : 
2025-07-06 18:26:05,564 [INFO] MicroXplorer:498 - Change Database Version : DB.6.0.130
2025-07-06 18:26:05,564 [INFO] OpenFileManager:332 - Change cursor
2025-07-06 18:26:05,572 [INFO] Mcu:2035 - Initializing MCU STM32F103R(8-B)Tx STM32F103RBTx STM32F103RBT6
2025-07-06 18:26:06,351 [INFO] Context:748 - Trying to add GPIOservice into a context  which must be forbidden
2025-07-06 18:26:06,654 [INFO] RtosManager:555 - Registered RTOS mode: class=CMSIS, group=RTOS, mode=CMSIS_V1, owner=FREERTOS
2025-07-06 18:26:06,654 [INFO] RtosManager:555 - Registered RTOS mode: class=CMSIS, group=RTOS2, mode=CMSIS_V2, owner=FREERTOS
2025-07-06 18:26:06,654 [INFO] RtosManager:555 - Registered RTOS mode: class=RTOS, group=Core, mode=CMSIS_V1, owner=FREERTOS
2025-07-06 18:26:06,654 [INFO] RtosManager:555 - Registered RTOS mode: class=RTOS, group=Core, mode=CMSIS_V2, owner=FREERTOS
2025-07-06 18:26:06,655 [WARN] ModelIntegratedComponent:184 - Missing modes for component STMicroelectronics:FreeRTOS:0.0.1:STMicroelectronics:RTOS:FreeRTOS:Core:::10.2.0:
2025-07-06 18:26:06,667 [WARN] ModelIntegratedComponent:63 - No mode defined for component null
2025-07-06 18:26:06,667 [WARN] ModelIntegratedComponent:63 - No mode defined for component null
2025-07-06 18:26:06,667 [WARN] ModelIntegratedComponent:63 - No mode defined for component null
2025-07-06 18:26:06,667 [WARN] ModelIntegratedComponent:63 - No mode defined for component null
2025-07-06 18:26:06,667 [WARN] ModelIntegratedComponent:63 - No mode defined for component null
2025-07-06 18:26:06,667 [WARN] ModelIntegratedComponent:63 - No mode defined for component null
2025-07-06 18:26:06,667 [WARN] ModelIntegratedComponent:63 - No mode defined for component null
2025-07-06 18:26:06,667 [WARN] ModelIntegratedComponent:63 - No mode defined for component null
2025-07-06 18:26:06,667 [WARN] ModelIntegratedComponent:63 - No mode defined for component null
2025-07-06 18:26:06,667 [WARN] ModelIntegratedComponent:63 - No mode defined for component null
2025-07-06 18:26:06,667 [WARN] ModelIntegratedComponent:63 - No mode defined for component null
2025-07-06 18:26:06,668 [WARN] ModelIntegratedComponent:63 - No mode defined for component null
2025-07-06 18:26:06,668 [WARN] ModelIntegratedComponent:63 - No mode defined for component null
2025-07-06 18:26:06,668 [WARN] ModelIntegratedComponent:63 - No mode defined for component null
2025-07-06 18:26:06,668 [WARN] ModelIntegratedComponent:63 - No mode defined for component null
2025-07-06 18:26:06,668 [WARN] ModelIntegratedComponent:63 - No mode defined for component null
2025-07-06 18:26:06,668 [WARN] ModelIntegratedComponent:63 - No mode defined for component null
2025-07-06 18:26:06,668 [WARN] ModelIntegratedComponent:63 - No mode defined for component null
2025-07-06 18:26:06,668 [WARN] ModelIntegratedComponent:63 - No mode defined for component null
2025-07-06 18:26:06,668 [WARN] ModelIntegratedComponent:63 - No mode defined for component null
2025-07-06 18:26:06,668 [WARN] ModelIntegratedComponent:63 - No mode defined for component null
2025-07-06 18:26:06,668 [WARN] ModelIntegratedComponent:63 - No mode defined for component null
2025-07-06 18:26:06,668 [WARN] ModelIntegratedComponent:63 - No mode defined for component null
2025-07-06 18:26:06,668 [WARN] ModelIntegratedComponent:63 - No mode defined for component null
2025-07-06 18:26:06,668 [WARN] ModelIntegratedComponent:63 - No mode defined for component null
2025-07-06 18:26:06,668 [WARN] ModelIntegratedComponent:63 - No mode defined for component null
2025-07-06 18:26:06,668 [WARN] ModelIntegratedComponent:63 - No mode defined for component null
2025-07-06 18:26:06,668 [WARN] ModelIntegratedComponent:63 - No mode defined for component null
2025-07-06 18:26:06,668 [WARN] ModelIntegratedComponent:63 - No mode defined for component null
2025-07-06 18:26:06,668 [WARN] ModelIntegratedComponent:63 - No mode defined for component null
2025-07-06 18:26:06,668 [WARN] ModelIntegratedComponent:63 - No mode defined for component null
2025-07-06 18:26:06,668 [WARN] ModelIntegratedComponent:63 - No mode defined for component null
2025-07-06 18:26:06,669 [WARN] ModelIntegratedComponent:63 - No mode defined for component null
2025-07-06 18:26:06,669 [WARN] ModelIntegratedComponent:63 - No mode defined for component null
2025-07-06 18:26:06,669 [WARN] ModelIntegratedComponent:63 - No mode defined for component null
2025-07-06 18:26:06,669 [WARN] ModelPack:524 - Component already loaded: STMicroelectronics:HAL Drivers:0.0.0:STMicroelectronics:Device:STMicro_Driver:XSPI:HAL::0.0.1:HAL_XSPI
2025-07-06 18:26:07,148 [INFO] ThirdPartyModel:298 - Start build external matchings
2025-07-06 18:26:08,988 [INFO] ThirdPartyModel:316 - End build external matchings
2025-07-06 18:26:09,039 [INFO] ImportTextPane:218 - (OptionalMessage_ERROR) IP (RCC) : Parameter (ADCFreqValue) has invalid value (32000000)
2025-07-06 18:26:09,039 [INFO] ImportTextPane:218 - (OptionalMessage_ERROR) IP (RCC) : Invalid parameter (FamilyName)
2025-07-06 18:26:09,039 [INFO] ImportTextPane:218 - (OptionalMessage_ERROR) IP (RCC) : Parameter (MCOFreq_Value) has invalid value (64000000)
2025-07-06 18:26:09,040 [INFO] ImportTextPane:218 - (OptionalMessage_ERROR) IP (RCC) : Parameter (USBFreq_Value) has invalid value (64000000)
2025-07-06 18:26:09,521 [INFO] UtilMem:75 - End LoadConfig() Used Memory: 630542112 Bytes (1073741824)
2025-07-06 18:26:09,564 [WARN] ThirdParty:833 - waiting for thirdparty lock release [change project]
2025-07-06 18:26:09,565 [INFO] ThirdParty:835 - entering critical section [change project]
2025-07-06 18:26:09,565 [INFO] ThirdParty:1030 - CMSIS Pack Vendor :STMicroelectronics X-CUBE-PM33A1 1.0.0
2025-07-06 18:26:09,565 [INFO] ThirdParty:1030 - CMSIS Pack Vendor :STMicroelectronics USBPD 4.1
2025-07-06 18:26:09,565 [INFO] ThirdParty:1030 - CMSIS Pack Vendor :STMicroelectronics X-CUBE-AZRTOS-H7 3.3.0
2025-07-06 18:26:09,565 [INFO] ThirdParty:1030 - CMSIS Pack Vendor :STMicroelectronics X-CUBE-NFC9 1.0.0
2025-07-06 18:26:09,565 [INFO] ThirdParty:1030 - CMSIS Pack Vendor :STMicroelectronics USB_HOST 2.0.0
2025-07-06 18:26:09,565 [INFO] ThirdParty:1030 - CMSIS Pack Vendor :STMicroelectronics FP-SNS-MOTENVWB1 1.4.0
2025-07-06 18:26:09,565 [INFO] ThirdParty:1030 - CMSIS Pack Vendor :STMicroelectronics X-CUBE-AZRTOS-F4 1.1.0
2025-07-06 18:26:09,565 [INFO] ThirdParty:1030 - CMSIS Pack Vendor :STMicroelectronics LIBJPEG 8.0.0
2025-07-06 18:26:09,565 [INFO] ThirdParty:1030 - CMSIS Pack Vendor :STMicroelectronics FP-ATR-ASTRA1 2.0.2
2025-07-06 18:26:09,565 [INFO] ThirdParty:1030 - CMSIS Pack Vendor :STMicroelectronics X-CUBE-BLE1 7.1.0
2025-07-06 18:26:09,565 [INFO] ThirdParty:1030 - CMSIS Pack Vendor :Avnet-IotConnect X-CUBE-IoTC-DA16k-PMOD 1.0.0
2025-07-06 18:26:09,566 [INFO] ThirdParty:1030 - CMSIS Pack Vendor :STMicroelectronics X-CUBE-SMBUS 2.1.0
2025-07-06 18:26:09,566 [INFO] ThirdParty:1030 - CMSIS Pack Vendor :STMicroelectronics X-CUBE-WB05N 1.1.0
2025-07-06 18:26:09,566 [INFO] ThirdParty:1030 - CMSIS Pack Vendor :wolfSSL I-CUBE-wolfMQTT 1.19.2
2025-07-06 18:26:09,566 [INFO] ThirdParty:1030 - CMSIS Pack Vendor :STMicroelectronics USB_DEVICE 3.0.0
2025-07-06 18:26:09,566 [INFO] ThirdParty:1030 - CMSIS Pack Vendor :STMicroelectronics X-CUBE-ISPU 2.1.0
2025-07-06 18:26:09,566 [INFO] ThirdParty:1030 - CMSIS Pack Vendor :STMicroelectronics X-CUBE-AZRTOS-WB 2.0.0
2025-07-06 18:26:09,566 [INFO] ThirdParty:1030 - CMSIS Pack Vendor :STMicroelectronics X-CUBE-ST60 1.0.0
2025-07-06 18:26:09,566 [INFO] ThirdParty:1030 - CMSIS Pack Vendor :STMicroelectronics X-CUBE-GNSS1 7.0.1
2025-07-06 18:26:09,566 [INFO] ThirdParty:1030 - CMSIS Pack Vendor :STMicroelectronics X-CUBE-AZRTOS-F7 1.1.0
2025-07-06 18:26:09,566 [INFO] ThirdParty:1030 - CMSIS Pack Vendor :STMicroelectronics X-CUBE-AZRTOS-L5 2.0.0
2025-07-06 18:26:09,566 [INFO] ThirdParty:1030 - CMSIS Pack Vendor :STMicroelectronics X-CUBE-TOUCHGFX 4.25.0
2025-07-06 18:26:09,566 [INFO] ThirdParty:1030 - CMSIS Pack Vendor :STMicroelectronics USB_DEVICE 2.0.0
2025-07-06 18:26:09,566 [INFO] ThirdParty:1030 - CMSIS Pack Vendor :STMicroelectronics X-CUBE-NFC6 3.1.0
2025-07-06 18:26:09,566 [INFO] ThirdParty:1030 - CMSIS Pack Vendor :STMicroelectronics X-CUBE-AI 10.1.0
2025-07-06 18:26:09,566 [INFO] ThirdParty:1030 - CMSIS Pack Vendor :STMicroelectronics FP-SNS-STBOX1 2.0.0
2025-07-06 18:26:09,566 [INFO] ThirdParty:1030 - CMSIS Pack Vendor :STMicroelectronics X-CUBE-MEMS1 11.2.0
2025-07-06 18:26:09,567 [INFO] ThirdParty:1030 - CMSIS Pack Vendor :STMicroelectronics FreeRTOS 0.0.1
2025-07-06 18:26:09,567 [INFO] ThirdParty:1030 - CMSIS Pack Vendor :STMicroelectronics X-CUBE-AZRTOS-G0 1.1.0
2025-07-06 18:26:09,567 [INFO] ThirdParty:1030 - CMSIS Pack Vendor :STMicroelectronics X-CUBE-SAFEA1 1.2.2
2025-07-06 18:26:09,567 [INFO] ThirdParty:1030 - CMSIS Pack Vendor :STMicroelectronics X-CUBE-NFC4 3.0.0
2025-07-06 18:26:09,567 [INFO] ThirdParty:1030 - CMSIS Pack Vendor :STMicroelectronics X-CUBE-DPower 1.2.0
2025-07-06 18:26:09,567 [INFO] ThirdParty:1030 - CMSIS Pack Vendor :STMicroelectronics X-CUBE-SUBG2 5.0.0
2025-07-06 18:26:09,567 [INFO] ThirdParty:1030 - CMSIS Pack Vendor :STMicroelectronics X-CUBE-AZRTOS-H7RS 1.1.0
2025-07-06 18:26:09,567 [INFO] ThirdParty:1030 - CMSIS Pack Vendor :STMicroelectronics STM32_WPAN 1.0.0
2025-07-06 18:26:09,567 [INFO] ThirdParty:1030 - CMSIS Pack Vendor :EmbeddedOffice I-CUBE-FS-RTOS 1.0.1
2025-07-06 18:26:09,568 [INFO] ThirdParty:1030 - CMSIS Pack Vendor :STMicroelectronics lwIP 2.0.3
2025-07-06 18:26:09,568 [INFO] ThirdParty:1030 - CMSIS Pack Vendor :Cesanta I-CUBE-Mongoose 7.13.0
2025-07-06 18:26:09,568 [INFO] ThirdParty:1030 - CMSIS Pack Vendor :STMicroelectronics USB_HOST 1.0.0
2025-07-06 18:26:09,569 [INFO] ThirdParty:1030 - CMSIS Pack Vendor :Infineon AIROC-Wi-Fi-Bluetooth-STM32 1.7.0
2025-07-06 18:26:09,569 [INFO] ThirdParty:1030 - CMSIS Pack Vendor :STMicroelectronics X-CUBE-AZRTOS-G4 2.0.0
2025-07-06 18:26:09,569 [INFO] ThirdParty:1030 - CMSIS Pack Vendor :STMicroelectronics X-CUBE-WB05N 2.0.0
2025-07-06 18:26:09,569 [INFO] ThirdParty:1030 - CMSIS Pack Vendor :STMicroelectronics PDM2PCM 3.1.0
2025-07-06 18:26:09,569 [INFO] ThirdParty:1030 - CMSIS Pack Vendor :STMicroelectronics PDM2PCM 3.3.0
2025-07-06 18:26:09,569 [INFO] ThirdParty:1030 - CMSIS Pack Vendor :wolfSSL I-CUBE-wolfTPM 3.8.0
2025-07-06 18:26:09,569 [INFO] ThirdParty:1030 - CMSIS Pack Vendor :STMicroelectronics X-CUBE-DISPLAY 3.0.0
2025-07-06 18:26:09,569 [INFO] ThirdParty:1030 - CMSIS Pack Vendor :wolfSSL I-CUBE-wolfSSH 1.4.20
2025-07-06 18:26:09,569 [INFO] ThirdParty:1030 - CMSIS Pack Vendor :STMicroelectronics X-CUBE-NFC7 2.0.0
2025-07-06 18:26:09,569 [INFO] ThirdParty:1030 - CMSIS Pack Vendor :STMicroelectronics X-CUBE-TCPP 4.2.0
2025-07-06 18:26:09,569 [INFO] ThirdParty:1030 - CMSIS Pack Vendor :RealThread X-CUBE-RT-Thread_Nano 4.1.1
2025-07-06 18:26:09,569 [INFO] ThirdParty:1030 - CMSIS Pack Vendor :STMicroelectronics FP-ATR-SIGFOX1 3.2.0
2025-07-06 18:26:09,569 [INFO] ThirdParty:1030 - CMSIS Pack Vendor :STMicroelectronics X-CUBE-NFC10 1.0.0
2025-07-06 18:26:09,569 [INFO] ThirdParty:1030 - CMSIS Pack Vendor :STMicroelectronics X-CUBE-BLEMGR 4.0.0
2025-07-06 18:26:09,569 [INFO] ThirdParty:1030 - CMSIS Pack Vendor :STMicroelectronics X-CUBE-EEPRMA1 5.1.0
2025-07-06 18:26:09,569 [INFO] ThirdParty:1030 - CMSIS Pack Vendor :STMicroelectronics X-CUBE-FREERTOS 1.3.1
2025-07-06 18:26:09,570 [INFO] ThirdParty:1030 - CMSIS Pack Vendor :STMicroelectronics HAL Drivers 0.0.0
2025-07-06 18:26:09,570 [INFO] ThirdParty:1030 - CMSIS Pack Vendor :STMicroelectronics MBEDTLS 2.16.2
2025-07-06 18:26:09,570 [INFO] ThirdParty:1030 - CMSIS Pack Vendor :STMicroelectronics X-CUBE-IPS 3.1.0
2025-07-06 18:26:09,570 [INFO] ThirdParty:1030 - CMSIS Pack Vendor :STMicroelectronics X-CUBE-ALS 1.0.2
2025-07-06 18:26:09,571 [INFO] ThirdParty:1030 - CMSIS Pack Vendor :emotas I-CUBE-CANOPEN 1.3.0
2025-07-06 18:26:09,571 [INFO] ThirdParty:1030 - CMSIS Pack Vendor :STMicroelectronics X-CUBE-FREERTOS 1.3.0
2025-07-06 18:26:09,571 [INFO] ThirdParty:1030 - CMSIS Pack Vendor :STMicroelectronics X-CUBE-NFC7 1.0.1
2025-07-06 18:26:09,571 [INFO] ThirdParty:1030 - CMSIS Pack Vendor :STMicroelectronics MBEDTLS 2.14.1
2025-07-06 18:26:09,571 [INFO] ThirdParty:1030 - CMSIS Pack Vendor :wolfSSL I-CUBE-wolfSSL 5.7.6
2025-07-06 18:26:09,571 [INFO] ThirdParty:1030 - CMSIS Pack Vendor :ITTIA_DB I-CUBE-ITTIADB 8.9.0
2025-07-06 18:26:09,571 [INFO] ThirdParty:1030 - CMSIS Pack Vendor :portGmbH I-Cube-SoM-uGOAL 1.1.0
2025-07-06 18:26:09,571 [INFO] ThirdParty:1030 - CMSIS Pack Vendor :quantropi X-CUBE-qispace-sdk-base 2.0.0
2025-07-06 18:26:09,572 [INFO] ThirdParty:1030 - CMSIS Pack Vendor :STMicroelectronics X-CUBE-AI 10.0.0
2025-07-06 18:26:09,572 [INFO] ThirdParty:1030 - CMSIS Pack Vendor :STMicroelectronics X-CUBE-ST67W61 1.0.0
2025-07-06 18:26:09,572 [INFO] ThirdParty:1030 - CMSIS Pack Vendor :STMicroelectronics FP-SNS-STAIOTCFT 1.0.0
2025-07-06 18:26:09,572 [INFO] ThirdParty:1030 - CMSIS Pack Vendor :STMicroelectronics ThreadX 1.0.0
2025-07-06 18:26:09,572 [INFO] ThirdParty:1030 - CMSIS Pack Vendor :STMicroelectronics FP-SNS-SMARTAG2 1.2.0
2025-07-06 18:26:09,572 [INFO] ThirdParty:1030 - CMSIS Pack Vendor :STMicroelectronics FP-SNS-FLIGHT1 5.1.0
2025-07-06 18:26:09,572 [INFO] ThirdParty:1030 - CMSIS Pack Vendor :STMicroelectronics X-CUBE-MEMS1 11.1.0
2025-07-06 18:26:09,572 [INFO] ThirdParty:1030 - CMSIS Pack Vendor :STMicroelectronics X-CUBE-AZRTOS-WL 2.0.0
2025-07-06 18:26:09,572 [INFO] ThirdParty:1030 - CMSIS Pack Vendor :SEGGER I-CUBE-embOS 1.3.1
2025-07-06 18:26:09,573 [INFO] ThirdParty:1030 - CMSIS Pack Vendor :STMicroelectronics X-CUBE-ALGOBUILD 1.4.0
2025-07-06 18:26:09,573 [INFO] ThirdParty:1030 - CMSIS Pack Vendor :STMicroelectronics X-CUBE-DPower 1.3.0
2025-07-06 18:26:09,573 [INFO] ThirdParty:1030 - CMSIS Pack Vendor :STMicroelectronics X-CUBE-MEMS1 11.3.0
2025-07-06 18:26:09,573 [INFO] ThirdParty:1030 - CMSIS Pack Vendor :STMicroelectronics FP-SNS-MOTENV1 5.0.0
2025-07-06 18:26:09,573 [INFO] ThirdParty:1030 - CMSIS Pack Vendor :STMicroelectronics USB_DEVICE 1.0.0
2025-07-06 18:26:09,573 [INFO] ThirdParty:1030 - CMSIS Pack Vendor :STMicroelectronics X-CUBE-AZRTOS-L4 2.0.0
2025-07-06 18:26:09,573 [INFO] ThirdParty:1030 - CMSIS Pack Vendor :STMicroelectronics ThreadX 0.0.2
2025-07-06 18:26:09,573 [INFO] ThirdParty:1030 - CMSIS Pack Vendor :WES I-CUBE-Cesium 1.3.0
2025-07-06 18:26:09,573 [INFO] ThirdParty:1030 - CMSIS Pack Vendor :STMicroelectronics lwIP 2.1.2
2025-07-06 18:26:09,573 [INFO] ThirdParty:1030 - CMSIS Pack Vendor :STMicroelectronics X-CUBE-SFXS2LP1 4.0.0
2025-07-06 18:26:09,574 [INFO] ThirdParty:1030 - CMSIS Pack Vendor :STMicroelectronics X-CUBE-BLE2 3.3.0
2025-07-06 18:26:09,574 [INFO] ThirdParty:1030 - CMSIS Pack Vendor :STMicroelectronics X-CUBE-TOF1 3.4.2
2025-07-06 18:26:09,574 [INFO] ThirdParty:1030 - CMSIS Pack Vendor :STMicroelectronics X-CUBE-TOF1 3.4.3
2025-07-06 18:26:09,574 [INFO] ThirdParty:1030 - CMSIS Pack Vendor :STMicroelectronics PDM2PCM 3.2.0
2025-07-06 18:26:09,574 [INFO] ThirdParty:841 - exiting critical section [change project]
2025-07-06 18:26:09,844 [INFO] PinOutPanel:1589 - setPackage(No Configuration,No Configuration)
2025-07-06 18:26:09,846 [INFO] PinOutPanel:1589 - setPackage(STM32F103RBTx,LQFP64)
2025-07-06 18:26:10,122 [INFO] UtilMem:75 - Before build in PCC Used Memory: 714869784 Bytes (1073741824)
2025-07-06 18:26:10,383 [INFO] UtilMem:75 - After build in PCC Used Memory: 757339160 Bytes (1073741824)
2025-07-06 18:26:10,406 [INFO] IPUIPlugin:80 - create IPUIPlugin
2025-07-06 18:26:10,406 [INFO] IPUIPlugin:80 - create IPUIPlugin
2025-07-06 18:26:10,406 [INFO] IPUIPlugin:80 - create IPUIPlugin
2025-07-06 18:26:10,406 [INFO] IPUIPlugin:80 - create IPUIPlugin
2025-07-06 18:26:10,406 [INFO] IPUIPlugin:80 - create IPUIPlugin
2025-07-06 18:26:10,406 [INFO] IPUIPlugin:80 - create IPUIPlugin
2025-07-06 18:26:10,407 [INFO] IPUIPlugin:80 - create IPUIPlugin
2025-07-06 18:26:10,407 [INFO] IPUIPlugin:80 - create IPUIPlugin
2025-07-06 18:26:10,407 [INFO] IPUIPlugin:80 - create IPUIPlugin
2025-07-06 18:26:10,407 [INFO] IPUIPlugin:80 - create IPUIPlugin
2025-07-06 18:26:10,407 [INFO] IPUIPlugin:80 - create IPUIPlugin
2025-07-06 18:26:10,408 [INFO] IPUIPlugin:80 - create IPUIPlugin
2025-07-06 18:26:10,408 [INFO] IPUIPlugin:80 - create IPUIPlugin
2025-07-06 18:26:10,409 [INFO] IPUIPlugin:80 - create IPUIPlugin
2025-07-06 18:26:10,409 [INFO] IPUIPlugin:80 - create IPUIPlugin
2025-07-06 18:26:10,409 [INFO] IPUIPlugin:80 - create IPUIPlugin
2025-07-06 18:26:10,409 [INFO] IPUIPlugin:80 - create IPUIPlugin
2025-07-06 18:26:10,410 [INFO] IPUIPlugin:80 - create IPUIPlugin
2025-07-06 18:26:10,410 [INFO] IPUIPlugin:80 - create IPUIPlugin
2025-07-06 18:26:10,411 [INFO] IPUIPlugin:80 - create IPUIPlugin
2025-07-06 18:26:10,411 [INFO] IPUIPlugin:80 - create IPUIPlugin
2025-07-06 18:26:10,411 [INFO] IPUIPlugin:80 - create IPUIPlugin
2025-07-06 18:26:10,412 [INFO] IPUIPlugin:80 - create IPUIPlugin
2025-07-06 18:26:10,412 [INFO] IPUIPlugin:80 - create IPUIPlugin
2025-07-06 18:26:10,413 [INFO] IPUIPlugin:80 - create IPUIPlugin
2025-07-06 18:26:10,413 [INFO] IPUIPlugin:80 - create IPUIPlugin
2025-07-06 18:26:10,414 [INFO] IPUIPlugin:80 - create IPUIPlugin
2025-07-06 18:26:10,476 [INFO] CADModel:165 - CPN selected for project levelSTM32F103RBT6
2025-07-06 18:26:10,476 [INFO] CADModel:114 - Register for checkConnection events
2025-07-06 18:26:10,562 [INFO] OpenFileManager:363 - Restore cursor
2025-07-06 18:27:17,678 [INFO] MainUpdater:2872 - connection check result : 10
2025-07-06 18:27:17,678 [INFO] MainUpdater:2872 - connection check result : 10
2025-07-06 18:27:17,826 [INFO] MicroXplorer:468 - Change Database Path : 
2025-07-06 18:27:17,826 [INFO] MicroXplorer:498 - Change Database Version : DB.6.0.130
2025-07-06 18:27:17,839 [ERROR] ProjectManagerView:394 - 
java.lang.NullPointerException: Cannot invoke "javax.swing.JTextField.getText()" because the return value of "java.util.List.get(int)" is null
	at com.st.microxplorer.plugins.projectmanager.gui.ProjectChoiceTab$9.caretUpdate(ProjectChoiceTab.java:2616) ~[filemanager.jar:?]
	at javax.swing.text.JTextComponent.fireCaretUpdate(JTextComponent.java:408) ~[?:?]
	at javax.swing.text.JTextComponent$MutableCaretEvent.fire(JTextComponent.java:4484) ~[?:?]
	at javax.swing.text.JTextComponent$MutableCaretEvent.stateChanged(JTextComponent.java:4506) ~[?:?]
	at javax.swing.text.DefaultCaret.fireStateChanged(DefaultCaret.java:857) ~[?:?]
	at javax.swing.text.DefaultCaret.changeCaretPosition(DefaultCaret.java:1343) ~[?:?]
	at javax.swing.text.DefaultCaret.handleSetDot(DefaultCaret.java:1242) ~[?:?]
	at javax.swing.text.DefaultCaret.setDot(DefaultCaret.java:1223) ~[?:?]
	at javax.swing.text.DefaultCaret$Handler.insertUpdate(DefaultCaret.java:1819) ~[?:?]
	at javax.swing.text.AbstractDocument.fireInsertUpdate(AbstractDocument.java:227) ~[?:?]
	at javax.swing.text.AbstractDocument.handleInsertString(AbstractDocument.java:781) ~[?:?]
	at javax.swing.text.AbstractDocument.insertString(AbstractDocument.java:740) ~[?:?]
	at javax.swing.text.PlainDocument.insertString(PlainDocument.java:131) ~[?:?]
	at javax.swing.text.AbstractDocument.replace(AbstractDocument.java:699) ~[?:?]
	at javax.swing.text.JTextComponent.setText(JTextComponent.java:1725) ~[?:?]
	at com.st.microxplorer.plugins.projectmanager.gui.ProjectChoiceTab.createHeapStackFields(ProjectChoiceTab.java:975) ~[filemanager.jar:?]
	at com.st.microxplorer.plugins.projectmanager.gui.ProjectChoiceTab.buildLinkSettingsPanel(ProjectChoiceTab.java:3666) ~[filemanager.jar:?]
	at com.st.microxplorer.plugins.projectmanager.gui.ProjectChoiceTab.defineWindowsFields(ProjectChoiceTab.java:1934) ~[filemanager.jar:?]
	at com.st.microxplorer.plugins.projectmanager.gui.ProjectChoiceTab.updateSettings(ProjectChoiceTab.java:553) ~[filemanager.jar:?]
	at com.st.microxplorer.plugins.projectmanager.gui.ProjectSettingsPanel.UpdateDialog(ProjectSettingsPanel.java:245) ~[filemanager.jar:?]
	at com.st.microxplorer.plugins.projectmanager.ProjectManagerView.propertyChange(ProjectManagerView.java:391) ~[filemanager.jar:?]
	at java.beans.PropertyChangeSupport.fire(PropertyChangeSupport.java:343) ~[?:?]
	at java.beans.PropertyChangeSupport.firePropertyChange(PropertyChangeSupport.java:335) ~[?:?]
	at java.beans.PropertyChangeSupport.firePropertyChange(PropertyChangeSupport.java:268) ~[?:?]
	at com.st.microxplorer.util.MXPropertyChangeSupport.firePropertyChange(MXPropertyChangeSupport.java:54) ~[STM32CubeMX.jar:?]
	at com.st.microxplorer.mxsystem.MxSystem.closeConfig(MxSystem.java:899) ~[STM32CubeMX.jar:?]
	at com.st.microxplorer.maingui.MainPanel.closeConfig(MainPanel.java:789) ~[STM32CubeMX.jar:?]
	at com.st.microxplorer.plugins.filemanager.engine.OpenFileManager.loadConfigurationFile(OpenFileManager.java:265) ~[filemanager.jar:?]
	at com.st.microxplorer.plugins.filemanager.engine.MainFileManager.userLoadConfig(MainFileManager.java:340) ~[filemanager.jar:?]
	at com.st.microxplorer.plugins.filemanager.engine.MainFileManager.userLoadConfig(MainFileManager.java:318) ~[filemanager.jar:?]
	at com.st.microxplorer.plugins.filemanager.FileManagerView.getSpecificTask(FileManagerView.java:246) ~[filemanager.jar:?]
	at com.st.stm32cube.common.mx.editor.CubeMxEditor.getMxTabbedPaneInstance(CubeMxEditor.java:1198) ~[com.st.stm32cube.common.mx_6.13.0.202411220809/:?]
	at com.st.stm32cube.common.mx.editor.CubeMxEditor$12$1.createSwingComponent(CubeMxEditor.java:1068) ~[com.st.stm32cube.common.mx_6.13.0.202411220809/:?]
	at com.st.stm32cube.common.mx.oss.core.awtswtbridge.EmbeddedSwingComposite.doComponentCreation(EmbeddedSwingComposite.java:492) ~[com.st.stm32cube.common.mx.oss_6.13.0.202411220809/:?]
	at com.st.stm32cube.common.mx.oss.core.awtswtbridge.EmbeddedSwingComposite$4.run(EmbeddedSwingComposite.java:291) ~[com.st.stm32cube.common.mx.oss_6.13.0.202411220809/:?]
	at com.st.stm32cube.common.mx.oss.core.awtswtbridge.AwtEnvironment$2.run(AwtEnvironment.java:166) ~[com.st.stm32cube.common.mx.oss_6.13.0.202411220809/:?]
	at java.awt.event.InvocationEvent.dispatch(InvocationEvent.java:318) ~[?:?]
	at java.awt.EventQueue.dispatchEventImpl(EventQueue.java:773) ~[?:?]
	at java.awt.EventQueue$4.run(EventQueue.java:720) ~[?:?]
	at java.awt.EventQueue$4.run(EventQueue.java:714) ~[?:?]
	at java.security.AccessController.doPrivileged(AccessController.java:400) ~[?:?]
	at java.security.ProtectionDomain$JavaSecurityAccessImpl.doIntersectionPrivilege(ProtectionDomain.java:87) ~[?:?]
	at java.awt.EventQueue.dispatchEvent(EventQueue.java:742) ~[?:?]
	at java.awt.EventDispatchThread.pumpOneEventForFilters(EventDispatchThread.java:203) ~[?:?]
	at java.awt.EventDispatchThread.pumpEventsForFilter(EventDispatchThread.java:124) ~[?:?]
	at java.awt.EventDispatchThread.pumpEventsForHierarchy(EventDispatchThread.java:113) ~[?:?]
	at java.awt.EventDispatchThread.pumpEvents(EventDispatchThread.java:109) ~[?:?]
	at java.awt.EventDispatchThread.pumpEvents(EventDispatchThread.java:101) ~[?:?]
	at java.awt.EventDispatchThread.run(EventDispatchThread.java:90) ~[?:?]
2025-07-06 18:27:17,840 [WARN] ThirdParty:871 - waiting for thirdparty lock release [close project]
2025-07-06 18:27:17,840 [INFO] ThirdParty:873 - entering critical section [close project]
2025-07-06 18:27:17,840 [INFO] ThirdParty:883 - exiting critical section [close project]
2025-07-06 18:27:17,843 [INFO] PinOutPanel:1589 - setPackage(No Configuration,No Configuration)
2025-07-06 18:27:17,848 [INFO] UtilMem:75 - Begin LoadConfig() Used Memory: 974916632 Bytes (1073741824)
2025-07-06 18:27:17,849 [INFO] MicroXplorer:468 - Change Database Path : 
2025-07-06 18:27:17,849 [INFO] MicroXplorer:498 - Change Database Version : DB.6.0.130
2025-07-06 18:27:17,849 [INFO] OpenFileManager:332 - Change cursor
2025-07-06 18:27:17,859 [INFO] Mcu:2035 - Initializing MCU STM32F103R(8-B)Tx STM32F103RBTx STM32F103RBT6
2025-07-06 18:27:18,732 [INFO] Context:748 - Trying to add GPIOservice into a context  which must be forbidden
2025-07-06 18:27:19,071 [INFO] RtosManager:555 - Registered RTOS mode: class=CMSIS, group=RTOS, mode=CMSIS_V1, owner=FREERTOS
2025-07-06 18:27:19,071 [INFO] RtosManager:555 - Registered RTOS mode: class=CMSIS, group=RTOS2, mode=CMSIS_V2, owner=FREERTOS
2025-07-06 18:27:19,071 [INFO] RtosManager:555 - Registered RTOS mode: class=RTOS, group=Core, mode=CMSIS_V1, owner=FREERTOS
2025-07-06 18:27:19,071 [INFO] RtosManager:555 - Registered RTOS mode: class=RTOS, group=Core, mode=CMSIS_V2, owner=FREERTOS
2025-07-06 18:27:19,071 [WARN] ModelIntegratedComponent:184 - Missing modes for component STMicroelectronics:FreeRTOS:0.0.1:STMicroelectronics:RTOS:FreeRTOS:Core:::10.2.0:
2025-07-06 18:27:19,132 [WARN] ModelIntegratedComponent:63 - No mode defined for component null
2025-07-06 18:27:19,132 [WARN] ModelIntegratedComponent:63 - No mode defined for component null
2025-07-06 18:27:19,133 [WARN] ModelIntegratedComponent:63 - No mode defined for component null
2025-07-06 18:27:19,133 [WARN] ModelIntegratedComponent:63 - No mode defined for component null
2025-07-06 18:27:19,133 [WARN] ModelIntegratedComponent:63 - No mode defined for component null
2025-07-06 18:27:19,133 [WARN] ModelIntegratedComponent:63 - No mode defined for component null
2025-07-06 18:27:19,133 [WARN] ModelIntegratedComponent:63 - No mode defined for component null
2025-07-06 18:27:19,133 [WARN] ModelIntegratedComponent:63 - No mode defined for component null
2025-07-06 18:27:19,133 [WARN] ModelIntegratedComponent:63 - No mode defined for component null
2025-07-06 18:27:19,133 [WARN] ModelIntegratedComponent:63 - No mode defined for component null
2025-07-06 18:27:19,133 [WARN] ModelIntegratedComponent:63 - No mode defined for component null
2025-07-06 18:27:19,133 [WARN] ModelIntegratedComponent:63 - No mode defined for component null
2025-07-06 18:27:19,133 [WARN] ModelIntegratedComponent:63 - No mode defined for component null
2025-07-06 18:27:19,133 [WARN] ModelIntegratedComponent:63 - No mode defined for component null
2025-07-06 18:27:19,133 [WARN] ModelIntegratedComponent:63 - No mode defined for component null
2025-07-06 18:27:19,133 [WARN] ModelIntegratedComponent:63 - No mode defined for component null
2025-07-06 18:27:19,134 [WARN] ModelIntegratedComponent:63 - No mode defined for component null
2025-07-06 18:27:19,134 [WARN] ModelIntegratedComponent:63 - No mode defined for component null
2025-07-06 18:27:19,134 [WARN] ModelIntegratedComponent:63 - No mode defined for component null
2025-07-06 18:27:19,134 [WARN] ModelIntegratedComponent:63 - No mode defined for component null
2025-07-06 18:27:19,134 [WARN] ModelIntegratedComponent:63 - No mode defined for component null
2025-07-06 18:27:19,134 [WARN] ModelIntegratedComponent:63 - No mode defined for component null
2025-07-06 18:27:19,134 [WARN] ModelIntegratedComponent:63 - No mode defined for component null
2025-07-06 18:27:19,134 [WARN] ModelIntegratedComponent:63 - No mode defined for component null
2025-07-06 18:27:19,134 [WARN] ModelIntegratedComponent:63 - No mode defined for component null
2025-07-06 18:27:19,134 [WARN] ModelIntegratedComponent:63 - No mode defined for component null
2025-07-06 18:27:19,134 [WARN] ModelIntegratedComponent:63 - No mode defined for component null
2025-07-06 18:27:19,134 [WARN] ModelIntegratedComponent:63 - No mode defined for component null
2025-07-06 18:27:19,134 [WARN] ModelIntegratedComponent:63 - No mode defined for component null
2025-07-06 18:27:19,135 [WARN] ModelIntegratedComponent:63 - No mode defined for component null
2025-07-06 18:27:19,135 [WARN] ModelIntegratedComponent:63 - No mode defined for component null
2025-07-06 18:27:19,135 [WARN] ModelIntegratedComponent:63 - No mode defined for component null
2025-07-06 18:27:19,135 [WARN] ModelIntegratedComponent:63 - No mode defined for component null
2025-07-06 18:27:19,135 [WARN] ModelIntegratedComponent:63 - No mode defined for component null
2025-07-06 18:27:19,135 [WARN] ModelIntegratedComponent:63 - No mode defined for component null
2025-07-06 18:27:19,135 [WARN] ModelPack:524 - Component already loaded: STMicroelectronics:HAL Drivers:0.0.0:STMicroelectronics:Device:STMicro_Driver:XSPI:HAL::0.0.1:HAL_XSPI
2025-07-06 18:27:19,351 [INFO] ThirdPartyModel:298 - Start build external matchings
2025-07-06 18:27:20,767 [INFO] ThirdPartyModel:316 - End build external matchings
2025-07-06 18:27:20,787 [INFO] ImportTextPane:218 - (OptionalMessage_ERROR) IP (RCC) : Parameter (ADCFreqValue) has invalid value (32000000)
2025-07-06 18:27:20,788 [INFO] ImportTextPane:218 - (OptionalMessage_ERROR) IP (RCC) : Invalid parameter (FamilyName)
2025-07-06 18:27:20,788 [INFO] ImportTextPane:218 - (OptionalMessage_ERROR) IP (RCC) : Parameter (MCOFreq_Value) has invalid value (64000000)
2025-07-06 18:27:20,788 [INFO] ImportTextPane:218 - (OptionalMessage_ERROR) IP (RCC) : Parameter (USBFreq_Value) has invalid value (64000000)
2025-07-06 18:27:20,997 [INFO] UtilMem:75 - End LoadConfig() Used Memory: 706540456 Bytes (1073741824)
2025-07-06 18:27:21,044 [WARN] ThirdParty:833 - waiting for thirdparty lock release [change project]
2025-07-06 18:27:21,044 [INFO] ThirdParty:835 - entering critical section [change project]
2025-07-06 18:27:21,044 [INFO] ThirdParty:1030 - CMSIS Pack Vendor :STMicroelectronics X-CUBE-PM33A1 1.0.0
2025-07-06 18:27:21,044 [INFO] ThirdParty:1030 - CMSIS Pack Vendor :STMicroelectronics USBPD 4.1
2025-07-06 18:27:21,044 [INFO] ThirdParty:1030 - CMSIS Pack Vendor :STMicroelectronics X-CUBE-AZRTOS-H7 3.3.0
2025-07-06 18:27:21,044 [INFO] ThirdParty:1030 - CMSIS Pack Vendor :STMicroelectronics X-CUBE-NFC9 1.0.0
2025-07-06 18:27:21,044 [INFO] ThirdParty:1030 - CMSIS Pack Vendor :STMicroelectronics USB_HOST 2.0.0
2025-07-06 18:27:21,045 [INFO] ThirdParty:1030 - CMSIS Pack Vendor :STMicroelectronics FP-SNS-MOTENVWB1 1.4.0
2025-07-06 18:27:21,045 [INFO] ThirdParty:1030 - CMSIS Pack Vendor :STMicroelectronics X-CUBE-AZRTOS-F4 1.1.0
2025-07-06 18:27:21,045 [INFO] ThirdParty:1030 - CMSIS Pack Vendor :STMicroelectronics LIBJPEG 8.0.0
2025-07-06 18:27:21,045 [INFO] ThirdParty:1030 - CMSIS Pack Vendor :STMicroelectronics FP-ATR-ASTRA1 2.0.2
2025-07-06 18:27:21,045 [INFO] ThirdParty:1030 - CMSIS Pack Vendor :STMicroelectronics X-CUBE-BLE1 7.1.0
2025-07-06 18:27:21,045 [INFO] ThirdParty:1030 - CMSIS Pack Vendor :Avnet-IotConnect X-CUBE-IoTC-DA16k-PMOD 1.0.0
2025-07-06 18:27:21,045 [INFO] ThirdParty:1030 - CMSIS Pack Vendor :STMicroelectronics X-CUBE-SMBUS 2.1.0
2025-07-06 18:27:21,045 [INFO] ThirdParty:1030 - CMSIS Pack Vendor :STMicroelectronics X-CUBE-WB05N 1.1.0
2025-07-06 18:27:21,045 [INFO] ThirdParty:1030 - CMSIS Pack Vendor :wolfSSL I-CUBE-wolfMQTT 1.19.2
2025-07-06 18:27:21,045 [INFO] ThirdParty:1030 - CMSIS Pack Vendor :STMicroelectronics USB_DEVICE 3.0.0
2025-07-06 18:27:21,045 [INFO] ThirdParty:1030 - CMSIS Pack Vendor :STMicroelectronics X-CUBE-ISPU 2.1.0
2025-07-06 18:27:21,045 [INFO] ThirdParty:1030 - CMSIS Pack Vendor :STMicroelectronics X-CUBE-AZRTOS-WB 2.0.0
2025-07-06 18:27:21,045 [INFO] ThirdParty:1030 - CMSIS Pack Vendor :STMicroelectronics X-CUBE-ST60 1.0.0
2025-07-06 18:27:21,045 [INFO] ThirdParty:1030 - CMSIS Pack Vendor :STMicroelectronics X-CUBE-GNSS1 7.0.1
2025-07-06 18:27:21,045 [INFO] ThirdParty:1030 - CMSIS Pack Vendor :STMicroelectronics X-CUBE-AZRTOS-F7 1.1.0
2025-07-06 18:27:21,045 [INFO] ThirdParty:1030 - CMSIS Pack Vendor :STMicroelectronics X-CUBE-AZRTOS-L5 2.0.0
2025-07-06 18:27:21,045 [INFO] ThirdParty:1030 - CMSIS Pack Vendor :STMicroelectronics X-CUBE-TOUCHGFX 4.25.0
2025-07-06 18:27:21,045 [INFO] ThirdParty:1030 - CMSIS Pack Vendor :STMicroelectronics USB_DEVICE 2.0.0
2025-07-06 18:27:21,045 [INFO] ThirdParty:1030 - CMSIS Pack Vendor :STMicroelectronics X-CUBE-NFC6 3.1.0
2025-07-06 18:27:21,045 [INFO] ThirdParty:1030 - CMSIS Pack Vendor :STMicroelectronics X-CUBE-AI 10.1.0
2025-07-06 18:27:21,045 [INFO] ThirdParty:1030 - CMSIS Pack Vendor :STMicroelectronics FP-SNS-STBOX1 2.0.0
2025-07-06 18:27:21,046 [INFO] ThirdParty:1030 - CMSIS Pack Vendor :STMicroelectronics X-CUBE-MEMS1 11.2.0
2025-07-06 18:27:21,046 [INFO] ThirdParty:1030 - CMSIS Pack Vendor :STMicroelectronics FreeRTOS 0.0.1
2025-07-06 18:27:21,046 [INFO] ThirdParty:1030 - CMSIS Pack Vendor :STMicroelectronics X-CUBE-AZRTOS-G0 1.1.0
2025-07-06 18:27:21,046 [INFO] ThirdParty:1030 - CMSIS Pack Vendor :STMicroelectronics X-CUBE-SAFEA1 1.2.2
2025-07-06 18:27:21,046 [INFO] ThirdParty:1030 - CMSIS Pack Vendor :STMicroelectronics X-CUBE-NFC4 3.0.0
2025-07-06 18:27:21,046 [INFO] ThirdParty:1030 - CMSIS Pack Vendor :STMicroelectronics X-CUBE-DPower 1.2.0
2025-07-06 18:27:21,046 [INFO] ThirdParty:1030 - CMSIS Pack Vendor :STMicroelectronics X-CUBE-SUBG2 5.0.0
2025-07-06 18:27:21,046 [INFO] ThirdParty:1030 - CMSIS Pack Vendor :STMicroelectronics X-CUBE-AZRTOS-H7RS 1.1.0
2025-07-06 18:27:21,046 [INFO] ThirdParty:1030 - CMSIS Pack Vendor :STMicroelectronics STM32_WPAN 1.0.0
2025-07-06 18:27:21,046 [INFO] ThirdParty:1030 - CMSIS Pack Vendor :EmbeddedOffice I-CUBE-FS-RTOS 1.0.1
2025-07-06 18:27:21,046 [INFO] ThirdParty:1030 - CMSIS Pack Vendor :STMicroelectronics lwIP 2.0.3
2025-07-06 18:27:21,046 [INFO] ThirdParty:1030 - CMSIS Pack Vendor :Cesanta I-CUBE-Mongoose 7.13.0
2025-07-06 18:27:21,046 [INFO] ThirdParty:1030 - CMSIS Pack Vendor :STMicroelectronics USB_HOST 1.0.0
2025-07-06 18:27:21,047 [INFO] ThirdParty:1030 - CMSIS Pack Vendor :Infineon AIROC-Wi-Fi-Bluetooth-STM32 1.7.0
2025-07-06 18:27:21,047 [INFO] ThirdParty:1030 - CMSIS Pack Vendor :STMicroelectronics X-CUBE-AZRTOS-G4 2.0.0
2025-07-06 18:27:21,047 [INFO] ThirdParty:1030 - CMSIS Pack Vendor :STMicroelectronics X-CUBE-WB05N 2.0.0
2025-07-06 18:27:21,047 [INFO] ThirdParty:1030 - CMSIS Pack Vendor :STMicroelectronics PDM2PCM 3.1.0
2025-07-06 18:27:21,047 [INFO] ThirdParty:1030 - CMSIS Pack Vendor :STMicroelectronics PDM2PCM 3.3.0
2025-07-06 18:27:21,047 [INFO] ThirdParty:1030 - CMSIS Pack Vendor :wolfSSL I-CUBE-wolfTPM 3.8.0
2025-07-06 18:27:21,047 [INFO] ThirdParty:1030 - CMSIS Pack Vendor :STMicroelectronics X-CUBE-DISPLAY 3.0.0
2025-07-06 18:27:21,048 [INFO] ThirdParty:1030 - CMSIS Pack Vendor :wolfSSL I-CUBE-wolfSSH 1.4.20
2025-07-06 18:27:21,048 [INFO] ThirdParty:1030 - CMSIS Pack Vendor :STMicroelectronics X-CUBE-NFC7 2.0.0
2025-07-06 18:27:21,048 [INFO] ThirdParty:1030 - CMSIS Pack Vendor :STMicroelectronics X-CUBE-TCPP 4.2.0
2025-07-06 18:27:21,048 [INFO] ThirdParty:1030 - CMSIS Pack Vendor :RealThread X-CUBE-RT-Thread_Nano 4.1.1
2025-07-06 18:27:21,048 [INFO] ThirdParty:1030 - CMSIS Pack Vendor :STMicroelectronics FP-ATR-SIGFOX1 3.2.0
2025-07-06 18:27:21,048 [INFO] ThirdParty:1030 - CMSIS Pack Vendor :STMicroelectronics X-CUBE-NFC10 1.0.0
2025-07-06 18:27:21,048 [INFO] ThirdParty:1030 - CMSIS Pack Vendor :STMicroelectronics X-CUBE-BLEMGR 4.0.0
2025-07-06 18:27:21,048 [INFO] ThirdParty:1030 - CMSIS Pack Vendor :STMicroelectronics X-CUBE-EEPRMA1 5.1.0
2025-07-06 18:27:21,048 [INFO] ThirdParty:1030 - CMSIS Pack Vendor :STMicroelectronics X-CUBE-FREERTOS 1.3.1
2025-07-06 18:27:21,048 [INFO] ThirdParty:1030 - CMSIS Pack Vendor :STMicroelectronics HAL Drivers 0.0.0
2025-07-06 18:27:21,048 [INFO] ThirdParty:1030 - CMSIS Pack Vendor :STMicroelectronics MBEDTLS 2.16.2
2025-07-06 18:27:21,048 [INFO] ThirdParty:1030 - CMSIS Pack Vendor :STMicroelectronics X-CUBE-IPS 3.1.0
2025-07-06 18:27:21,048 [INFO] ThirdParty:1030 - CMSIS Pack Vendor :STMicroelectronics X-CUBE-ALS 1.0.2
2025-07-06 18:27:21,048 [INFO] ThirdParty:1030 - CMSIS Pack Vendor :emotas I-CUBE-CANOPEN 1.3.0
2025-07-06 18:27:21,048 [INFO] ThirdParty:1030 - CMSIS Pack Vendor :STMicroelectronics X-CUBE-FREERTOS 1.3.0
2025-07-06 18:27:21,048 [INFO] ThirdParty:1030 - CMSIS Pack Vendor :STMicroelectronics X-CUBE-NFC7 1.0.1
2025-07-06 18:27:21,048 [INFO] ThirdParty:1030 - CMSIS Pack Vendor :STMicroelectronics MBEDTLS 2.14.1
2025-07-06 18:27:21,048 [INFO] ThirdParty:1030 - CMSIS Pack Vendor :wolfSSL I-CUBE-wolfSSL 5.7.6
2025-07-06 18:27:21,049 [INFO] ThirdParty:1030 - CMSIS Pack Vendor :ITTIA_DB I-CUBE-ITTIADB 8.9.0
2025-07-06 18:27:21,049 [INFO] ThirdParty:1030 - CMSIS Pack Vendor :portGmbH I-Cube-SoM-uGOAL 1.1.0
2025-07-06 18:27:21,049 [INFO] ThirdParty:1030 - CMSIS Pack Vendor :quantropi X-CUBE-qispace-sdk-base 2.0.0
2025-07-06 18:27:21,049 [INFO] ThirdParty:1030 - CMSIS Pack Vendor :STMicroelectronics X-CUBE-AI 10.0.0
2025-07-06 18:27:21,049 [INFO] ThirdParty:1030 - CMSIS Pack Vendor :STMicroelectronics X-CUBE-ST67W61 1.0.0
2025-07-06 18:27:21,049 [INFO] ThirdParty:1030 - CMSIS Pack Vendor :STMicroelectronics FP-SNS-STAIOTCFT 1.0.0
2025-07-06 18:27:21,049 [INFO] ThirdParty:1030 - CMSIS Pack Vendor :STMicroelectronics ThreadX 1.0.0
2025-07-06 18:27:21,049 [INFO] ThirdParty:1030 - CMSIS Pack Vendor :STMicroelectronics FP-SNS-SMARTAG2 1.2.0
2025-07-06 18:27:21,049 [INFO] ThirdParty:1030 - CMSIS Pack Vendor :STMicroelectronics FP-SNS-FLIGHT1 5.1.0
2025-07-06 18:27:21,049 [INFO] ThirdParty:1030 - CMSIS Pack Vendor :STMicroelectronics X-CUBE-MEMS1 11.1.0
2025-07-06 18:27:21,049 [INFO] ThirdParty:1030 - CMSIS Pack Vendor :STMicroelectronics X-CUBE-AZRTOS-WL 2.0.0
2025-07-06 18:27:21,049 [INFO] ThirdParty:1030 - CMSIS Pack Vendor :SEGGER I-CUBE-embOS 1.3.1
2025-07-06 18:27:21,049 [INFO] ThirdParty:1030 - CMSIS Pack Vendor :STMicroelectronics X-CUBE-ALGOBUILD 1.4.0
2025-07-06 18:27:21,050 [INFO] ThirdParty:1030 - CMSIS Pack Vendor :STMicroelectronics X-CUBE-DPower 1.3.0
2025-07-06 18:27:21,050 [INFO] ThirdParty:1030 - CMSIS Pack Vendor :STMicroelectronics X-CUBE-MEMS1 11.3.0
2025-07-06 18:27:21,050 [INFO] ThirdParty:1030 - CMSIS Pack Vendor :STMicroelectronics FP-SNS-MOTENV1 5.0.0
2025-07-06 18:27:21,050 [INFO] ThirdParty:1030 - CMSIS Pack Vendor :STMicroelectronics USB_DEVICE 1.0.0
2025-07-06 18:27:21,050 [INFO] ThirdParty:1030 - CMSIS Pack Vendor :STMicroelectronics X-CUBE-AZRTOS-L4 2.0.0
2025-07-06 18:27:21,050 [INFO] ThirdParty:1030 - CMSIS Pack Vendor :STMicroelectronics ThreadX 0.0.2
2025-07-06 18:27:21,050 [INFO] ThirdParty:1030 - CMSIS Pack Vendor :WES I-CUBE-Cesium 1.3.0
2025-07-06 18:27:21,050 [INFO] ThirdParty:1030 - CMSIS Pack Vendor :STMicroelectronics lwIP 2.1.2
2025-07-06 18:27:21,050 [INFO] ThirdParty:1030 - CMSIS Pack Vendor :STMicroelectronics X-CUBE-SFXS2LP1 4.0.0
2025-07-06 18:27:21,050 [INFO] ThirdParty:1030 - CMSIS Pack Vendor :STMicroelectronics X-CUBE-BLE2 3.3.0
2025-07-06 18:27:21,050 [INFO] ThirdParty:1030 - CMSIS Pack Vendor :STMicroelectronics X-CUBE-TOF1 3.4.2
2025-07-06 18:27:21,051 [INFO] ThirdParty:1030 - CMSIS Pack Vendor :STMicroelectronics X-CUBE-TOF1 3.4.3
2025-07-06 18:27:21,051 [INFO] ThirdParty:1030 - CMSIS Pack Vendor :STMicroelectronics PDM2PCM 3.2.0
2025-07-06 18:27:21,051 [INFO] ThirdParty:841 - exiting critical section [change project]
2025-07-06 18:27:21,187 [INFO] PinOutPanel:1589 - setPackage(No Configuration,No Configuration)
2025-07-06 18:27:21,188 [INFO] PinOutPanel:1589 - setPackage(STM32F103RBTx,LQFP64)
2025-07-06 18:27:21,415 [INFO] UtilMem:75 - Before build in PCC Used Memory: 536609288 Bytes (1073741824)
2025-07-06 18:27:21,768 [INFO] UtilMem:75 - After build in PCC Used Memory: 578552328 Bytes (1073741824)
2025-07-06 18:27:21,810 [INFO] IPUIPlugin:80 - create IPUIPlugin
2025-07-06 18:27:21,810 [INFO] IPUIPlugin:80 - create IPUIPlugin
2025-07-06 18:27:21,810 [INFO] IPUIPlugin:80 - create IPUIPlugin
2025-07-06 18:27:21,810 [INFO] IPUIPlugin:80 - create IPUIPlugin
2025-07-06 18:27:21,810 [INFO] IPUIPlugin:80 - create IPUIPlugin
2025-07-06 18:27:21,810 [INFO] IPUIPlugin:80 - create IPUIPlugin
2025-07-06 18:27:21,810 [INFO] IPUIPlugin:80 - create IPUIPlugin
2025-07-06 18:27:21,810 [INFO] IPUIPlugin:80 - create IPUIPlugin
2025-07-06 18:27:21,811 [INFO] IPUIPlugin:80 - create IPUIPlugin
2025-07-06 18:27:21,811 [INFO] IPUIPlugin:80 - create IPUIPlugin
2025-07-06 18:27:21,811 [INFO] IPUIPlugin:80 - create IPUIPlugin
2025-07-06 18:27:21,811 [INFO] IPUIPlugin:80 - create IPUIPlugin
2025-07-06 18:27:21,811 [INFO] IPUIPlugin:80 - create IPUIPlugin
2025-07-06 18:27:21,811 [INFO] IPUIPlugin:80 - create IPUIPlugin
2025-07-06 18:27:21,812 [INFO] IPUIPlugin:80 - create IPUIPlugin
2025-07-06 18:27:21,812 [INFO] IPUIPlugin:80 - create IPUIPlugin
2025-07-06 18:27:21,812 [INFO] IPUIPlugin:80 - create IPUIPlugin
2025-07-06 18:27:21,812 [INFO] IPUIPlugin:80 - create IPUIPlugin
2025-07-06 18:27:21,813 [INFO] IPUIPlugin:80 - create IPUIPlugin
2025-07-06 18:27:21,813 [INFO] IPUIPlugin:80 - create IPUIPlugin
2025-07-06 18:27:21,813 [INFO] IPUIPlugin:80 - create IPUIPlugin
2025-07-06 18:27:21,813 [INFO] IPUIPlugin:80 - create IPUIPlugin
2025-07-06 18:27:21,814 [INFO] IPUIPlugin:80 - create IPUIPlugin
2025-07-06 18:27:21,814 [INFO] IPUIPlugin:80 - create IPUIPlugin
2025-07-06 18:27:21,814 [INFO] IPUIPlugin:80 - create IPUIPlugin
2025-07-06 18:27:21,815 [INFO] IPUIPlugin:80 - create IPUIPlugin
2025-07-06 18:27:21,815 [INFO] IPUIPlugin:80 - create IPUIPlugin
2025-07-06 18:27:21,944 [INFO] CADModel:165 - CPN selected for project levelSTM32F103RBT6
2025-07-06 18:27:21,945 [INFO] CADModel:114 - Register for checkConnection events
2025-07-06 18:27:22,060 [INFO] OpenFileManager:363 - Restore cursor
2025-07-06 18:28:14,285 [INFO] NvicIntPanel:101 - NVIC parent = com.st.microxplorer.plugins.ip.nvic.MultiNvicIntPanel[,0,0,0x0,invalid,layout=javax.swing.BoxLayout,alignmentX=0.0,alignmentY=0.0,border=,flags=9,maximumSize=,minimumSize=,preferredSize=]
2025-07-06 18:28:22,367 [INFO] NvicIntPanel:101 - NVIC parent = com.st.microxplorer.plugins.ip.nvic.MultiNvicIntPanel[,0,0,0x0,invalid,layout=javax.swing.BoxLayout,alignmentX=0.0,alignmentY=0.0,border=,flags=9,maximumSize=,minimumSize=,preferredSize=]
2025-07-06 18:29:15,023 [INFO] NvicIntPanel:101 - NVIC parent = com.st.microxplorer.plugins.ip.nvic.MultiNvicIntPanel[,0,0,0x0,invalid,layout=javax.swing.BoxLayout,alignmentX=0.0,alignmentY=0.0,border=,flags=9,maximumSize=,minimumSize=,preferredSize=]
2025-07-06 18:29:16,574 [INFO] NvicIntPanel:101 - NVIC parent = com.st.microxplorer.plugins.ip.nvic.MultiNvicIntPanel[,0,0,0x0,invalid,layout=javax.swing.BoxLayout,alignmentX=0.0,alignmentY=0.0,border=,flags=9,maximumSize=,minimumSize=,preferredSize=]
2025-07-06 18:29:21,676 [INFO] NvicIntPanel:101 - NVIC parent = com.st.microxplorer.plugins.ip.nvic.MultiNvicIntPanel[,0,0,0x0,invalid,layout=javax.swing.BoxLayout,alignmentX=0.0,alignmentY=0.0,border=,flags=9,maximumSize=,minimumSize=,preferredSize=]
2025-07-06 18:30:10,036 [INFO] UtilMem:75 - End SaveConfig() Used Memory: 943522888 Bytes (1073741824)
2025-07-06 18:30:12,897 [INFO] UtilMem:75 - End SaveConfig() Used Memory: 964118024 Bytes (1073741824)
2025-07-06 18:30:15,281 [INFO] UtilMem:75 - End SaveConfig() Used Memory: 539607480 Bytes (1073741824)
2025-07-06 18:30:15,817 [INFO] BlockDiagram:2766 - set Specific Code input for plugin: NVIC
2025-07-06 18:30:15,817 [INFO] BlockDiagram:2766 - set Specific Code input for plugin: USART
2025-07-06 18:30:15,817 [INFO] BlockDiagram:2766 - set Specific Code input for plugin: TIM1_8F1
2025-07-06 18:30:15,817 [INFO] BlockDiagram:2766 - set Specific Code input for plugin: SYS
2025-07-06 18:30:15,818 [INFO] BlockDiagram:2766 - set Specific Code input for plugin: GPIO
2025-07-06 18:30:15,818 [INFO] BlockDiagram:2766 - set Specific Code input for plugin: RCC
2025-07-06 18:30:15,819 [INFO] CodeGenerator:896 - code generatio: config db path: C:\ST\STM32CubeIDE_1.17.0\STM32CubeIDE\plugins\com.st.stm32cube.common.mx_6.13.0.202411220809\\db\
2025-07-06 18:30:16,071 [INFO] CodeEngine:255 - oldGeneratedFile, C:\Users\Santiago\Desktop\facu\2025c1\TPF_TDSE\Pruebas_workspace\Pulsaciones\MXTmpFiles\license.tmp_save
2025-07-06 18:30:16,619 [INFO] CodeEngine:279 - Generated code: C:\Users\Santiago\Desktop\facu\2025c1\TPF_TDSE\Pruebas_workspace\Pulsaciones\MXTmpFiles\license.tmp
2025-07-06 18:30:16,713 [INFO] CodeEngine:255 - oldGeneratedFile, C:\Users\Santiago\Desktop\facu\2025c1\TPF_TDSE\Pruebas_workspace\Pulsaciones\MXTmpFiles\gpio.tmp_save
2025-07-06 18:30:17,008 [INFO] CodeEngine:279 - Generated code: C:\Users\Santiago\Desktop\facu\2025c1\TPF_TDSE\Pruebas_workspace\Pulsaciones\MXTmpFiles\gpio.tmp
2025-07-06 18:30:17,215 [INFO] CodeEngine:255 - oldGeneratedFile, C:\Users\Santiago\Desktop\facu\2025c1\TPF_TDSE\Pruebas_workspace\Pulsaciones\Core\Src\stm32f1xx_it.c_save
2025-07-06 18:30:17,447 [INFO] CodeEngine:279 - Generated code: C:\Users\Santiago\Desktop\facu\2025c1\TPF_TDSE\Pruebas_workspace\Pulsaciones\Core\Src\stm32f1xx_it.c
2025-07-06 18:30:17,459 [INFO] CodeEngine:255 - oldGeneratedFile, C:\Users\Santiago\Desktop\facu\2025c1\TPF_TDSE\Pruebas_workspace\Pulsaciones\Core\Inc\stm32f1xx_it.h_save
2025-07-06 18:30:17,617 [INFO] CodeEngine:279 - Generated code: C:\Users\Santiago\Desktop\facu\2025c1\TPF_TDSE\Pruebas_workspace\Pulsaciones\Core\Inc\stm32f1xx_it.h
2025-07-06 18:30:17,689 [INFO] CodeEngine:255 - oldGeneratedFile, C:\Users\Santiago\Desktop\facu\2025c1\TPF_TDSE\Pruebas_workspace\Pulsaciones\Core\Src\stm32f1xx_hal_msp.c_save
2025-07-06 18:30:17,910 [INFO] CodeEngine:279 - Generated code: C:\Users\Santiago\Desktop\facu\2025c1\TPF_TDSE\Pruebas_workspace\Pulsaciones\Core\Src\stm32f1xx_hal_msp.c
2025-07-06 18:30:17,920 [INFO] CodeEngine:255 - oldGeneratedFile, C:\Users\Santiago\Desktop\facu\2025c1\TPF_TDSE\Pruebas_workspace\Pulsaciones\MXTmpFiles\system.tmp_save
2025-07-06 18:30:18,047 [INFO] CodeEngine:279 - Generated code: C:\Users\Santiago\Desktop\facu\2025c1\TPF_TDSE\Pruebas_workspace\Pulsaciones\MXTmpFiles\system.tmp
2025-07-06 18:30:18,122 [INFO] CodeEngine:311 - oldGeneratedFile, C:\Users\Santiago\Desktop\facu\2025c1\TPF_TDSE\Pruebas_workspace\Pulsaciones\Core\Inc\stm32f1xx_hal_conf.h_save
2025-07-06 18:30:18,334 [INFO] CodeEngine:335 - Generated code: C:\Users\Santiago\Desktop\facu\2025c1\TPF_TDSE\Pruebas_workspace\Pulsaciones\Core\Inc\stm32f1xx_hal_conf.h
2025-07-06 18:30:18,439 [INFO] ApiDbMcu:508 - Load IP Config File for TIM2
2025-07-06 18:30:18,444 [INFO] ApiDbMcu:508 - Load IP Config File for USART2
2025-07-06 18:30:18,448 [INFO] ApiDbMcu:508 - Load IP Config File for RCC
2025-07-06 18:30:18,449 [WARN] IPConfigManager:3618 - IP not found : TIM
2025-07-06 18:30:18,450 [WARN] CodeGenerator:4152 - IP not found : null
2025-07-06 18:30:18,491 [INFO] CodeEngine:255 - oldGeneratedFile, C:\Users\Santiago\Desktop\facu\2025c1\TPF_TDSE\Pruebas_workspace\Pulsaciones\Core\Inc\main.h_save
2025-07-06 18:30:18,662 [INFO] CodeEngine:279 - Generated code: C:\Users\Santiago\Desktop\facu\2025c1\TPF_TDSE\Pruebas_workspace\Pulsaciones\Core\Inc\main.h
2025-07-06 18:30:18,692 [INFO] CodeEngine:255 - oldGeneratedFile, C:\Users\Santiago\Desktop\facu\2025c1\TPF_TDSE\Pruebas_workspace\Pulsaciones\Core\Src\main.c_save
2025-07-06 18:30:19,009 [INFO] CodeEngine:279 - Generated code: C:\Users\Santiago\Desktop\facu\2025c1\TPF_TDSE\Pruebas_workspace\Pulsaciones\Core\Src\main.c
2025-07-06 18:30:19,873 [INFO] ProjectBuilder:3289 - Time for Copy HAL[1] : 332mS.
2025-07-06 18:30:19,882 [INFO] ProjectBuilder:4876 - Project Generator version: 4.5.0-RC5
2025-07-06 18:30:20,053 [INFO] ConfigFileManager:1579 - The Die is : DIE410
2025-07-06 18:30:20,057 [INFO] ApiDbMcu:508 - Load IP Config File for FATFS
2025-07-06 18:30:20,065 [INFO] ApiDbMcu:508 - Load IP Config File for FREERTOS
2025-07-06 18:30:20,077 [INFO] ApiDbMcu:508 - Load IP Config File for USB_DEVICE
2025-07-06 18:30:22,542 [INFO] ProjectBuilder:5154 - Time for Generating toolchain IDE Files: 2660mS.
2025-07-06 18:30:22,544 [INFO] ProjectBuilder:3146 - Time for Copy CMSIS : 2mS.
2025-07-06 18:30:22,549 [INFO] ProjectBuilder:3146 - Time for Copy CMSIS : 0mS.
2025-07-06 19:26:29,210 [INFO] NvicIntPanel:101 - NVIC parent = com.st.microxplorer.plugins.ip.nvic.MultiNvicIntPanel[,0,0,0x0,invalid,layout=javax.swing.BoxLayout,alignmentX=0.0,alignmentY=0.0,border=,flags=9,maximumSize=,minimumSize=,preferredSize=]
2025-07-06 19:33:04,202 [INFO] NvicIntPanel:101 - NVIC parent = com.st.microxplorer.plugins.ip.nvic.MultiNvicIntPanel[,0,0,528x270,layout=javax.swing.BoxLayout,alignmentX=0.0,alignmentY=0.0,border=,flags=9,maximumSize=,minimumSize=,preferredSize=]
